movie_id,url,title,runtime,release_date,release_country,genres,user_score,overview,director,writer,status,original_language,budget,revenue
1077634,https://www.themoviedb.org/movie/1077634-tierra-en-llamas,Tierra en llamas,99.0,2021-06-15,US,"Drama, Action, Crime",2.0,"Just when everyone thought the nightmare was over, a new menace strikes the city in a savage and bloody manner.",Marcos Almada,Marcos Almada,Released,Spanish; Castilian,,
223340,https://www.themoviedb.org/movie/223340,The Perfect Wife,94.0,2007-12-23,RU,Comedy,8.0,"Valentine's day can fulfill our dreams, and then the perfect woman will appear in front of a man in the form of an unexpected trio of Housewives, sex bombs and a business lady, and a modest Secretary will forever win the heart of the notorious don Juan. All the characters of the film suddenly find themselves in a modern fairy tale and get a unique chance to see the world in a new way — through the eyes of lovers…",Vladimir Yankovsky,,Released,Russian,,
402578,https://www.themoviedb.org/movie/402578-kumes,The Coop,86.0,2015-04-16,TR,Drama,5.0,"In a Turkish mountain village in the 1950s, Saniye develops fatal tuberculosis and suggests her husband take another wife for the good of the family. Six months later she is mysteriously cured and returns to her family's home—and her husband's new wife.",Ufuk Bayraktar,Ufuk Bayraktar,Released,Turkish,,
1426297,https://www.themoviedb.org/movie/1426297-play-dead,Play Dead,72.0,2025-02-08,US,Horror,6.2,"A woman wakes up injured in a basement surrounded by corpses. To survive, she pretends to be dead while a grotesque ritual unfolds in the house above.",Carlos Goitia,"Camilo Zaffora, Gonzalo Mellid",Released,English,,
1289404,https://www.themoviedb.org/movie/1289404-jylkychy-chymchyk,The Mountain Wagtail,141.0,2023-12-15,KG,Drama,0.0,"Young Altyn eagerly leaves pastoral life behind for the modern comforts of the capital, but soon finds a corrupted society clashing with the values of her ancestors when confronted with an unexpected pregnancy. Mine development, melting glaciers and the loss of tradition are prominent symptoms of the current transformation of Kyrgyzstan, a country not often represented on the big screen.",Begaly Nargozu,Begaly Nargozu,Released,Kirghiz; Kyrgyz,,
559563,https://www.themoviedb.org/movie/559563,Teenage Little Sister,101.0,2018-06-13,KR,Romance,6.2,"When a junior in college moves into his aunt's house, temptation is almost too much with all of the women living there. But feelings grow between them.",Lee Sang-soo,,Released,Korean,,
1468688,https://www.themoviedb.org/movie/1468688-a-una-isla-de-ti,An Island Away From You,102.0,2026-04-10,ES,"Comedy, Romance",6.1,"A romantic comedy set in the breathtaking Canary Islands. After being left at the altar, uptight chef Harry is convinced by his best friend to escape to her homeland, Gran Canaria. There, amid stunning beaches, vibrant culture, and delicious cuisine, Harry rediscovers joy—and unexpectedly falls in love with his best friend's father. Woven with humor, heart, and sun-soaked adventures, the film is a celebration of second chances and the power of unexpected love.",Alexis Morante,"Alexis Morante, Fernando Pérez, Paula López Cuervo",Released,Spanish; Castilian,,
10466,https://www.themoviedb.org/movie/10466-the-money-pit,The Money Pit,91.0,1986-03-26,US,"Comedy, Romance",6.5,"After being evicted from their Manhattan apartment, a couple buy what looks like the home of their dreams—only to find themselves saddled with a bank-account-draining nightmare. Struggling to keep their relationship together as their rambling mansion falls to pieces around them, the two watch in hilarious horror as everything—including the kitchen sink—disappears into the Money Pit.",Richard Benjamin,David Giler,Released,English,10000000.0,54999651.0
280245,https://www.themoviedb.org/movie/280245,Pie,16.0,2012-01-01,UA,Comedy,0.0,"In a provincial Ukrainian town everyone knows each other by name and live as one big family. Granny Zina bakes pies for local youngsters… she sells them drugs as well. Granny Zina is protected local criminal elite which is a police. When the criminal boss comes to pick up the interest, Granny Zina thoughtfully offers him a dinner. He is her own son…",Yuriy Kovalyov,Hanna Habarska,Released,Ukrainian,,
971563,https://www.themoviedb.org/movie/971563,Basta. Supergame,102.0,2022-05-24,RU,Documentary,0.0,"How does Basta approach work and creativity, where does he get inspiration for musical material? This and many other things are told by friends, colleagues, relatives and friends of the performer - all those who have known Vasily well for many years.",Azat Grigoryan,,Released,Russian,,
8390,https://www.themoviedb.org/movie/8390-definitely-maybe,"Definitely, Maybe",112.0,2008-02-14,US,"Comedy, Romance",6.9,"When Will decides to tell his daughter the story of how he met her mother, he discovers that a second look at the past might also give him a second chance at the future.",Adam Brooks,Adam Brooks,Released,English,,55447968.0
1578285,https://www.themoviedb.org/movie/1578285-emo,Emo,7.0,2025-11-10,US,Romance,0.0,"Two weeks after a breakup, a man reinvents himself to impress a new woman—until his blunt roommate exposes the truth, forcing him to confront who he really is.",Mariano Flores,Toon De Melker,Released,English,,
12309,https://www.themoviedb.org/movie/12309-bachelor-party,Bachelor Party,105.0,1984-06-29,US,Comedy,6.3,"On the eve of his wedding to his longtime girlfriend, unassuming nice guy Rick is dragged out for a night of debauchery by his friends.",Neal Israel,"Neal Israel, Pat Proft",Released,English,6000000.0,38435947.0
35030,https://www.themoviedb.org/movie/35030-la-joven,The Young One,95.0,1961-08-04,MX,Drama,7.0,"A jazz musician seeks refuge from a lynch mob on a remote island, where he meets a hostile game warden and the young object of his attentions.",Luis Buñuel,"Luis Buñuel, Hugo Butler",Released,English,,
523139,https://www.themoviedb.org/movie/523139-in-the-tall-grass,In the Tall Grass,101.0,2019-10-04,KR,Horror,5.6,"After hearing a child screaming for help from the green depths of a vast field of tall grass, Becky, a pregnant woman, and Cal, her brother, park their car near a mysterious abandoned church and enter the field, discovering that they are not alone and, for some reason, they are unable to escape a completely inextricable vegetable labyrinth.",Vincenzo Natali,"Vincenzo Natali, Joe Hill, Stephen King",Released,English,,
702,https://www.themoviedb.org/movie/702-a-streetcar-named-desire,A Streetcar Named Desire,122.0,1957-04-19,KR,"Drama, Thriller",7.6,"A disturbed, aging Southern belle moves in with her sister for solace — but being face-to-face with her brutish brother-in-law accelerates her downward spiral.",Elia Kazan,"Oscar Saul, Tennessee Williams",Released,English,1800000.0,8000000.0
1036860,https://www.themoviedb.org/movie/1036860-j-k,JK Slayer,60.0,2012-04-11,JP,"Action, Adventure",10.0,"Mikoto was once a warrior God who rebelled against the Lord of Hell. He banished Mikoto, inserting her soul into the body of a high school student, condemning her to live among humans exterminating demons.",Kanzo Matsuura,,Released,Japanese,,
327511,https://www.themoviedb.org/movie/327511-el-angel-del-acordeon,El ángel del acordeón,,2008-07-11,CO,"Family, Music",4.8,We don't have an overview translated in English. Help us expand our database by adding one.,María Camila Lizarazo,"María Camila Lizarazo, Ketty María Cuello",Released,Spanish; Castilian,,
2085,https://www.themoviedb.org/movie/2085-romeo-must-die,Romeo Must Die,115.0,2000-04-29,KR,"Action, Crime, Thriller",6.3,"Two warring gang families (one African-American, the other Chinese) maneuver for bragging rights to the Oakland, California docks. Hang Sing and Trish O'Day uncover a trail of deceit that leaves most of the warring factions dead... or worse!",Andrzej Bartkowiak,"John Jarrell, Eric Bernt",Released,English,25000000.0,91036760.0
7978,https://www.themoviedb.org/movie/7978-the-wolfman,The Wolfman,103.0,2010-02-11,KR,Horror,5.9,"Lawrence Talbot, an American man on a visit to Victorian London to make amends with his estranged father, gets bitten by a werewolf and, after a moonlight transformation, leaves him with a savage hunger for flesh.",Joe Johnston,"Andrew Kevin Walker, David Self",Released,English,150000000.0,140700000.0
1582829,https://www.themoviedb.org/movie/1582829-filme-febril,Filme Febril,,2025-11-14,BR,"Comedy, Drama",0.0,"Two young film enthusiasts from downtown São Paulo are doing a film rehearsal and, for the final scene, inspired by ""The Man Who Left His Will on Film,"" they want to film a projection onto a woman's body.",João Victor Mingrone,João Victor Mingrone,Released,Portuguese,330.0,
852194,https://www.themoviedb.org/movie/852194-zeher,Zeher,,2021-07-16,IN,,0.0,We don't have an overview translated in English. Help us expand our database by adding one.,Tanveer Hashmi,,Released,Hindi,,
359169,https://www.themoviedb.org/movie/359169,Underground Fragrance,75.0,2016-01-06,FR,Drama,5.3,The lives of three people entwine in Beijing's Underground City.,Peng Fei,"Peng Fei, Isabelle Mayor",Released,Chinese,,
1453957,https://www.themoviedb.org/movie/1453957-vadasztarsak,Vadásztársak,,2018-02-01,HU,Documentary,0.0,We don't have an overview translated in English. Help us expand our database by adding one.,"Dávid Géczy, Dániel Tiszeker",,Released,Hungarian,,
323373,https://www.themoviedb.org/movie/323373-deathgasm,Deathgasm,86.0,2015-10-02,US,"Horror, Comedy",6.2,Two teenage boys unwittingly summon an ancient evil entity known as The Blind One by delving into black magic while trying to escape their mundane lives.,Jason Lei Howden,Jason Lei Howden,Released,English,,14685.0
1355716,https://www.themoviedb.org/movie/1355716-nino-recuerda,"Niño, recuerda",17.0,2023-12-22,ES,,0.0,"Salva Expósito, an orphaned painter, decides to create his next masterpiece unaware that the woman depicted in it will be the trigger for an existential crisis linked to his past. Immersed in an artistic block, Salva will relive the memories of a tumultuous and hazy past, while the painting itself will lead him on a personal quest where unraveling the mysteries surrounding the female figure becomes his primary objective.","Eloi Román, Eva Rodríguez","Eloi Román, Abel Olivares",Released,Spanish; Castilian,5013.0,
477271,https://www.themoviedb.org/movie/477271-tas,The Stone,90.0,2017-10-20,TR,"Mystery, Fantasy, Drama",6.0,"Tas (Rock) is a film that presents a cross-section of the life of a family living a hard life in the countryside. It is a touch of sadness in the life of people living in nature- even as a part of it. And that life is nothing more than the waiting of a woman and man who lost their son. After waiting for many years, the family tries to get rid of the uncertainty by believing that the wounded man they found at the door is Selim (Ahmet Varli), their son.",Orhan Eskikoy,,Released,Turkish,,
285783,https://www.themoviedb.org/movie/285783-the-walk,The Walk,123.0,2015-10-22,KR,"History, Drama, Adventure",7.0,The story of French high-wire artist Philippe Petit's attempt to cross the Twin Towers of the World Trade Center in 1974.,Robert Zemeckis,"Robert Zemeckis, Philippe Petit, Christopher Browne",Released,English,35000000.0,61181942.0
500611,https://www.themoviedb.org/movie/500611,דוד חיים - הטיול אל האוצר,,2014-01-01,IL,Family,0.0,We don't have an overview translated in English. Help us expand our database by adding one.,Udi Gotshlack,,Released,Hebrew,,
1579054,https://www.themoviedb.org/movie/1579054-next-up,NEXT UP,72.0,2025-12-14,US,"Documentary, Comedy",8.0,"Two young documentary filmmakers follow an up and coming musician by the name of JØHN through his life, creative process, and journey towards becoming the biggest pop star in the world",Ben Pritchard,,Released,English,8.0,
1636802,https://www.themoviedb.org/movie/1636802-in-bax,In Bax,,2022-12-22,GE,Comedy,0.0,"A letter to our friend behind the bars. All are waiting for ""the Camel's"" freedom. A journey of group of people 'in Bax' and their stories. it's a humorous collection of thoughts exposing unjustified incarceration..",Tornike Bziava,,Released,Georgian,,
484237,https://www.themoviedb.org/movie/484237-kyrsya,Tuftland,89.0,2018-04-06,FI,"Horror, Mystery",4.9,"Headstrong textile student Irina tries to overcome her problems by accepting a summer job offer from an isolated and offbeat village of Kyrsyä. As Irina begins to get a grip of herself, the harmless and offbeat hillbillies begin to reveal their true nature.",Roope Olenius,Roope Olenius,Released,Finnish,,
365255,https://www.themoviedb.org/movie/365255-tuah-badan,Tuah Badan,,1970-01-01,MY,Drama,0.0,"It tells the story of Latifah, or her original name Noraini who is taken care of by her adoptive family. After the deaths of her two adoptive parents, she was cared for by her adoptive sister and her husband. Latifah’s life was often disrupted by her adopted brother -in -law, causing her to be evicted.",Omar Rojik,,Released,Malay,,
167073,https://www.themoviedb.org/movie/167073-brooklyn,Brooklyn,111.0,2015-12-31,KR,"Romance, Drama, History",7.3,"In 1950s Ireland and New York, young Eilis Lacey has to choose between two men and two countries.",John Crowley,"Colm Tóibín, Nick Hornby",Released,English,11000000.0,62076141.0
322223,https://www.themoviedb.org/movie/322223-navibbaru-namagibbaru,Navibbaru Namagibbaru,147.0,1993-11-10,IN,"Comedy, Drama",0.0,"In a bid to turn their lives around, two lookalikes, who have different personalities, switch places to find true love in their partners.",M S Rajashekar,T N Narasimhan,Released,Kannada,,
1325678,https://www.themoviedb.org/movie/1325678-sarah-s-oil,Sarah's Oil,103.0,2025-11-07,US,Drama,7.8,"Sarah Rector, a Black girl born in early 20th-century Oklahoma Indian Territory, believes there is oil beneath the barren land she’s allotted, and her faith proves right. As greedy oil sharks close in, Sarah turns to family, friends, and some Texas wildcatters to maintain control of her oil-rich land, eventually becoming among the nation's first Black female millionaires—at eleven years old.",Cyrus Nowrasteh,"Cyrus Nowrasteh, Betsy Giffen Nowrasteh",Released,English,18000000.0,11675627.0
607426,https://www.themoviedb.org/movie/607426-tempting-fate,Tempting Fate,87.0,2019-06-15,US,"Drama, Romance, TV Movie",5.6,"Gabby's picture perfect marriage to Elliott is jeopardized when she meets Matt, a handsome younger man who ignites a fire and desire within her. Based on the New York Times best-selling novel of the same name.","Kim Raver, Manu Boyer",Jane Green,Released,English,,
305707,https://www.themoviedb.org/movie/305707-der-chef-wunscht-keine-zeugen,"No Survivors, Please",99.0,1964-04-23,DE,"Crime, Science Fiction",7.0,"Aliens attempt to take over the Earth by taking over the bodies of humans at the moment of their death, and using them as tools for their invasion plans.",Hans Albin,,Released,German,,
411840,https://www.themoviedb.org/movie/411840-surf-s-up-2-wavemania,Surf's Up 2: WaveMania,84.0,2017-01-17,US,"Animation, Family, Comedy",6.0,"Cody, Chicken Joe and Lani are back in their most epic adventure yet! The most radical surfing dream team, The Hang Five puts Cody and his friends to the test and teaches them the meaning of teamwork as they journey to the most legendary surfing spot on the planet.",Henry Yu,Abdul Williams,Released,English,,
3112,https://www.themoviedb.org/movie/3112-the-night-of-the-hunter,The Night of the Hunter,93.0,1955-07-26,US,"Crime, Drama, Thriller",7.9,"In Depression-era West Virginia, a serial-killing preacher hunts two young children who know the whereabouts of a stash of money.",Charles Laughton,"Charles Laughton, Davis Grubb, James Agee",Released,English,795000.0,
2193,https://www.themoviedb.org/movie/2193-my-tutor,My Tutor,97.0,1983-12-07,KR,"Comedy, Drama, Romance",5.1,"High school senior Bobby Chrystal fails his French class, which will block him from entering Yale. His rich, authoritarian father hires an attractive 29-year-old to tutor Bobby over the summer and help him pass a make-up exam. While Bobby's friends lead him away into strange excursions aimed at losing their virginity, Bobby finds all the extracurricular activities he needs with his new tutor.",George Bowers,Joe Roberts,Released,English,,22587834.0
1261188,https://www.themoviedb.org/movie/1261188-den-svenska-lanken,The Swedish Connection,102.0,2026-02-19,KR,"Drama, History, War",7.3,"Swedish Foreign Ministry bureaucrat Gösta Engzell, overlooked during WWII, rescued thousands while turning supposedly neutral Sweden into a moral force. His efforts challenged the status quo and left a lasting humanitarian legacy.","Thérèse Ahlbeck, Marcus Olsson","Thérèse Ahlbeck, Marcus Olsson",Released,Swedish,,
1729519,https://www.themoviedb.org/movie/1729519-sahabat-pendosa,Sahabat Pendosa,,2022-01-01,MY,,0.0,"Shakir is forced to inherit his father's mystical power despite his reluctance. Throughout his life, Shakir refuses to believe in his fate that is bound by the power. The situation changes after Shakir falls in love with Fatin.",Asri Baq'u Tajudin,,Released,English,,
1551546,https://www.themoviedb.org/movie/1551546-heartbreak-hotel,Heartbreak Hotel,40.0,2025-09-24,DK,,0.0,"In the reality show HEARTBREAK HOTEL, Tara checks in to break her old dating pattern – but the longing to be seen pushes her away from her mission to find herself. Seen through the hotel cameras, Tara's detour unfolds as a drama of envy, hidden hierarchies and the most difficult love of all: self-love.",Kathrine Skibsted,Agnes Maagaard Petersen,Released,Danish,,
877406,https://www.themoviedb.org/movie/877406,Film for the Coming Winter,73.0,2021-10-10,KR,,0.0,"The protagonist, a film director, prepares to start a new project. He visits the home of a woman with whom he appears to be friends, following a failed romance. The man tells the woman the story of his new film.",Kim Kyung-rae,"Kim Kyung-rae, James Chung",Released,Korean,,
329900,https://www.themoviedb.org/movie/329900-ich-pfeif-auf-schone-manner,Ich pfeif auf schöne Männer,90.0,2001-03-16,DE,Comedy,5.7,"Linda is a successful art director, but not only her career but also her bad experiences with men have left her lonely. Linda's gay colleague Donald is her best ""friend,"" but at the moment he needs help himself. He is in love with the agency boss Peter König  but Peter doesn't dare openly admit to this relationship.",Helmut Metzger,,Released,German,,
1151334,https://www.themoviedb.org/movie/1151334-eenie-meanie,Eenie Meanie,106.0,2025-08-22,KR,"Action, Comedy, Crime, Drama, Thriller",6.3,A former teenage getaway driver gets dragged back into her unsavory past when a former employer offers her a chance to save the life of her chronically unreliable ex-boyfriend.,Shawn Simmons,Shawn Simmons,Released,English,50000000.0,
707974,https://www.themoviedb.org/movie/707974,Ghya Chang Fou,116.0,2017-06-20,IN,"Fantasy, Drama",8.5,"Ghya-chang-fou literally means 'suddenly beheading' in Bengali. it features thirteen unnamed people gathering in a mansion filled with archaic objects to celebrate what appears to be a communist revolution. Nothing seems real, roads open up to improbable places, places lead to impossible elevators, elevators lift people to unconvincing roads. Bacchanalian spirit steadily overtakes the initial deadpan seriousness. The encore of celebration sounds delusionary as the drunken conversation about communism, about its methods and means, about it intricate turns through history degenerates to bourgeois nonsense and decadence leading to absurd rifts, comic conflicts, unleashed orgies and debauchery.",Joyraj Bhattacharjee,Joyraj Bhattacharjee,Released,Bengali,,
365223,https://www.themoviedb.org/movie/365223-siapa-besar,Siapa Besar,,1964-01-01,MY,Comedy,0.0,Siapa besar film is a Malay film which was published in Malaysia in 1964. Film Who are issued in the form of the film in black and white without shades. This comedy film directed by Omar Rojik and published by Malay Film Productions Ltd.,Omar Rojik,,Released,English,,
869019,https://www.themoviedb.org/movie/869019-dil-do,Dil Do,,2020-09-30,IN,,0.0,We don't have an overview translated in English. Help us expand our database by adding one.,,,Released,Hindi,,
227783,https://www.themoviedb.org/movie/227783-the-nut-job,The Nut Job,85.0,2014-01-28,KR,"Animation, Comedy, Family, Adventure",5.9,"Surly, a curmudgeon, independent squirrel is banished from his park and forced to survive in the city. Lucky for him, he stumbles on the one thing that may be able to save his life, and the rest of park community, as they gear up for winter - Maury's Nut Store.",Peter Lepeniotis,"Peter Lepeniotis, Lorne Cameron",Released,English,42000000.0,120885527.0
1063877,https://www.themoviedb.org/movie/1063877-don-t-move,Don't Move,92.0,2024-10-25,KR,"Horror, Thriller",6.3,"A grieving woman in a secluded forest encounters a killer who injects her with a paralytic drug. As her body shuts down, her fight for survival begins.","Adam Schindler, Brian Netto","David White, T.J. Cimfel",Released,English,,88489.0
6967,https://www.themoviedb.org/movie/6967-die-weisse-massai,The White Masai,131.0,2006-06-15,KR,Drama,6.3,"A girl, Carola, whose vacation in Kenya takes an interesting turn when she becomes infatuated with a Masai. Carola decides to leave her boyfriend to stay with her lover. There, she has to adapt to the Masai's way of life and get used to their food which includes milk mixed with blood. She also has to face her husband's attitude towards women and what he expects from a wife. Nonetheless, Carola is welcomed warmly into the tribe she has chosen to join.",Hermine Huntgeburth,"Hermine Huntgeburth, Corinne Hofmann, Günter Rohrbach, Johannes W. Betz",Released,German,7000000.0,22632255.0
1328707,https://www.themoviedb.org/movie/1328707-6-weeks,6 Weeks,14.0,2023-12-14,US,"Drama, Romance",0.0,"Penny, a teenager living in Idaho, must seek out her birth mother for help after discovering her unwanted pregnancy.",Caroline Lannes,,Released,English,3500.0,
1734907,https://www.themoviedb.org/movie/1734907-ramadan-ini-milik-siapa,Ramadan Ini Milik Siapa,,2017-01-01,MY,,0.0,"Rosmi feels excited when her son, Khai, is about to return to the village during Ramadan. She does not expect that Khai comes back with Haslam, her ex-husband who had long abandoned her.",Along Kamaludin,,Released,English,,
32856,https://www.themoviedb.org/movie/32856-valentine-s-day,Valentine's Day,125.0,2010-02-11,KR,"Comedy, Romance",5.9,Intertwining couples and singles in Los Angeles break-up and make-up based on the pressures and expectations of Valentine's Day.,Garry Marshall,"Katherine Fugate, Abby Kohn, Marc Silverstein",Released,English,52000000.0,216528528.0
283317,https://www.themoviedb.org/movie/283317-messi,Messi,93.0,2014-09-06,DK,Documentary,7.5,"His teachers, coaches, childhood friends and Barça teammates, together with journalists, writers and prominent figures from the history of football, come together in a restaurant to analyze and pick apart Messi's personality both on and off the field, and to look back at some of the most significant moments in his life. Viewed from Álex de la Iglesia's unique perspective, Messi recreates the player's childhood and teenage years, from his very first steps, with a football always at his feet, through to the decision to leave Rosario for Barcelona, the separation from his family, and the role played in his career by individuals such as Ronaldinho, Rijkaard, Rexach and Guardiola.",Álex de la Iglesia,Jorge Valdano,Released,Spanish; Castilian,,
850952,https://www.themoviedb.org/movie/850952-paying-guest,Paying Guest,20.0,2020-06-11,IN,Romance,0.0,"Rajat’s mother’s friend has a Super hot sister Riya who is looking for accommodation and she offers her to stay as a Paying Guest in their House. On seeing her Rajat is steamed up and later invites his girlfriend over when no one is in the house. Rajat immaturely trie’s to make out with her but ends up offending her. Later Riya finds him all tensed up and after she heard his story she offers to teach him how to be sensualistic with a woman but everything has a price, let’s find out.",,,Released,Hindi,,
718049,https://www.themoviedb.org/movie/718049,The Tales of Chandrabati,130.0,2021-10-15,BD,"Romance, Drama",0.0,"Set in 16th century Eastern Bengal, the film is inspired by the life of Chandrabati, Bengal`s first feminist poet. The story follows her falling in love with another poet, Jayananda, who later leaves her for another woman. The betrayal pushes Chandrabati to renounce marriage, confine herself inside a Shiva temple and start rewriting the Ramayana - an act which eventually led to her becoming a historic figure.",N. Rashed Chowdhury,N. Rashed Chowdhury,Released,Bengali,,
1143669,https://www.themoviedb.org/movie/1143669-intergalactic-pizzaboy,Intergalactic PizzaBoy,8.0,2022-06-20,US,"Action, Comedy, Science Fiction",0.0,An overworked intergalactic pizza boy deals with space pirates and space customer service.,Jerry S. Gonzalez,Jerry S. Gonzalez,Released,English,2000.0,
1621552,https://www.themoviedb.org/movie/1621552-la-captura,Facing El Chapo,91.0,2026-08-21,MX,"Crime, Thriller, Action",0.0,Two Mexican officers must survive the final hours of their shift after crossing a ruthless cartel boss.,Chava Cartas,Bernardo Esquinca,Post Production,Spanish; Castilian,,
1614656,https://www.themoviedb.org/movie/1614656-te-extrano,Te Extraño,,2014-05-28,BR,,0.0,We don't have an overview translated in English. Help us expand our database by adding one.,Nathália Tereza,,Released,Portuguese,,
795899,https://www.themoviedb.org/movie/795899-cena-do-crime,Crime Scene,70.0,2021-09-29,BR,Crime,4.0,A structuralist slow-burn investigation thriller. In a high-class neighbourhood in Rio De Janeiro a young woman is murdered. Detectives are contacted but the killer continues around.,Pedro Tavares,"Pedro Tavares, Gabriel Papaléo",Released,Portuguese,,
1541313,https://www.themoviedb.org/movie/1541313-espelho-cigano,Espelho Cigano,,2025-10-02,BR,Drama,0.0,We don't have an overview translated in English. Help us expand our database by adding one.,João Borges,"João Borges, Christiane Tassis",Released,Portuguese,,
239671,https://www.themoviedb.org/movie/239671-kauguriesi,Kaugurieši,70.0,1941-05-01,SU,History,0.0,We don't have an overview translated in English. Help us expand our database by adding one.,Voldemārs Pūce,"Voldemārs Pūce, Kārlis Zariņš",Released,Latvian,,
449090,https://www.themoviedb.org/movie/449090,Rustam and Suhrab,91.0,1972-06-03,SU,"Adventure, Drama, Fantasy, History",5.0,Based on the famous story from the epic Shahnameh.,Boris Kimyagarov,Grigoriy Koltunov,Released,Russian,,
724143,https://www.themoviedb.org/movie/724143-dumps,Dumps,16.0,2020-06-01,US,Drama,0.0,A man becomes mysteriously and inexplicably stuck to his toilet before he is able to commit suicide via toaster in the bathtub.,Boris Bilic,Boris Bilic,Released,English,,
901261,https://www.themoviedb.org/movie/901261,Eida Kopal!,28.0,2021-06-25,BD,"Crime, Drama, Thriller",0.0,One night. One car drive. And Mehek's life turned upside down - forever.,Raihan Rafi,,Released,Bengali,,
24150,https://www.themoviedb.org/movie/24150-halloween-ii,Halloween II,105.0,2009-08-28,US,Horror,5.3,"Laurie Strode struggles to come to terms with her brother Michael's deadly return to Haddonfield, Illinois. Meanwhile, Michael prepares for another reunion with his sister.",Rob Zombie,Rob Zombie,Released,English,10000000.0,39421467.0
447281,https://www.themoviedb.org/movie/447281,The Elephant and the Ant,11.0,1948-01-01,SU,"Animation, Family",3.0,"A very instructive story about how bragging always turns into big trouble. The plot of the animation unfolds during the wedding celebration of the Fox. All forest residents are invited to the celebration, everyone is walking and having fun. But, unfortunately, not everyone can behave properly. The Elephant, imagining that he was the largest, and therefore the strongest, decided that there was no justice for him, and began to behave like he did, while spoiling everyone a feast. But this behavior did not last long, and there was someone to teach the insolent fellow.","Boris Dyozhkin, Gennadiy Filippov",Roman Fatuev,Released,Russian,,
1453602,https://www.themoviedb.org/movie/1453602-ultimo-momento,Último momento,,2019-01-01,AR,Horror,0.0,We don't have an overview translated in English. Help us expand our database by adding one.,Raúl Rivera,"Raúl Rivera, Marcelo Benítez, Clemar Sánchez Peretti, JP Spitzer, Joaquín Kovacevic, Martín Masse",Released,Spanish; Castilian,,
945043,https://www.themoviedb.org/movie/945043-kinbaku,Kinbaku: Moon,69.0,2017-01-06,JP,"Horror, Drama",4.0,A woman hires a specialist to use rope torture on a woman she blames for her husbands death.,Naoyuki Tomomatsu,Naoyuki Tomomatsu,Released,Japanese,,
1644316,https://www.themoviedb.org/movie/1644316-bang-dream-10th-anniversary-live-in-the-name-of-bang-dream,BanG Dream! 10th Anniversary LIVE「In the name of BanG Dream!」,311.0,2026-02-28,JP,Music,0.0,"All 10 bands perform in a joint concert, held in commemoration of the franchise's 10th anniversary on February 28, 2026, at K Arena Yokohama.",,,Released,Japanese,,
1506405,https://www.themoviedb.org/movie/1506405-vecinos,Vecinos,,2019-01-01,AR,Romance,0.0,We don't have an overview translated in English. Help us expand our database by adding one.,Sebastián Britos,,Released,Spanish; Castilian,,
53163,https://www.themoviedb.org/movie/53163,Love on Delivery,97.0,2022-01-01,KR,"Comedy, Action",7.0,"Ho Kam-An is a lovestruck dim sum delivery boy who falls for a beautiful judo student. After being humiliated by her boyfriend, Ho Kam-An seeks the services of an aging master who teaches him a half-assed style of kung fu, ""Karate Kid""-style.",Lee Lik-Chi,Vincent Kok Tak-Chiu,Released,Cantonese,,
44251,https://www.themoviedb.org/movie/44251,Dragon Ball Z: Broly - Second Coming,48.0,2014-06-24,KR,"Animation, Action, Science Fiction",6.8,"A Saiyan Space pod crash-lands on Earth out of which a wounded Saiyan crawls: Broly, the Legendary Super Saiyan. The wounded Broly shouts out in frustration and turns into normal form. The place soon freezes, trapping him in it and he falls into a coma.",Shigeyasu Yamauchi,Takao Koyama,Released,Japanese,,21916093.0
554298,https://www.themoviedb.org/movie/554298,Beethoven's Last Laugh,77.0,2019-05-02,IL,"Drama, Comedy",6.0,"A film director is out to get what he wants at any cost, even if it means murder, oblivious to the fact the woman he trusts is actually working against him.","Shahar Tzphania, Victor Braun",,Released,Hebrew,,
504903,https://www.themoviedb.org/movie/504903,Adultery Alumni Association,82.0,2018-03-02,KR,"Drama, Romance",6.9,"Five college alumni gathered at a pension after a long time. We are happy to share our past memories, but do you really have a different purpose?! Yoon-jae visits Eugene, whom he had a crush on in college. A set meal enjoyed by two female classmates. The affair reunion is about to begin, with different ways of having fun...",Jo Tae-ho,,Released,Korean,,
1299728,https://www.themoviedb.org/movie/1299728-estado-febril,Estado Febril,27.0,2024-05-24,BR,Music,0.0,"Visual album of Bruna Alimonda's debut, ""Estado Febril"".","Duda Portella, Millena Rosado",,Released,Portuguese,,
1731749,https://www.themoviedb.org/movie/1731749-stuck,STUCK,11.0,2026-07-11,IE,"Comedy, Drama",0.0,"Ambitious journalist Simon is drawn into a bitter rural feud involving one dead dog, two angry men, and three slain sheep. Against his editor's advice, he attempts mediation. However, brokering a peace will be no easy task.",Will Peppercorn,Jacob Baird,Released,English,20000.0,
432767,https://www.themoviedb.org/movie/432767-agrolszakadt-urilany,Lady Over the Abyss,98.0,1943-12-28,HU,Comedy,9.0,"Dr. Ádám Koltay flees the city. Although he is the darling of society, he has grown weary of the emptiness of social life. He tents in the pure, unspoilt world of the snow-covered mountains, but on his first day, an unexpected event occurs: he must save the life of a young girl who has fallen off a cliff. In gratitude, she offers him an invitation to join the hustle and bustle of a nearby noisy resort, but Adam steals a kiss from her instead. Eve vows revenge, ready to do anything to disturb his peace.",Ákos Ráthonyi,Lajos Pánczél,Released,Hungarian,,
1657630,https://www.themoviedb.org/movie/1657630-el-despertar,The Awakening,96.0,2026-04-19,MX,"Horror, Action, War",0.0,"An elite military unit ventures into the South American tropical jungle on a mission to eliminate an enemy target. What begins as a tactical operation quickly turns into a nightmare when they encounter supernatural forces emerging from the depths of the jungle. Five hundred years earlier, a Spanish conquistador expedition was consumed by the same relentless force. Separated by centuries but connected by the same hostile territory, both incursions discover something hidden in the jungle: an ancient presence that cannot be controlled.",Jaime Osorio Márquez,Jaime Osorio Márquez,Released,Spanish; Castilian,,
526488,https://www.themoviedb.org/movie/526488-el-perseguidor,El perseguidor,90.0,2010-12-09,AR,,6.0,"The Pursuer is a psychological thriller that tells the transformation suffered by a elderly rich couple when a mysterious man breaks into their house. Soon they will discover that the Pursuer not only puts their lives in danger, but He also threatens to reveal their most intimate secrets.",Víctor Cruz,"Víctor Cruz, Sandra Gugliotta",Released,Spanish; Castilian,,
385016,https://www.themoviedb.org/movie/385016-pofonok-volgye-avagy-papp-lacit-nem-lehet-legyozni,"Pofonok Völgye, Avagy Papp Lacit Nem Lehet Legyőzni",100.0,1981-01-01,HU,Documentary,10.0,We don't have an overview translated in English. Help us expand our database by adding one.,Gyula Gulyás,,Released,Hungarian,,
830,https://www.themoviedb.org/movie/830-forbidden-planet,Forbidden Planet,98.0,1956-03-23,US,"Science Fiction, Adventure",7.2,"Starship C57D travels to planet Altair 4 in search of the crew of spaceship ""Bellerophon,"" a scientific expedition that has been missing for twenty years. They find themselves unwelcome by the expedition's lone survivor and warned of destruction by an invisible force if they don't turn back immediately.",Fred M. Wilcox,Cyril Hume,Released,English,1900000.0,3250000.0
418095,https://www.themoviedb.org/movie/418095,The Story of Liubao,79.0,1957-01-01,CN,"History, Drama",5.0,"Lin Jin, a solider of the New Fourth Army, stayed in Liubao village with his Army. During Lin Jin's stay, he fell in love with a local girl, Ermeizi. However, he had to leave Liubao with his troops for several years. Lin Jin and Ermeizi lost contact during the war after Lin Jin had left Liubao. Years later, Jin returns to Liubao where he finds Ermeizi again.",Wang Ping,Zongjiang Huang,Released,Chinese,,
1359005,https://www.themoviedb.org/movie/1359005,Per Aspera Ad Astra,111.0,2026-06-18,KR,"Science Fiction, Drama, Adventure",7.9,"Set in the near future, the story revolves around the emergence of the virtual dream reality technology ""Good Dreams"",  which allows people to do whatever they desire within their self-created dreams. However, a crisis triggered by these dreams quietly unfolds.",Han Yan,"Han Yan, 高璐, 徐忱, Huang Channing, 马佩斯, 刘达林",Released,Chinese,,
1617732,https://www.themoviedb.org/movie/1617732-moon-safari,Moon Safari,21.0,2026-03-01,ES,Documentary,0.0,"i was home with my kid and, all of a sudden, i get a voice message from raquel — i hadn’t heard from her in a long time — so i listened to it, and she tells me all these things and then she asks, do you remember moon safari? and i’m like, of course, of course i remember moon safari",Hugo Amoedo Canal,"Hugo Amoedo Canal, Raquel Aberasturi",Released,Spanish; Castilian,,
644462,https://www.themoviedb.org/movie/644462-night-crimes,Night Crimes,89.0,2015-11-15,US,"Drama, Crime, Mystery",0.0,"When a young woman is murdered in Willow Grove, Det. Jack Murdock (Jeff Johnson) and Lt. Joe Gambill (Dan Turpen) and their small police force must race against the clock to locate the true identity of the killer before he strikes again.",James Ian Mair,James Ian Mair,Released,English,,
24836,https://www.themoviedb.org/movie/24836-august-underground,August Underground,70.0,2001-01-01,US,Horror,4.1,"Imagine walking down the street and finding an unmarked VHS tape. Curiosity piqued, you take it home and pop it in. What starts off as two men screwing around with a video camera quickly transforms into an ultra-realistic torture sequence where the unidentified psychopaths tape their exploits as they torment and violate a woman tied to a chair. The devastation of your morals continues throughout the entirety of the footage, while subtly revealing the killer's shattered pasts via the interaction with their victims and each other.",Fred Vogel,"Fred Vogel, Allen Peters",Released,English,,
69733,https://www.themoviedb.org/movie/69733-la-donna-lupo,The Man-Eater,80.0,1999-08-26,IT,Comedy,5.0,"This is the story of a Sicilian woman that tries to have avidly as many sexual adventures as possible. She uses different identities and personalities, but she can't stop collecting adventures. One day she meets Valerio, a young student who falls in love with her.",Aurelio Grimaldi,"Aurelio Grimaldi, Michele Lo Foco",Released,Italian,,
49426,https://www.themoviedb.org/movie/49426,The Fog,151.0,2010-05-09,RU,"Drama, War, Science Fiction",5.1,"Present time. A squad of young soldiers of the Russian army during the march-throw splits from the main group. In order to save time, they decide to cut the path, but get into the strange fog, which transfers them to the past, right into the World War the Second. Boys, who saw fight only in the movies, and imagined it on the training field, get into the heart of the real WAR. Real courage, real fear, real love and hate, and real DEATH. No time to ask questions. Survive and fight for your country!","Artyom Aksenenko, Ivan Shurhovetsky","Leonid Kuprido, Andrei Chevurin",Released,Russian,,
7520,https://www.themoviedb.org/movie/7520-cocktail,Cocktail,104.0,1990-04-21,KR,"Romance, Drama, Comedy",6.1,"After being discharged from the Army, Brian Flanagan moves back to Queens and takes a job in a bar run by Doug Coughlin, who teaches Brian the fine art of bar-tending. Brian quickly becomes a patron favorite with his flashy drink-mixing style, and Brian adopts his mentor's cynical philosophy on life and goes for the money.",Roger Donaldson,Heywood Gould,Released,English,20000000.0,171504781.0
470777,https://www.themoviedb.org/movie/470777-circuito-de-sao-goncalo,Circuito de São Gonçalo,8.0,1909-09-21,BR,Documentary,0.0,It's the oldest Brazilian movie that survived and the film that captured the first car race in Brazil.,Alberto Botelho,,Released,Portuguese,,
1226281,https://www.themoviedb.org/movie/1226281-pantasya-ni-tami,Pantasya ni Tami,114.0,2024-12-13,KR,"Drama, Romance",4.0,"Tami, with the help of her fubu photographer, Ken, sells sexy photos of herself. When she meets her fan, Gelo, who loves her as she is, she is torn whether to leave cosplaying or leave Gelo.","Easy Ferrer, Topel Lee",Don Santella,Released,Tagalog,,
517448,https://www.themoviedb.org/movie/517448-story-30,Eat story for 30 years now,,2012-07-01,GR,Comedy,0.0,"Night spread its veil over the presidential suite of Korydallos prison. ""The Lady of the Lord"" in her cell, closed her husband's diary, which she had been reading for a long time, while she decided to break the hunger strike, which she did with a ""dirty"" person, who sent her a package ""The Doctor of Hunger"". Then she turned on the television. How boring this report with the unemployed Greeks who are emigrating to Australia seemed to her, as did Angela Merkel's first exclusive interview with a Greek journalist. But finally. When will her favorite TV series ""LALE! Love in Istanbul"" start? Oh, if only Theodoros Kolokotronis could see all this Turkish lust from one side. she thought. He would even bring his wax figure to life at the ""Vrellis Museum""! And all this in a country that not even Superman can save since for 30 years now, the government has only learned to ""eat"".",,,Released,Greek,,
192102,https://www.themoviedb.org/movie/192102-3-days-to-kill,3 Days to Kill,113.0,2014-04-03,KR,"Action, Drama, Thriller",6.1,"A dangerous international spy is determined to give up his high stakes life to finally build a closer relationship with his estranged wife and daughter. But first, he must complete one last mission - even if it means juggling the two toughest assignments yet: hunting down the world's most ruthless terrorist and looking after his teenage daughter for the first time in ten years, while his wife is out of town.",McG,"Luc Besson, Adi Hasak",Released,English,28000000.0,53260230.0
1524452,https://www.themoviedb.org/movie/1524452-belaya-loshad,White Horse,,1966-12-31,SU,Drama,0.0,We don't have an overview translated in English. Help us expand our database by adding one.,Baras Halzanov,Baras Halzanov,Released,Russian,,
27324,https://www.themoviedb.org/movie/27324,Pulse,119.0,2005-07-24,KR,"Horror, Thriller, Mystery",6.7,"In the immense city of Tokyo, the darkness of the afterlife lures some of its inhabitants desperately trying to escape the sadness and isolation of the modern world.",Kiyoshi Kurosawa,Kiyoshi Kurosawa,Released,Japanese,25000000.0,318451.0
1167898,https://www.themoviedb.org/movie/1167898-straight,Straight,93.0,2024-11-21,MX,Romance,7.0,"Roberto is a successful 32-year-old banker with a demanding life and a job that occupies him even on the weekends; a talented girlfriend, Elia, with whom he has been in a relationship for six years; and in his free time a little soccer, beer and Cris, a 20-year-old boy he meets on a gay dating app. Cris will make him rethink whether he has the life he wants or the one he's expected to have.",Marcelo Tobar,"Marcelo Tobar, Drew Fornarola, Scott Elmegreen",Released,Spanish; Castilian,,
210408,https://www.themoviedb.org/movie/210408-ask-kirmizi,Aşk Kırmızı,114.0,2013-03-15,TR,"Drama, Romance",3.7,"The film asks the question would have been triple love. Ferhat and Zeynep is a happily married couple. Karlıdağ outside of marriage appears happy couple, the first love of life remained in the years ahead will be turned upside down with the introduction of the Euphrates Nazlıgül again. Zeynep even a night encounter with the former love of her husband Nazlıgül powdery mildew that can not bear to be separated , and that is the love in his heart can not prevent the re-ignition.",Osman Sınav,Osman Sınav,Released,Turkish,,
945162,https://www.themoviedb.org/movie/945162-coming-down,Coming Down,,1916-05-03,US,Comedy,0.0,"Musty holds down a job as general factotum at the Busy Bee Amusement Arcade, one of his chief duties being that of taking tickets at the entrance to the moving stairway which leads to the cinema theater on the second floor.",Louis Myll,,Released,English,,
1115380,https://www.themoviedb.org/movie/1115380-golden-slumbers,Golden Slumbers,25.0,2023-05-08,ID,"Comedy, Thriller",8.0,Two perspectives of hatred from Blackbird believers towards their own faith.,Jason Ezra Maail,Michael Edward Haposan Sianipar,Released,Indonesian,,
1232667,https://www.themoviedb.org/movie/1232667-miss-you-love-you,"Miss You, Love You",98.0,2026-05-29,US,Drama,6.6,"A blunt, grieving widow is forced to plan her husband’s funeral with a total stranger: her estranged gay son’s gay assistant. As they fumble through grief and their strange, darkly funny circumstances, buried secrets and long-held resentments surface, but their partnership becomes an unlikely conduit for connection, laughter, and healing for this mother and her unexpected surrogate son.",Jim Rash,Jim Rash,Released,English,,
213450,https://www.themoviedb.org/movie/213450-budapest-retro,Budapest Retro,,1998-09-01,HU,Documentary,8.3,We don't have an overview translated in English. Help us expand our database by adding one.,Gábor Zsigmond Papp,Miklós Tamási,Released,Hungarian,,
188855,https://www.themoviedb.org/movie/188855-jager-des-augenblicks,Roraima - Climbers of the Lost World,98.0,2013-04-25,DE,Documentary,6.8,"When friends and longtime climbing partners Kurt Albert, Holger Heuber and competitive climbing’s first superstar Stefan Glowacz embark on an expedition to Mount Roraima, a table mountain shrouded in legend, this group of experienced climbers have no idea what they got themselves into. A tragic accident back home adds to the drama which unfolds set against the backdrop of Guyana’s tropical rain forest and the steep walls of this breathtaking mountain.","Philipp Manderla, Christian Lonk, Malte Roeper","Philipp Manderla, Christian Lonk, Malte Roeper",Released,German,1500000.0,
874540,https://www.themoviedb.org/movie/874540-nemierigie-prati,Troubled Minds,108.0,2022-04-27,LV,Drama,4.8,"Brothers Robert and Martin are a month away from their largest art exhibition. To get creative juices flowing, Martin locks himself in a black cube. Once out, brothers fall into a wild rollercoaster of events existing on the very edge of the chaos, examining the thin line between the artist’s creativity and mental troubles.","Raitis Ābele, Lauris Ābele","Raitis Ābele, Lauris Ābele, Zanda Zeidaka",Released,Latvian,,
1105317,https://www.themoviedb.org/movie/1105317-futebol-arte,Futebol Arte,55.0,2022-01-10,GB,Documentary,0.0,"Zico, Falcao, Socrates and so many more... In this documentary, featuring exclusive interviews with the protagonists, discover what made the Brazilian team at 1982 FIFA World Cup so spellbinding to watch. Experience the joy, excitement and ultimately heartbreak of the team that turned football into art.",Richard Horne,,Released,Portuguese,,
893571,https://www.themoviedb.org/movie/893571,Raat Jaga Phool,124.0,2021-12-31,BD,Thriller,9.0,"A murder is committed in a village without any clue left behind. However, there is a man with an unnatural power of understanding animals and their language in the village. He starts to unravel the mystery of the murder with the help of his unnatural power.",Mir Sabbir,Mir Sabbir,Released,Bengali,,
623741,https://www.themoviedb.org/movie/623741-arlo-guthrie-alice-s-restaurant-50th-anniversary-concert-with-arlo-guthrie,Arlo Guthrie - Alice’s Restaurant 50th Anniversary Concert With Arlo Guthrie,120.0,2015-11-26,US,Music,0.0,"Arlo Guthrie celebrates the fiftieth anniversary of the events that snowballed into the Alices Restaurant Massacree, his iconic talking blues narrative that has become an established part of the Thanksgiving tradition, with an unprecedented show. Backed by his band of friends, Arlo regales the audience with the Massacree in its entirety, along with many of his best-loved classics.",,,Released,English,,
17581,https://www.themoviedb.org/movie/17581-naruto,Naruto Shippuden the Movie: Bonds,90.0,2013-05-09,KR,"Fantasy, Animation, Action",7.3,"A mysterious group of ninjas makes a surprise attack on the Konohagakure, which takes great damage. The nightmare of another Shinobi World War could become a reality. Sasuke, who was still a missing nin from Konoha trying to kill his brother, Itachi, appears for the second time in front of Naruto at an unknown location to prevent it from happening.",Hajime Kamegaki,Junki Takegami,Released,Japanese,,10642859.0
46337,https://www.themoviedb.org/movie/46337-bikini-girls-from-the-lost-planet,Bikini Girls from the Lost Planet,100.0,2006-01-01,US,"Comedy, Romance, Science Fiction",3.4,"When the ladies who inhabit the all-lesbian planet of Aquaterra need some top-grade male breeding stock, what else would they do besides don their bikinis and blast off for planet Earth? With men on their minds, two of Aquaterra's finest run into plenty of adventures as they search for Earth studs in director Nicholas Medina's erotic spoof starring Alexandre Boisvert, Evan Stone and Brad Bartram.",Fred Olen Ray,Fred Olen Ray,Released,English,,
1015377,https://www.themoviedb.org/movie/1015377-hatterzene-szorongashoz,Background music for anxiety,70.0,2021-12-19,HU,,0.0,"We get to know thee couples' stories. Zoli and Klara's almost-over marriage, Emil's (the lonely projectionist) and his lost love's connection and an introverted high school student, Gergo's bitter attempts of stealing a girl's heart. The three stories have little in common, however at the end the conflicts are finding solutions from the lessons taught by each other.",Papp Máté,Papp Máté,Released,Hungarian,,
9064,https://www.themoviedb.org/movie/9064-hellbound-hellraiser-ii,Hellbound: Hellraiser II,97.0,1989-07-29,KR,"Horror, Thriller",6.4,"Now confined to a mental hospital, young Kirsty insists her supposedly dead father is actually stuck in Hell following his wife’s betrayal. Few believe the young woman’s lurid stories aside from the thrill-seeking Dr. Channard. Kirsty is undeterred and, with the help of a fellow patient, heads to Hell for a rescue.",Tony Randel,Peter Atkins,Released,English,3000000.0,12090735.0
601355,https://www.themoviedb.org/movie/601355-nuevas-amistades,Nuevas amistades,,1963-09-16,ES,Drama,10.0,"A group of young people from high society go from party to party as if they had nothing else to do. Pedro and Julia, a couple, move within this circle. When they discover that Julia is pregnant, they decide that the best solution is to have an abortion to avoid a huge scandal, despite the consequences that this decision may entail.",Ramón Comas,,Released,Spanish; Castilian,,
514593,https://www.themoviedb.org/movie/514593-you-should-have-left,You Should Have Left,93.0,2020-07-10,KR,"Horror, Thriller",6.1,"In an effort to repair their relationship, a couple books a vacation in the countryside for themselves and their daughter. What starts as a perfect retreat begins to fall apart as one loses their grip on reality, and a sinister force tries to tear them apart.",David Koepp,"David Koepp, Daniel Kehlmann",Released,English,,
436903,https://www.themoviedb.org/movie/436903-noite-escura-de-sao-nunca,Noite Escura de São Nunca,22.0,2015-07-16,BR,,0.0,Some nights never dawn.,Samuel Lobo,,Released,Portuguese,,
1041854,https://www.themoviedb.org/movie/1041854-sur-la-pointe-des-pieds,Sur la pointe des pieds,,2015-06-22,FR,,0.0,We don't have an overview translated in English. Help us expand our database by adding one.,Yacine Badday,Yacine Badday,Released,French,,
304567,https://www.themoviedb.org/movie/304567,Doll,28.0,2014-04-04,RU,Drama,5.0,"Michael is a general manager of a large company, living in a small apartment in a rundown area of the city of the future. He can't get rid of the hatred for his boss Rudolf. The need to let off steam leads Michael to the office of the company 'New Life', implanting in their clients' memories fantasies that they can realize without the risk of experiencing the events in reality.",Viktor Sidorov,Andrey Ivashkin,Released,Russian,,
574909,https://www.themoviedb.org/movie/574909-le-dernier-caravanserail-odyssees,Le dernier caravansérail (Odyssées),268.0,2006-11-22,FR,,0.0,"Le Dernier Caravanserail (Odyssées) is a series of stories, scraps of destinies, bits of the lives of men and women – of those ""refugees"", ""illegals"" and ""migrants"" who term themselves, with greater dignity, ""travellers"". This is a veritable ocean of time-battered odysseys, sometimes heroic, sometimes commonplace, and always dramatic.  Initially a work for the theatre, Le Dernier Caravanserail (Odyssées) is now a film. A whole new artistic adventure using the cinema to bring even greater depth to the virtually inexhaustible original material, and intended above all to keep the promise made to those whose stories we are telling: to give them a hearing.",Ariane Mnouchkine,,Released,French,,
51730,https://www.themoviedb.org/movie/51730,Royal Tramp,106.0,2022-01-01,KR,"Action, Comedy",7.1,"The story of Wai Siu Bo, a pimp who after saving Chan Kan Nam, the leader of the Heaven and Earth society, a revolutionary group, is made a member. After a botched first assignment for the group, he is made a servant to the Prince, the very person the Heaven and Earth society want to overthrow. What follows is plenty of mayhem and laughter.",Wong Jing,"Wong Jing, Louis Cha",Released,Cantonese,,
115311,https://www.themoviedb.org/movie/115311-mi-campeon,Mi campeón,114.0,1952-06-20,MX,"Comedy, Drama",5.5,"Catita is a simple and poor woman who dreams of that her son stands out on something important to help her out of his humble. But she opposes to him being boxer, therefore constantly fighting with her husband.",Chano Urueta,,Released,Spanish; Castilian,,
357672,https://www.themoviedb.org/movie/357672-cseh-tamas-film,Cseh Tamás film,,2001-02-22,HU,"Documentary, Music",0.0,We don't have an overview translated in English. Help us expand our database by adding one.,Gergely Fonyó,Gergely Fonyó,Released,Hungarian,,
20544,https://www.themoviedb.org/movie/20544-something-the-lord-made,Something the Lord Made,110.0,2004-05-30,US,"TV Movie, Drama",7.9,A dramatization of the relationship between heart surgery pioneers Alfred Blalock and Vivien Thomas.,Joseph Sargent,"Robert Caswell, Peter Silverman",Released,English,,
1546094,https://www.themoviedb.org/movie/1546094-another-way,Another Way,7.0,2022-11-25,AU,"Adventure, Fantasy",0.0,"A young hobbit is thrown into the deep end of adulthood, when a series of events lead him down a more independent and Concious path. Expressing all the troubles and responsibilities that can come with it, the boy (Christopher) slowly becomes a man.",Nathan Bain,Nathan Bain,Released,English,,
896536,https://www.themoviedb.org/movie/896536-the-legend-of-ochi,The Legend of Ochi,95.0,2025-04-18,US,"Family, Fantasy, Adventure",6.1,"In a remote village on the island of Carpathia, a shy farm girl named Yuri is raised to fear an elusive animal species known as ochi. But when Yuri discovers a wounded baby ochi has been left behind, she escapes on a quest to bring him home.",Isaiah Saxon,Isaiah Saxon,Released,English,10000000.0,4872389.0
873621,https://www.themoviedb.org/movie/873621-le-varou,Le Varou,29.0,2021-09-03,FR,"Drama, Fantasy",0.0,"Ever since 25-year-old Gabi has lived alone in her caravan on the edge of the forest, a mysterious beast prowls around at night.",Marie Heyse,Marie Heyse,Released,French,,
13341,https://www.themoviedb.org/movie/13341-bad-news-bears,Bad News Bears,113.0,2005-07-22,US,Comedy,5.8,"Morris Buttermaker is a burned-out minor league baseball player who loves to drink and can't keep his hands to himself. His long-suffering lawyer arranges for him to manage a local Little League team, and Buttermaker soon finds himself the head of a rag-tag group of misfit players. Through unconventional team-building exercises and his offbeat coaching style, Buttermaker helps his hapless Bears prepare to meet their rivals, the Yankees.",Richard Linklater,"Glenn Ficarra, Bill Lancaster, John Requa",Released,English,30000000.0,34252847.0
712097,https://www.themoviedb.org/movie/712097,Idrak Mirzalizade: The Second Solo Concert,40.0,2017-06-03,RU,Comedy,7.0,"Second stand-up concert by Idrak in April 29, 2017.",,"Kirill Selegey, Idrak Mirzalizade",Released,Russian,,
9869,https://www.themoviedb.org/movie/9869-patriot-games,Patriot Games,117.0,1992-06-04,US,"Drama, Action, Thriller, Crime",6.7,"When CIA Analyst Jack Ryan interferes with an IRA assassination, a renegade faction targets Jack and his family as revenge.",Phillip Noyce,"Tom Clancy, W. Peter Iliff, Donald E. Stewart",Released,English,45000000.0,178051587.0
20126,https://www.themoviedb.org/movie/20126-profondo-rosso,Deep Red,127.0,1978-12-24,KR,"Horror, Mystery, Thriller",7.7,"An English pianist living in Rome witnesses the brutal murder of his psychic neighbor. With the help of a tenacious young reporter, he tries to discover the killer using very unconventional methods. The two are soon drawn into a shocking web of dementia and violence.",Dario Argento,"Dario Argento, Bernardino Zapponi",Released,Italian,,2900000.0
1529405,https://www.themoviedb.org/movie/1529405-vzroslyy-syn,The Adult Son,80.0,2025-08-21,RU,Drama,0.0,"Successful but lonely Maria and her adult son are already sharing the common space of their apartment with irritation. Having accepted a marriage proposal from Mikhail, who is courting her, the woman hopes to build personal happiness for the first time in many years and moves in with her lover. Her hopes for a family idyll are destroyed by the man's adult son, who has returned to settle scores with his father. And Mikhail turns out to be not at all the person he wants to seem to be. Taking a forced step into conscious solitude, Maria for the first time makes a choice in favor of the most important person in her life - herself.",Ivan Shkundov,Ivan Shkundov,Released,Russian,,
1148713,https://www.themoviedb.org/movie/1148713-el-correo,The Courier,102.0,2024-01-19,ES,"Thriller, Crime",6.4,"After shrewdly seizing his chance to join a money-laundering scheme, a modest valet dives into a world of fast cash, fast cars — and an inevitable crash.",Daniel Calparsoro,"Patxi Amezcua, Alejo Flah",Released,Spanish; Castilian,5400000.0,1751343.0
324830,https://www.themoviedb.org/movie/324830,Fuchzhou,90.0,1993-01-01,UA,"Romance, Adventure, Comedy",5.0,"The action is set at the start of the twentieth century, between a village by the River Dnyepr and the coast of Florida. While the story has ironic, romantic and sometimes mystic angles, the bitter aspects of emigration from Ukraine to the United States become clearly visible.",Mykhailo Illienko,Mykhailo Illienko,Released,Ukrainian,,
1611851,https://www.themoviedb.org/movie/1611851-is-vaxti,Iş Vaxtı,32.0,2025-06-12,AZ,,0.0,"For a long time, Geray has been made to work under very stressful conditions by his boss. Geray’s main goal is to be promoted to the position of “Assistant Manager” that his boss promised him. However, when the boss does not keep his promise, this leads Geray and his friends to decide to kill their boss.",Elvin İbrahimov,Elvin İbrahimov,Released,Azerbaijani,,
1363887,https://www.themoviedb.org/movie/1363887-la-huida,La huida,,2017-01-01,AR,Drama,0.0,We don't have an overview translated in English. Help us expand our database by adding one.,Agustín Baridón,Agustín Baridón,Released,Spanish; Castilian,,
1636921,https://www.themoviedb.org/movie/1636921-la-espera,Waiting,13.0,2019-10-14,CU,Documentary,0.0,"In Cuba, a Maternity Home is a place for women who have complications during pregnancy. The portrayal of the situations that occur in this shared space invite the viewer into the expectations of a group of adolescents in this unique situation.",Violena Ampudia,"Natalí Cardet, Anna Lu Machado",Released,Spanish; Castilian,,
447362,https://www.themoviedb.org/movie/447362-life-in-a-year,Life in a Year,107.0,2020-11-27,US,"Drama, Romance",8.2,"A 17 year old finds out that his girlfriend is dying, so he sets out to give her an entire life, in the last year she has left.",Mitja Okorn,"Will Matthews, Jeffrey Addiss",Released,English,,
1297763,https://www.themoviedb.org/movie/1297763,Batman Ninja vs. Yakuza League,90.0,2025-03-18,US,"Animation, Action, Science Fiction",6.7,"The Batman family has returned to the present to discover that Japan has disappeared, and a giant island - Hinomoto - is now in the sky over Gotham City.  At the top sit the Yakuza, a group of superpowered individuals who reign without honor or humanity and look suspiciously like the Justice League. Now, it’s up to Batman and his allies to save Gotham!","Jumpei Mizusaki, Shinji Takagi",Kazuki Nakashima,Released,Japanese,,
704759,https://www.themoviedb.org/movie/704759-sem-armas,Barehanded,14.0,2016-04-28,PT,Drama,0.0,"In an abandoned shopping center, Luis sees his best friend being assaulted. Incapable of facing it he runs away from the adolescent violence that haunts him while struggling against himself.",Paula Tomás Marques,Paula Tomás Marques,Released,English,,
373854,https://www.themoviedb.org/movie/373854-presence,Présence,13.0,2013-07-17,FR,,0.0,Footage of dancer Julien Touati in dramatic lighting.,Xavier Baert,,Released,English,,
321727,https://www.themoviedb.org/movie/321727,Chuang Tzu Tests His Wife,95.0,1970-04-17,KR,"Horror, Drama",0.0,"Taoist spiritual leader Jang-jung doubts fidelity of his wife Geun-hwa and comes back home from a mountain. However, nothing happened to her. As Jang-jung dies suddenly, Geun-hwa falls into deep sorrow. Cho-u who is a student of Jang-jung appears to condole her. Geun-hwa and Jang-jung become lovers and at the moment when they make love, Cho-u falls down and becomes ill. Geun-hwa hears that he needs a brain for cure. So she opens up Jang-jung's coffin. To her surprise, Jang-jung wakes up and Geun-hwa dies of shock. Jang-jung regrets his doubt toward his wife.","Fu Ching-Wa, Jang Jin-won",,Released,Chinese,,
1731122,https://www.themoviedb.org/movie/1731122-the-odyssemen,The Odyssemen,20.0,2026-07-17,US,"Fantasy, Music, Comedy, Drama, Action, Adventure",0.0,"After undergoing the split of Meiosis, meiosisters Orchis and Semes awaken as sperm in the ethereal land of Test, where the annual Testy Festy welcomes them to what seems like heaven. Things take a turn when Seed, a strange sperm donning a condom mask, claims that their paradise is a lie and calls for the start of the Great Jac, a taboo event prophesied to lead either to the Promised Unknown or to death. A sperm civil war breaks out as rebels and loyalists fight over whether their world is truly heaven or merely the prelude to something far greater...",Minh Ngô,Minh Ngô,Released,English,1500.0,
15077,https://www.themoviedb.org/movie/15077-2,Election 2,92.0,2011-06-23,KR,"Drama, Crime, Thriller",7.4,"As election time nears, current Triad chairman Lok faces competition from his godsons. At the same time, Jimmy looks to increase his business relations with mainland China.",Johnnie To,"Yip Tin-Shing, Yau Nai-Hoi",Released,Cantonese,,
679552,https://www.themoviedb.org/movie/679552-comando-judicial,Comando judicial,93.0,1990-01-01,MX,Action,5.0,We don't have an overview translated in English. Help us expand our database by adding one.,Miguel Marte,Patricia F. Sáenz,Released,Spanish; Castilian,,
1543084,https://www.themoviedb.org/movie/1543084-nao-sei-viver-sem-palavras,Não Sei Viver sem Palavras,,2026-07-30,BR,Documentary,0.0,We don't have an overview translated in English. Help us expand our database by adding one.,André Brandão,"André Brandão, André Meirelles Collazzo, Ricardo Carioba",Released,Portuguese,,
274466,https://www.themoviedb.org/movie/274466-jose-luis,José Luis,30.0,1966-01-01,ES,,5.0,Short film about an aimless young man.,Paulino Viota,,Released,English,,
207919,https://www.themoviedb.org/movie/207919,A Foreign Woman,74.0,1965-12-06,SU,"Family, Comedy, Adventure",5.5,"Hoping to receive compensation for the house belonging to her before the revolution, Madame Joubert comes to Odessa with her granddaughter Madeleine. While Madame is at war with enterprising Odessa citizens, her granddaughter meets Soviet peers and realizes the advantages of socialism.","Konstantin Zhuk, Aleksandr Sery",Aleksandr Voinov,Released,Russian,,
1694700,https://www.themoviedb.org/movie/1694700-los-rapaces,The Youngins,18.0,2026-06-07,ES,"Romance, Drama, Mystery",0.0,"He is from Torre del Bierzo, an industrial mining town, where the name El Chispas inherits from, working in the family workshop.  She is a city girl who avoids the summers in his village, Sueros de Cepeda. Floating on his skates.  In a hot summer of the 90s they bathe together in the Villameca swamp. Everything changes when they discover the open secret under its waters.",Julu Martínez,Julu Martínez,Released,Spanish; Castilian,,
810340,https://www.themoviedb.org/movie/810340-ya-liubliu,I Love,78.0,1936-05-09,SU,Drama,9.5,"Russian Empire, 19th century. Poor Nykanor leaves his village and becomes a miner in the Donbas. His son Ostap also becomes a miner and works in the mine for thirty years, but after his father's sudden dismissal, he realizes that the state system needs radical changes.",Leonid Lukov,Aleksandr Avdeyenko,Released,Russian,,
524525,https://www.themoviedb.org/movie/524525-qanun-namin,In the Name of the Law,97.0,1968-12-01,SU,"Drama, Crime",1.0,The film is about the public prosecutor who fought against the criminality but was killed by them.,Mukhtar Dadashev,Mukhtar Dadashev,Released,Azerbaijani,,
304774,https://www.themoviedb.org/movie/304774,Nattupura Pattu,137.0,1996-02-09,IN,Drama,10.0,"Palanisamy, a folk dancer, suspects his wife, who dances with him in the village festival, of having an affair with a rich landlord. He abandons his wife and separates her from her newborn son.",Kasthoori Raja,Kasthoori Raja,Released,Tamil,,
39144,https://www.themoviedb.org/movie/39144,Dragon Ball: Curse of the Blood Rubies,50.0,2013-10-24,KR,"Action, Animation, Adventure, Comedy, Fantasy, Science Fiction",6.9,The great King Gurumes is searching for the Dragon Balls in order to put a stop to his endless hunger. A young girl named Pansy who lives in the nearby village has had enough of the treachery and decides to seek Muten Rōshi for assistance. Can our heroes save the village and put a stop to the Gurumes Army?,Daisuke Nishio,"Yoshifumi Yûki, Toshiki Inoue",Released,Japanese,,7417517.0
1217574,https://www.themoviedb.org/movie/1217574-algo-nuevo,Something New,11.0,2024-09-26,FR,,0.0,"Camila steals objects and sells them until Marcos, her older brother, discovers her. They reach an agreement after he reveals his intimate literary project to her.",Emilia Mark,Emilia Mark,Released,Spanish; Castilian,,
838636,https://www.themoviedb.org/movie/838636,Her Right,51.0,1931-12-01,SU,Drama,6.0,About the growth of social consciousness of an Uzbek woman.,Grigoriy Chernyak,Boris Leonidov,Released,Russian,,
1544128,https://www.themoviedb.org/movie/1544128-dark-secret,Dark Secret,,2025-09-12,US,Thriller,0.0,"When a couple takes in a new roommate, long-buried truths begin to fester, inciting a chilling game of manipulation and survival.",Johnnard Harper,,Released,English,,
1141390,https://www.themoviedb.org/movie/1141390,What's a Hug?,25.0,2023-10-24,RU,Drama,0.0,We don't have an overview translated in English. Help us expand our database by adding one.,Anastasia Kuzina,Anastasia Kuzina,Released,Russian,,
8286,https://www.themoviedb.org/movie/8286-la-femme-infidele,The Unfaithful Wife,94.0,1969-01-22,FR,"Crime, Drama, Thriller",6.9,A man begins to believe his wife is cheating on him.,Claude Chabrol,Claude Chabrol,Released,French,,
10160,https://www.themoviedb.org/movie/10160-a-nightmare-on-elm-street-the-dream-child,A Nightmare on Elm Street: The Dream Child,89.0,1989-08-11,US,"Horror, Thriller",5.4,"The pregnant Alice finds Freddy Krueger striking through the sleeping mind of her unborn child, hoping to be reborn into the real world.",Stephen Hopkins,Leslie Bohem,Released,English,8000000.0,22168359.0
1667685,https://www.themoviedb.org/movie/1667685-phi-phong-qu-mau-r-ng-thieng,Phi Phong: The Blood Demon,120.0,2026-07-08,KR,"Horror, Mystery",6.5,"Phí Phông—a bloodthirsty demon from the mountain folk legends that has haunted generations. The film follows Còn (Kiều Minh Tuấn) and Dương (Minh Anh), two apprentice shamans who journey into the mountains to save their mother, who has fallen under the Phí Phông curse. At the same time, a series of gruesome deaths begin to plague a remote village, casting suspicion on Mon (Diệp Bảo Ngọc) and her daughter Lua (Nina Nutthacha), who exhibit traits eerily similar to the demon. Yet, buried deep within the cursed forest lie shocking secrets, drawing Còn and Dương into an endless hunt for the true face of Phí Phông.",Đỗ Quốc Trung,,Released,Vietnamese,,
618851,https://www.themoviedb.org/movie/618851-eternal,Pretty Guardian Sailor Moon Eternal the Movie Part 1,81.0,2021-06-03,KR,"Animation, Action, Fantasy",7.9,"After a total solar eclipse, a dark circus troupe appears, Mamoru is stricken with a mysterious malady and bad things start happening across the city.  Sequel to the Sailor Moon Crystal TV series.",Chiaki Kon,Kazuyuki Fudeyasu,Released,Japanese,,
411542,https://www.themoviedb.org/movie/411542-pillangok,Butterflies,109.0,2014-10-18,HU,"Drama, Comedy",6.0,"Our story can begin anywhere where chances are rarely found to be able to survive and thrive, where small things matter by the end of the day and where people would want possess things that were never theirs to begin with. In this village where destitution and alcohol prevails, Leslie, (Laci), the world's greatest looser, recently released from prison starts to construct a football field and a chance for a better life. The slid down and alcoholic Veronica hopes to find happiness in her love for Leslie (Laci). Veronica’s nine years old son Mark acquaints the violin thanks to an old, burned-out musician, who has a fascinating and mysterious past. The stories of these four people intertwine drifting their life towards further tragic situations to crow by a surprising end.",Gábor Forgács,,Released,Hungarian,,
1596871,https://www.themoviedb.org/movie/1596871-the-nookie,The Nookie,10.0,2025-12-11,US,"Horror, Romance, Comedy",10.0,"A paranormal investigator discovers that love comes in all shapes, and anomalies.",Izaak Che Rosales,Izaak Che Rosales,Released,English,,
9912,https://www.themoviedb.org/movie/9912-the-world-s-fastest-indian,The World's Fastest Indian,127.0,2013-01-24,KR,"Drama, Adventure, History",7.7,"The life story of New Zealander Burt Munro, who spent years building a 1920 Indian motorcycle—a bike which helped him set the land-speed world record at Utah's Bonneville Salt Flats in 1967.",Roger Donaldson,Roger Donaldson,Released,English,25000000.0,18300000.0
1146979,https://www.themoviedb.org/movie/1146979-hotel-babel,Hotel Babel,14.0,2023-12-02,US,"Drama, Thriller",0.0,"Sally Greaves (played by Laurel Wong) is a formerly feral child, now a ""reformed"" ""normal"" woman, who makes a living speaking about her experiences at conventions, schools, and press events. After the death of her brother, she tries to live life under these unremarkable circumstances.",Josh Park,Josh Park,Released,English,,
694934,https://www.themoviedb.org/movie/694934,Thigambara Samiar,173.0,1950-09-29,IN,Thriller,0.0,"When Sattanathan, a corrupt lawyer, forces Vadivambal to marry his brother, a Chokkalingam Pillai arrives to rescue her and expose Sattanathan's activities.",T. R. Sundaram,"Vaduvoor K. Duraswamy Iyengar, Ko. Tha. Shanmugasundaram",Released,Tamil,,
1390751,https://www.themoviedb.org/movie/1390751-farming-turns,Farming Turns,25.0,2024-08-31,CA,"Action, Adventure, Documentary",0.0,"Chris Rubens was living the dream. As a professional skier, for years he travelled the globe in search of the best skiing, until an expedition to Greenland brought the reality of climate change and his impact into sharp focus.  Forced to confront his footprint and values, he takes action, risking his career as an athlete to become an organic farmer in a quest to foster a stronger, more sustainable community and connection to the mountains.",Anthony Bonello,Chris Rubens,Released,English,,
148976,https://www.themoviedb.org/movie/148976-ana-carolina-estampado-um-instante-que-nao-para,Ana Carolina: Estampado - Um Instante Que Não Pára,,2004-11-19,BR,Music,0.0,We don't have an overview translated in English. Help us expand our database by adding one.,Monique Gardenberg,,Released,Portuguese,,
197838,https://www.themoviedb.org/movie/197838-nenhuma-formula-para-a-contemporanea-visao-do-mundo,Nenhuma Fórmula Para a Contemporânea Visão do Mundo,82.0,2012-03-10,BR,,0.0,"Carola Brecker is a young writer in crisis. After leaving her husband Mickey, she is hired by the cultural gangster Al Gazarra to write 42 plays about the god Pan, to be staged by the excentric polish director Tadeusz Karkovski.",Luís Alberto Rocha Melo,"Luís Alberto Rocha Melo, Anna Karine Ballalai",Released,English,,
308702,https://www.themoviedb.org/movie/308702-simple-pleasures,Simple Pleasures,,1997-12-06,US,Documentary,0.0,"Simple Pleasures is a freestyle snowboard video that packs a punishing plethora of jumps, jibs and quality of filming into one little box. A world renowned cast of riders, a smooth soundtrack, and locations around the world will keep you stoked viewing after viewing. Look no further and enjoy the footages of excellence that Mack Dawg Productions is known is known for. Rated S for SIICKKKKK!!!",Mike McEntire,,Released,English,,
1730513,https://www.themoviedb.org/movie/1730513-impian-lara,Impian Lara,,2022-01-01,MY,,0.0,"The story of 2 fairy sisters Lara and Lia who flee to earth. Lara is forced to marry Mahjurum. They intend to escape for 2 years, at which time Lara will become the queen of the fairy world.",Johan Bahar,,Released,English,,
41402,https://www.themoviedb.org/movie/41402-let-me-in,Let Me In,116.0,2010-11-18,KR,"Drama, Horror, Mystery",6.8,A bullied young boy befriends a young female vampire who lives in secrecy with her guardian.  A remake of the movie “Let The Right One In” which was an adaptation of a book.,Matt Reeves,"Matt Reeves, John Ajvide Lindqvist",Released,English,20000000.0,24145613.0
2103,https://www.themoviedb.org/movie/2103-solaris,Solaris,99.0,2003-04-18,KR,"Drama, Science Fiction, Mystery",5.9,A troubled psychologist is sent to investigate the crew of an isolated research station orbiting a bizarre planet.,Steven Soderbergh,"Steven Soderbergh, Stanisław Lem",Released,English,47000000.0,30002758.0
462756,https://www.themoviedb.org/movie/462756-tres-tipos-de-medo,Três Tipos de Medo,,2017-06-24,BR,Crime,3.0,We don't have an overview translated in English. Help us expand our database by adding one.,Bruno Bini,,Released,Portuguese,,
341116,https://www.themoviedb.org/movie/341116-aqueles-dois,Aqueles Dois,75.0,1985-05-21,BR,Drama,5.1,"Raul and Saul work at the same office. Raul, outgoing and good-natured, comes from a broken marriage. Saul is shy, with a critical and bitter disposition, is recovering from a failed suicide attempt. In spite of their differences, they become quite good friends. But their colleagues begin to wonder whether there's something beyond friendship between them.",Sérgio Amon,"Sérgio Amon, Pablo Vierci",Released,Portuguese,,
14035,https://www.themoviedb.org/movie/14035-meatballs,Meatballs,92.0,1979-06-28,CA,Comedy,5.8,"Tripper is the head counselor at a budget summer camp called Camp Northstar. In truth, he's young at heart and only marginally more mature than the campers themselves. Tripper befriends Rudy, a loner camper who has trouble fitting in. As Tripper inspires his young charges to defeat rival Camp Mohawk in the annual Olympiad competition, Rudy plays matchmaker between Tripper and Roxanne, a female counselor at Northstar.",Ivan Reitman,"Harold Ramis, Len Blum, Janis Allen, Daniel Goldberg",Released,English,1207520.0,
1518050,https://www.themoviedb.org/movie/1518050-ultimo-dia,Último Dia,,2025-07-27,BR,Drama,0.0,We don't have an overview translated in English. Help us expand our database by adding one.,Felipe Alvarez de Toledo,Felipe Alvarez de Toledo,Released,Portuguese,,
25838,https://www.themoviedb.org/movie/25838,Devils on the Doorstep,139.0,2001-10-26,KR,"Drama, War",8.2,"During the Japanese occupation of China, two prisoners are dumped in a peasant's home in a small town. The owner is bullied into keeping the prisoners until the next New Year, at which time they will be collected. The village leaders convene to interrogate the prisoners. The townspeople then struggle to accommodate the prisoners. One is a bellicose Japanese nationalist, the other a nervous translator. Will the townspeople manage to keep the prisoners until the New Year?",Jiang Wen,"Jiang Wen, You Fengwei, Shu Ping, Haiying Li, Shi Jianquan",Released,Chinese,,20000.0
144,https://www.themoviedb.org/movie/144-der-himmel-uber-berlin,Wings of Desire,128.0,1993-05-15,KR,"Drama, Fantasy, Romance",7.8,"Two angels, Damiel and Cassiel, glide through the streets of Berlin, observing the bustling population, providing invisible rays of hope to the distressed but never interacting with them. When Damiel falls in love with lonely trapeze artist Marion, the angel longs to experience life in the physical world, and finds — with some words of wisdom from actor Peter Falk — that it might be possible for him to take human form.",Wim Wenders,"Wim Wenders, Peter Handke, Bernard Eisenschitz, Richard Reitinger",Released,German,2500000.0,3548590.0
1624882,https://www.themoviedb.org/movie/1624882-ilova,Ilova,,2010-02-01,UZ,,0.0,We don't have an overview translated in English. Help us expand our database by adding one.,Yalkin Tuychiev,Yalkin Tuychiev,Released,Uzbek,,
856173,https://www.themoviedb.org/movie/856173-sach,Sach,,2020-11-30,IN,,0.0,We don't have an overview translated in English. Help us expand our database by adding one.,,,Released,Hindi,,
1227336,https://www.themoviedb.org/movie/1227336-nos-cabanes,Nos Cabanes,,2024-02-22,FR,,6.0,"A group of friends reunites three years after sharing a profound chapter of their lives; Chiara, Louis, and Rose spend the evening in Reda's workshop to watch the images their friend took three years earlier. The replay of old discussions brings the past to the surface and reveals that things are no longer the same. Even though the group is still together, it becomes clear that one event has changed everything.","Clément Devilliers, Armand Foëx",Clément Devilliers,Released,French,,
844,https://www.themoviedb.org/movie/844-2046,2046,128.0,2004-10-22,KR,"Drama, Science Fiction, Romance",7.2,Women enter and exit a science fiction author's life over the course of a few years after the author loses the woman he considers his one true love.,Wong Kar-Wai,Wong Kar-Wai,Released,Chinese,12000000.0,20205757.0
581462,https://www.themoviedb.org/movie/581462-ostrich-politic,Ostrich Politic,7.0,2018-11-15,FR,Animation,7.4,"Ostriches carry on their daily activities burying their heads, believing it’s an instinctive behavior. However, one day research by phylogeneticist Dr. Kays proves otherwise.",Mohammad Houhou,Mohammad Houhou,Released,English,,
8461,https://www.themoviedb.org/movie/8461-funny-games,Funny Games,111.0,2009-10-08,KR,"Thriller, Horror",6.5,"When Ann, husband George, and son Georgie arrive at their holiday home they are visited by a pair of polite and seemingly pleasant young men. Armed with deceptively sweet smiles and some golf clubs, they proceed to terrorize and torture the tight-knit clan, giving them until the next day to survive.",Michael Haneke,Michael Haneke,Released,English,15000000.0,7938872.0
1723980,https://www.themoviedb.org/movie/1723980-second-thoughts,Second Thoughts,7.0,2024-06-01,AU,Drama,0.0,Upcoming short film from acclaimed director Craig Boreham in collaboration with Bus Stop Films participants.,Craig Boreham,Fatima Mawas,Released,English,,
1142871,https://www.themoviedb.org/movie/1142871-kentavr,Centaur,101.0,2023-07-13,RU,"Drama, Crime, Thriller",7.5,"Liza works at night, a taxi ride for her is a moment of much-desired peace. The driver Sasha inspires confidence, he knows the approach to the most demanding client. There are many unexpected turns in the lights of the big city, behind each of which lies a terrible threat. And perhaps the main danger is closer than it seems.",Kirill Kemnits,Mikhail Zubko,Released,Russian,1300000.0,
635550,https://www.themoviedb.org/movie/635550-lighthouse-love,Lighthouse Love,18.0,1932-05-06,US,Comedy,0.0,Two marines stationed in the Chinese port of Hang Chow decide to swear off women and join the lighthouse patrol.,Michael Delmer,,Released,English,,
558061,https://www.themoviedb.org/movie/558061,Coordinates of Death,78.0,1986-03-17,SU,"Drama, War",5.8,The story of a group of Soviet sailors aboard the freighter Chelyabinsk who aid their Vietnamese comrades after their ship is sunk during the Vietnam War.,"Samvel Gasparov, Nguyễn Xuân Chân","Aleksandr Lapshin, Hoàng Tích Chỉ",Released,Russian,,
63644,https://www.themoviedb.org/movie/63644,Madurey,160.0,2004-08-29,IN,"Action, Drama",5.0,"A vegetable vendor takes care of an elderly woman and her two young daughters, but he has a dark past that wants to catch up with him.",Ramana Madhesh,Ramana Madhesh,Released,Tamil,,
616651,https://www.themoviedb.org/movie/616651-stillwater,Stillwater,139.0,2021-10-06,KR,"Drama, Crime, Thriller",6.6,"Bill Baker, an American oil-rig roughneck from Oklahoma, travels to Marseille to visit his estranged daughter, Allison, who is in prison for a murder she claims she did not commit. Confronted with language barriers, cultural differences, and a complicated legal system, Bill builds a new life for himself in France as he makes it his personal mission to exonerate his daughter.",Tom McCarthy,"Tom McCarthy, Marcus Hinchey, Thomas Bidegain, Noé Debré",Released,English,20000000.0,19754272.0
925498,https://www.themoviedb.org/movie/925498-masal-mufettisi,Masal Müfettişi,,2013-05-10,TR,,0.0,We don't have an overview translated in English. Help us expand our database by adding one.,,,Released,Turkish,,
881708,https://www.themoviedb.org/movie/881708-la-uruguaya,The Girl from Uruguay,78.0,2023-08-17,AR,Drama,7.0,A writer who pins hopes on a free-spirited 25-year-old he meets in Montevideo to get through his midlife crisis. But his day turns out to be the most unexpected and transformative day of his life.,Ana García Blaya,"Pedro Mairal, Christian Basilis, Josefina Licitra",Released,Spanish; Castilian,600000.0,
1850,https://www.themoviedb.org/movie/1850-man-on-the-moon,Man on the Moon,118.0,1999-12-22,US,"Comedy, Drama, History",7.2,"The story of the life and career of eccentric avant-garde comedian, Andy Kaufman.",Miloš Forman,"Scott Alexander, Larry Karaszewski",Released,English,82000000.0,47434430.0
1429864,https://www.themoviedb.org/movie/1429864-doomsday,Doomsday,15.0,2026-01-01,US,,0.0,"On his final night in Chicago, a young actor, with the help of his twin sister, says his goodbye to the first city he called home.",Jade Magno McGovern,Jade Magno McGovern,Released,English,,
4929,https://www.themoviedb.org/movie/4929-hang-em-high,Hang 'em High,115.0,1968-07-31,US,"Western, Drama",6.9,"Marshall Jed Cooper survives a hanging, vowing revenge on the lynch mob that left him dangling. To carry out his oath for vengeance, he returns to his former job as a lawman. Before long, he's caught up with the nine men on his hit list and starts dispensing his own brand of Wild West justice.",Ted Post,"Mel Goldberg, Leonard Freeman",Released,English,1800000.0,6800000.0
239529,https://www.themoviedb.org/movie/239529-vs-the-movie,Lupin the Third vs. Detective Conan: The Movie,106.0,2014-05-29,KR,"Animation, Action, Thriller",6.9,"Conan Edogawa sets out to apprehend Lupin the Third, the suspect of stealing a jewel called Cherry Sapphire.",Hajime Kamegaki,Atsushi Maekawa,Released,Japanese,,41397727.0
1396880,https://www.themoviedb.org/movie/1396880-ruang-tunggu,Waiting Room,15.0,2025-01-06,ID,"Drama, Romance",0.0,"The story revolves around Pras, a cafe barista who, that evening, wanted to invite one of his customers at the cafe where he works, Chery, to go somewhere. Unfortunately, Chery suddenly canceled the invitation without any clear reason, leaving Pras speechless. As time passed slowly that night, he began to reveal facts that left Chery astonished.",Ais Item,Ais Item,Released,Indonesian,2000.0,
1121545,https://www.themoviedb.org/movie/1121545-tiempos-muertos,Tiempos muertos,,2017-01-01,ES,,5.0,We don't have an overview translated in English. Help us expand our database by adding one.,David Pérez Sañudo,Sergio Granda,Released,Spanish; Castilian,,
820232,https://www.themoviedb.org/movie/820232,Demon Slayer: Kimetsu no Yaiba - Sibling's Bond,105.0,2021-11-10,KR,"Animation, Action, Fantasy, Adventure",7.9,"Tanjiro Kamado returns home to find his family slaughtered and the lone survivor, his sister Nezuko, turned into a Demon. To his surprise, however, Nezuko still shows signs of human emotion and thought. Thus begins Tanjiro's journey to seek out the Demon who killed their family and turn his sister human again. A recap of Kimetsu no Yaiba episodes 1–5, with new footage and special end credits.",Haruo Sotozaki,,Released,Japanese,,480522.0
440897,https://www.themoviedb.org/movie/440897,A Tale of First Love,85.0,1957-07-28,SU,"Family, Romance, Drama, Music",8.0,"Southern seaside town. High school students Olya and Mitya met at sports classes, made friends. Suddenly the girl's mother dies and Olga, left in the care of a semi-literate aunt, decides to leave school and go to work. Mitya's family, and first of all, of course, he himself, already in love with Olya, convinces her to move to live in their house.  Participation and caring attention literally returns the girl's interest in life and further studies. However, rumors spread around the school about the cohabitation of two students, and hints were made about the intimacy of their relationship. As a result, young people quarrel. But real friends and family of Mitya are trying to help the lovers sort out their feelings.",Vasili Levin,"Nikolay Atarov, Mariya Smirnova",Released,Russian,,
390478,https://www.themoviedb.org/movie/390478-l-apparition,L'Apparition,11.0,1986-03-30,FR,"Fantasy, Comedy",8.5,A man's bathroom routine triggers a miraculous vision in a nearby church.,Pascal Aubier,,Released,French,,
1587655,https://www.themoviedb.org/movie/1587655-ghoul-squad,Ghoul Squad,87.0,2025-10-28,GB,Comedy,0.0,An intrepid journalist shadows a group of ghost hunters as they conduct paranormal investigations at some of Britain's most haunted sites and buildings.,Richard Anthony Dunford,Richard Anthony Dunford,Released,English,,
1185995,https://www.themoviedb.org/movie/1185995-stolen-bible,Stolen Bible,148.0,2004-01-01,NG,"Drama, Fantasy, Horror",0.0,This Nigerian movie tells the story of Apolonia stealing an old woman’s bible which she cherished so much and placed a curse on the culprit.,Emeka Nwabueze,Emeka Nwabueze,Released,English,,
641574,https://www.themoviedb.org/movie/641574-sense-sostre,Sense sostre,97.0,2019-11-15,ES,Drama,6.0,"Juan, a homeless man who lives on selling drawings to tourists, decides to abandon his routine of alcohol and violence on the streets of Barcelona and embark on a superhuman journey to a destination that only he knows.","Xesc Cabot, Pep Garrido",,Released,Catalan; Valencian,,
248104,https://www.themoviedb.org/movie/248104-davana-vientulai-sievietei,Gift for a Single Woman,69.0,1973-01-04,SU,Comedy,3.8,"To catch a couple of car thieves, a policewoman goes undercover as an old woman that recently has gotten a luxury car ""Volga"" - a plan that is bound to attract the criminals. For how hard can it be to steal a car from an old woman?",Ēriks Lācis,Laimonis Vāczemnieks,Released,Latvian,,
980316,https://www.themoviedb.org/movie/980316-idle-speed,Idle Speed,10.0,2023-03-26,US,"Thriller, Action",7.0,Two friends find themselves in the life-threatening crosshairs of a merciless shooter while taking a detour through New Mexico.,Yoni Azulay,Alex Gehrlein,Released,English,160000.0,
627545,https://www.themoviedb.org/movie/627545-duda,Duda,15.0,2019-08-23,BR,Drama,7.0,It's summer and Duda wants to go to the beach.,"William Biagioli, Eugenia Castello",William Biagioli,Released,Portuguese,,
247240,https://www.themoviedb.org/movie/247240-um-ceu-de-estrelas,A Starry Sky,67.0,1996-07-08,BR,"Drama, Crime, Thriller",5.1,A woman ready to move away from Brazil  is kidnapped by her jealous ex-lover.,Tata Amaral,"Fernando Bonassi, Roberto Moreira, Jean-Claude Bernardet",Released,Portuguese,,
54898,https://www.themoviedb.org/movie/54898-le-rayon-vert,The Green Ray,99.0,2022-04-22,KR,"Drama, Romance",7.5,A lonely Parisian woman comes to terms with her isolation and anxieties during a long summer vacation.,Éric Rohmer,"Éric Rohmer, Marie Rivière",Released,French,,
855284,https://www.themoviedb.org/movie/855284-jupiter-europa,Jupiter & Europa,2.0,2021-08-13,US,"Animation, Romance",5.0,"Owen has dreamed of being an astronaut his whole life, but living on Jupiter's moon Europa isn't all it's cracked up to be. One day, on a boring satellite maintenance mission, he breaks free from routine with someone who makes outer space feel just a little warmer.",Milo Ferguson,,Released,English,,
915977,https://www.themoviedb.org/movie/915977-eleventh-hour,Eleventh Hour,37.0,2013-08-16,GB,Documentary,0.0,"At the back end of 2013, Jacob Harris released one of the best UK videos to hit our screens in a very long time. 'Eleventh Hour' was originally intended as a Grey Magazine production, but at the last minute this was changed and it became a full length independent video.",Jacob Harris,,Released,English,,
356414,https://www.themoviedb.org/movie/356414-agora,Agora: From Democracy to the Market,117.0,2015-08-27,KR,Documentary,6.8,"As going through an economic vortex, Greece is experiencing condition in post-war history. Homeless people, unemployment, poverty, violent conflicts and the rise of the extreme-right are found all over the county. Is there any possible way to break through the crisis? This film follows development of the crisis and its impact on people’s lives, as well as rise of fascism, while seeking answers from interested parties.",Yorgos Avgeropoulos,,Released,Greek,,
483122,https://www.themoviedb.org/movie/483122-hjartslag,Heartbeat,15.0,2004-01-30,SE,"Drama, Music",9.0,A dazzling musical about a young Arab woman facing deportation just as she is about to receive a heart transplant.,"Anette Skåhlberg, Martin Lima de Faria",Anette Skåhlberg,Released,Swedish,,
1265560,https://www.themoviedb.org/movie/1265560-pered-uzhinom,Before Dinner,,1980-06-25,SU,"Drama, TV Movie",0.0,One day from the social and personal life of the chief engineer of the plant.,Boris Morozov,Viktor Rozov,Released,Russian,,
1005564,https://www.themoviedb.org/movie/1005564-fievre,High Fever,14.0,2022-01-22,CH,Comedy,1.0,"On the eve of a film shoot, Kacey, a 22 year old actor, tests positive for Covid, his role and involvement in the project now in jeopardy. Forced to quarantine in his hotel room and facing solitude and boredom, Kacey takes it upon himself to mislead his co-star, a beautiful and talented actress, into joining him.","Géraldine Rod, Michele Pennetta","Géraldine Rod, Emmanuelle Fournier-Lorentz",Released,French,,
666668,https://www.themoviedb.org/movie/666668,Kem Chho?,150.0,2020-01-17,IN,"Comedy, Drama",0.0,"Mayur is a married middle-class man and that becomes his biggest problem. Juggling between various expectations of friends, family, and society, Mayur is in search of a solution as we all are. But does such a solution really exist?",Vipul Sharma,,Released,Gujarati,,
1377650,https://www.themoviedb.org/movie/1377650,Boonie Bears: Future Reborn,107.0,2025-01-29,CN,"Animation, Science Fiction, Comedy",8.3,"Bramble, Briar, and Vick unexpectedly follow a time traveller 100 years in the future, where they find Earth beset by environmental catastrophe, with humanity barely able to survive.",Yongchang Lin,"Yun Xu, Liu Zhenjie, Tiezhi Cui",Released,Chinese,40000000.0,104582715.0
595743,https://www.themoviedb.org/movie/595743-sas-red-notice,SAS: Red Notice,120.0,2021-03-16,US,"Drama, Action, Thriller",5.8,"An off-duty SAS soldier, Tom Buckingham, must thwart a terror attack on a train running through the Channel Tunnel. As the action escalates on the train, events transpire in the corridors of power that may make the difference as to whether Buckingham and the civilian passengers make it out of the tunnel alive.",Magnus Martens,"Andy McNab, Laurence Malkin",Released,English,,
620071,https://www.themoviedb.org/movie/620071,Arevik,130.0,1978-11-10,SU,Drama,8.0,"Arevik is a young woman taking care of the children of a widower who is in jail, due to her testimony.","Arnold Aghababov, Arkadiy Ayrapetyan","Arnold Aghababov, Gayane Arakelyan",Released,Russian,,
454399,https://www.themoviedb.org/movie/454399-hoy-partido-a-las-tres,Today Match at 3,96.0,2017-04-21,AR,Drama,6.7,"Las Indomables await with anxiety the start of a neighborhood women's soccer tournament. During the wait all kinds of events happen, love, conflicts, politics and even a rain, stalk the passion for which they are there: Play football at all costs",Clarisa Navas,Clarisa Navas,Released,Spanish; Castilian,8616.0,702.0
1551223,https://www.themoviedb.org/movie/1551223-terminated-link,Terminated Link,13.0,2025-05-11,GB,"Drama, Science Fiction",0.0,A matriarch of a grief-stricken family receives a second chance at life with her late husband.,Vidas Kalibatas,Vidas Kalibatas,Released,English,,
28209,https://www.themoviedb.org/movie/28209-emmanuelle-l-antivierge,Emmanuelle: The Joys of a Woman,91.0,1995-05-20,KR,"Drama, Romance",5.6,"Emmanuelle returns to her husband in Hong Kong and proceeds to have several extramarital affairs -- with his knowledge, of course. Her husband's lover and American guest are both very puzzled by their openness.",Francis Giacobetti,"Francis Giacobetti, Emmanuelle Arsan, Bob Elia",Released,French,,
1052,https://www.themoviedb.org/movie/1052-blow-up,Blow-Up,111.0,1967-03-16,GB,"Drama, Mystery, Thriller",7.3,"A successful mod photographer in London whose world is bounded by fashion, pop music, marijuana, and easy sex, feels his life is boring and despairing. But in the course of a single day he unknowingly captures a death on film.",Michelangelo Antonioni,"Michelangelo Antonioni, Tonino Guerra",Released,English,1800000.0,
1509599,https://www.themoviedb.org/movie/1509599-2,Gatta Kusthi 2,153.0,2026-07-03,IN,"Comedy, Drama",1.2,"Picks up after the first film, with Veera and Keerthi balancing parenthood and Keerthi's wrestling career, featuring a role reversal where Veera takes on more domestic responsibilities.",Chella Ayyavu,Chella Ayyavu,Released,Tamil,,
15575,https://www.themoviedb.org/movie/15575-bleach-memories-of-nobody,Bleach the Movie: Memories of Nobody,87.0,2016-07-30,KR,"Fantasy, Animation, Science Fiction",6.9,"In Karakura Town, unidentifiable spirits begin appearing en mases. While attempting to deal with these strange souls, Ichigo Kurosaki and Rukia Kuchiki meet Senna, a mysterious shinigami who wipes out most of them. Senna refuses to answer any questions, so Ichigo is forced to follow her while Rukia tries to find out what's going on.",Noriyuki Abe,Masashi Sogo,Released,Japanese,,1238072.0
166,https://www.themoviedb.org/movie/166-la-boum,The Party,110.0,2013-10-24,KR,"Drama, Romance, Comedy",6.6,"A thirteen-year-old French girl deals with moving to a new city and school in Paris, while at the same time her parents are getting a divorce.",Claude Pinoteau,"Claude Pinoteau, Danièle Thompson",Released,French,,
1693442,https://www.themoviedb.org/movie/1693442-monay,Monay,,2026-05-22,PH,Drama,0.0,"Mona, a desperate woman fighting to save the bakery she shares with her younger sister, Monina. When a wealthy businessman offers financial help in exchange for a risky arrangement, Mona must risk love, family, and herself.",Christopher Novabos,,Post Production,Tagalog,,
692372,https://www.themoviedb.org/movie/692372,Trusha,22.0,2015-10-04,RU,Drama,9.0,The story of a young lad and his struggle for survival while living in an orphanage being bullied constantly by some of the older boys.,Eduard Zholnin,Eduard Zholnin,Released,Russian,,
1056054,https://www.themoviedb.org/movie/1056054,Lu-lu's Deeply Love,,1994-02-02,TW,,0.0,"Lulu, whose real name was Ya-wen in her youth, went dancing with her classmates in high school. On her way home, she took a taxi and was violently raped by the driver. Knowing their daughter was no longer a virgin, Ya-wen's parents had no choice but to marry her off to a taxi driver named Lao Liu. Ya-wen, who had always been a good student, had to give up her plans to go to university and instead took a job at a trading company. After the rape, Ya-wen developed a fear of red, inexplicably trampling on a colleague's new red clothes and tearing up a pair of sexy red lingerie her husband had bought her. One day, her husband, Lao Liu, went out for a night of revelry with his colleagues and had sex with a woman at a club. Back home, he played mahjong with friends, and during the game, he inadvertently blurted out. He boasted that five or six years ago, while drunk driving, his lust was aroused.",Ng Yi,,Released,Chinese,,
2239,https://www.themoviedb.org/movie/2239-hallam-foe,Hallam Foe,95.0,2008-04-30,KR,"Drama, Comedy, Thriller",6.7,"Hallam's talent for spying on people reveals his darkest fears-and his most peculiar desires. Driven to expose the true cause of his mother's death, he instead finds himself searching the rooftops of the city for love.",David Mackenzie,"David Mackenzie, Ed Whitmore",Released,English,8000000.0,2149799.0
1081285,https://www.themoviedb.org/movie/1081285-kill-jill,Kill Jill,9.0,2018-06-30,GB,Comedy,0.0,"After forgetting his money on an expensive date, a desperate man decides the only option is to kill his date.",Jeremiah Towolawi,Jeremiah Towolawi,Released,English,,
810746,https://www.themoviedb.org/movie/810746-dhaka-dream,Dhaka Dream,110.0,2021-10-22,BD,Drama,0.0,"Dhaka Dream is a tale of convergence towards a city, named Dhaka, where a bunch of outlying people gather different experiences that derives from a separate journey that is collective and yet distinctively simultaneous.",Proshoon Rahmaan,Proshoon Rahmaan,Released,Bengali,,
1428299,https://www.themoviedb.org/movie/1428299-achilles-returns,Achilles Returns,50.0,2026-05-25,GR,"Fantasy, Action, Romance",7.5,"After many years, with help of Thetis and negotiations between Zeus and Hades, the Greek hero Achilles is released from the Underworld into the modern world.",George Tounas,George Tounas,Released,English,650000.0,
1734371,https://www.themoviedb.org/movie/1734371-biar-mereka-cemburu,Biar Mereka Cemburu,,2020-01-01,MY,,0.0,"Translation  The story follows Tengku Eidil, a creative director at a leading advertising company who is in a relationship with Marsha Gordon. However, his heart's calling to embrace a more spiritual path takes him far from his plans to marry Marsha. Nadia is a food delivery worker for a restaurant owned by her best friend, Rostam. At the same time, Nadia harbors a dream of becoming a professional photographer. Fate brings them together when one evening, while delivering food, Nadia stops by the roadside and Eidil steps into a puddle, causing the water to splash onto Nadia accidentally. Nadia, who appears stubborn and cheerful on the outside, actually carries a heavy burden and sadness that she can only suppress, weighed down by work to earn a living to support her family's expenses in the village, ever since her father was imprisoned because of Nadia herself. Eidil is no different, his home life is chaotic because of his step-sister Fetri who constantly gets into trouble.",MP Roslin Md Sharif,,Released,English,,
764209,https://www.themoviedb.org/movie/764209-divorcio-a-la-andaluza,Divorcio a la andaluza,,1975-05-05,ES,Comedy,9.0,We don't have an overview translated in English. Help us expand our database by adding one.,José María Zabalza,Manuel Martínez Remís,Released,Spanish; Castilian,,
39207,https://www.themoviedb.org/movie/39207,Detective Conan: Full Score of Fear,115.0,2019-02-14,KR,"Animation, Action, Crime, Mystery",6.9,"Serial murders involving all kinds have happened. All the victims are from a Music School led by a famous pianist. Conan and company have been invited to a opening concert of the Music Hall built by the pianist. The biggest attraction of this concert is the world famous violin called ""Stradivarius"" and a special appearance of a singer who has perfect pitch.",Yasuichiro Yamamoto,Kazunari Kouchi,Released,Japanese,,23760176.0
250225,https://www.themoviedb.org/movie/250225-the-duke-of-burgundy,The Duke of Burgundy,104.0,2015-05-14,KR,"Drama, Romance",6.3,"Day in and day out, lovers Cynthia and Evelyn enact an elaborate sadomasochistic fantasy as mistress and maid. But as their ritual of domination and submission begins to turn stale, Cynthia yearns for something more conventional, while Evelyn tries to push their taboos even further.",Peter Strickland,Peter Strickland,Released,English,1000000.0,
1662776,https://www.themoviedb.org/movie/1662776-thinh-giac,Hearing,128.0,2026-08-10,CH,Drama,0.0,"Ninh lives with his mother and misses his ex-wife Ngoc and their young children. In his work as a mechanic who installs decibel meters in public spaces and homes, Ninh observes the silence that haunts relationships.",Lê Bảo,Lê Bảo,Post Production,Vietnamese,,
1214684,https://www.themoviedb.org/movie/1214684-kiss-of-the-spider-woman,Kiss of the Spider Woman,128.0,2025-10-10,US,"Romance, Music, Drama, Thriller",5.9,"Valentín, a political prisoner, shares a cell with Molina, a window dresser convicted of public indecency. The two form an unlikely bond as Molina recounts the plot of a Hollywood musical starring his favorite silver screen diva, Ingrid Luna.",Bill Condon,"Bill Condon, Manuel Puig",Released,English,34000000.0,1747220.0
1534700,https://www.themoviedb.org/movie/1534700-l-da,Stone Tears,120.0,1971-01-01,VN,Horror,0.0,"A woman is killed in a mysterious accident. Five years later, her soul enters a body of a man who had just died and goes to find her old lover.",Võ Doãn Châu,,Released,Vietnamese,,
339984,https://www.themoviedb.org/movie/339984-miracles-from-heaven,Miracles from Heaven,119.0,2016-05-25,KR,"Family, Drama",7.4,"When Christy discovers her 10-year-old daughter Anna has a rare, incurable disease, she becomes a ferocious advocate for her daughter’s healing as she searches for a solution. After Anna has a freak accident and falls three stories, a miracle unfolds in the wake of her dramatic rescue that leaves medical specialists mystified, her family restored and their community inspired.",Patricia Riggen,Randy Brown,Released,English,16000000.0,74000000.0
1264402,https://www.themoviedb.org/movie/1264402-africa-star,Africa Star,107.0,2024-03-18,BG,Drama,0.0,"Africa Star follows three generations of Cypriot women - mother, daughter, and granddaughter - whose lives were tragically altered by one man's submission to temptation. Plagued by guilt over his act in 1945 and his failure to make amends in 1967, the now-ailing octogenarian makes one last attempt in 2008.",Adonis Floridis,Adonis Floridis,Released,Greek,,
637617,https://www.themoviedb.org/movie/637617,Dahan,127.0,2018-10-05,BD,Drama,4.8,Dahan loosely based on a true incident of metro city Dhaka. The film received positive reviews from critics and also it was a commercial success.,Raihan Rafi,Raihan Rafi,Released,Bengali,,
1198535,https://www.themoviedb.org/movie/1198535-batoni-avantiuristebi,Mister Adventurers,86.0,1985-03-01,SU,Comedy,10.0,"Foreign adventurers arrive in a small town of Georgia on a special mission, but locals hospitality and customs make them forget their goals completely.",Bidzina Chkheidze,Amiran Chichinadze,Released,Georgian,,
263863,https://www.themoviedb.org/movie/263863-koliivshchyna,Koliivshchyna,66.0,1934-09-16,US,"History, Drama",9.0,"An episode of the liberation movement in Ukraine - the uprising of Kolievs (serfs, artisans and fishermen) against the tyranny of the feudal lords and the Polish nobility, which ended with a brutal massacre performed by a Russian punitive expedition in 1768.",Ivan Kavaleridze,Ivan Kavaleridze,Released,Ukrainian,,
1375307,https://www.themoviedb.org/movie/1375307-in-waves,In Waves,9.0,2024-12-08,US,"Romance, Drama",0.0,A woman navigates the uncertainty of love and connection amid the ebb and flow of a new relationship while finding peace in the calm waters of her own inner confidence.,Meredith Dobbs,Meredith Dobbs,Released,English,,
925365,https://www.themoviedb.org/movie/925365,The Secret of Success,77.0,1964-01-01,SU,,0.0,"A look behind the scenes at the Bolshoi Theatre. This feature-length ballet film explores the Russian school of realistic dance and highlights the immense daily effort that goes into an artist’s preparation before they take to the stage. Chronicles the arduous journey to mastery: from the first lessons of the kids who joined the ballet class, to the performances of famous dancers – the public’s idols, who have already mastered the magical lightness and beauty of choreography, the pinnacle of this art.","Leonid Lavrovsky, Aleksandr Shelenkov","Leonid Lavrovsky, Lev Arnshtam",Released,Russian,,
1010928,https://www.themoviedb.org/movie/1010928-voleuses,Wingwomen,114.0,2023-11-01,KR,"Action, Comedy, Drama",6.1,"Tired of life on the run, a pro thief decides to retire — but not before one easy last job with her partner in crime and a feisty new getaway driver.",Mélanie Laurent,"Mélanie Laurent, Bastien Vivès, Florent Ruppert, Jérôme Mulot, Chris Deslandes, Cédric Anger",Released,French,,
1615283,https://www.themoviedb.org/movie/1615283,Fruit Gathering,97.0,2026-07-23,CZ,Drama,0.0,"In industrial Yangon, young factory worker San Kyi dreams of returning to her native village. Her relationship with co-worker Theint Theint Oo evolves from closeness to growing distance, revealing tensions between their expectations and life prospects. Amid exhausting labour, social repression, and economic uncertainty, both women seek escape and intimacy.",Aung Phyoe,Aung Phyoe,Released,Burmese,,
269,https://www.themoviedb.org/movie/269-a-bout-de-souffle,Breathless,90.0,2026-01-14,KR,"Drama, Crime, Romance",7.5,"A small-time thief steals a car and impulsively murders a motorcycle policeman. Wanted by the authorities, he attempts to persuade a girl to run away to Italy with him.",Jean-Luc Godard,Jean-Luc Godard,Released,French,80000.0,
418724,https://www.themoviedb.org/movie/418724-sabado-sabadete,"Sábado, sabadete",84.0,1983-06-07,ES,Comedy,3.7,Five friends living in Madrid decide to spend a weekend camping together in the mountains.,"Manuel Rodríguez ""Rodjara""","Manuel Rodríguez ""Rodjara""",Released,Spanish; Castilian,,
1735436,https://www.themoviedb.org/movie/1735436,Thambikku Oru Pattu,117.0,1991-07-19,IN,Drama,0.0,We don't have an overview translated in English. Help us expand our database by adding one.,Ashok Kumar,,Released,Tamil,,
1460780,https://www.themoviedb.org/movie/1460780-entre-miradas,Entre miradas,,2023-07-15,ES,Drama,5.0,We don't have an overview translated in English. Help us expand our database by adding one.,Emiliano Reyes Colina,Rubén Jiménez,Released,Spanish; Castilian,,
303910,https://www.themoviedb.org/movie/303910,Magudi,127.0,1984-01-01,IN,,7.0,Directed by Chakki.,Chakki,,Released,Tamil,,
4141,https://www.themoviedb.org/movie/4141-shoot-em-up,Shoot 'Em Up,86.0,2007-07-26,US,"Action, Thriller, Comedy, Crime",6.5,"A man named Mr. Smith delivers a woman's baby during a shootout, and is then called upon to protect the newborn from the army of gunmen.",Michael Davis,Michael Davis,Released,English,39000000.0,26800000.0
13466,https://www.themoviedb.org/movie/13466-october-sky,October Sky,107.0,2000-09-22,KR,"Drama, History",7.7,"The true story of Homer Hickam, a coal miner's son who was inspired by the first Sputnik launch to take up rocketry against his father's wishes.",Joe Johnston,Lewis Colick,Released,English,25000000.0,34698685.0
1097475,https://www.themoviedb.org/movie/1097475-la-muestra,La muestra,85.0,2010-03-25,AR,Drama,0.0,"Antonio is a sculptor who continues to work but has stopped exhibiting. His wife is worried that he spends too much time alone in his workshop. One day, she receives a phone call from a friend to invite them to the opening of an exhibition. This motivates Antonio to return to exhibiting. But he is depressed to discover that most gallery directors find his work old-fashioned. His family gets involved behind the scenes.",Lino Pujia,"Lino Pujia, Nicolás Carreras, Sebastián Carreras",Released,Spanish; Castilian,,
913035,https://www.themoviedb.org/movie/913035-la-ultima-partida,The Last Game,17.0,2020-12-01,ES,Science Fiction,0.0,"Alvaro and his friends are about to play one of their RPGs, but a disturbing discovery will change the game forever.",Luis Belda,,Released,Spanish; Castilian,,
1638839,https://www.themoviedb.org/movie/1638839-les-culpables,The Culprits,85.0,2026-03-12,GR,Documentary,0.0,"After carrying the silence of a teenage abortion for years, filmmaker Marta Duran Lozano gathers the anonymous testimonies of women who have lived through similar experiences. Alongside teenage girls who have recently had abortions, she embarks on a collective creative process, revisiting, embodying, and reimagining these intimate stories.",Marta Duran Lozano,"Marta Duran Lozano, Nila Núñez",Released,Catalan; Valencian,,
579047,https://www.themoviedb.org/movie/579047-reminiscence,Reminiscence,116.0,2021-08-25,KR,"Mystery, Science Fiction, Thriller",6.5,"Nicolas Bannister, a rugged and solitary veteran living in a near-future Miami flooded by rising seas, is an expert in a dangerous occupation: he offers clients the chance to relive any memory they desire. His life changes when he meets a mysterious young woman named Mae. What begins as a simple matter of lost and found becomes a passionate love affair. But when a different client's memories implicate Mae in a series of violent crimes, Bannister must delve through the dark world of the past to uncover the truth about the woman he fell for.",Lisa Joy,Lisa Joy,Released,English,68000000.0,18717947.0
992846,https://www.themoviedb.org/movie/992846-capsules,Capsules,70.0,2023-03-31,US,"Horror, Science Fiction, Comedy",2.5,"After experimenting with mysterious substances, four chem students find themselves addicted in the worst way possible: they’ll die unless they take more.",Luke Momo,"Luke Momo, Davis Browne",Released,English,,
11815,https://www.themoviedb.org/movie/11815-the-fly,The Fly,94.0,1958-07-16,US,"Science Fiction, Horror, Drama",7.0,"Industrialist François Delambre is called late at night by his sister-in-law, Helene, who tells him that she has just killed her husband. Reluctant at first, she eventually explains to the police that he invented a matter transportation apparatus and, while experimenting on himself, a fly entered the chamber.",Kurt Neumann,James Clavell,Released,English,700000.0,3000000.0
1190755,https://www.themoviedb.org/movie/1190755-dog-shadow,Dog Shadow,109.0,2023-10-21,CA,"Drama, Horror, Mystery",0.0,"Nicholas Cornfield, a newly married mathematician, is forced to vacate his home. He returns to find his wife missing. He then embarks on an odyssey to find her.",Charlie Baptista,Charlie Baptista,Released,English,3000.0,
783675,https://www.themoviedb.org/movie/783675-the-first-slam-dunk,The First Slam Dunk,125.0,2023-01-04,KR,"Animation, Comedy, Drama",7.8,"Shohoku's “speedster” and point guard, Ryota Miyagi, always plays with brains and lightning speed, running circles around his opponents while feigning composure. In his second year of high school, Ryota plays with the Shohoku High School basketball team along with Sakuragi, Rukawa, Akagi, and Mitsui as they take the stage at the Inter-High School National Championship. And now, they are on the brink of challenging the reigning champions, Sannoh Kogyo High School.",Takehiko Inoue,Takehiko Inoue,Released,Japanese,,258000000.0
1438208,https://www.themoviedb.org/movie/1438208-vidpustka-naoslip,Blind Vacation,110.0,2025-03-13,UA,"Comedy, Romance",7.6,"In the center of the plot is the story of a successful Kyiv businesswoman, who is respected by the management and hated by the entire team. So, to get a little rest from shefini, her subordinates send her on a forced vacation: to the top of the Ukrainian Carpathians. There, the heroine is waiting for a lot of surprises, adventures and unexpected acquaintances. This vacation turns the characters ' lives upside down and changes everything forever.",Valeriia Fadieieva,Юлія Салімовська,Released,Ukrainian,,
1453615,https://www.themoviedb.org/movie/1453615-la-tormenta,La tormenta,,2021-07-01,AR,Horror,0.0,We don't have an overview translated in English. Help us expand our database by adding one.,"Martín Masse, Marcelo Benítez, Gastón Pereyra",,Released,Spanish; Castilian,,
964596,https://www.themoviedb.org/movie/964596-la-visita,The prospect,10.0,2022-04-22,AR,,0.0,"Danila, a real estate agent, meets Luis, a possible buyer for an old apartment downtown. The eerie atmosphere makes her edgy, and her job turns into a possible trap.",Carmela Sandberg,Carmela Sandberg,Released,Spanish; Castilian,,
109443,https://www.themoviedb.org/movie/109443-anchorman-2-the-legend-continues,Anchorman 2: The Legend Continues,119.0,2014-08-22,KR,Comedy,6.1,"With the 70s behind him, San Diego's top rated newsman, Ron Burgundy, returns to take New York's first 24-hour news channel by storm.",Adam McKay,"Adam McKay, Will Ferrell",Released,English,50000000.0,173700000.0
831946,https://www.themoviedb.org/movie/831946-interceptor,Interceptor,98.0,2022-06-03,KR,"Action, Thriller, Adventure",6.0,A U.S. Army Captain uses her years of tactical training to save humanity from sixteen nuclear missiles launched at the U.S. as a violent attack threatens her remote missile interceptor station.,Matthew Reilly,"Matthew Reilly, Stuart Beattie",Released,English,,
110,https://www.themoviedb.org/movie/110-trois-couleurs-rouge,Three Colors: Red,100.0,1994-05-12,KR,"Drama, Mystery, Romance",7.9,"Part-time model Valentine unexpectedly befriends a retired judge after she runs over his dog. At first, the grumpy man shows no concern about the dog, and Valentine decides to keep it. But the two form a bond when she returns to his house and catches him listening to his neighbors’ phone calls.",Krzysztof Kieślowski,"Krzysztof Kieślowski, Krzysztof Piesiewicz",Released,French,,4127033.0
381,https://www.themoviedb.org/movie/381-to-catch-a-thief,To Catch a Thief,106.0,1957-08-01,KR,"Mystery, Romance, Thriller",7.3,"When a string of jewel robberies hits the French Riviera, suspicion falls on retired thief John “The Cat” Robie. To clear his name, he sets out to trap the copycat himself—entangling a wealthy widow and her beguiling daughter in a seductive game of pursuit, deception, and desire.",Alfred Hitchcock,"David Dodge, John Michael Hayes",Released,English,2500000.0,8750000.0
19918,https://www.themoviedb.org/movie/19918-spread,Spread,98.0,2009-09-17,KR,"Comedy, Romance",5.6,A gigolo must contend with the prospect that he has found true love.,David Mackenzie,Jason Hall,Released,English,,12035862.0
604822,https://www.themoviedb.org/movie/604822,Vanguard,107.0,2020-12-30,KR,"Action, Adventure, Comedy, Crime, Thriller",6.4,Covert security company Vanguard is the last hope of survival for an accountant after he is targeted by the world's deadliest mercenary organization.,Stanley Tong Gwai-Lai,Stanley Tong Gwai-Lai,Released,Chinese,,50866901.0
386370,https://www.themoviedb.org/movie/386370-quyen,"Farewell, Berlin Wall",98.0,2015-06-19,VN,Drama,8.5,We don't have an overview translated in English. Help us expand our database by adding one.,Nguyễn Phan Quang Bình,,Released,Vietnamese,,
1488237,https://www.themoviedb.org/movie/1488237-greblyu-prorvalo,The Dam Is Broken,52.0,1928-09-23,SU,Drama,0.0,"The film is set in one of the regions of Western Ukraine in the 1920s. A poor peasant, Vasyl, openly opposes the arbitrariness of the lord's authorities. While hunting in the lord's forest, he is captured by soldiers and imprisoned in a dungeon. His beloved girl Lesia, with the help of the villagers, opens the dam, and water begins to flood the manor. Amid the commotion, Vasyl escapes from his captivity.",Mikhail Kapchinsky,"Dmytro Falkovskyi, Lazar Frenkel",Released,Ukrainian,,
1266798,https://www.themoviedb.org/movie/1266798-chien-51,Dog 51,100.0,2025-10-15,BE,"Thriller, Science Fiction, Action",6.1,"In the near future, Paris is divided into three zones that separate social classes, and no one can escape ALMA, a predictive AI that has revolutionized law enforcement. When ALMA’s creator is assassinated, Salia, a top agent, and Zem, a jaded cop, are forced to work together to solve a murder that may expose the dark secrets of the system they serve.",Cédric Jimenez,"Cédric Jimenez, Laurent Gaudé, Olivier Demangel",Released,French,,11348181.0
284267,https://www.themoviedb.org/movie/284267,Soldier's tale,,1991-07-15,SU,Drama,0.0,Directed by Zulfikar Musakov.,Zulfikar Musakov,Zulfikar Musakov,Released,Uzbek,,
435901,https://www.themoviedb.org/movie/435901,About Love,95.0,2017-03-23,RU,"Romance, Drama, Thriller",5.5,"Beautiful Nina lives happily married, as she saw it, with intelligent Alexandr, professor of Sinology. But the debt for the mortgage begins to disturb the relationship of spouses. One day she meets Sergey, the head of the bank where her husband has debt, and so begins their passionate relationships. The story of the relationship with married Sergey hardly promises happiness, but Nina realizes that for the first time she feels true love.",Vladimir Bortko,"Vladimir Bortko, Valeri Mnatsakanov",Released,Russian,2000000.0,182710.0
1013775,https://www.themoviedb.org/movie/1013775-noi-espera,Boy Waits,10.0,2020-12-01,ES,"Mystery, Fantasy",0.0,A boy waits in the same street every day with his bags packed. What is he waiting for?,David Junyent,David Junyent,Released,No Language,,
26022,https://www.themoviedb.org/movie/26022-my-name-is-khan,My Name Is Khan,165.0,2011-03-24,KR,"Drama, Romance",8.0,"Rizwan Khan, a Muslim from the Borivali section of Mumbai, has Asperger's syndrome. He marries a Hindu single mother, Mandira, in San Francisco. After 9/11, Rizwan is detained by authorities at LAX who treat him as a terrorist because of his condition and his race.",Karan Johar,Shibani Bathija,Released,Hindi,12000000.0,42345360.0
1424501,https://www.themoviedb.org/movie/1424501-anxiety-anthem,Anxiety Anthem,,2025-01-21,DE,,0.0,We don't have an overview translated in English. Help us expand our database by adding one.,Diego Oliva Tejeda,Diego Oliva Tejeda,Released,German,,
1052019,https://www.themoviedb.org/movie/1052019,Spiritual Stomach,,2022-07-30,TH,Thriller,7.0,We don't have an overview translated in English. Help us expand our database by adding one.,Krongkanok Ruetaimas,Krongkanok Ruetaimas,Released,Thai,,
18148,https://www.themoviedb.org/movie/18148,Tokyo Story,137.0,2014-08-16,KR,Drama,8.1,"The elderly Shukishi and his wife, Tomi, take the long journey from their small seaside village to visit their adult children in Tokyo. Their elder son, Koichi, a doctor, and their daughter, Shige, a hairdresser, don't have much time to spend with their aged parents, and so it falls to Noriko, the widow of their younger son who was killed in the war, to keep her in-laws company.",Yasujirō Ozu,"Yasujirō Ozu, Kōgo Noda",Released,Japanese,,
5653,https://www.themoviedb.org/movie/5653-luther,Luther,123.0,2003-10-29,DE,"Drama, History",6.5,"During the early 16th century, idealistic German monk Martin Luther, disgusted by the materialism in the church, begins the dialogue that will lead to the Protestant Reformation.",Eric Till,"Bart Gavigan, Camille Thomasson",Released,English,30000000.0,29400000.0
298229,https://www.themoviedb.org/movie/298229-das-madchen-aus-der-fremde,A Girl from the Abroad,88.0,1999-03-27,DE,Drama,7.0,A story of Neda - young girl from Yugoslavia adopted by German parents.,Peter Reichenbach,"Peter Reichenbach, Christa Capaul",Released,German,,
315703,https://www.themoviedb.org/movie/315703-expertos-en-tetologia,Expertos en Tetología,,1992-01-30,AR,Comedy,2.2,The most famous show divas in the most daring movie.,Julio Lafont,,Released,Spanish; Castilian,,
1599737,https://www.themoviedb.org/movie/1599737-tan-indefenso,Tan Indefenso,1.0,2024-12-02,ES,"Thriller, Drama",10.0,A sniper grows curious about his target and can’t bring himself to eliminate him… Or can he?,Marcos BY,Marcos BY,Released,Spanish; Castilian,,
875237,https://www.themoviedb.org/movie/875237-frio-en-la-montana,Frío en la montaña,,2021-09-09,CO,Drama,0.0,We don't have an overview translated in English. Help us expand our database by adding one.,Edison Gómez Amaya,Edison Gómez Amaya,Released,Spanish; Castilian,,
484437,https://www.themoviedb.org/movie/484437-the-hole-in-the-ground,The Hole in the Ground,90.0,2019-05-30,KR,Horror,5.7,"Trying to escape her broken past, Sarah O’Neill is building a new life on the fringes of a backwood rural town with her young son Chris. A terrifying encounter with a mysterious neighbour shatters her fragile security, throwing Sarah into a spiralling nightmare of paranoia and mistrust, as she tries to uncover if the disturbing changes in her little boy are connected to an ominous sinkhole buried deep in the forest that borders their home.",Lee Cronin,"Lee Cronin, Stephen Shields",Released,English,,3373474.0
213477,https://www.themoviedb.org/movie/213477,Meeting at the Old Mosque,87.0,1970-03-09,SU,"Action, Drama",8.0,"Viktor, the protagonist, a war hero of the war between the Red Army and the Turkish 'basmachi', has to fight off bandits that hope to steal gold from Viktor's village town. TIme to pick up arms once again.",Sukhbat Khamidov,Oleg Osetinsky,Released,Russian,,
1730956,https://www.themoviedb.org/movie/1730956,Yuga Dharmam,,1983-01-01,IN,Drama,0.0,We don't have an overview translated in English. Help us expand our database by adding one.,K. S. Gopalakrishnan,K. S. Gopalakrishnan,Released,Tamil,,
856157,https://www.themoviedb.org/movie/856157,Two Versus One,,1933-01-01,CN,,0.0,We don't have an overview translated in English. Help us expand our database by adding one.,Shichuan Zhang,Ganbai Wang,Released,Chinese,,
872390,https://www.themoviedb.org/movie/872390-krakers-a-chair-a-table-and-a-bed,"Krakers: A Chair, a Table and a Bed",52.0,1993-01-01,ES,Documentary,0.0,"Squatters in Holland. ""... a fascinating journey through the different busy buildings of Amsterdam in the early nineties, with a view of the diversity of people who lived there then. A portrait of the attempt to create an alternative urban society that was eroded by both government pressure and private property.""","Joan López Lloret, Cesc Gay","Joan López Lloret, Miquel Baixas",Released,English,,
478730,https://www.themoviedb.org/movie/478730-rote-muhle,Rote Mühle,101.0,1940-01-11,DE,Comedy,10.0,"A respectable woman in her 50s inherits a local night club from her husband in a divorce settlement, provided that she shows up there every night at 10:00pm for a month. In spite of eny and provocation, she manages to meet the terms.",Jürgen von Alten,,Released,German,,
158246,https://www.themoviedb.org/movie/158246-melancholie-der-engel,Melancholie der Engel,164.0,2009-05-01,DE,"Horror, Mystery",3.9,"Upon learning that his days are numbered, a man and an old friend return to an old house that connects them by a dark secret. Along with three women and a mysterious old man, the group journeys into a horrifying abyss of debauchery and moral mayhem, leading to a fatal turn of events, during which the darkest human depths are revealed.",Marian Dora,"Marian Dora, Carsten Frank",Released,German,10000.0,
1234857,https://www.themoviedb.org/movie/1234857-kuryer-3,Courier 3,16.0,2023-07-20,AZ,Comedy,0.0,A different courier is forced to replace a family member who looks similar to him at the house where he delivers orders.,Vusal Ahmedzadeh,Jamil Ahmadov,Released,Azerbaijani,,
450864,https://www.themoviedb.org/movie/450864-o-incrivel-seguro-de-castidade,O Incrível Seguro de Castidade,,1975-04-06,BR,Comedy,9.0,We don't have an overview translated in English. Help us expand our database by adding one.,Roberto Mauro,,Released,Portuguese,,
9396,https://www.themoviedb.org/movie/9396-crocodile-dundee-ii,Crocodile Dundee II,111.0,1989-02-23,AU,"Adventure, Comedy",5.9,Australian outback expert protects his New York love from gangsters who've followed her down under.,John Cornell,"Paul Hogan, Brett Hogan",Released,English,14000000.0,239606210.0
12102,https://www.themoviedb.org/movie/12102-kramer-vs-kramer,Kramer vs. Kramer,105.0,1980-09-12,KR,Drama,7.6,"Ted Kramer is a career man for whom his work comes before his family. His wife Joanna cannot take this anymore, so she decides to leave him. Ted is now faced with the tasks of housekeeping and taking care of himself and their young son Billy.",Robert Benton,"Robert Benton, Avery Corman",Released,English,8000000.0,106260000.0
439715,https://www.themoviedb.org/movie/439715,About The Hippopotamus Named Well-Let-It,8.0,1986-02-05,SU,Animation,0.0,"A story with a moral about a hippopotamus who misused the expression ""well let it"", a boastful crocodile, a parrot who, as always, is innocent, a turtle and a wise monkey.",Valentyna Kostylieva,,Released,Ukrainian,,
203878,https://www.themoviedb.org/movie/203878-senoritas,Señoritas,87.0,2013-02-25,CO,Drama,5.3,"Alejandra, a young middle class woman from Bogotá, in her daily routines, capturing both her moments alone and her interactions with the world. A subtle, contemplative and deeply intimate examination of the way one young woman navigates the daunting terrain of sex, desire and identity.",Lina Rodríguez,Lina Rodríguez,Released,Spanish; Castilian,,
1734692,https://www.themoviedb.org/movie/1734692-zahir-tak-terucap,Zahir Tak Terucap,,2017-01-01,MY,,0.0,"Hisyam has just completed his studies and his older brother Haziq celebrates by taking him on a vacation to a holiday island. There, Hisyam meets a cheerful and friendly nasi lemak seller girl named Aisyah. Hisyam and Aisyah's relationship is not only forbidden by Aisyah's parents but also despised by Lokman, who has long harbored intentions to marry Aisyah. On their last night there, Hisyam is shocked to see Haziq with a woman in a drunken state. Without any sense of guilt, Haziq asks Hisyam to keep his behavior a secret or else Razak and Noraini will fall ill. From then on, Hisyam frequently quarrels with Haziq because he refuses to be complicit. Until one day, Haziq falls ill and is admitted to the ward due to a bacterial infection in his lungs and brain. Haziq is shocked and cannot accept that he will die. As Haziq grows weaker, he confesses his regrets and leaves a final request that leaves Hisyam stunned.",Mohd Fazli Yahya,,Released,English,,
1519168,https://www.themoviedb.org/movie/1519168-the-jester-2,The Jester 2,87.0,2025-09-15,US,"Horror, Thriller, Crime",7.0,"When teen magician Max crosses paths with the sinister Jester on Halloween night, she must outsmart a supernatural killer whose magic is all too real and whose tricks always end up in blood.",Colin Krawchuk,Colin Krawchuk,Released,English,,146237.0
348127,https://www.themoviedb.org/movie/348127-el-sueno-de-todos,El sueño de todos,90.0,2014-04-17,CL,Documentary,6.0,"""El Sueño de Todos” is about the chilean national football team and what they lived during their qualification process for the 2014 Brazil World Cup.",Hernán Caffiero,Mario Velasco,Released,Spanish; Castilian,,
413136,https://www.themoviedb.org/movie/413136,Merku Thodarchi Malai,122.0,2018-08-24,IN,Drama,7.5,"Living on the borders of Kerala and Tamil Nadu, Rangasamy, a laborer just like his fellow sons of soils toils, hard-working at the spice plantations owned by landlords. He lives a happy life and wishes to own a piece of land and earn a living through farming. After years of struggle, his dream finally comes true when Chaako, a local politician helps him buy the land, however, he soon faces tougher challenges as he has to deal with corrupt and wealthy politicians.",Lenin Bharathi,Lenin Bharathi,Released,Tamil,,
1234855,https://www.themoviedb.org/movie/1234855-kuryer-2,Courier 2,9.0,2022-09-01,AZ,Comedy,0.0,A courier's adventure with his gambling landlord.,Vusal Ahmedzadeh,Jamil Ahmadov,Released,Azerbaijani,,
555645,https://www.themoviedb.org/movie/555645-caecitas,Caecitas,5.0,2017-11-02,FR,Horror,0.0,"Elise is a young student, blind. It's late, the college is empty. She arranges her things and begins a long wandering in the corridors where the reality and her reality will gradually become confused. Flashes of a former aggressor will take over the present.",Roxane Baudin,,Released,French,,
498985,https://www.themoviedb.org/movie/498985-vibratum-vitae,Vibratum Vitae,11.0,2011-09-16,PT,,0.0,"The relationship of Santiago and Afonso is on the verge of ending. Facing a medicated depression, Santiago is a pianist in a creative block caught in an inner fight between his love for music and Afonso. At the risk of compromising his dreams and his own sanity, Santiago has to make a decision that will change the course of his life.",Pedro Barão,Pedro Barão,Released,Portuguese,,
379929,https://www.themoviedb.org/movie/379929-eine-alltagliche-geschichte,Eine alltägliche Geschichte,,1948-11-26,DE,Drama,7.0,We don't have an overview translated in English. Help us expand our database by adding one.,Günther Rittau,,Released,German,,
931035,https://www.themoviedb.org/movie/931035,Elder Sister's Diary,66.0,1984-06-29,JP,Drama,4.2,"Hayashi Taro is still a high school student, but lives in Tokyo with Yuko, who works at a no-pan coffee shop. Shigeya Yoshida, an architectural designer in Yokohama, likes June and goes to hotels. Yoshida's wife, Hideyo, notices the existence of June and is very jealous. In addition, Hideyo had a younger brother named Kiyoshi, who had feelings similar to love for his sister. When June and Shigeya were dating Shonan at night, Hayashi Taro attacked Shigeya....",Hiroyuki Nasu,Chiho Katsura,Released,Japanese,,
1320123,https://www.themoviedb.org/movie/1320123-butterscotch-chocolate,Butterscotch Chocolate,129.0,2022-12-30,US,,7.0,"Roni is a beautiful and classy hot shot lawyer who seems to have it all together. However, her constant battle with a mental illness and sexual addiction causes her career and life to be altered in a way that she never imagined.",DuJuan Paxton,Jade Angela Moore,Released,English,,
1435700,https://www.themoviedb.org/movie/1435700-case-cadute,Fallen Houses,17.0,2025-07-31,IT,"Animation, Documentary",0.0,"A personal story set against the backdrop of the 1980 Irpinia earthquake, narrated by a father to his son. This event becomes a universal paradigm for exploring the story of those who were forced to leave their homes and migrate. People are intrinsically linked to places, and these places hold the memory of those who inhabited them.",Gianluca Abbate,"Gianluca Abbate, Daniela De Francesco",Released,Italian,,
9298,https://www.themoviedb.org/movie/9298-ali-g-indahouse,Ali G Indahouse,85.0,2002-03-21,GB,Comedy,6.1,"Ali G unwittingly becomes a pawn in the evil Chancellor's plot to overthrow the Prime Minister of Great Britain. However, instead of bringing the Prime Minister down, Ali is embraced by the nation as the voice of youth and 'realness', making the Prime Minister and his government more popular than ever.",Mark Mylod,"Dan Mazer, Sacha Baron Cohen",Released,English,7000000.0,23280529.0
1645655,https://www.themoviedb.org/movie/1645655-walldale,WallDale,135.0,2026-02-28,GB,"Thriller, Science Fiction, Mystery",0.0,"At first glance, WallDale appears to be an ordinary town, quiet streets, familiar faces, and a reassuring sense of routine. Life moves steadily, shaped by repetition and tradition, where nothing ever truly changes. But beneath the calm exterior lies a fragile balance dependent on everyone playing their part.  When a new arrival disrupts the rhythm of daily life and a violent death shatters the illusion of safety, suspicion spreads quickly. As neighbours turn on one another and secrets surface, it becomes clear that the events unfolding are not random.  The town is part of a far darker experiment, controlled by hidden forces manipulating lives with cold precision. What begins as a search for a killer evolves into a fight for identity, free will, and survival as the terrifying truth behind WallDale is revealed.",Matthew Cathcart,Matthew Cathcart,Released,English,18630.0,
9715,https://www.themoviedb.org/movie/9715-hope-floats,Hope Floats,114.0,1998-11-07,KR,"Romance, Drama, Comedy",6.4,"Birdee Pruitt has been humiliated on live television by her best friend, Connie, who's been sleeping with Birdee's husband, Bill. Birdee tries starting over with her daughter, Bernice, by returning to her small Texas hometown, but she's faced with petty old acquaintances who are thrilled to see Birdee unhappy -- except for her friend Justin. As he helps Birdee get back on her feet, love begins to blossom.",Forest Whitaker,Steven Rogers,Released,English,30000000.0,81471882.0
846821,https://www.themoviedb.org/movie/846821,Dad's Sneakers,19.0,2021-08-20,UA,Drama,0.0,An immersive insight into the last hours of 13-year-old Sasha’s life in a boarding school for children deprived of parental care. He is one of the luckiest – an American family finally adopted him. Today he will move to another country forever but there’s something that doesn’t let him go.,Olha Zhurba,Olha Zhurba,Released,Ukrainian,52000.0,
823,https://www.themoviedb.org/movie/823-jin-roh,Jin-Roh: The Wolf Brigade,102.0,2000-12-09,KR,"Animation, Thriller, Science Fiction",7.4,"A member of an elite paramilitary counter-terrorism unit becomes traumatized after witnessing the suicide bombing of a young girl and is forced to undergo retraining. However, unbeknownst to him, he becomes a key player in a dispute between rival police divisions, as he finds himself increasingly involved with the sister of the girl he saw die.",Hiroyuki Okiura,Mamoru Oshii,Released,Japanese,,94072.0
990543,https://www.themoviedb.org/movie/990543-intelligent-students,Intelligent Students,128.0,2008-01-01,NG,Drama,0.0,"Two young boys wish to help their family by raising finances and making money. Their father is a repeat alcoholic which makes it difficult for the two, but after a bright idea from one of the boys, things start to change rapidly.",Ugo Ugbor,,Released,English,,
416148,https://www.themoviedb.org/movie/416148-rocco,Rocco,105.0,2016-11-30,FR,Documentary,5.5,"Rocco Siffredi is to pornography what Mike Tyson is to boxing or Mick Jagger is to rock’n’roll: a living legend. His mother wanted him to be a priest; with her blessing he became a hardcore performer, devoting his life to one God only: Desire. Rocco Siffredi reveals all, even if it sometimes means busting his own myth: his true story, beginnings, career, wife and children… and the ultimate revelation that will change his life forever.","Alban Teurlai, Thierry Demaizière",,Released,French,,
1684226,https://www.themoviedb.org/movie/1684226-bruid-van-die-jaar,Bride of the Year,98.0,2026-05-15,ZA,"Comedy, Romance, Family",6.9,"When Lienkie's dream of budding a family of her own come crashing down, she hatches a devious plan to win ""Bride of the Year"" and get back at her ex.",Joshua Rous,Gillian Breslin,Released,Afrikaans,,
801937,https://www.themoviedb.org/movie/801937-silent-night-deadly-night,"Silent Night, Deadly Night",96.0,2025-12-12,US,"Horror, Thriller",6.4,"After witnessing his parents' brutal murder on Christmas Eve, Billy transforms into a Killer Santa, delivering a yearly spree of calculated, chilling violence. This year, his blood-soaked mission collides with love, as a young woman challenges him to confront his darkness.",Mike P. Nelson,Mike P. Nelson,Released,English,,5586884.0
1328468,https://www.themoviedb.org/movie/1328468-obsession,Obsession,,2024-08-10,TH,,0.0,We don't have an overview translated in English. Help us expand our database by adding one.,Pawarisa Binsuman,,Released,Thai,,
374552,https://www.themoviedb.org/movie/374552-retratos-de-identificacao,Retratos de Identificação,72.0,2014-09-12,BR,Documentary,7.0,"Among the many victims of the military dictatorship that raged in Brazil from 1964 to 1985, a small group of guerilla fighters – Chael, Roberto, Reinaldo and Dora – got arrested, tortured, some of them killed or forced into exile. Before and after their arrest, during their torture sessions, the police photographed them. Together with the official reports, these photos are the material Anita Leandro worked on from the inside to bring these four people’s fate out of oblivion.",Anita Leandro,,Released,Portuguese,,
427824,https://www.themoviedb.org/movie/427824-palhacos,Palhaços,,2011-10-01,BR,Drama,5.0,We don't have an overview translated in English. Help us expand our database by adding one.,Andy Malafaia,Andy Malafaia,Released,Portuguese,,
10017,https://www.themoviedb.org/movie/10017-the-wraith,The Wraith,93.0,1986-11-21,US,"Action, Science Fiction",6.4,"Packard Walsh and his motorized gang control and terrorize an Arizona desert town where they force drivers to drag-race so they can 'win' their vehicles. After Walsh beats the decent teenager Jamie Hankins to death after finding him with his girlfriend, a mysterious power creates Jake Kesey, an extremely cool motor-biker who has a car which is invincible. Jake befriends Jamie's girlfriend Keri Johnson, takes Jamie's sweet brother Bill under his wing and manages what Sheriff Loomis couldn't; eliminate Packard's criminal gang the hard way...",Mike Marvin,Mike Marvin,Released,English,2700000.0,3500000.0
1324758,https://www.themoviedb.org/movie/1324758-neotrazimaya-semya,Неотразимая семья,16.0,2024-08-21,RU,Comedy,0.0,"A young family with a small son goes to visit her husband’s boss, who has a child of the same age. Unlike his wife, the husband is not particularly enthusiastic about this trip, since his boss, who is perfect in all aspects, annoys him. However, during the languid evening it turns out that not everything is as ideal as it seems from the outside, and the evening ceases to be languid.",Ekaterina Shtykova,Ekaterina Shtykova,Released,Russian,,
9607,https://www.themoviedb.org/movie/9607-super-mario-bros,Super Mario Bros.,105.0,1993-06-26,KR,"Adventure, Fantasy, Comedy, Family",4.5,"Mario and Luigi, plumbers from Brooklyn, find themselves in an alternate universe where evolved dinosaurs live in hi-tech squalor. They're the only hope to save our universe from invasion by the dino dictator, Koopa.","Annabel Jankel, Rocky Morton","Terry Runte, Ed Solomon, Parker Bennett",Released,English,48000000.0,20929518.0
1483614,https://www.themoviedb.org/movie/1483614,Renegade Immortal: Battle of Gods,93.0,2025-05-30,CN,"Animation, Action, Adventure, Fantasy",9.6,"Behind the Ancient God's Land, the Eternal Night Demon City in the Demon Cultivation Sea rises overnight. In order to expand its territory, it attacks the sects around the Sea, including the Yuntian Sect. Li Muwan is poisoned in the battle to protect the gate, leaving her life at stake. After Wang Lin learns of this, he takes her into the Sea again. Wang Lin fights the three city lords with his initial cultivation of the God of Incarnation, and becomes famous in the Sea. He returns with the antidote to save Li Muwan, but finds that the crisis unresolved, and the thousand-year conspiracy surfaces. Relying on their feelings and the first fusion with the body of the Ancient God after the God of Incarnation, Li Muwan and Wang Lin join forces to defeat the Demon Lord.","Wang Jianxin, TouXiong Shi, Li Zhenfeng","Ergen, Ma Hua, Wang Ziyue, Zheng Yinglu",Released,Chinese,,
324350,https://www.themoviedb.org/movie/324350-finale,Finale,8.0,2011-05-06,HU,,0.0,Two suspiciously well-dressed men have a few drinks in a bar and then ominously head off into the night to finish a mysterious job.,Balázs Simonyi,Balázs Simonyi,Released,English,,
1563588,https://www.themoviedb.org/movie/1563588-hangar-rojo,The Red Hangar,81.0,2026-04-18,AR,"Drama, History, Thriller",7.7,"Chile, 1973. The military coup will force Jorge Silva, an Air Force captain, to face the unfolding horror. Inside a military base, he must choose between becoming part of the repression or helping those fighting to stay alive.",Juan Pablo Sallato,"Fernando Villagrán, Luis Emilio Guzmán",Released,Spanish; Castilian,,
2018,https://www.themoviedb.org/movie/2018-the-wedding-planner,The Wedding Planner,103.0,2001-05-19,KR,"Comedy, Romance",5.9,"San Francisco's premiere wedding planner, Mary Fiore is rescued from an accident by the man of her dreams, pediatrician Steve Edison, only to find he is the fiancé of her latest client. As Mary continues making their wedding arrangements, she and Steve are put into a string of uncomfortable situations that force them to face their mutual attraction.",Adam Shankman,"Pamela Falk, Michael Ellis",Released,English,35000000.0,94700000.0
423205,https://www.themoviedb.org/movie/423205-csutak-es-a-szurke-lo,Csutak and the Grey Horse,79.0,1961-10-27,HU,Family,10.0,"Csutak is just a pain in the neck, the little boy is even excluded from play by his mates. Vacation is spent lonely until one day he sneaks the woman haulier's old, shabby horse, a creature that would be better off in a slaughterhouse, out with himself. Possessing the animal is the key to the children's gang. They all try to find a place for the horse.",Zoltán Várkonyi,Zsolt Kézdi-Kovács,Released,Hungarian,,
10216,https://www.themoviedb.org/movie/10216-species-ii,Species II,93.0,1998-04-10,US,"Science Fiction, Action, Horror",5.2,"Having just returned from a mission to Mars, Commander Ross isn't exactly himself. He's slowly becoming a terrifying alien entity with one goal -- to procreate with human women! When countless women suffer gruesome deaths after bearing half-alien offspring, scientist Laura Baker and hired assassin Press Lennox use Eve, a more tempered alien clone, to find Ross and his brood. Before long Eve escapes to mate with Ross.",Peter Medak,Chris Brancato,Released,English,35000000.0,19200000.0
1105941,https://www.themoviedb.org/movie/1105941-amanha,Tomorrow,,2023-04-13,BR,Documentary,0.0,We don't have an overview translated in English. Help us expand our database by adding one.,Marcos Pimentel,"Marcos Pimentel, Ivan Morales Jr.",Released,Portuguese,,
1166260,https://www.themoviedb.org/movie/1166260-naxox,Naxox,68.0,2016-12-28,AZ,"Horror, Comedy",0.0,"Raftar and Qahraman meet years later, and it turns out that both of them have problems, and both need urgent work.",Zaur Mirzazadeh,"Elnur Huseynov, Anvar Abbasov, Samid Aghayev",Released,Azerbaijani,,
243684,https://www.themoviedb.org/movie/243684-men-women-children,"Men, Women & Children",116.0,2014-10-17,US,"Drama, Comedy",6.5,"Follows the story of a group of high school teenagers and their parents as they attempt to navigate the many ways the internet has changed their relationships, their communication, their self-image, and their love lives.",Jason Reitman,"Jason Reitman, Chad Kultgen, Erin Cressida Wilson",Released,English,16000000.0,1700000.0
1303524,https://www.themoviedb.org/movie/1303524-starting-quarterback,Starting Quarterback,20.0,2025-08-15,US,"Action, Comedy",10.0,Two former high school quarterbacks are reunited and forced to work together to stop a drug cartel.,Parker Viale,David Vorderstrasse,Released,English,6000.0,
9445,https://www.themoviedb.org/movie/9445-apt-pupil,Apt Pupil,107.0,1999-01-14,KR,"Drama, Thriller",6.6,"One day in 1984, Todd Bowden, a brilliant high school boy fascinated by the history of Nazism, stumbles across an old man whose appearance resembles that of Kurt Dussander, a wanted Nazi war criminal. A month later, Todd decides to knock on his door.",Bryan Singer,"Stephen King, Brandon Boyce",Released,English,14000000.0,8863193.0
52629,https://www.themoviedb.org/movie/52629-el-infierno,El Infierno,148.0,2010-09-03,MX,"Action, Crime, Western, Comedy, Drama",7.9,"After being deported back to Mexico, a man has no choice but to join the vicious drug cartel that has corrupted his hometown in order to survive.",Luis Estrada,Jaime Sampietro,Released,Spanish; Castilian,,6703873.0
762216,https://www.themoviedb.org/movie/762216,Shadow in a Stormy Night,96.0,1990-12-01,CN,"Crime, Mystery",0.0,"Wu Xueying comes back with her doctorate. Once at home, she hears of her brother's suicide and Mad Lu takes away her file case. The police believes that her brother was murdered.","Li Geng, Bei Zhaocheng",Wang Dawei,Released,Chinese,,
13813,https://www.themoviedb.org/movie/13813-defiance,Defiance,137.0,2009-01-08,KR,"Drama, History, War",6.8,"Based on a true story, during World War II, four Jewish brothers escape their Nazi-occupied homeland of West Belarus in Poland and join the Soviet partisans to combat the Nazis. The brothers begin the rescue of roughly 1,200 Jews still trapped in the ghettos of Poland.",Edward Zwick,"Edward Zwick, Clayton Frohman",Released,English,32000000.0,51155219.0
67346,https://www.themoviedb.org/movie/67346,Magic Cop,88.0,1990-11-01,HK,"Action, Comedy, Fantasy, Horror",6.8,"A Taoist former cop is called to Hong Kong to assist in the investigation of of a series of strange murders. Aided by two local officers, he runs afoul of an evil sorceress.",Stephen Tung Wai,"Sam Chi-Leung, Tsang Kan-Cheong",Released,Cantonese,,
5289,https://www.themoviedb.org/movie/5289-chaos,Chaos,106.0,2009-03-26,KR,"Drama, Action, Crime",6.3,"In Seattle, detective Quentin Conners is unfairly suspended and his partner Jason York leaves the police force after a tragic shooting on Pearl Street Bridge, when the hostage and the criminal die. During a bank heist with a hostage situation, Conners is assigned in charge of the operation with the rookie Shane Dekker as his partner. The thieves, lead by Lorenz, apparently do not steal a penny from the bank. While chasing the gangsters, the police team disclose that they planted a virus in the system, stealing one billion dollars from the different accounts, using the principle of the Chaos Theory. Further, they find that Lorenz is killing his accomplices.",Tony Giglio,Tony Giglio,Released,English,30000000.0,7000000.0
442512,https://www.themoviedb.org/movie/442512-elso-szerelem,First Love,20.0,2008-02-19,HU,"Science Fiction, Romance",0.0,"A girl meets a boy. The most normal thing to do when you are 16.A girl meets a boy she has never seen yet - alone, at night, in a dark parking lot.The most foolish thing to do when you are 16.",Ildikó Enyedi,Ildikó Enyedi,Released,Hungarian,,
1120361,https://www.themoviedb.org/movie/1120361-puerto-piojo,Puerto Piojo,15.0,1969-01-01,AR,Documentary,6.0,"Documentary short film about life in Puerto Piojo, Santa Fe.","Rodolfo Freire, Luis Cazes",,Released,Spanish; Castilian,,
14191,https://www.themoviedb.org/movie/14191-aquamarine,Aquamarine,103.0,2006-06-30,KR,"Fantasy, Romance, Family, Comedy",6.5,"Two teenage girls discover that mermaids really do exist after a violent storm washes one ashore. The mermaid, a sassy creature named Aquamarine, is determined to prove to her father that real love exists, and enlists the girls' help in winning the heart of a handsome lifeguard.",Elizabeth Allen Rosenbaum,"Alice Hoffman, Jessica Bendinger, John Quaintance",Released,English,12000000.0,23006849.0
11520,https://www.themoviedb.org/movie/11520-grumpy-old-men,Grumpy Old Men,103.0,1993-12-25,US,"Comedy, Romance",6.7,"For decades, next-door neighbors and former friends John and Max have feuded, trading insults and wicked pranks. When an attractive widow moves in nearby, their bad blood erupts into a high-stakes rivalry full of naughty jokes and adolescent hijinks.",Donald Petrie,"William Davies, Mark Steven Johnson",Released,English,35100000.0,70172621.0
1084951,https://www.themoviedb.org/movie/1084951-opera-night,Opera Night,15.0,2021-11-17,DK,,0.0,"When she discovers a mysterious crack in the foundation of her workplace, the Copenhagen Opera, cleaner Angeli raises the alarm. She tries to find help, but it turns into a Kafkaesque odyssey: no one at her workplace seems to hear what she has to say, everyone follows the ethos of ""the show must go on"". The water is rising and Angeli has to find a way to make herself heard in this supernatural doomsday musical.",Hilke Rönnfeldt,"Hilke Rönnfeldt, Andrea Winding",Released,Danish,,
1492608,https://www.themoviedb.org/movie/1492608-john-candy-i-like-me,John Candy: I Like Me,113.0,2025-10-09,US,Documentary,7.9,"Those who knew iconic funnyman John Candy best share his story, in their own words, through never-before-seen archival footage, imagery, and interviews.",Colin Hanks,,Released,English,,
79512,https://www.themoviedb.org/movie/79512-maruzzella,Maruzzella,84.0,1956-09-27,IT,"Music, Romance",7.4,"Maruzzella is in love with Salvatore, who in turn is infatuated with Donna Carmela, Maruzzella's stepmother. As if that were not enough, Carmela deprives Maruzzella of her inheritance. When Salvatore comes to visit Renato, his old poor and needy schoolmate, the situation takes a strange development.",Luigi Capuano,"Luigi Capuano, Alfredo Giannetti",Released,Italian,,
372523,https://www.themoviedb.org/movie/372523-alan-muere-al-final-de-la-pelicula,Alan dies at the end of the movie,,2007-12-14,ES,Thriller,0.0,We don't have an overview translated in English. Help us expand our database by adding one.,Xavier Manich,Marta Molins,Released,Spanish; Castilian,,
598431,https://www.themoviedb.org/movie/598431-reket,Racket,,1992-01-01,RU,"Crime, TV Movie",6.0,We don't have an overview translated in English. Help us expand our database by adding one.,Ernest Yasan,"Ernest Yasan, Viktor Merezhko",Released,Russian,,
978592,https://www.themoviedb.org/movie/978592-sleeping-dogs,Sleeping Dogs,112.0,2025-07-24,KR,"Mystery, Thriller, Crime, Drama",7.0,"Roy Freeman, an ex-homicide detective with a fractured memory, is forced to revisit a case he can't remember. As a man's life hangs in the balance on death row, Freeman must piece together the brutal evidence from a decade-old murder investigation, uncovering a sinister web of buried secrets and betrayals linking to his past. With only instincts to trust, he faces a chilling truth - sometimes, it's best to let sleeping dogs lie.",Adam Cooper,"Adam Cooper, Bill Collage",Released,English,,
49021,https://www.themoviedb.org/movie/49021-killer-elite,Killer Elite,116.0,2011-09-22,KR,"Action, Adventure, Thriller",6.3,"Based on a shocking true story, Killer Elite pits two of the world’s most elite operatives—Danny, an ex-special ops agent and Hunter, his longtime mentor—against the cunning leader of a secret military society. Covering the globe from Australia to Paris, London and the Middle East, Danny and Hunter are plunged into a highly dangerous game of cat and mouse—where the predators become the prey.",Gary McKendry,"Gary McKendry, Ranulph Fiennes",Released,English,66000000.0,57777106.0
1378626,https://www.themoviedb.org/movie/1378626-khao-lak,Khao Lak,58.0,2014-12-26,SE,Documentary,0.0,"Three days before the tsunami hits Khao Lak, Jens Lind and his family travel on after a few weeks in paradise. With him, he has filmed material with people and moments from a place that would soon disappear. In the ten years that have passed, Jens has returned to the beach and the survivors. The documentary ""Khao Lak"" is a personal observation of a place that was washed away and rebuilt. At the center of the story is the unique little bungalow-place called ""Mai's Quiet Zone"".",Jens Lind,,Released,Swedish,,
398175,https://www.themoviedb.org/movie/398175-brawl-in-cell-block-99,Brawl in Cell Block 99,132.0,2018-07-15,KR,"Action, Crime, Thriller",7.0,"After working as a drug courier and getting into a brutal shootout with police, a former boxer finds himself at the mercy of his enemies as they force him to instigate violent acts that turn the prison he resides in into a battleground.",S. Craig Zahler,S. Craig Zahler,Released,English,10000000.0,64453.0
980234,https://www.themoviedb.org/movie/980234,In Trees,10.0,2014-07-16,UA,Drama,0.0,"Two degenerates, the soft sentimental Styopa and the Ukrainian street smart rough and macho Kolya rob the unfinished country houses during a winter's night. Using the alcoholic infused skills of a theif they only manage to steal a satellite dish and a street lamp. At sunrise, they're chased by dogs guarding this area.",Marysia Nikitiuk,Marysia Nikitiuk,Released,Ukrainian,,
1527400,https://www.themoviedb.org/movie/1527400-nouvelle-fap,Nouvelle FAP,,2025-08-11,BR,"Romance, Drama",0.0,We don't have an overview translated in English. Help us expand our database by adding one.,Lucas Longhi,"Bernardo Ladaniski, Raffo",Released,Portuguese,200.0,
882059,https://www.themoviedb.org/movie/882059-boy-kills-world,Boy Kills World,111.0,2025-10-08,KR,"Crime, Thriller, Action",6.7,"When his family is murdered, a deaf-mute named Boy escapes to the jungle and is trained by a mysterious shaman to repress his childish imagination and become an instrument of death.",Moritz Mohr,"Tyler Burton Smith, Arend Remmers",Released,English,18000000.0,3139717.0
217509,https://www.themoviedb.org/movie/217509-fulgor-y-muerte-de-joaquin-murrieta,Fulgor y muerte de Joaquín Murrieta,55.0,1984-01-04,HU,,6.0,"About Joaquín Murieta , from Valparaíso, who arrived in California in the 1850's during the Gold Rush , transforming himself into a legendary assailant and representative of the protest against the extreme exploitation conditions that characterized mining of the time.",Luis Calvo Teixeira,"Luis Calvo Teixeira, Pablo Neruda",Released,Spanish; Castilian,,
1367125,https://www.themoviedb.org/movie/1367125-gaua,Gaua (The Night),92.0,2026-07-03,KR,"Drama, Horror, Fantasy",6.6,"Spain, Basque Country, 17th century. At night and through the mountains, Kattalin escapes from her farmhouse and, while wandering through the deep forest, she senses a presence that stalks her.",Paul Urkijo Alijo,Paul Urkijo Alijo,Released,Basque,,
1162240,https://www.themoviedb.org/movie/1162240,Chinese Erotic Movies,,1997-03-09,HK,Documentary,5.0,"A full length documentary on sexy Chinese movies (including sizzling scenes from EROTIC GHOST STORY, SEX AND ZEN, CONFESSIONS OF A CONCUBINE, SEX AND THE EMPEROR and many more.",,,Released,Chinese,,
393457,https://www.themoviedb.org/movie/393457-fences,Fences,139.0,2017-03-16,KR,Drama,6.9,"In 1950s Pittsburgh, a frustrated African-American father struggles with the constraints of poverty, racism, and his own inner demons as he tries to raise a family.",Denzel Washington,August Wilson,Released,English,24000000.0,64400000.0
1671080,https://www.themoviedb.org/movie/1671080-life-happened,Life Happened,95.0,2022-03-04,ZA,Drama,0.0,"Vincent “Vince” Mafila, a gardener is his late 50s, He buried his dreams and settled for a quiet life. Vince firmly believes that being a “good” person equates getting all good things in life. That belief is proven wrong when he is diagnosed with cancer and probably has a month to live. Now he is haunted by his past and trapped by regrets for not living his truth. Each week he consults a therapist to help him face his sudden reality. Instead of opening up he chooses to sleep for the entire session and dream of what his life could have been.",Anele Geqiwe,Anele Geqiwe,Released,English,,
1001033,https://www.themoviedb.org/movie/1001033-lockdown,Lockdown,84.0,2021-05-28,NG,Thriller,0.0,"The film is based on Nigerian medical doctor Ameyo Adadevoh who was credited with having curbed a wider spread of the Ebola virus in Nigeria by placing the patient zero, Patrick Sawyer.",Moses Inwang,Moses Inwang,Released,English,,
11594,https://www.themoviedb.org/movie/11594-notre-dame-de-paris,The Hunchback of Notre Dame,115.0,1956-12-19,FR,"Drama, Horror",6.7,"Paris, 1482. Today is the festival of the fools, taking place like each year in the square outside Cathedral Notre Dame. Among jugglers and other entertainers, Esmeralda, a sensuous gypsy, performs a bewitching dance in front of delighted spectators. From up in a tower of the cathedral, Frollo, an alchemist, gazes at her lustfully. Later in the night, Frollo orders Quasimodo, the deformed bell ringer and his faithful servant, to kidnap Esmeralda. But when the ugly freak comes close to her is touched by the young woman's beauty...",Jean Delannoy,"Victor Hugo, Jacques Prévert, Jean Aurenche",Released,French,1000000.0,
9825,https://www.themoviedb.org/movie/9825-lake-placid,Lake Placid,82.0,1999-08-28,KR,"Horror, Comedy, Action, Science Fiction, Thriller",5.9,"When a man is eaten alive by an unknown creature, the local Game Warden teams up with a paleontologist from New York to find the beast. Add to the mix an eccentric philanthropist with a penchant for ""Crocs"", and here we go! This quiet, remote lake is suddenly the focus of an intense search for a crocodile with a taste for live animals...and people!",Steve Miner,David E. Kelley,Released,English,27000000.0,56870414.0
1084951,https://www.themoviedb.org/movie/1084951-opera-night,Opera Night,15.0,2021-11-17,DK,,0.0,"When she discovers a mysterious crack in the foundation of her workplace, the Copenhagen Opera, cleaner Angeli raises the alarm. She tries to find help, but it turns into a Kafkaesque odyssey: no one at her workplace seems to hear what she has to say, everyone follows the ethos of ""the show must go on"". The water is rising and Angeli has to find a way to make herself heard in this supernatural doomsday musical.",Hilke Rönnfeldt,"Hilke Rönnfeldt, Andrea Winding",Released,Danish,,
2440,https://www.themoviedb.org/movie/2440-jsa,Joint Security Area,108.0,2000-09-09,KR,"Drama, Thriller, Mystery",7.8,"Two North Korean soldiers are killed in the border area between North and South Korea, prompting an investigation by a neutral body. The sergeant is the shooter, but the lead investigator, a Swiss-Korean woman, receives differing accounts from the two sides.",Park Chan-wook,"Park Chan-wook, Sang-yeon Park, Kim Hyun-seok, Jeong Seong-san, Lee Mu-yeong",Released,Korean,12500000.0,
597221,https://www.themoviedb.org/movie/597221,Juvenile Wife,80.0,1980-04-26,JP,Drama,4.7,A newlywed wife suffers the consequences for her husband’s actions when he cheats a customer at his credit company out of a large sum of money.,Shinichi Shiratori,Shoko Shikamizu,Released,Japanese,,
204348,https://www.themoviedb.org/movie/204348-el-resquicio,The Crack,101.0,2012-10-06,KR,"Drama, Horror, Thriller",3.2,"A family travels to a lonely country house to forget a death. A nephew is in love with his aunt. A mother does not forget a daughter. A mother pretends that nothing happened. Ten-year-old twins believe the forest is haunted. One brother has a stick in his hand, the other brother waits for him at the lake. A muddy mother walks down a deserted road. An aunt is bathed in blood; it is not hers. A family wants to be united again, it wants to survive. A family may realize that they were totally wrong.",Alfonso Acosta,Alfonso Acosta,Released,Spanish; Castilian,,
13312,https://www.themoviedb.org/movie/13312-a-l-interieur,Inside,83.0,2007-06-13,FR,Horror,6.7,"Months after a tragic accident, Sarah, a young pregnant woman, must spend Christmas Eve alone in her house before giving birth the next day. But in the middle of the night, a creepy visitor knocks at her door willing to do anything to get what they want, setting off a night of pure terror.","Julien Maury, Alexandre Bustillo","Julien Maury, Alexandre Bustillo",Released,French,3000000.0,792184.0
730251,https://www.themoviedb.org/movie/730251-happyend,Happyend,113.0,2024-10-03,KR,"Drama, Science Fiction",6.9,"In a near-future Japanese city bracing for a devastating earthquake, a group of teenage friends navigate personal struggles and fractured bonds amid rising tension.",Neo Sora,Neo Sora,Released,Japanese,,794500.0
1021679,https://www.themoviedb.org/movie/1021679,The Rose of Versailles,113.0,2025-04-30,KR,"Animation, Romance, Drama, History",7.1,"In an age of revolution, Marie Antoinette and her protector Oscar François de Jarjayes face tough choices as women growing into their distinct roles.",Ai Yoshimura,Tomoko Konparu,Released,Japanese,,1489577.0
1645368,https://www.themoviedb.org/movie/1645368-l-abandon,Forsaken,,2026-05-13,FR,Drama,7.8,"Everyone knows the name of Samuel Paty, but few people really know his story. On October 16, 2020, Samuel Paty, professor of History-Geography, was murdered at the end of his college. In the light of investigations and trials, this film looks back on his last eleven days, and the gear that led to his tragic death.",Vincent Garenq,"Vincent Garenq, Stéphane Simon, Alexis Abdelkrim Kebbas",Released,French,,
328480,https://www.themoviedb.org/movie/328480-kept-woman,Kept Woman,85.0,2015-02-28,US,"Thriller, TV Movie, Mystery",6.5,"Jessica and her fiancé Evan have just moved from the city into their dream home on a quiet suburban street. Soon after, Jessica catches her seemingly friendly new neighbor, Simon, in a strange lie and can't let her suspicions rest. The danger escalates when Simon lures her inside his home and imprisons Jessica in his secret bunker, meticulously decorated in the idealized style of the 1950s.",Michel Poulette,"Doug Barber, James Taylor Phillips",Released,English,,
1395033,https://www.themoviedb.org/movie/1395033-ritmo-fatal,Ritmo Fatal,,2024-11-28,BR,"Music, Horror",0.0,"In the 80s, in an aerobic gym, Katarina, an ambitious teacher, obsessively pursues perfection. Between intense choreography and rivalry, she needs to stay on top at any cost. What is the limit of the search for perfection, and how far is one willing to go to achieve it?",Julia Villaboim,"Julia Villaboim, Rafaela Avila, Ana Luisa de Assis, Ana Clara Melanda",Released,Portuguese,,
449587,https://www.themoviedb.org/movie/449587-kaalam-vellum,Kalam Vellum,128.0,1970-09-11,IN,"Western, Drama",0.0,"Owing to the exploitations of a vicious landlord, Velu, a meagre farmer, loses his sister. To avenge her death, Velu murders the landlord's brother and joins a gang of bandits.",M. Karnan,A. Gurusamy,Released,Tamil,,
518556,https://www.themoviedb.org/movie/518556,A Rolling Stone,54.0,2012-01-03,TW,Documentary,0.0,"Caring for an autistic adult can be seen as an act of faith. It is unpredictable. A regular interaction can lead to a violent lashing-out. However, due to its lack of exposition and its pure form of observation, the film captures something even more profound: life as a collection of failure, pain, and tragedy as felt by its protagonist, Chen Hung-tung, a father who cares with extraordinary patience for his autistic son Li-fu.",Shen Ko-shang,,Released,Chinese,,
1523,https://www.themoviedb.org/movie/1523-the-last-king-of-scotland,The Last King of Scotland,123.0,2007-01-12,GB,Drama,7.4,"Young Scottish doctor, Nicholas Garrigan decides it's time for an adventure after he finishes his formal education, so he decides to try his luck in Uganda, and arrives during the downfall of President Obote. General Idi Amin comes to power and asks Garrigan to become his personal doctor.",Kevin Macdonald,"Giles Foden, Jeremy Brock, Peter Morgan",Released,English,6000000.0,48600000.0
1433842,https://www.themoviedb.org/movie/1433842-relationship-goals,Relationship Goals,96.0,2026-02-04,US,"Romance, Comedy",6.2,"When TV producer Leah Caldwell aims to become the first woman running New York's top morning show, her ex competes for the same role. Leah stays focused on her career, until chemistry with her ex challenges her priorities.",Linda Mendoza,"Laura Lekkos, Michael Elliot, Cory Tynan",Released,English,,
1594873,https://www.themoviedb.org/movie/1594873-alterlife,ALTERLIFE,7.0,2025-12-11,US,,0.0,"While executing a plan to fake their deaths, two friends undergo a haunting existential crisis.",Aerie LaBoda,Aerie LaBoda,Released,English,,
1721577,https://www.themoviedb.org/movie/1721577,Khandan,127.0,1994-03-14,PK,"Action, Family, Drama",0.0,Pakistani Urdu-language action and family drama,Masood Butt,Nasir Adeeb,Released,Urdu,,
216977,https://www.themoviedb.org/movie/216977-la-cancion-de-los-ninos-muertos,The Song of the Dead Children,40.0,2008-10-03,MX,Drama,10.0,"Five children are isolated with their father on a lonely beach after the death of their mother. As the days go by, the children start torturing their father.",David Pablos,David Pablos,Released,English,,
1336770,https://www.themoviedb.org/movie/1336770-ii,Vaazha II,162.0,2026-04-02,IN,"Comedy, Drama",7.4,"Four friends – Hashir, Alan, Ajin and Vinayak – are considered losers and troublemakers by parents, family and the school management. They face immense social pressure as they reach adulthood, embarking them on an emotional journey of self discovery and acceptance, where they finally learn to take up their responsibilities and find success.",Savin Sa,Vipin Das,Released,Malayalam,1079884.0,21181760.0
1576146,https://www.themoviedb.org/movie/1576146-obscura,Obscura,,2025-05-17,US,,0.0,A forensic photographer hunts down an artistic serial killer despite facing his own demise.,Houston Sasselli,Houston Sasselli,Released,English,10000.0,
644583,https://www.themoviedb.org/movie/644583-the-mauritanian,The Mauritanian,129.0,2021-03-17,KR,"Drama, Thriller",7.4,"The true story of the Mauritanian Mohamedou Ould Slahi, who was held at the U.S military's Guantanamo Bay detention center without charges for over a decade and sought help from a defense attorney for his release.",Kevin Macdonald,"Michael Bronner, Sohrab Noshirvani, Rory Haines",Released,English,,7527030.0
263755,https://www.themoviedb.org/movie/263755,Vedavathi,,1941-02-21,IN,Drama,0.0,We don't have an overview translated in English. Help us expand our database by adding one.,T. R. Raghunath,,Released,Tamil,,
399302,https://www.themoviedb.org/movie/399302-el-invierno-llega-despues-del-otono,The Winter Comes After Autumn,93.0,2017-07-20,AR,Drama,5.5,We don't have an overview translated in English. Help us expand our database by adding one.,"Nicolás Zukerfeld, Malena Solarz","Nicolás Zukerfeld, Malena Solarz",Released,Spanish; Castilian,,
559912,https://www.themoviedb.org/movie/559912-une-fille-a-croquer,Good Enough to Eat,83.0,1951-06-08,FR,,6.8,"Rose Chaperon is asked by her confectioner mother Mathilde to bring jewels to her sick grandmother, Madame de Mergrand. But Hugues, the latter's brother, is prepared to do anything to get his hands on the loot. To this end he hires a villainous young man, Jean-Louis nicknamed Loup, to do the job. Will Loup engulf and devour Little ""Rose ""Riding Hood?",Raoul André,,Released,French,,
405960,https://www.themoviedb.org/movie/405960-obito,Óbito,,2010-02-25,PR,Horror,0.0,"Five friends stay in an abandoned house in the countryside. Strange things start to occur when, one by one, they begin to kill themselves. The only thing the deaths have in common is the influence of a foreigner.",Federico Torres Fernández,Maritere Ysern,Released,Spanish; Castilian,,
677287,https://www.themoviedb.org/movie/677287-cho-c-ngay-mai,For Tomorrow,83.0,1981-01-01,VN,Drama,0.0,We don't have an overview translated in English. Help us expand our database by adding one.,Long Vân,Vũ Năng An,Released,Vietnamese,,
39106,https://www.themoviedb.org/movie/39106,Dragon Ball Z: Bio-Broly,50.0,2014-03-19,KR,"Animation, Action, Science Fiction",5.8,"Jaga Bada, Mr. Satan's old sparring partner, has invited Satan to his personal island to hold a grudge match. Trunks and Goten decide to come for the adventure and Android #18 is following Satan for the money he owes her. Little do they know that Jaga Bada's scientist have found a way to resurrect Broly, the legendary Super Saiyan.",Yoshihiro Ueda,Takao Koyama,Released,Japanese,,17121947.0
396290,https://www.themoviedb.org/movie/396290-memorias-do-meu-tio,Memórias do Meu Tio,14.0,2011-05-06,BR,Adventure,0.0,"The adventures of Ariel, a 10 years old boy who finds his already dead grand-uncle and with him goes in the search of an unimaginable treasure.","Alexandre Rafael Garcia, Álvaro Zeini Cruz","Alexandre Rafael Garcia, Carlos Debias",Released,English,,
598285,https://www.themoviedb.org/movie/598285,Strip and War,68.0,2019-04-12,DE,Documentary,0.0,"The film tells the story of a small family, consisting of a grandfather retired from the army, and his stripper grandson. It is not just a story of a relationship, but rather a reflection of entire Belarus and the post-Soviet, pro-Russian world. Moreover, it's a universally-recognized reflection of a generation gap.",Andrei Kutsila,Andrei Kutsila,Released,Belarusian,,
706381,https://www.themoviedb.org/movie/706381-maria-jose,Maria José,20.0,2015-05-07,BR,,0.0,Boy meets girl. They meet again. They wave goodbye.,Paula Negri,Paula Negri,Released,Portuguese,,
66225,https://www.themoviedb.org/movie/66225,Aarumugam,147.0,2009-09-25,IN,"Action, Romance",7.0,Aarumugam is owner of a small food joint. He is closely attached to his mother. He is quiet and his simple life gets shattered by one of Bharath's business rivals (Ramya Krishnan) who runs a big restaurant near his place. The petty clashes soon develop into bigger problems. How Aarumugam solves them is told in an action-cum sentiment filled screenplay.,Suresh Krissna,,Released,Tamil,,
10851,https://www.themoviedb.org/movie/10851-revolver,Revolver,111.0,2022-08-11,KR,"Drama, Thriller, Crime, Mystery",6.4,"Hotshot gambler Jake Green is long on bravado and seriously short of common sense. Rarely is he allowed in any casino because he's a bona fide winner and, in fact, has taken so much money over the years that he's the sole client of his accountant elder brother, Billy. Invited to a private game, Jake is in fear of losing his life.",Guy Ritchie,Guy Ritchie,Released,English,27000000.0,7164778.0
1156394,https://www.themoviedb.org/movie/1156394-vertices,Vértices,84.0,2023-05-23,BR,Drama,0.0,Peoples' lives intertwine at a private club.,Luke Schatzmann,Luke Schatzmann,Released,Portuguese,,
872915,https://www.themoviedb.org/movie/872915,证书,,2006-01-01,CN,Drama,0.0,We don't have an overview translated in English. Help us expand our database by adding one.,Yong Xia,,Released,Chinese,,
34480,https://www.themoviedb.org/movie/34480-the-descent-part-2,The Descent: Part 2,94.0,2010-04-27,US,"Adventure, Horror, Thriller",6.0,"Distraught, confused, and half-wild with fear, Sarah Carter emerges alone from the Appalachian cave system where she encountered unspeakable terrors. Unable to plausibly explain to the authorities what happened - or why she's covered in her friends' blood - Sarah is forced back to the subterranean depths to help locate her five missing companions.",Jon Harris,"J Blakeson, James McCarthy, James Watkins",Released,English,6000200.0,7048886.0
10435,https://www.themoviedb.org/movie/10435-chaplin,Chaplin,145.0,1994-05-14,KR,Drama,7.4,"An aged Charlie Chaplin narrates his life to his autobiography's editor, including his rise to wealth and comedic fame from poverty, his turbulent personal life and his run-ins with the FBI.",Richard Attenborough,"William Boyd, Bryan Forbes, William Goldman",Released,English,31000000.0,9493259.0
505262,https://www.themoviedb.org/movie/505262-the-movie-2,My Hero Academia: Two Heroes,96.0,2018-08-03,JP,"Animation, Action, Adventure, Fantasy",7.9,"All Might and Deku accept an invitation to go abroad to a floating and mobile manmade city, called 'I-Island', where they research quirks as well as hero supplemental items at the special 'I-Expo' convention that is currently being held on the island. During that time, suddenly, despite an iron wall of security surrounding the island, the system is breached by a villain, and the only ones able to stop him are the students of Class 1-A.",Kenji Nagasaki,Yosuke Kuroda,Released,Japanese,12000000.0,27507549.0
155999,https://www.themoviedb.org/movie/155999-inimesed-sodurisinelis,Men in Soldier's Overcoats,91.0,1968-07-25,SU,"War, Drama",3.9,The story of the war film is about paths of the Estonian Shooting Corps (formed by the Red Army) during the WW-2 and how the fight forms an usual man to a loyal soldier. Ideologic aspects of the movie are more hidden than in ordinary Soviet war films but they're still existing.,Jüri Müür,"Jüri Müür, Paul Kuusberg, Lembit Remmelgas",Released,Estonian,,
778613,https://www.themoviedb.org/movie/778613-yahoo-millionaire,Yahoo Millionaire,64.0,2007-01-01,NG,Drama,0.0,"Jerry,[Desmond Elliot] a player and also into internet scam having his best friend Chizy (Fred Aseroma)his lawyer to cover up his tracks started having problem with his friend all because of a girl called Oyinda? Who is Oyinda? And what is she to one of them? Find out in this Compelling movie Yahoo Millionaire 1&2.Starring Desmond Elliot, Rita Dominic, Uche Jombo, Fred Aseroma. Produced by Emem Isong/Hyacinth Onwuka and Directed by Lancelot Oduwa Imasuen.",Lancelot Oduwa Imasuen,Emem Isong,Released,English,,
160588,https://www.themoviedb.org/movie/160588-blue-jasmine,Blue Jasmine,99.0,2013-09-25,KR,Drama,7.0,"After experiencing a traumatic misfortune, Jasmine French, a wealthy woman from New York, moves to San Francisco to live with her foster sister Ginger and the firm purpose of getting a new life, but she will be haunted by anxiety and memories of the past.",Woody Allen,Woody Allen,Released,English,18000000.0,99104804.0
1735262,https://www.themoviedb.org/movie/1735262-sitio-do-picapau-amarelo-as-peripecias-do-saci,Sítio do Picapau Amarelo: As Peripécias do Saci,,2013-08-10,BR,"Animation, Family, Fantasy, Comedy",0.0,We don't have an overview translated in English. Help us expand our database by adding one.,Humberto Avelar,,Released,Portuguese,,
6589,https://www.themoviedb.org/movie/6589-underdog,Underdog,84.0,2007-08-03,US,"Family, Action, Adventure, Comedy, Fantasy, Science Fiction",5.6,A lab accident gives a beagle named Shoeshine some serious superpowers -- a secret that the dog eventually shares with the young boy who becomes his owner and friend.,Frederik Du Chau,"Adam Rifkin, Joe Piscatella, Craig A. Williams",Released,English,25000000.0,65270477.0
11576,https://www.themoviedb.org/movie/11576-it-s-a-mad-mad-mad-mad-world,"It's a Mad, Mad, Mad, Mad World",192.0,1963-11-07,US,"Adventure, Comedy, Crime",7.0,"A group of strangers come across a man dying after a car crash who proceeds to tell them about the $350,000 he buried in California. What follows is the madcap adventures of those strangers as each attempts to claim the prize for himself.",Stanley Kramer,"Tania Rose, William Rose",Released,English,9400000.0,60000000.0
739547,https://www.themoviedb.org/movie/739547-thelma-the-unicorn,Thelma the Unicorn,93.0,2024-05-17,KR,"Animation, Fantasy, Family",6.9,"Thelma dreams of being a glamorous unicorn. Then in a rare pink and glitter-filled moment of fate, Thelma's wish comes true. She rises to instant international stardom, but at an unexpected cost. After a while, Thelma realizes that she was happier as her ordinary, sparkle-free self. So she ditches her horn, scrubs off her sparkles, and returns home, where her best friend is waiting for her with a hug.","Jared Hess, Lynn Wang","Jared Hess, Jerusha Hess",Released,English,,
270487,https://www.themoviedb.org/movie/270487-hail-caesar,"Hail, Caesar!",106.0,2016-03-24,KR,"Comedy, Mystery",5.9,"When a Hollywood star mysteriously disappears in the middle of filming, the studio sends their fixer to get him back.","Ethan Coen, Joel Coen","Ethan Coen, Joel Coen",Released,English,22000000.0,63647656.0
151738,https://www.themoviedb.org/movie/151738-le-fuhrer-en-folie,The Fuhrer Runs Amok,79.0,1974-04-12,FR,Comedy,4.5,France and Germany are at war. Adolf Hitler challenges the Allies to seal the fate of the war by playing a football match.,Philippe Clair,Anita Benzaquen,Released,French,,
24238,https://www.themoviedb.org/movie/24238-mary-and-max,Mary and Max,92.0,2011-12-22,KR,"Animation, Comedy, Drama",7.9,"A tale of friendship between two unlikely pen pals: Mary, a lonely, eight-year-old girl living in the suburbs of Melbourne, and Max, a forty-four-year old, severely obese man living in New York.",Adam Elliot,Adam Elliot,Released,English,8240000.0,1740429.0
455577,https://www.themoviedb.org/movie/455577-a-megfelelo-ember,The Right Man,85.0,1960-01-21,HU,Comedy,8.0,"This is a satirical comedy poking fun at favouritism. Kis Jenő proposes to Malvinka each year, but in vain, as the mother of his beloved considers him hopelessly unfortunate.",György Révész,"György Révész, István Kállai",Released,Hungarian,,
164457,https://www.themoviedb.org/movie/164457-out-of-the-furnace,Out of the Furnace,116.0,2015-05-14,KR,"Thriller, Drama, Crime",6.6,"Two brothers live in the economically-depressed Rust Belt, when a cruel twist of fate lands one in prison. His brother is then lured into one of the most violent crime rings in the Northeast.",Scott Cooper,"Scott Cooper, Brad Ingelsby",Released,English,22000000.0,15400000.0
278865,https://www.themoviedb.org/movie/278865-si-luncai,Si Luncai,105.0,1981-01-01,MY,Comedy,0.0,Si Luncai is known as a village idiot but he have a heart of gold. He fall in love with the head of chief daughter but need to face a few challenges for him to have the love of his life.,Omar Rojik,,Released,Malay,,
10173,https://www.themoviedb.org/movie/10173-marked-for-death,Marked for Death,93.0,1990-10-05,US,"Action, Crime, Drama, Thriller",6.1,"Just retired from the Drug Enforcement Agency, John Hatcher returns to his hometown and quickly discovers that drugs have infiltrated his old neighborhood. Determined to drive the dealers out, Hatcher crosses paths with a ferocious Jamaican drug lord who vows that Hatcher and his family are now marked for death.",Dwight H. Little,"Michael Grais, Mark Victor",Released,English,12000000.0,46044400.0
734635,https://www.themoviedb.org/movie/734635-desconforto-entre-os-dedos,Discomfort Between The Fingers,17.0,2017-03-01,BR,Documentary,0.0,"In Curitiba, the group that leads music label Meia-Vida is responsible for a secret portion of the city, hidden behind secluded apartments, dimly lit rooms and crooked, labyrinthine songs, responsible for one of the most fascinating musical movements in the country.","Higor Casagrande, Pedro Monte Kling, Thayana Andreatta",,Released,Portuguese,,
7183,https://www.themoviedb.org/movie/7183-perfect-stranger,Perfect Stranger,109.0,2007-08-29,KR,"Thriller, Crime, Mystery",5.8,"A journalist goes undercover to ferret out businessman Harrison Hill as her best friend's killer. Posing as one of his temps, she enters into a game of online cat-and-mouse.",James Foley,Todd Komarnicki,Released,English,60795000.0,73090611.0
1531270,https://www.themoviedb.org/movie/1531270-squids,Squids,77.0,2026-04-25,AU,Comedy,0.0,"After losing their beloved mentor days before the big national Scooter Race, the inexperienced Norah and her two best friends seek out the guidance of a reclusive idol to take down a wealthy, rival crew.",Ryan Zorzut,Ryan Zorzut,Released,English,,
266647,https://www.themoviedb.org/movie/266647-pan,Pan,111.0,2015-10-08,KR,"Fantasy, Adventure, Family, Action",6.0,"Living a bleak existence at a London orphanage, 12-year-old Peter finds himself whisked away to the fantastical world of Neverland. Adventure awaits as he meets new friend James Hook and the warrior Tiger Lily. They must band together to save Neverland from the ruthless pirate Blackbeard. Along the way, the rebellious and mischievous boy discovers his true destiny, becoming the hero forever known as Peter Pan.",Joe Wright,Jason Fuchs,Released,English,150000000.0,128388320.0
537116,https://www.themoviedb.org/movie/537116-tick-tick-boom,"tick, tick... BOOM!",120.0,2021-11-12,KR,"Drama, Music",7.6,"On the brink of turning 30, a promising theater composer navigates love, friendship and the pressure to create something great before time runs out.",Lin-Manuel Miranda,Steven Levenson,Released,English,,
1341668,https://www.themoviedb.org/movie/1341668-gecenin-nakarati,Gecenin Nakaratı,,2024-09-06,TR,"Romance, Comedy",0.0,"Bora is a street musician. Every evening, he plays his guitar in different parts of Istanbul, trying to earn enough money to get through the night. One evening, as he is returning home after playing his music, his path crosses with Ilgaz. Ilgaz has filed for divorce from her husband Teoman, who is slightly older than her. Teoman is part of the underworld. He never wanted Ilgaz to divorce him.",Jale Atabey Özberk,Şeyda Delibaşı,Released,Turkish,,
267050,https://www.themoviedb.org/movie/267050-vento-di-primavera,Vento di primavera,103.0,1958-10-22,DE,"Drama, Music",9.0,We don't have an overview translated in English. Help us expand our database by adding one.,"Giulio Del Torre, Arthur Maria Rabenalt","Giulio Del Torre, Aldo De Benedetti, Gina Falckenberg",Released,German,,
400027,https://www.themoviedb.org/movie/400027,Father,25.0,2015-08-10,CH,,0.0,"Lado is nineteen when his father comes back home unexpectedly after a very long absence. The young man tries desperately to get some answers from his parent, but in vain. When his father leaves again, Lado goes back to his life of crime, together with his younger brother. He is left to answer the questions their father would not hear.",Davit Pirtskhalava,Davit Pirtskhalava,Released,Georgian,,
1318489,https://www.themoviedb.org/movie/1318489-la-muerta,La muerta,11.0,2010-03-01,AR,,0.0,We don't have an overview translated in English. Help us expand our database by adding one.,Valeria Sartori,Juan Martín Dezzuto,Released,Spanish; Castilian,,
32022,https://www.themoviedb.org/movie/32022,Case Closed: Countdown to Heaven,100.0,2009-07-22,KR,"Animation, Action, Crime, Mystery",7.4,"As a pair of towers in Tokyo are being prepared for their grand opening, there is a series of murders of people connected to the towers. Conan suspects that the mysterious Syndicate may also be involved.",Kenji Kodama,Kazunari Kouchi,Released,Japanese,,23895574.0
838365,https://www.themoviedb.org/movie/838365,Cloud,,2007-06-27,HK,"Drama, Romance",1.0,The film mainly tells the ups and downs and lingering love story between the young female writer Liu Yin (Peng Dan) and the young female college student (Deng Jiajia).,,,Released,Chinese,,
666666,https://www.themoviedb.org/movie/666666,Надоело умирать,90.0,2020-02-03,RU,"Drama, Documentary, Crime, Music",0.0,Feature film about Kirill Tolmatsky (Detsl),"Alexandr Vishnevsky, Artur Tadevosyan",Semen Golod,Released,Russian,,
1008779,https://www.themoviedb.org/movie/1008779-la-princesa,The Princess,,2022-08-05,MX,Action,7.6,"Refusing to marry a drug lord, Grecia is determined to pay her father's debt herself. To earn the money, she decides to bet in the Sinaloa palenques, where she meets Armando. He is immediately captivated by her beauty and fearless attitude. But, little does he know that falling for her will be his most dangerous endeavor. Based on the famous corrido hit ""La Princesa"", by Alfredo Ríos ""El Komander"".",Alonso O. Lara,Edén Echeverría,Released,Spanish; Castilian,,
826,https://www.themoviedb.org/movie/826-the-bridge-on-the-river-kwai,The Bridge on the River Kwai,162.0,1981-04-10,KR,"Drama, History, War",7.8,"The classic story of English POWs in Burma forced to build a bridge to aid the war effort of their Japanese captors. British and American intelligence officers conspire to blow up the structure, but Col. Nicholson, the commander who supervised the bridge's construction, has acquired a sense of pride in his creation and tries to foil their plans.",David Lean,"Pierre Boulle, Michael Wilson, Carl Foreman",Released,English,2800000.0,44908000.0
831010,https://www.themoviedb.org/movie/831010,Lakhmi,,1962-03-22,IN,"Drama, Music",0.0,"Based on “Shahar Theke Doore”, a Bengali story by Sailajananda Mukherjee",Sarada Prasanna Naik,Sailaja Nanda Mukherjee,Released,Oriya,,
1527599,https://www.themoviedb.org/movie/1527599-rua-escura,Rua Escura,,2025-08-07,BR,Drama,6.0,We don't have an overview translated in English. Help us expand our database by adding one.,"Emanuel Caldin, Bruno Santiago","Emanuel Caldin, Bruno Santiago",Released,Portuguese,,
1399935,https://www.themoviedb.org/movie/1399935-shadow,Shadow,11.0,2024-12-11,US,,0.0,A lonely retail worker's closing shift takes a harrowing turn when a mysterious stranger comes in asking to shadow her for the night.,Jamal McClung,Jamal McClung,Released,English,,
307518,https://www.themoviedb.org/movie/307518-maa-babu,Maa Babu,143.0,1960-12-22,IN,,10.0,"Dr Anand, a respectable doctor, gives away his son to Ratna Devi, a widow. Soon, he marries a nurse and troubles between them ensue.",Tatineni Prakash Rao,,Released,Telugu,,
366820,https://www.themoviedb.org/movie/366820-encuentros-muy-cercanos-con-senoras-de-cualquier-tipo,Encuentros muy cercanos con señoras de cualquier tipo,91.0,1978-09-14,AR,Comedy,6.6,"Alberto and Jorge are two comedians, who before the possibility of making money with a business agent, agree to play the role of executives of a fictitious company, in order to appear prosperity before possible foreign buyers of players. As the business agent instructs them to present themselves as married, Alberto and Jorge propose two co-workers to represent the indicated role.",Hugo Moser,Hugo Moser,Released,Spanish; Castilian,,
48289,https://www.themoviedb.org/movie/48289-the-debt,The Debt,113.0,2011-10-06,KR,"Drama, Thriller",6.6,"Rachel Singer is a former Mossad agent who tried to capture a notorious Nazi war criminal – the Surgeon of Birkenau – in a secret Israeli mission that ended with his death on the streets of East Berlin. Now, 30 years later, a man claiming to be the doctor has surfaced, and Rachel must return to Eastern Europe to uncover the truth. Overwhelmed by haunting memories of her younger self and her two fellow agents, the still-celebrated heroine must relive the trauma of those events and confront the debt she has incurred.",John Madden,"Peter Straughan, Matthew Vaughn, Jane Goldman, Assaf Bernstein, Ido Rosenblum",Released,English,20000000.0,45636368.0
198831,https://www.themoviedb.org/movie/198831-la-nina-de-luto,The Girl in Mourning,85.0,1964-11-16,ES,Comedy,5.3,"Rocio and Raphael are a young couple from a small Spanish town. Rocio must mourn the death of a relative for six months and is forbidden to see Raphael. Very much in love, they are frustrated by the old-fashioned customs of their village. When they can finally see each other, the two plan to soon marry. Unfortunately, the girl's grandfather dies and she must start the process of mourning all over again. This time Raphael begs her to rebel against her family and the villagers, but she refuses for fear of persecution. When Rocio has had enough of putting her own happiness aside, she decides to run away with Raphael in spite of what her family will say. Things do not go as planned, however, when yet another family member passes away.",Manuel Summers,"Manuel Summers, Bernardo Ballester, Francisco Summers, Tico Medina, Pilar Miró",Released,Spanish; Castilian,,
1265123,https://www.themoviedb.org/movie/1265123-prigovor,Conviction,90.0,2024-03-21,KZ,"Drama, Thriller",6.5,"Year 2009. A small town on the shores of Issyk-Kul. Aktan, a schoolboy who dreams of joining the ranks of the National Security Committee, is faced with the injustice of the justice system. A local deputy is ready to do anything to protect his son Alan. Having failed to achieve justice under the law, Aktan and his childhood friend Kuba seize the courthouse with weapons in their hands.",Dias Bertis,Alen Rakhmetaliev,Released,Russian,,
671622,https://www.themoviedb.org/movie/671622,My Sister-in-law's Secret,70.0,2019-12-20,KR,Drama,6.4,"A sister-in-law goes to a motel with her girlfriend. She runs into her brother-in-law, who is cheating on her sister. The sister-in-law's blood boils, but there's nothing she can do about it, because now he knows she's a lesbian. They make a deal to keep each others' secrets, but the sister-in-law ends up having a threesome with her brother-in-law and her girlfriend.",Choi Jae-hoo,,Released,Korean,,
1322065,https://www.themoviedb.org/movie/1322065-tres,Três,21.0,2024-08-22,BR,"Drama, Science Fiction",0.0,The daily life of a threesome.,Lila Foster,Lila Foster,Released,Portuguese,,
1400119,https://www.themoviedb.org/movie/1400119-era-uma-vez-minha-1a-vez,Era Uma Vez Minha 1ª Vez,,2026-09-17,BR,"Comedy, Romance",0.0,We don't have an overview translated in English. Help us expand our database by adding one.,Claudia Castro,"Thalita Rebouças, João Paulo Horta",In Production,Portuguese,,
66301,https://www.themoviedb.org/movie/66301,Anbukku Naan Adimai,144.0,1980-06-04,IN,Drama,5.7,Two brothers get separated during their childhood; one grows up to become a police officer while the other turns into a gangster. Problems arise when the gangster takes the place of his brother.,R. Thyagarajan,Thooyavan,Released,Tamil,,
665066,https://www.themoviedb.org/movie/665066-the-rescue,The Rescue,18.0,2011-06-23,US,,0.0,"The story of Miguel who decides to go looking for a new mate at the boyfriend pound (aka the Society for the Prevention of Cruelty to Boyfriends, or SPCB).",Philippe Gosselin,Philippe Gosselin,Released,English,,
1590613,https://www.themoviedb.org/movie/1590613-cerita-lila,Cerita Lila,106.0,2026-06-18,ID,Horror,5.0,"Two twins named Lila and Lili. Both experienced tragic ends after alleged abuse by their own mother, Rahma. However, death does not immediately end their story. In another realm, Lila continues to search for her twin sister, Lili, who was separated from her. This search then leads Lila into a greater mystery that has been hidden. In addition to facing a deep sense of loss, Lila also tries to understand the reasons behind the tragedy that destroyed their lives. Meanwhile, mysterious figures begin to appear and reveal that there is a greater power deliberately hiding the truth.",Bobby Prasetyo,"Erwanto Alphadullah, Gea Rexy",Released,Indonesian,,
208414,https://www.themoviedb.org/movie/208414,Taking Father Home,100.0,2006-09-18,CN,Drama,5.0,"A 17 year old boy from a village in the Sechuan province leaves for the big city looking for his father, who left 6 years before and has not been heard of since. The fact that his mother still receives money his father does nothing to tame his anger. He his not looking for a warm reunion, it is unconcealed revenge that drives him. Totally lost, he roams the big city with his basket of ducks on his back...",Ying Liang,"Ying Liang, Shan Peng",Released,Chinese,,
760883,https://www.themoviedb.org/movie/760883-blood-red-sky,Blood Red Sky,123.0,2021-07-08,DE,"Horror, Thriller, Action",6.8,"A woman with a mysterious illness is forced into action when a group of terrorists attempt to hijack a transatlantic overnight flight. In order to protect her son she will have to reveal a dark secret, and unleash the inner monster she has fought to hide.",Peter Thorwarth,"Peter Thorwarth, Stefan Holtz",Released,German,17739525.0,
40075,https://www.themoviedb.org/movie/40075-ator-l-invincibile,"Ator, the Fighting Eagle",92.0,1982-10-07,IT,"Action, Adventure, Fantasy",4.0,"The son of Torren learns of his heritage, goes to avenge the deaths of his fellow villagers, and rescue his sister/love interest from the evil Dakkar and his spider cult.",Joe D'Amato,Joe D'Amato,Released,Italian,,
66311,https://www.themoviedb.org/movie/66311,Aarilirunthu Arubathu Varai,138.0,1979-09-14,IN,Drama,7.9,"Santhanam gives the best education to his siblings and takes care of all their basic needs. However, when they become financially stable they ill-treat and ignore him.",S. P. Muthuraman,Panchu Arunachalam,Released,Tamil,,
1391962,https://www.themoviedb.org/movie/1391962-meu-nome-e-saracael-tenho-14-anos-teria-se-tivesse-viva,meu nome é saracael tenho 14 anos (teria se tivesse viva),,2024-11-05,BR,Horror,0.0,We don't have an overview translated in English. Help us expand our database by adding one.,"João Emanuel Gomes, Mônica Moroz",,Released,Portuguese,,
1328703,https://www.themoviedb.org/movie/1328703-dead-period,Dead Period,10.0,2024-11-14,DE,Drama,0.0,Two best friends find out they're competing for the same scholarship to play college basketball.,João Pedro Prado,Narges Derakhshan,Released,English,,
10131,https://www.themoviedb.org/movie/10131-a-nightmare-on-elm-street-4-the-dream-master,A Nightmare on Elm Street 4: The Dream Master,93.0,1988-08-19,US,"Horror, Thriller",5.9,"Freddy Krueger returns once again to terrorize the dreams of the remaining Dream Warriors, as well as those of a young woman who may be able to defeat him for good.",Renny Harlin,"Brian Helgeland, Ken Wheat, Jim Wheat",Released,English,6500000.0,49369899.0
882339,https://www.themoviedb.org/movie/882339,钱在路上跑,,2014-12-12,CN,Comedy,7.0,We don't have an overview translated in English. Help us expand our database by adding one.,Arslan Abdukerim,"Arslan Abdukerim, Dong Danrui",Released,Chinese,,
995510,https://www.themoviedb.org/movie/995510-la-paja,La Paja,8.0,2021-11-21,AR,Comedy,0.0,"Santi, a teenager, decides not to go to school because he is lazy.",Luciano Scarcia,"Luciano Scarcia, Santiago Sacco",Released,Spanish; Castilian,,
1394955,https://www.themoviedb.org/movie/1394955-hotel-trindade,Hotel Trindade,,2024-10-12,BR,Horror,9.0,We don't have an overview translated in English. Help us expand our database by adding one.,Lula Magalhães,Lula Magalhães,Released,Portuguese,,
444226,https://www.themoviedb.org/movie/444226-be-5-min-vede,Be 5 Min. Vedę,,2016-06-17,LT,,6.0,We don't have an overview translated in English. Help us expand our database by adding one.,,,Released,Lithuanian,,
975773,https://www.themoviedb.org/movie/975773-wicked-little-letters,Wicked Little Letters,100.0,2024-12-11,KR,"Comedy, Drama, Mystery",6.9,"When the denizens of Littlehampton – including conservative Edith – begin receiving letters full of hilarious profanities, rowdy Irish migrant Rose is charged with the crime. Suspecting something amiss, the town's women band together to investigate.",Thea Sharrock,Jonny Sweet,Released,English,12600000.0,27219729.0
47407,https://www.themoviedb.org/movie/47407-milf,Milf,88.0,2010-10-17,US,Comedy,4.4,A group of nerdy college guys who can't seem to connect with girls their own age discover the excitement of hooking up with sexy older women.,Scott D. Wheeler,Jonathan Haug,Released,English,500000.0,
334524,https://www.themoviedb.org/movie/334524-gold,Gold,120.0,2017-03-22,KR,"Adventure, Drama, Thriller",6.6,"Kenny Wells, a modern-day prospector, hustler, and dreamer, is desperate for a lucky break. Left with few options, Wells teams up with an equally luckless geologist to execute a grandiose, last-ditch effort: to find gold deep in the uncharted jungle of Indonesia.",Stephen Gaghan,"Patrick Massett, John Zinman",Released,English,20000000.0,14880939.0
1717283,https://www.themoviedb.org/movie/1717283-hotel-terminus,Hôtel Terminus,,2026-06-27,FR,Drama,0.0,December 31. The concierge of a luxurious seaside hotel deals with the guests' reactions after they learn about the imminent threat of a nuclear war.,Louis Milon,,Released,French,,
1232695,https://www.themoviedb.org/movie/1232695-durazno-sangrando,Durazno sangrando,86.0,2024-01-18,AR,Drama,0.0,"Chiqui is a fifty-year-old woman with a mild mental disability. She is an only child, single, and has never been known to have a relationship. She lives in the house she inherited from her parents and shares it with her cousin and her cousin's family. They have assumed authority as owners of the house, relegating Chiqui to a limited life. This family's situation will change when Chiqui introduces Bocha, her boyfriend, on Christmas Eve. His mere presence will change the entire course of life in the house, leading Chiqui's family to dark corners.",Claudio Santorelli,Claudio Santorelli,Released,Spanish; Castilian,,
647,https://www.themoviedb.org/movie/647-final-fantasy-vii-advent-children,Final Fantasy VII: Advent Children,101.0,2006-04-25,KR,"Animation, Action, Adventure, Fantasy, Science Fiction",7.2,"Two years have passed since the final battle with Sephiroth. Though Midgar, city of mako, city of prosperity, has been reduced to ruins, its people slowly but steadily walk the road to reconstruction. However, a mysterious illness called Geostigma torments them. With no cure in sight, it brings death to the afflicted, one after another, robbing the people of their fledgling hope.",Tetsuya Nomura,Kazushige Nojima,Released,Japanese,,
511165,https://www.themoviedb.org/movie/511165-eyo-put,Her Way,65.0,1929-03-05,SU,Drama,8.0,"When Praskovya’s new husband attempts to hurt her on their wedding night, she fights back, and when he’s called away to fight in World War I not long after, she tends to their farm on her own, determined to make the best of a bad situation.","Dmitri Poznansky, Aleksandr Chtrijak","Dmitri Poznansky, Mariya Smirnova, D. Nikitin",Released,Russian,,
522241,https://www.themoviedb.org/movie/522241-the-courier,The Courier,112.0,2021-04-28,KR,"Thriller, History, Drama",7.0,Cold War spy Greville Wynne and his Russian source try to put an end to the Cuban Missile Crisis.,Dominic Cooke,Tom O'Connor,Released,English,,26000000.0
1363867,https://www.themoviedb.org/movie/1363867-alma,Alma,68.0,2012-01-01,AR,Documentary,0.0,Alma is a hospital train that travels through the Argentine provinces to provide free medical care and health education to children.,Fernanda Cuffia,,Released,Spanish; Castilian,,
10497,https://www.themoviedb.org/movie/10497-bitter-moon,Bitter Moon,139.0,1993-09-25,KR,"Thriller, Drama, Romance",7.1,A passenger on a cruise ship develops an irresistible infatuation with an eccentric paraplegic's wife.,Roman Polanski,"Roman Polanski, Pascal Bruckner, John Brownjohn, Gérard Brach",Released,English,5000000.0,1862805.0
713325,https://www.themoviedb.org/movie/713325-romance-edmottes,Romance Edmottês,,2010-02-03,BR,"Romance, Comedy",0.0,We don't have an overview translated in English. Help us expand our database by adding one.,Wellington Sari,"Wellington Sari, Christopher Faust",Released,Portuguese,,
1186067,https://www.themoviedb.org/movie/1186067,Mr. Greenberg's Basement,99.0,2023-10-19,RU,"Crime, Thriller",3.5,"In a small provincial town, young girls began to disappear. The suspicion of the police was aroused by Arthur Greenberg, who was seen in a bar with the last missing girl. But is everything so simple and will the police be able to catch the criminal?",Andrey Payukov,Andrey Payukov,Released,Russian,,
1669775,https://www.themoviedb.org/movie/1669775-ghermez-yavash,Ghermez Yavash,,2026-04-13,IR,"Comedy, Action",0.0,"The story is about a Russian girl who travels to Iran after her father goes missing, but in the meantime, her acquaintance with a boy in the south of Tehran gets her involved in a new adventure.",Ali Jabarzadeh,,Released,Persian,,
1437511,https://www.themoviedb.org/movie/1437511-how-to-rob-a-bank,How to Rob a Bank,,2026-11-13,US,"Crime, Thriller",0.0,"A crew of social media-savvy bank robbers broadcasts their daring heists, unaware that their growing viral fame has put them in the crosshairs of a veteran FBI agent and a brilliant software engineer. Despite the unlikely duo closing in, the crime ring pushes past their limits, putting everything on the line for their most ambitious heist yet.",David Leitch,Mark Bianculli,Post Production,English,,
1011172,https://www.themoviedb.org/movie/1011172-ananghoonska,Stellar,87.0,2022-09-11,CA,"Drama, Science Fiction, Romance, Fantasy",1.0,"Set within the fluidity of time, touch, realism and reverie. Some may call this magic realism. Based within Indigenous knowledge and way of life, this story allows two people to heal, through touch, calm, love and patience in a fantastical space that leaves the audience dreamlike and yet it is dangerous and violent, there is love.",Darlene Naponse,Darlene Naponse,Released,English,,
1585926,https://www.themoviedb.org/movie/1585926-terreno,Terreno,180.0,2026-04-01,BR,Documentary,0.0,A portrait of the churches surrounding the Diocese of São José dos Pinhais.,Christofer Pallu,,Released,Portuguese,,
126857,https://www.themoviedb.org/movie/126857-o-ultimo-romance-de-balzac,Balzac's Last Novel,74.0,2011-11-20,BR,"Drama, Documentary",0.0,"Documentary about the reminiscence of Balzac's works, spiritually and scientifically the documentary shows the strenght of this important work of French literature through the years.",Geraldo Sarno,"Geraldo Sarno, Angel Diez",Released,Portuguese,,
1538349,https://www.themoviedb.org/movie/1538349-deja-vu,Deja vu,10.0,2014-01-01,FR,,0.0,"A man and a woman are looking for each other. Sometimes they feel that they are going to see each other, but it is just an illusion of the mind. The gazes out of the frames lead to somewhere invisible. The repetition of images recalls the feelings of a loosened memory.",Trương Minh Quý,,Released,English,,
16523,https://www.themoviedb.org/movie/16523-where-the-wild-things-are,Where the Wild Things Are,101.0,2009-10-16,US,"Adventure, Drama, Family, Fantasy",6.5,"Max imagines running away from his mom and sailing to a far-off land where large talking beasts—Ira, Carol, Douglas, the Bull, Judith and Alexander—crown him as their king, play rumpus, build forts and discover secret hideaways.",Spike Jonze,"Spike Jonze, Dave Eggers",Released,English,100000000.0,100140916.0
399317,https://www.themoviedb.org/movie/399317-adios-new-york-adios,"Adiós New York, adiós",90.0,1973-01-01,PR,Drama,5.7,"The lives of various Latin residents of New York City are depicted. A Puerto Rican family, two Mexicans, and their friends seek fortune without forgetting their roots and traditions.",Damián Rosa,Ulyses Petit de Murat,Released,Spanish; Castilian,,
208253,https://www.themoviedb.org/movie/208253-der-schmied-von-st-bartholoma,Der Schmied von St. Bartholomä,,1955-04-06,DE,Drama,7.7,We don't have an overview translated in English. Help us expand our database by adding one.,Max Michel,"Karl Heinz Busse, Hans Prechtl",Released,German,,
1663236,https://www.themoviedb.org/movie/1663236-hayotda,In Life...,114.0,2015-05-18,UZ,Drama,0.0,"The feature film Hayatda tells the story of a scientist who, after the death of his only child, adopts a child with the ability to heal people and remains true to his principles until the end of his life.",Yalkin Tuychiev,Yalkin Tuychiev,Released,Uzbek,,
1530750,https://www.themoviedb.org/movie/1530750-double-lines,Double Lines,7.0,2025-09-20,AU,,0.0,"Grappling with relentless intrusive thoughts and Harm OCD, Jess faces a terrifying drive. As her anxiety mounts, Jess retreats to the safety of a quiet petrol station, where she meets a stranger whose kindness changes the course of her night.",Tea Van De Burgt,Kate Nayler,Released,English,1950.0,
601666,https://www.themoviedb.org/movie/601666-i-care-a-lot,I Care a Lot,119.0,2021-02-19,KR,"Crime, Thriller, Drama, Comedy",6.6,A court-appointed legal guardian defrauds her older clients and traps them under her care. But her latest mark comes with some unexpected baggage.,J Blakeson,J Blakeson,Released,English,,
8965,https://www.themoviedb.org/movie/8965-atlantis-milo-s-return,Atlantis: Milo's Return,80.0,2021-10-06,KR,"Fantasy, Animation, Science Fiction, Family, Action",6.3,Milo and Kida reunite with their friends to investigate strange occurances around the world that seem to have links to the secrets of Atlantis.,"Tad Stones, Victor Cook, Toby Shelton","Tad Stones, Steve Englehart, Kevin Hopps, Henry Gilroy, Marty Isenberg, Thomas Hart",Released,English,,
387592,https://www.themoviedb.org/movie/387592-early-man,Early Man,89.0,2018-05-03,KR,"Family, Comedy, Animation, Adventure",6.1,"Dug, along with his sidekick Hognob, unite a cavemen tribe to save their hidden valley from being spoiled and, all together as a team, to face the menace of a mysterious and mighty enemy, on the turf of an ancient and sacred sport.",Nick Park,"Mark Burton, James Higginson",Released,English,50000000.0,53431158.0
4912,https://www.themoviedb.org/movie/4912-confessions-of-a-dangerous-mind,Confessions of a Dangerous Mind,113.0,2003-07-25,KR,"Comedy, Crime, Drama, Romance, Thriller, History",6.7,"Television made him famous, but his biggest hits happened off screen. Television producer by day, CIA assassin by night, Chuck Barris was recruited by the CIA at the height of his TV career and trained to become a covert operative. Or so Barris said.",George Clooney,"Chuck Barris, Charlie Kaufman",Released,English,30000000.0,33013805.0
850165,https://www.themoviedb.org/movie/850165-the-iron-claw,The Iron Claw,133.0,2023-12-22,US,"Drama, History",7.5,"The true story of the inseparable Von Erich brothers, who made history in the intensely competitive world of professional wrestling in the early 1980s. Through tragedy and triumph, under the shadow of their domineering father and coach, the brothers seek larger-than-life immortality on the biggest stage in sports.",Sean Durkin,Sean Durkin,Released,English,15900000.0,40130232.0
904453,https://www.themoviedb.org/movie/904453-fortaleza-hotel,Fortaleza Hotel,77.0,2022-01-27,BR,Drama,5.8,"Pilar, a young hotel maid, has her path crossed by Shin, a middle-aged South Korean guest. The plans of both go wrong and, despite everything that separates them, they end up getting closer and establishing a relationship of solidarity.",Armando Praça,"Isadora Rodrigues, Pedro Cândido",Released,Portuguese,,
452026,https://www.themoviedb.org/movie/452026-el-vibora,El víbora,99.0,2002-01-01,MX,"Crime, Action, Adventure",0.0,"Islamic terrorists have planted bombs in Mexico City, and the only organization that can find them is police squad led by El vibora.",Avinadaín Bautista Nájera,,Released,Spanish; Castilian,,
493602,https://www.themoviedb.org/movie/493602,Badhshala,100.0,2012-04-19,NP,"Thriller, Drama, History, Horror",8.0,"The harrowing human rights abuses inside a military barrack, focusing on the brutal torture and psychological torment endured by detainees during the Nepalese Civil War.",Manoj Pandit,Manoj Pandit,Released,Nepali,,
10437,https://www.themoviedb.org/movie/10437-the-muppet-christmas-carol,The Muppet Christmas Carol,89.0,2021-08-03,KR,"Music, Comedy, Family, Fantasy, Drama",7.4,"A retelling of the classic Dickens tale of Ebenezer Scrooge, miser extraordinaire. He is held accountable for his dastardly ways during nighttime visitations by the Ghosts of Christmas Past, Present and Future.",Brian Henson,"Charles Dickens, Jerry Juhl",Released,English,12000000.0,34524312.0
1464235,https://www.themoviedb.org/movie/1464235-adios-muchachos,Goodbye Fellas,10.0,2025-04-15,AR,"Crime, Thriller",10.0,"Two friends bet their pride in the wrong place. Without knowing, a bar, some beers, and a game of Truco will decide their fate.",Ian Borkowski,Ian Borkowski,Released,Spanish; Castilian,1000.0,
1533426,https://www.themoviedb.org/movie/1533426-la-greve,The Strike,55.0,2025-09-21,ES,Documentary,0.0,"Through the editing of archive footage and a reading of Ovidie's La Chair est triste hélas, Gabrielle Stemmer's collage film shatters the heterosexual model, a story that is both intimate and political.",Gabrielle Stemmer,,Released,French,,
1287571,https://www.themoviedb.org/movie/1287571-agak-laen-menyala-pantiku,Agak Laen: Menyala Pantiku!,119.0,2025-11-27,ID,"Comedy, Crime, Drama, Mystery",8.5,"After repeatedly failing their missions, Detectives Bene, Boris, Jegel, and Oki are given one last chance: to go undercover in a nursing home in search of a fugitive wanted for the murder of the mayor’s child.",Muhadkly Acho,Muhadkly Acho,Released,Indonesian,400000.0,23100863.0
1194094,https://www.themoviedb.org/movie/1194094-doi,Doi,,2022-02-14,BD,,0.0,"Story, Screenplay & Direction: Kajal Arefin Ome.",Kajal Arefin Ome,Kajal Arefin Ome,Released,English,,
1729901,https://www.themoviedb.org/movie/1729901,Athirshtam Azhaikkirathu,,1976-08-13,IN,Drama,0.0,We don't have an overview translated in English. Help us expand our database by adding one.,A. Jagannathan,Vaali,Released,Tamil,,
37523,https://www.themoviedb.org/movie/37523-kiskanmak,Envy,92.0,2009-08-08,TR,Drama,5.6,"Seniha lives with her brother Halit and his wife Mükerrem. When Nüzhet, the handsome son of the richest family in town, sets his eyes on the married Mükerrem, she is at first disgusted with Nüzhet’s overt sexual innuendo. However, it isn’t long before Mükerrem yields to her lust and thus they embark on an affair. When Seniha finally reveals her sister-in-law’s un-virtuousness to her brother, Seniha has no idea what the consequences will be and how cruelly her destiny will change.",Zeki Demirkubuz,"Zeki Demirkubuz, Nahid Sirri Örik",Released,Turkish,,
8831,https://www.themoviedb.org/movie/8831-timecop,Timecop,98.0,1994-09-16,US,"Thriller, Science Fiction, Action",6.0,"In 2004, an officer for a security agency that regulates time travel must fend for his life against a shady politician who has a tie to his past.",Peter Hyams,Mark Verheiden,Released,English,28000000.0,128953581.0
758866,https://www.themoviedb.org/movie/758866,Drive My Car,179.0,2021-12-23,KR,Drama,7.4,"Yusuke Kafuku, a stage actor and director, still unable, after two years, to cope with the loss of his beloved wife, accepts to direct Uncle Vanya at a theater festival in Hiroshima. There he meets Misaki, an introverted young woman, appointed to drive his car. In between rides, secrets from the past and heartfelt confessions will be unveiled.",Ryusuke Hamaguchi,"Ryusuke Hamaguchi, Takamasa Oe",Released,Japanese,1300000.0,15356046.0
10061,https://www.themoviedb.org/movie/10061-escape-from-l-a,Escape from L.A.,101.0,1996-09-21,KR,"Action, Thriller, Science Fiction",5.9,Into the 9.6-quaked Los Angeles of 2013 comes Snake Plissken. His job: wade through L.A.'s ruined landmarks to retrieve a doomsday device.,John Carpenter,"John Carpenter, Debra Hill, Kurt Russell",Released,English,50000000.0,42277365.0
483841,https://www.themoviedb.org/movie/483841,Georgian Grapes,29.0,1999-06-04,DE,Comedy,4.9,"The days pass slowly for Lia amid the vineyards of a rural Georgian village. Still in the prime of life, her beauty is overlooked even by her husband Sandro, who runs the local car repair shop. Things change when Megi, the comely star of a film being shot nearby, happens upon the scene to get her car repaired. Lia knows a rival when she sees one - although she's also aware she doesn't stand a chance against a mini-skirt. Megi, however, has a few tricks up her sleeve too - she knows what a Cinderella needs to rid herself of the pumpkin.",Giorgi Shengelaia,,Released,Georgian,,
557757,https://www.themoviedb.org/movie/557757,Insane Mother,105.0,2018-01-04,MN,Drama,0.0,We can't deny mother instinct.,Odonchimeg Ishdorj,"Odonchimeg Ishdorj, Onon Nanjid",Released,Mongolian,,
1098720,https://www.themoviedb.org/movie/1098720,Suhaga Sindura,,1996-01-05,IN,Drama,0.0,"Circumstance compel Gita to marry Raju. But the marriage is a contact one for one year. After the contract elapses Raju left Gita. But He can't forget Geeta's Love & sacrifice and wants reunite, but Gita refuses.",Hara Patnaik,"Hara Patnaik, Dr. Subodh Pattanaik",Released,Oriya,,
547004,https://www.themoviedb.org/movie/547004-fjorde-nordkap-und-polarlicht-norwegens-legendare-hurtigruten,"Fjorde, Nordkap und Polarlicht - Norwegens legendäre Hurtigruten",,2018-04-30,DE,Documentary,0.0,We don't have an overview translated in English. Help us expand our database by adding one.,,"Clas Oliver Richter, Kati Grünig",Released,German,,
446888,https://www.themoviedb.org/movie/446888-mon-ami-le-traitre,My Friend the Traitor,120.0,1988-10-26,FR,"Drama, Thriller",6.4,"After the end of World War II, a collaborationist seeks redemption.",José Giovanni,,Released,French,,
1321821,https://www.themoviedb.org/movie/1321821,Pechi,110.0,2024-08-02,IN,Horror,8.3,"Five young trekkers and their tour guide embark on a weekend adventure in the Kollimalai hills. Despite warnings, they venture into a restricted area, unknowingly entering the domain of a malevolent spirit, which is hell bent on wreaking havoc in their lives. Did they survive the relentless onslaught and harrowing encounter with the supernatural force in the haunted woods?",Ramachandran B,Ramachandran B,Released,Tamil,,
9681,https://www.themoviedb.org/movie/9681-casanova,Casanova,112.0,2006-03-10,KR,"Adventure, Comedy, Drama, Romance",6.5,"With a reputation for seducing members of the opposite sex, regardless of their marital status, a notorious womanizer discovers a beauty who seems impervious to his charms. However, as he continues to pursue the indifferent lady, he finds himself falling in love.",Lasse Hallström,"Kimberly Simi, Jeffrey Hatcher",Released,English,20000000.0,37700000.0
4441,https://www.themoviedb.org/movie/4441-candy,Candy,116.0,2006-05-25,AU,"Drama, Romance",7.1,"A poet falls in love with an art student, who gravitates to his bohemian lifestyle — and his love of heroin. Hooked as much on one another as they are on the drug, their relationship alternates between states of oblivion, self-destruction, and despair.",Neil Armfield,"Neil Armfield, Luke Davies",Released,English,,2105096.0
129310,https://www.themoviedb.org/movie/129310,Groper Train: Wedding Capriccio,67.0,1984-05-01,JP,"Comedy, Mystery",3.8,"The world’s greatest detective, Ippei Kuroda, is back and this time hired by a politician to find his estranged daughter. When the daughter is found dead, the mystery deepens. Meanwhile, Kuroda’s assistant tries to stop her arranged marriage to a country hick by shacking-up with a composer who writes symphonies on his calculator — when he’s not groping women on the Tokyo trains!",Yojiro Takita,Isao Takagi,Released,Japanese,,
15440,https://www.themoviedb.org/movie/15440-fritt-vilt-ii,Cold Prey II,90.0,2008-10-09,NO,"Horror, Mystery, Thriller",6.3,"After surviving the events in the Jotunheimen mountains in which four of her friends were murdered, the badly injured Jannicke is brought to the local hospital. But when she wakes up, the building is dark and deserted... and she soon realizes that her nightmare isn’t over yet.",Mats Stenberg,Thomas Moldestad,Released,Norwegian,,
407608,https://www.themoviedb.org/movie/407608-luis-munoz-marin-un-hombre-un-pueblo-un-proposito,"Luis Muñoz Marín: un hombre, un pueblo, un propósito",45.0,1985-01-02,PR,Documentary,0.0,"This documentary analyzes the life and political legacy of Puerto Rico’s first elected governor, Luis Muñoz Marín, covering his early career in the late 30’s through the 1960’s.",Luis Molina Casanova,"Luis Agrait, Eneida Molina",Released,Spanish; Castilian,,
10890,https://www.themoviedb.org/movie/10890-stripes,Stripes,106.0,2025-08-01,KR,"Action, Comedy",6.6,"Hard-luck cabbie John Winger, directionless after being fired from his job and dumped by his girlfriend, enlists in the U.S. Army with his close pal, Russell Ziskey. After his barely satisfactory performance in basic training, the irreverent Winger emerges as the figurehead for a ragtag band of misfits. However, his hijinks threaten to cause an international scandal when he inadvertently commandeers a military assault vehicle behind enemy lines.",Ivan Reitman,"Len Blum, Daniel Goldberg, Harold Ramis",Released,English,10000000.0,85297000.0
1262398,https://www.themoviedb.org/movie/1262398-bam,BAM!,4.0,2023-01-05,BR,"Thriller, Drama",0.0,What if you could kill someone with the press of a button?,"Anna Grandchamp, Clara Schadek",,Released,Portuguese,,
1033961,https://www.themoviedb.org/movie/1033961-cloroplasto,CHLOROPLAST,5.0,2022-05-09,BR,,0.0,"Three bored friends chat about childhood masturbation, pregnancy wishes, fatherhood and more.",José Bial,José Bial,Released,Portuguese,,
1731681,https://www.themoviedb.org/movie/1731681-hasta-siempre,Hasta siempre,27.0,2015-01-01,PE,,0.0,"Little Alicia and her grandmother have no place in their troubled family. Tired of so much indifference, they seek to escape this reality.",Alvaro Iparraguirre,,Released,Spanish; Castilian,,
1586275,https://www.themoviedb.org/movie/1586275-thursday-night,Thursday Night,47.0,2025-11-27,BD,"Thriller, Drama",0.0,"Her final university party ended in a twelve-hour blackout. Waking up in her room with a terrifying blank, Mithila is convinced something horrific occurred—and now, trapped by her own fractured memory, she trusts absolutely no one.",Jahid Preetom,Jahid Preetom,Released,Bengali,,
11878,https://www.themoviedb.org/movie/11878,Yojimbo,110.0,2004-04-16,KR,"Drama, Thriller",8.1,"A nameless ronin, or samurai with no master, enters a small village in feudal Japan where two rival businessmen are struggling for control of the local gambling trade. Taking the name Sanjuro Kuwabatake, the ronin convinces both silk merchant Tazaemon and sake merchant Tokuemon to hire him as a personal bodyguard, then artfully sets in motion a full-scale gang war between the two ambitious and unscrupulous men.",Akira Kurosawa,"Akira Kurosawa, Ryuzo Kikushima",Released,Japanese,,
717940,https://www.themoviedb.org/movie/717940-giang-h-ch-m-i-ti-n-truy-n-tr-t-t-m-i,Giang Hồ Chợ Mới Tiền Truyền - Trật Tự Mới,,2019-06-20,VN,"Comedy, Drama, Action",0.0,We don't have an overview translated in English. Help us expand our database by adding one.,Mr. Tô,,Released,Vietnamese,,
445581,https://www.themoviedb.org/movie/445581-privid,A Dream,100.0,2017-09-15,SI,Drama,0.0,"Prishtina, Kosovo. Mark works as 'an international employee'. One night he meets three local girls in a bar: Besa, her girlfriend Hana, and Shpresa. Mark is attracted to Shpresa's extreme passion, but the romance is soon shattered. Her mood swings from passionate love to hate and death threats in a matter of seconds. For Mark this is hard to handle. He believes Shpresa might suffer from borderline personality disorder. As he wants to confront her, she starts pushing him away. Hana and Besa's relationship is also in danger, but for a completely different reason: Hana is afraid of the social stigma that love between two girls carries in the deeply conservative and patriarchal Kosovo.",Boštjan Slatenšek,"Boštjan Slatenšek, Aude Le Pape",Released,Slovenian,,
429469,https://www.themoviedb.org/movie/429469-velha-casa,Old Home,15.0,2016-12-18,BR,Drama,0.0,"Encounters, re-encounters and mismatches. Joaquim is moved by a single feeling: nostalgia.",Pedro Clezar,Pedro Clezar,Released,Portuguese,,
1034020,https://www.themoviedb.org/movie/1034020-aufstieg-am-mount-everest,Tackling the World's Highest Peak,32.0,2020-05-06,DE,Documentary,0.0,"27-year-old German alpinist Jost Kobusch wants to climb Everest, alone, without oxygen and in Winter, when the roof of the world is deserted.",Jörg Daniel Hissen,,Released,German,,
11075,https://www.themoviedb.org/movie/11075,Audition,115.0,2023-04-19,KR,"Horror, Drama",7.1,"Seven years after the death of his wife, widower Shigeharu seeks advice on how to find a new wife from a colleague. Taking advantage of their position as a film company, they stage an audition. Interviewing a series of women, Shigeharu is enchanted by the quiet Asami. But soon things take a twisted turn as Asami isn’t what she seems to be.",Takashi Miike,"Ryū Murakami, Daisuke Tengan",Released,Japanese,250000.0,359853.0
1393601,https://www.themoviedb.org/movie/1393601-emotionless,Emotionless,15.0,2025-03-31,US,"Horror, Thriller, Drama",0.0,"One day while doing ""his thing,"" an emotionless killer encounters someone that unlocks something inside of him.",Joey Thompson,Joey Thompson,Released,English,,
308168,https://www.themoviedb.org/movie/308168-der-kannibale-von-rotenburg-das-interview-ungekurzt-und-unzensiert,Interview with a Cannibal,121.0,2008-01-14,DE,"Crime, Documentary",6.7,Exclusive Interivew with 'The Cannibal of Rotenburg': Armin Meiwes.,"Susanne Stampf-Sedlitzky, Günter Stampf",,Released,German,,
129412,https://www.themoviedb.org/movie/129412-trois-themes,Three Moods,7.0,1980-01-01,FR,Animation,7.0,"The last film made by Alexander Alexeieff and Claire Parker. Trois thèmes was made on the pinscreen, and first shown in Milan, Italy, in March 1980. It was based on three works by Mussorgsky.","Claire Parker, Alexandre Alexeieff","Claire Parker, Alexandre Alexeieff",Released,French,,
582976,https://www.themoviedb.org/movie/582976,Intervention,125.0,2020-09-13,RU,"Drama, Romance",1.8,"Masha is a young girl from the suburbs from an extremely poor family. She lives in her reality, where she cares for her grandmother and her younger brother, and dreams of her own family and a husband; she badly longs for warmth, love and care. She knows nothing about her serious illness. Her life abruptly changes after a meeting with Matvei Sergeevich, a cardiologist who saves her life.",Kseniya Zueva,Kseniya Zueva,Released,Russian,,
999582,https://www.themoviedb.org/movie/999582-babes,Babes,104.0,2026-02-15,KR,Comedy,5.9,"After getting pregnant from a one-night stand, a single woman leans on her married best friend and mother of two to guide her through gestation and beyond.",Pamela Adlon,"Josh Rabinowitz, Ilana Glazer",Released,English,3700000.0,3663309.0
824020,https://www.themoviedb.org/movie/824020,Seya,113.0,2018-03-15,LK,"Drama, Horror",0.0,"Seya (Sinhala: සේයා) is a 2018 Sri Lankan Sinhala horror film written and directed by Kalyana Chandrasekara and co-produced by A. Parister and Tharanga Athuraliya for Niro Films. It stars an all-female cast of 36 actresses, including, Udari Perera, Dilhani Ekanayake and Menik Wijewardena in lead role along with Deepani Silva, Vishaka Siriwardena and Gayathri Dias. Music composed by Sarath Wickrama. This is Sri Lanka's first all-female featuring movie. It is the 1299th Sri Lankan film in the Sinhala cinema.",Kalyana Chandrasekera,Kalyana Chandrasekera,Released,Sinhala; Sinhalese,,
3093,https://www.themoviedb.org/movie/3093-basic-instinct-2,Basic Instinct 2,116.0,2006-03-30,KR,"Crime, Mystery, Thriller",5.0,"Novelist Catherine Tramell is once again in trouble with the law, and Scotland Yard appoints psychiatrist Dr. Michael Glass to evaluate her. Though, like Detective Nick Curran before him, Glass is entranced by Tramell and lured into a seductive game.",Michael Caton-Jones,"Leora Barish, Henry Bean",Released,English,70000000.0,38629478.0
1243341,https://www.themoviedb.org/movie/1243341-z-o-m-b-i-e-s-4-dawn-of-the-vampires,Z-O-M-B-I-E-S 4: Dawn of the Vampires,86.0,2025-07-11,KR,"Fantasy, Music, Romance, Adventure, Family, Comedy, TV Movie",7.0,"A new adventure dawns for Zed and Addison when their summer road trip takes an unexpected detour, landing them in the middle of yet another monster rivalry: Daywalkers vs. Vampires. Tensions flare when Zed and Addison find themselves acting as camp counselors between the two opposing supernatural factions. With the help of Eliza and Willa, they must convince sworn enemies Nova and Victor to try to unite their warring worlds before an even greater threat endangers them all.",Paul Hoen,"David Light, Josh A. Cagan, Joseph Raso",Released,English,,
1146750,https://www.themoviedb.org/movie/1146750-africa,África,16.0,2023-07-27,MX,Documentary,0.0,"Africa, a trans woman dedicated to musical representation and comic entertainment on Facebook exhibits her daily life through live broadcasts, having success and a large influx of viewers. This while she is getting ready for her special program in honor of her best friend Vicenta de Loris, since a year has passed since her life was taken from her.",Salvador Santana II,Salvador Santana II,Released,Spanish; Castilian,,
241254,https://www.themoviedb.org/movie/241254-the-prince,The Prince,93.0,2014-08-22,US,"Thriller, Action",4.9,A family man who turns out to be a retired mob enforcer must travel across the country to find his daughter who has gone missing.,Brian A. Miller,"Andre Fabrizio, Jeremy Passmore",Released,English,18000000.0,1289595.0
208701,https://www.themoviedb.org/movie/208701,Avariya - Cop's Daughter,99.0,1989-06-06,SU,"Drama, Action",5.9,"A teenage girl nicknamed Avariya - ""Crash"" - is a rebel child that just can't get along with her family members that try to persuade her to behave normally - that is as other people do. But when Avariya gets gang-raped, his father (who is a cop) breaks all the rules and goes out for revenge.",Mikhail Tumanishvili,Yuri Korotkov,Released,Russian,,
25676,https://www.themoviedb.org/movie/25676,Rob-B-Hood,136.0,2006-09-28,KR,"Drama, Action, Comedy",7.0,"For never-do-well compulsive gambler Fong, there's only one thing more fearsome than debtors at his doorstep - having to coax a crying baby. But what if the baby becomes his golden goose to fend off his debtors? Can he overcome his phobia of diapers, milk bottles, and cloying lullabies?",Benny Chan,"Benny Chan, Alan Yuen Kam-Lun, Jackie Chan",Released,Cantonese,,
17474,https://www.themoviedb.org/movie/17474-the-man-in-the-moon,The Man in the Moon,99.0,1991-09-30,US,"Drama, Romance",7.4,"Maureen Trant and her younger sibling Dani share a strong connection, but local boy Court Foster threatens to throw their bond off balance. Dani and Court meet first and have a flirtatious rapport -- but when he meets Maureen, he falls hard and they begin a passionate affair. The new couple try to keep their love hidden from Dani, but she soon learns the truth, disavowing her sister. But a heartbreaking accident later reunites the girls.",Robert Mulligan,Jenny Wingfield,Released,English,1237669.0,2853801.0
158576,https://www.themoviedb.org/movie/158576-private-obsession,Private Obsession,102.0,1995-03-07,US,"Drama, Thriller",4.5,First-class fashion model Emanuelle Griffith is missing. Richard Tate knows exactly where she is and plans to keep her there until she knows her place: subordinate to men. But Emannuelle is waiting for her chance to turn his obsession. That one second of passion in which the prisoner becomes the hostage taker...,Lee Frost,Lee Frost,Released,English,,
1694783,https://www.themoviedb.org/movie/1694783-toronto-apartment,Toronto Apartment,70.0,2026-07-15,CA,Comedy,0.0,"After being dumped, a Toronto man subleases his apartment for an hour or two at a time to make rent as a 'community space.'",Tristan Wheeler,Tristan Wheeler,Released,English,7200.0,
307663,https://www.themoviedb.org/movie/307663-vice,Vice,96.0,2017-12-28,KR,"Thriller, Science Fiction, Action, Adventure",4.4,"Julian Michaels has designed the ultimate resort: VICE, where anything goes and the customers can play out their wildest fantasies with artificial inhabitants who look, think and feel like humans. When an artificial becomes self-aware and escapes, she finds herself caught in the crossfire between Julian's mercenaries and a cop who is hell-bent on shutting down Vice, and stopping the violence once and for all.",Brian A. Miller,"Jeremy Passmore, Andre Fabrizio",Released,English,10000000.0,
1395676,https://www.themoviedb.org/movie/1395676-fracas,Fracas,,2024-11-01,FR,Mystery,0.0,We don't have an overview translated in English. Help us expand our database by adding one.,Kévin Noguès,"Kévin Noguès, Denis Lavant",Released,French,,
1593173,https://www.themoviedb.org/movie/1593173-dog-noise,Dog Noise,9.0,2025-10-16,GB,Drama,0.0,"A young woman finds herself in an unfamiliar house rolled up in a rug, struggling to piece together the events of the night before.",Luca Saraceni-Gunner,Luca Saraceni-Gunner,Released,English,,
111969,https://www.themoviedb.org/movie/111969-stuck-in-love,Stuck in Love,97.0,2014-02-20,KR,"Drama, Comedy, Romance",7.4,"An acclaimed writer, his ex-wife, and their teenaged children come to terms with the complexities of love in all its forms over the course of one tumultuous year.",Josh Boone,Josh Boone,Released,English,,977671.0
851778,https://www.themoviedb.org/movie/851778-que-pais-e-este,Which Country is this?,1.0,1981-01-01,BR,Documentary,10.0,Didactic documentary on the History of Brazil,Leon Hirszman,,Released,Portuguese,,
513692,https://www.themoviedb.org/movie/513692,Raging Fire,125.0,2022-01-20,KR,"Action, Crime, Thriller, Adventure, Mystery",7.1,"Cheung Sung-bong is a highly respected cop with a long history of success in dangerous cases. However, his past soon comes back to haunt him when a former protégé resurfaces, seeking revenge.",Benny Chan,"Benny Chan, Ryan Ling Wai-Chun, Tim Tong Yiu-Leung",Released,Cantonese,,205000000.0
906221,https://www.themoviedb.org/movie/906221-magic-mike-s-last-dance,Magic Mike's Last Dance,112.0,2023-11-28,KR,"Comedy, Drama, Romance",6.4,"Mike Lane takes to the stage again after a lengthy hiatus, following a business deal that went bust, leaving him broke and taking bartender gigs in Florida. For what he hopes will be one last hurrah, Mike heads to London with a wealthy socialite who lures him with an offer he can’t refuse… and an agenda all her own. With everything on the line, once Mike discovers what she truly has in mind, will he—and the roster of hot new dancers he’ll have to whip into shape—be able to pull it off?",Steven Soderbergh,Reid Carolin,Released,English,45000000.0,52000000.0
127778,https://www.themoviedb.org/movie/127778-dias-salvajes,Savage Days,,2008-05-07,US,Drama,2.3,"Mario and Karla are a beautiful young couple with a seemingly normal relationship. Without warning, madness and jealousy consume Miguel, transforming him into a serial killer.",J. Xavier Velasco,Fernando C. Finck,Released,Spanish; Castilian,,
663096,https://www.themoviedb.org/movie/663096-tujhya-aaila,Up Your Mother's,85.0,2018-06-08,IN,,0.0,"Avinash, a gullible boy from the city has to shift to a remote village, as his father gets a government routine transfer. Avinash is introduced to a game of verbal abuse.",Sujay Dahake,Niyaz Mujawar,Released,English,,
13455,https://www.themoviedb.org/movie/13455-push,Push,111.0,2009-02-06,US,"Science Fiction, Action, Adventure, Thriller",6.1,"After his father, an assassin, is brutally murdered, Nick Gant vows revenge on Division, the covert government agency that dabbles in psychic warfare and experimental drugs. Hiding in Hong Kong's underworld, Nick assembles a band of rogue psychics dedicated to destroying Division. Together with Cassie, a teenage clairvoyant, Nick goes in search of a missing girl and a stolen suitcase that could be the key to accomplishing their mutual goal.",Paul McGuigan,David Bourla,Released,English,38000000.0,49678401.0
403822,https://www.themoviedb.org/movie/403822-november-rain,November Rain,132.0,2014-04-14,NP,,7.0,Unusual rain in November brings change into the life of Aayush and Sheetal.,Dinesh Raut,,Released,Nepali,,
487325,https://www.themoviedb.org/movie/487325-siri-ara,Siri-Ará,,2008-11-21,BR,,0.0,We don't have an overview translated in English. Help us expand our database by adding one.,Rosemberg Cariry,Rosemberg Cariry,Released,Portuguese,,
447297,https://www.themoviedb.org/movie/447297-kolka,Kolka,28.0,1988-09-18,RU,,7.5,"Life Kolka and his parents were not sweet. Personal happiness was not. They lived in poverty and constant quarrels. Kolka, not to see the parents scandals all the time spent on the street.",Hussein Erkenov,"Hussein Erkenov, Ulughbek Sadikov, Liliya Borovskaya",Released,Russian,,
18947,https://www.themoviedb.org/movie/18947-the-boat-that-rocked,The Boat That Rocked,135.0,2009-04-01,GB,"Drama, Comedy",7.2,"When a group of rebellious deejays decides to defy the ban on government-censored music, they take to the seas to broadcast music and mayhem to millions of adoring fans.",Richard Curtis,Richard Curtis,Released,English,50000000.0,36348784.0
661873,https://www.themoviedb.org/movie/661873-az-idok-kezdeten,When Time Began,92.0,1975-01-01,HU,Drama,8.0,The film takes place at the end of 1946. Rumours are spread that the food supply will not arrive for it has been robbed. Workers of the metal factory go on strike.,Tamás Rényi,Miklós Köllő,Released,Hungarian,,
1477166,https://www.themoviedb.org/movie/1477166-das-bose,Das Bose,7.0,2025-05-22,AR,Thriller,0.0,"Lola works as an internet troll. After an assignment she rejects, she feels cornered by her boss.",Thiago Zavallone,Ana Julia Gonzalez Sastre,Released,Spanish; Castilian,400.0,
64720,https://www.themoviedb.org/movie/64720-take-shelter,Take Shelter,120.0,2013-04-18,KR,"Thriller, Drama, Horror",7.1,"Plagued by a series of apocalyptic visions, a young husband and father questions whether to shelter his family from a coming storm, or from himself.",Jeff Nichols,Jeff Nichols,Released,English,5000000.0,3741098.0
1730354,https://www.themoviedb.org/movie/1730354-phillip-philadelphia,Phillip Philadelphia,72.0,2026-08-07,AU,"Comedy, Drama",0.0,"British screenwriter Phillip Philadelphia conducts a retiring life of fantasy, delusion and tawdry eroticism from a Gold Coast motel; meanwhile the ghosts of love and past glory begin to erode his web of reverie.",Adam C. Briggs,Adam C. Briggs,Post Production,English,,
504909,https://www.themoviedb.org/movie/504909-igezet,Igézet,21.0,1964-04-22,HU,,6.4,A poetic experiment (inspired by fine arts and music) to present the skills of metallurgy and metal casting.,István Bácskai Lauró,,Released,English,,
178182,https://www.themoviedb.org/movie/178182,Female Teacher Hunting,66.0,1982-08-28,JP,Drama,4.7,"Frustrated by claims that he raped a fellow student, Daisuke drops out of high school before a verdict is reached, lashing out at Shimako, a sympathetic teacher who believes he should stay and prove his innocence. Though Daisuke flees to a remote seaside town, their paths seem destined to cross again, threatening to reopen fresh wounds before they can heal.",Junichi Suzuki,Hiroshi Saitou,Released,Japanese,,
1387198,https://www.themoviedb.org/movie/1387198-39-derecede-ask,Love in 39 Degrees,115.0,2024-12-06,TR,"Romance, Drama, Comedy",6.9,"Fatih and Kumru, a lawyer from different cities, team up for a case involving a cheating spouse. They spend 8 hours racing around Izmir gathering evidence, unexpectedly altering their plans and lives.",Tunç Sahin,Uygar Şirin,Released,Turkish,,
596251,https://www.themoviedb.org/movie/596251-vespa,Vespa,85.0,2010-09-20,HU,,1.0,"A boy's secret trek from his country town to Budapest to claim a prize evolves into the hopeful search for his missing father. Lali, a Roma boy, wins a chocolate bar from a friend in a card game and discovers that the wrapper makes him the lucky winner of a red motor scooter. How to claim the prize in person, as required, when you're only twelve and look much younger? First-time director Groó creates a sure and realistic depiction of childhood on the cusp of manhood in this sensitive and lovingly crafted coming-of-age story.",Diana Groó,"Diana Groó, Iván Szabó",Released,English,,
1263421,https://www.themoviedb.org/movie/1263421-vs,Baki Hanma VS Kengan Ashura,60.0,2024-06-06,KR,"Animation, Action, Fantasy",7.7,"It's the ultimate showdown. The toughest fighters from ""Baki Hanma"" and ""Kengan Ashura"" clash in this unprecedented, hard-hitting martial arts crossover.",Toshiki Hirano,Atsuo Ishino,Released,Japanese,,
926606,https://www.themoviedb.org/movie/926606-the-home,The Home,95.0,2025-07-25,US,"Horror, Mystery, Thriller",6.8,"A troubled man starts working at a retirement home and realizes its residents and caretakers harbor sinister secrets. As he investigates the building and its forbidden fourth floor, he starts to uncover connections to his own past and upbringing as a foster child.",James DeMonaco,"James DeMonaco, Adam Cantor",Released,English,,1001930.0
445651,https://www.themoviedb.org/movie/445651-the-darkest-minds,The Darkest Minds,105.0,2018-08-03,US,"Action, Adventure, Drama",7.0,"After a disease kills 98% of America's children, the surviving 2% develop superpowers and are placed in internment camps. A 16-year-old girl escapes her camp and joins a group of other teens on the run from the government.",Jennifer Yuh Nelson,"Alexandra Bracken, Chad Hodge",Released,English,34000000.0,41142379.0
1733781,https://www.themoviedb.org/movie/1733781-miz,Mız,3.0,2026-07-16,AZ,Comedy,0.0,Farid finds himself in a different field while trying to become a screenwriter.,Yusif Ələkbərzadə,Ali Ucal,Released,Azerbaijani,,
594012,https://www.themoviedb.org/movie/594012-la-foret-de-l-espace,The Outer Space Forest,30.0,2019-04-05,CH,Documentary,0.0,"Men, sent to the Moon to vegetate it, are waiting for the arrival of the Earthlings. In the middle of the forest they grew, they tell about their past lives on Earth and the world in which they would like to live. But who are these men? Are they real? Have they been forgotten? The Outer Space Forest is a dreamed place on the border of fiction and documentary.",Victor Missud,Victor Missud,Released,French,,
2039,https://www.themoviedb.org/movie/2039-moonstruck,Moonstruck,102.0,1989-10-07,KR,"Comedy, Drama, Romance",6.8,"37-year-old Italian-American widow Loretta Castorini believes she is unlucky in love, and so accepts a marriage proposal from her boyfriend Johnny, even though she doesn't love him. When she meets his estranged younger brother Ronny, an emotional and passionate man, she finds herself drawn to him. She tries to resist, but Ronny, who blames his brother for the loss of his hand, has no scruples about aggressively pursuing her while Johnny is out of the country. As Loretta falls for Ronny, she learns that she's not the only one in her family with a secret romance.",Norman Jewison,John Patrick Shanley,Released,English,15000000.0,122100000.0
1646250,https://www.themoviedb.org/movie/1646250-la-dorada,La Dorada,,2026-03-13,ES,,0.0,"Juana, tired of her financial situation and motivated by a conversation with her grandson Raúl, decides to put an end to it by taking the law into her own hands.","Mariana Alvénez, Alfonso Gautier","Mariana Alvénez, Alfonso Gautier",Released,Spanish; Castilian,,
285148,https://www.themoviedb.org/movie/285148-gorus,The Meeting,72.0,1955-12-25,SU,"Comedy, Romance",3.3,The film is about Azerbaijanian and Uzbekistan's cotton-growers contest and about two young people's love.,Tofig Taghizadeh,"Nina Mustafayeva, Adham Gulubayov",Released,Azerbaijani,,
966778,https://www.themoviedb.org/movie/966778-glorious-revolution,Glorious Revolution,20.0,2022-05-17,FR,Drama,4.8,"In 2014, at the height of the Ukrainian revolution, a mother loses her son who is killed while protesting in Independence Square. Her attempt to bury him as a hero clashes with a corrupt bureaucratic system, testing her view of Ukraine.",Masha Novikova,"Masha Novikova, Matthew McHaffie",Released,Ukrainian,,
919818,https://www.themoviedb.org/movie/919818-face-control,Face Control,13.0,2017-05-15,UA,Drama,0.0,"Two friends want to have fun at night in Kyiv. Under the spotlight of nightlife, class inequality and injustice become ruthless towards young boys and their desires.",Olga Stuga,Kyryl Zhekov,Released,Ukrainian,,
532067,https://www.themoviedb.org/movie/532067,KONOSUBA – God's blessing on this wonderful world! Legend of Crimson,90.0,2019-08-30,JP,"Animation, Comedy, Fantasy",8.0,"After receiving a warning that Yunyun's hometown is in danger, Kazuma's party is relieved to discover it's only a joke...until it isn't. The Demon King's general has just arrived to obtain The Mage Killer, a weapon with world-ending power.",Takaomi Kanasaki,"Natsume Akatsuki, Makoto Uezu",Released,Japanese,,5078942.0
1077280,https://www.themoviedb.org/movie/1077280-die-hart,Die Hart,84.0,2023-02-24,US,"Comedy, Action, Thriller",5.9,"Kevin Hart - playing a version of himself - is on a death-defying quest to become an action star. And with a little help from John Travolta, Nathalie Emmanuel, and Josh Hartnett - he just might pull it off.",Eric Appel,"Derek Kolstad, Tripper Clancy",Released,English,,
1215269,https://www.themoviedb.org/movie/1215269-frau-eva-wird-mondan,Frau Eva wird mondän,,1934-05-05,DE,,0.0,We don't have an overview translated in English. Help us expand our database by adding one.,Phil Jutzi,Charlie Roellinghoff,Released,German,,
614406,https://www.themoviedb.org/movie/614406,Inhale-Exhale,90.0,2019-06-15,CN,Drama,8.5,"37-year-old Irina, a doctor who returns home after serving a long sentence in prison. In order to start a new life and return to the society, Irina has to earn the trust of the people close to her. But does she need a place in such a society?",Dito Tsintsadze,"Dito Tsintsadze, Nestan Kvinikadze",Released,Georgian,,
1303460,https://www.themoviedb.org/movie/1303460-the-poem,The Poem,8.0,2024-10-24,CA,Horror,0.0,Two teenage boys try to summon a demonic entity while live streaming on TikTok in an attempt to go viral.,Andrea D'Amario,Andrea D'Amario,Released,English,8000.0,
11017,https://www.themoviedb.org/movie/11017-billy-madison,Billy Madison,90.0,2002-12-20,KR,Comedy,6.2,"Billy Madison is the 27 year-old son of Bryan Madison, a very rich man who has made his living in the hotel industry. Billy stands to inherit his father's empire, but only if he can make it through all 12 grades, 2 weeks per grade, to prove that he has what it takes to run the family business.",Tamra Davis,"Adam Sandler, Tim Herlihy",Released,English,10000000.0,26488734.0
702985,https://www.themoviedb.org/movie/702985-coracao-migrante,Coração Migrante,22.0,2020-05-08,BR,"Comedy, Drama",0.0,We don't have an overview translated in English. Help us expand our database by adding one.,"Leonardo Amaral, Roberto Cotta",,Released,Portuguese,,
471284,https://www.themoviedb.org/movie/471284-dias-vazios,Empty Days,103.0,2018-01-25,BR,Drama,4.1,"""Empty Days"" tells the story of a day in the life of Jean and Fabiana, a couple of young boyfriends who try to reinvent their lives in a small town in the Brazilian interior. They are in their senior year of high school and live the old dilemma: either we leave this city or we stay here and continue the history of our parents. At the end of this day Jean commits suicide and Fabiana disappears. Two years later, Daniel and Alanis, another couple of young boyfriends, try to understand how everything happened.",Robney Bruno Almeida,Robney Bruno Almeida,Released,Portuguese,,
33227,https://www.themoviedb.org/movie/33227-tapas,Tapas,94.0,2006-07-06,NL,"Comedy, Drama",5.8,"The film centers on a Spanish tapas bar and the love lives of the loosely interconnected people in the neighborhood surrounding the bar. The pairs of lovers include a middle aged woman and a young man; an elderly, drug dealing woman and her terminally ill husband in poor health; the tapas bar owner and his estranged wife; and two Chinese immigrants.","Juan Cruz, José Corbacho",,Released,Spanish; Castilian,,
331527,https://www.themoviedb.org/movie/331527,Aame Katha,,1977-11-18,IN,Drama,7.0,We don't have an overview translated in English. Help us expand our database by adding one.,K Raghavendra Rao,,Released,Telugu,,
1007501,https://www.themoviedb.org/movie/1007501,Someone,8.0,2012-11-01,KW,Comedy,0.0,A Kuwaiti employee narrates the daily routine of his life in Kuwait.,"Mousaed Khaled, Meqdad Al-Kout","Mousaed Khaled, Meqdad Al-Kout",Released,Arabic,,
1632,https://www.themoviedb.org/movie/1632-mississippi-burning,Mississippi Burning,128.0,1989-03-20,KR,"Drama, Crime, Mystery, Thriller",7.7,"Two FBI agents investigating the murder of civil rights workers during the 60s seek to breach the conspiracy of silence in a small Southern town where segregation divides black and white. The younger agent trained in FBI school runs up against the small town ways of his partner, a former sheriff.",Alan Parker,Chris Gerolmo,Released,English,15000000.0,34604000.0
1027254,https://www.themoviedb.org/movie/1027254-o-acidente,The Accident,95.0,2023-08-24,BR,Drama,6.0,"Joana is the victim of a hit-and-run after antagonizing an aggressive driver who cut her off in traffic. On the surface, she’s visibly shaken but manages to walk away unscathed. Intending to shrug it off alongside her partner Cecília, a viral video turns up online, forcing her to process the event. Reluctantly the pair enter the lives of culprit Elaine, her estranged husband Cléber and son Maicon, an introverted budding filmmaker.",Bruno Carboni,"Bruno Carboni, Marcela Bordin",Released,Portuguese,,
275048,https://www.themoviedb.org/movie/275048-natsionalnaya-bomba,National Bomb,104.0,2007-02-10,AZ,Comedy,8.5,"In capital city Baku, eminent editor Yusef Abranov and director Mehmet are determined to get their latest movie made by any means necessary, after being shut down by the bankrupt national studio. Following various schemes, the only way left to raise the cash is to marry off Yusef’s son to the daughter of the rich guy who’s bought Yusef’s bizarre, mirror-filled house.",Vagif Mustafayev,"Vagif Mustafayev, Elchin Afandiyev",Released,Russian,,
527261,https://www.themoviedb.org/movie/527261-the-silence,The Silence,91.0,2019-07-17,KR,"Horror, Drama, Thriller, Fantasy",6.0,"With the world under attack by deadly creatures who hunt by sound, a teen and her family seek refuge outside the city and encounter a mysterious cult.",John R. Leonetti,"Tim Lebbon, Carey van Dyke, Shane van Dyke",Released,English,,2325977.0
1703611,https://www.themoviedb.org/movie/1703611-the-thriller,Ghatak 'The Thriller',,2008-02-15,NP,Thriller,0.0,"Ghatak 'The Thriller' is a Nepali movie released on February 15, 2008. It is an action-thriller directed by Ramji Lamichhane and produced by Prabhu Shamsher Jung Bahadur Rana.",Ramji Lamichhane,Dinesh Neupane,Released,Nepali,,
839,https://www.themoviedb.org/movie/839-duel,Duel,74.0,1983-04-22,US,"Action, Thriller, TV Movie",7.4,"Traveling businessman David Mann angers the driver of a rusty tanker while crossing the California desert. A simple trip turns deadly, as Mann struggles to stay on the road while the tanker plays cat and mouse with his life.",Steven Spielberg,Richard Matheson,Released,English,450000.0,2544.0
987208,https://www.themoviedb.org/movie/987208-closing-dynasty,Closing Dynasty,18.0,2024-12-01,KR,Drama,6.6,"On a school day, a seven year-old girl, Queenie, hustles and schemes ways to make money on the streets of New York City.",Lloyd Lee Choi,Lloyd Lee Choi,Released,English,,
16296,https://www.themoviedb.org/movie/16296-killer-klowns-from-outer-space,Killer Klowns from Outer Space,86.0,1988-05-27,US,"Comedy, Horror, Science Fiction",6.6,Aliens disguised as clowns crash land on Earth in a rural town to capture unsuspecting victims in cotton candy cocoons for later consumption.,Stephen Chiodo,"Stephen Chiodo, Edward Chiodo, Charles Chiodo",Released,English,1800000.0,43625095.0
1421173,https://www.themoviedb.org/movie/1421173-narqiz,Nargis,9.0,2025-01-17,AZ,Animation,0.0,"The educational film emphasizes the importance of sharing experiences on how to protect oneself and act cautiously around landmines, which pose one of the greatest threats during peacetime.",Masud Panahi,,Released,Azerbaijani,,
701396,https://www.themoviedb.org/movie/701396-somos-visitas,We are visits,11.0,2019-08-15,MX,"Drama, Romance",0.0,"Santiago meets Paulina at a party. Love is a cycle and both will fall into it a second, third, or perhaps fifth time. Their relationship could last forever or, more likely, they will only become one more visit in each other's lives.",Venancio Villalobos,Venancio Villalobos,Released,Spanish; Castilian,,
534680,https://www.themoviedb.org/movie/534680,Crane Song,82.0,1959-12-01,SU,Drama,8.0,A film-ballet based on the Bashkir legend about the love of the shepherd Yumagul and the girl Zaitangul.,"Eduard Pentslin, Nina Anisimova, Oleg Nikolayevsky","Eduard Pentslin, Anver Bikchentayev, Faizi Gaskarov",Released,Russian,,
1219835,https://www.themoviedb.org/movie/1219835-tripa-corazon,Tripa corazón,,2024-04-20,AR,Romance,0.0,We don't have an overview translated in English. Help us expand our database by adding one.,Rayen Curtoni,Franco Gotelli,Released,Spanish; Castilian,,
295693,https://www.themoviedb.org/movie/295693-the-boss-baby,The Boss Baby,97.0,2017-05-03,KR,"Animation, Comedy, Family",6.5,"A story about how a new baby's arrival impacts a family, told from the point of view of a delightfully unreliable narrator, a wildly imaginative 7 year old named Tim.",Tom McGrath,"Marla Frazee, Michael McCullers",Released,English,125000000.0,527965936.0
391963,https://www.themoviedb.org/movie/391963,Hijrat,,2016-04-22,PK,Romance,10.0,A love story that plays out in the foreground of an exodus that rendered millions homeless during the Afghan war. It touches upon the lives of those whose spirits were broken by the homes they lost and whose hearts were broken by the shelter they found,Farooq Mengal,Farooq Mengal,Released,Urdu,,
455360,https://www.themoviedb.org/movie/455360,Rosemarie,112.0,2017-04-27,CY,"Comedy, Drama",0.0,"A burned-out soap-opera writer turns his gaze upon his dysfunctional neighbours, but gets more than the inspiration he bargained for.",Adonis Floridis,Adonis Floridis,Released,Greek,,
602143,https://www.themoviedb.org/movie/602143,Unmaiyen Velicham,138.0,2019-05-10,IN,"Drama, Thriller",0.0,"A thriller film directed by PK Sivakumar, starring Kirthi Krishna, Nizhalgal Ravi and Vijay Aathik in the lead roles.",,,Released,Tamil,,
10364,https://www.themoviedb.org/movie/10364-catch-22,Catch-22,121.0,1970-06-24,US,"War, Comedy",6.7,A WWII military pilot makes a valiant effort to be certified insane in order to be excused from flying missions. But there's a catch.,Mike Nichols,"Joseph Heller, Buck Henry",Released,English,18000000.0,24911670.0
676547,https://www.themoviedb.org/movie/676547-prey-for-the-devil,Prey for the Devil,93.0,2022-12-07,KR,"Horror, Thriller",6.8,"In response to a global rise in demonic possessions, the Catholic Church reopens exorcism schools to train priests in the Rite of Exorcism. On this spiritual battlefield, an unlikely warrior rises: a young nun, Sister Ann. Thrust onto the spiritual frontline with fellow student Father Dante, Sister Ann finds herself in a battle for the soul of a young girl and soon realizes the Devil has her right where he wants her.",Daniel Stamm,Robert Zappia,Released,English,,37655699.0
697265,https://www.themoviedb.org/movie/697265,War Note,72.0,2021-08-24,UA,"Documentary, War",8.0,"Personal videos from the phones, camcorders, cameras and GoPros of Ukrainian soldiers are woven into a surreal journey to the frontline of the war with Russia. The film shows a bizarre world whose laws are quite different from what we are used to. The behaviour is different, the relationships unfold differently and the humour takes on different notes. The heroes wake up and fall asleep, rejoice and cry, always feeling that the recording may end at any moment.",Roman Liubyi,,Released,Ukrainian,,
1147220,https://www.themoviedb.org/movie/1147220,Кошки-мышки,,2015-03-10,RU,Romance,0.0,We don't have an overview translated in English. Help us expand our database by adding one.,Pavel Kurochkin,,Released,Russian,,
1015139,https://www.themoviedb.org/movie/1015139-maaf,Sorry,,2022-08-21,ID,Drama,0.0,A group of actors rehearsing a scene for a casting,Julfikar Maha Putra,Putri Ayudya,Released,Indonesian,,
245842,https://www.themoviedb.org/movie/245842-the-king-s-daughter,The King's Daughter,94.0,2022-11-04,KR,"Fantasy, Adventure, Family",7.0,"King Louis XIV's quest for immortality leads him to capture and steal a mermaid's life force, a move that is further complicated by his illegitimate daughter's discovery of the creature.",Sean McNamara,"Vonda N. McIntyre, James Schamus, Barry Berman",Released,English,40500000.0,2200000.0
1591861,https://www.themoviedb.org/movie/1591861-tranquility-base,Tranquility Base,,2026-06-07,IT,"Mystery, Drama",0.0,We don't have an overview translated in English. Help us expand our database by adding one.,Lorenzo Pedrotti,Lorenzo Pedrotti,Released,Italian,,
330315,https://www.themoviedb.org/movie/330315-kepala-angin,Kepala Angin,89.0,1987-01-01,MY,Comedy,0.0,"Fandi, a photographer met with Lydia, a security guard and then fall in love and get married. After getting married, Lydia sent Fandi stop working to make household chores. Apparently this is not appropriate exchange roles.",Azmil Mustapha,Azmil Mustapha,Released,English,,
709090,https://www.themoviedb.org/movie/709090,Coexistence,14.0,2019-03-24,SA,,0.0,"Two Muslim immigrant students in America sharing a homestay like each other at first sight. As crazy football fans, they hit it off right from the beginning. However, as the day unwinds, politics intervenes, and they find out that are from two different Muslim sects. Shared moments and laughter are forgotten, and they talk of parting ways when a horrible encounter with a racist neighborhood bully brings them together again.",Musab Alamri,,Released,Arabic,,
795351,https://www.themoviedb.org/movie/795351,The Third Party,120.0,1987-01-01,CN,Drama,0.0,A young graduate art student becomes involved in the marital affairs of her mentor.,Dong Kena,,Released,Chinese,,
515598,https://www.themoviedb.org/movie/515598,The Lord Eagle,80.0,2018-04-23,RU,Drama,5.0,"Yakutia, the 1930s. Old Mikipper and his wife Oppuos live their days in thick taiga. Cows, hunting, fishing make up the simple everyday life of the old people. Once early in the winter an eagle flies into their garden. The old people dare no drive it away because eagles are sacred. All through the winter they feed the bird so that it does no attack their cattle. Gradually they grow accustomed to each other. On a cold Christmas day the eagle makes its way into the house and occupies the honorary place in the corner on the shelf next to the icons. From then on the people and the bird start their life together in one house.",Eduard Novikov,Semen Ermolaev,Released,Russian,,
423617,https://www.themoviedb.org/movie/423617-los-anos-azules,The Blue Years,102.0,2017-03-12,MX,Drama,5.7,"An old cat and a deteriorating urban villa are witnesses to the drama of five youths living together, who are drastically transformed into a close-knit family by the arrival of a flamboyant housemate.",Sofía Gómez Córdova,"Sofía Gómez Córdova, Luis Briones, Samuel Kishi",Released,Spanish; Castilian,,
417576,https://www.themoviedb.org/movie/417576-primero-enero,First January,59.0,2016-09-23,BR,Drama,5.7,"A newly divorced father and his son, spent a last vacation in their mountain house before it goes to sale.",Darío Mascambroni,Darío Mascambroni,Released,Spanish; Castilian,,
648811,https://www.themoviedb.org/movie/648811-casulo,Cocoon,15.0,2018-10-16,BR,Drama,10.0,Mario and his father live isolated in a small place in Brazi's countryside.,Rafael Aguiar,Rafael Aguiar,Released,Portuguese,,
10935,https://www.themoviedb.org/movie/10935-heaven-s-gate,Heaven's Gate,217.0,1980-11-19,US,"Drama, Western, History",6.7,"Harvard graduate James Averill serves as the sheriff of prosperous Jackson County, Wyoming, standing at the center of a conflict between impoverished immigrants and affluent cattle farmers. Politically connected ranchers enlist mercenary Nathan Champion—who is also vying for the affections of local madam Ella Watson—to combat the immigrant uprising. As tensions escalate, both Averill and Champion start to question their decisions.",Michael Cimino,Michael Cimino,Released,English,44000000.0,3484331.0
1268312,https://www.themoviedb.org/movie/1268312-ervas-daninhas,Ervas Daninhas,,2024-03-25,BR,"Drama, Romance",0.0,We don't have an overview translated in English. Help us expand our database by adding one.,Samuel Guterman,Samuel Guterman,Released,Portuguese,2000.0,
1497085,https://www.themoviedb.org/movie/1497085-dead-tide,Dead Tide,94.0,2025-06-20,NG,Action,0.0,"After losing his sister, Itoro seeks a peaceful life by the beach, but his when Sade mistakenly films the president's son Dare committing murder and finds refuge in Itoro's bar, he must outsmart their pursuers and seek justice.",Soji Ogunnaike,"Soji Ogunnaike, Chijioke Ononiwu, Babajide Ayinde",Released,English,,
580005,https://www.themoviedb.org/movie/580005-blott-sverige-svenska-komedienner-har,Blott Sverige svenska komedienner har,,2019-03-03,SE,Documentary,0.0,We don't have an overview translated in English. Help us expand our database by adding one.,Nisti Stêrk,Nisti Stêrk,Released,Swedish,,
1446765,https://www.themoviedb.org/movie/1446765-kakhovskyi-ob-yekt,The Dam,99.0,2026-07-06,KR,"Action, Horror, Thriller",5.8,"The film takes place during the full-scale Russian invasion of Ukraine. After the Kakhovka dam is blown up, a detachment of Ukrainian soldiers led by a female fighter with the call sign Mara finds themselves in a secret Soviet bunker at the bottom of a reservoir where the USSR conducted human experiments during the Cold War. The consequences of these experiments are still in the bunker in the form of the half-living corpses of Soviet soldiers. Now, in order to survive, Ukrainians need to defeat the Soviet zombies, their own fear, as well as overcome internal disputes and trust each other.",Oleksii Taranenko,Yaroslav Voytseshek,Released,Ukrainian,,
1463371,https://www.themoviedb.org/movie/1463371-2-mal,2 mal,74.0,2018-09-28,AZ,"Comedy, Adventure",0.0,"Two young men who are looking for work because of their debts, they decide to become a nanny and go to the house of a wealthy person. But the disappearance of the child, the child's father finding out and old debts bring them to unexpected days.",Rafael Baghiroghlu,"Mansur Sharif, Rasul Abbasov",Released,Azerbaijani,,
24614,https://www.themoviedb.org/movie/24614,Legend of the Sacred Stone,90.0,2000-01-22,TW,"Action, Adventure, Fantasy, Animation",7.3,"The heads of the six schools of martial arts do battle with the demon warrior Mo Kuei, but no sooner do they emerge victorious than a group of demons known only as ""The Unfriendly"" slaughter the six masters and make off with Mo Kuei's body. It is now up to a group of heros to stop The Unfriendly from using the spirit of Mo Kuei in order to gain possession of the wish-granting Stone of Heaven",Chris Huang,Chris Huang,Released,Chinese,,
1628777,https://www.themoviedb.org/movie/1628777-trash-attack,Trash Attack,6.0,2026-02-11,US,"Horror, Comedy, Science Fiction",0.0,"A dysfunctional couple consisting of slob and a hardworker argue over who should take out the trash. The slob reluctantly dumps the trash at a nuclear waste site, causing dangerous consequences.","Tommy Bowers, Martin McGowan",Tommy Bowers,Released,English,,
206751,https://www.themoviedb.org/movie/206751-a-revolucao-de-maio,A Revolução de Maio,138.0,1937-06-06,PT,Drama,7.0,The most well-known fascist propaganda film in Portugal. A communist man falls in love with a woman of Salazarian beliefs and changes his way of looking at things.,António Lopes Ribeiro,"António Lopes Ribeiro, António Ferro",Released,Portuguese,,
8012,https://www.themoviedb.org/movie/8012-get-shorty,Get Shorty,105.0,1996-03-09,KR,"Comedy, Thriller, Crime",6.5,"Chili Palmer is a Miami mobster who gets sent to L.A. to collect a bad debt from Harry Zimm, a Hollywood producer who specializes in cheesy horror films. When Chili meets Harry's leading lady, the romantic sparks fly. After pitching his own life story as a movie idea, Chili learns that being a mobster and being a Hollywood producer really aren't all that different.",Barry Sonnenfeld,"Elmore Leonard, Scott Frank",Released,English,30250000.0,115101622.0
421500,https://www.themoviedb.org/movie/421500-morre-diabo,"Die, Damn It!",3.0,2016-05-31,BR,,0.0,"A dark tale about a drug addict who internalizes his life through a paranoid trip. Slowly he makes sense of his past, and spares no one in the process.",João Gabriel Kowalski,,Released,Portuguese,,
6972,https://www.themoviedb.org/movie/6972-australia,Australia,165.0,2008-12-10,KR,"Adventure, Romance, Drama",6.6,"Set in northern Australia before World War II, an English aristocrat who inherits a sprawling ranch reluctantly pacts with a stock-man in order to protect her new property from a takeover plot. As the pair drive 2,000 head of cattle over unforgiving landscape, they experience the bombing of Darwin by Japanese forces firsthand.",Baz Luhrmann,"Baz Luhrmann, Ronald Harwood, Richard Flanagan, Stuart Beattie",Released,English,130000000.0,211787511.0
157772,https://www.themoviedb.org/movie/157772-31-dias,31 Days,92.0,2013-01-11,MX,"Comedy, Romance",4.8,"31 Dias (31 Days) is the story of Eva (Irán Castillo), a young and beautiful psychologist and author of a series of self-help books about modern women and their love relationships. For her next bestseller she has decided to prove her most daring theory: After the first 30 days together love ends, so the only way to have a meaningful relationship in this new millennium is when the couple part ways after the first month. At a magazine's photo session Eva meets Adam (Lorenzo Balducci), an attractive Italian photographer, and she decides he's perfect as her study subject. She will live a very intense relationship with Adam during 31 days, in order to prove her theory is right. However, what she is not aware of is that Adam is using her own advice from her books in order to make her fall in love with him and teach her a lesson. What neither of them suspects is that they'll come to learn that love has no rules.",Erika Grediaga,Erika Grediaga,Released,English,,
9557,https://www.themoviedb.org/movie/9557-boat-trip,Boat Trip,94.0,2002-10-01,US,Comedy,5.2,"Two guys whose love lives are a wreck look forward to finding ladies on the high seas. Unfortunately, they've mistakenly been booked on a gay cruise.",Mort Nathan,"Mort Nathan, William Bigelow",Released,English,20000000.0,8586376.0
1096963,https://www.themoviedb.org/movie/1096963,Samakdo,100.0,2026-03-11,KR,"Horror, Mystery",4.0,"The producer of the accusation program begins to track the cult 'Samsundo' and the historical facts behind it. The more they try to find out about 'Samsundo', the more they become engulfed in a bizarre phenomenon. Will they be able to safely arrive at 'Thousand Years' Shrine, the only shrine in Korea, and let the whole story known to the world?",Chae Ki-jun,"Lee Won-bin, Jean Leonard",Released,Korean,,
11411,https://www.themoviedb.org/movie/11411-superman-iv-the-quest-for-peace,Superman IV: The Quest for Peace,90.0,1990-12-15,KR,"Action, Adventure, Science Fiction",4.6,"With global superpowers engaged in an increasingly hostile arms race, Superman leads a crusade to rid the world of nuclear weapons. But Lex Luthor, recently sprung from jail, is declaring war on the Man of Steel and his quest to save the planet. Using a strand of Superman's hair, Luthor synthesizes a powerful ally known as Nuclear Man and ignites an epic battle spanning Earth and space.",Sidney J. Furie,"Lawrence Konner, Mark Rosenthal",Released,English,17000000.0,36700000.0
962163,https://www.themoviedb.org/movie/962163-n-n,N+N,95.0,2012-11-05,HK,Drama,0.0,"Lai Yan-Chi's short film 1+1 triumphed at two prominent short film awards in Hong Kong, namely Fresh Wave and IFVA. She multiplies the sentiment in 1+1, by N times maybe, to come up with her debut feature-length fictional film N+N. The wise grandpa and witty granddaughter from 1+1 continue to bless the city with bamboo shoots, while their own home in a rural village is torn down to give way for the high speed railway. They meet other people also jeopardized by the so-called development: artist left homeless because of factory revitalization, the middle-class striving for a living, the young generation born in the 1990s... They are all trying to hold on to the city's collective memory and every living tree.",Mo Lai Yan Chi,,Released,Cantonese,,
255343,https://www.themoviedb.org/movie/255343-escobar-paradise-lost,Escobar: Paradise Lost,120.0,2014-11-05,FR,"Thriller, Romance",6.3,"For Pablo Escobar family is everything. When young surfer Nick falls for Escobar's niece, Maria, he finds his life on the line when he's pulled into the dangerous world of the family business.",Andrea Di Stefano,Andrea Di Stefano,Released,English,17000000.0,3758328.0
465541,https://www.themoviedb.org/movie/465541-cain-les-marcheurs-de-la-nuit,Caïn - Les marcheurs de la nuit,76.0,1965-02-04,CA,Drama,6.7,"The conflicts between Jean, a penniless painter, and his brother Luc, a successful lawyer. Adapted from a novel by Réal Giguère, which revives the Thebiblical story of Cain and Abel. An interesting look at Quebec in the Sixties.",Pierre Patry,"Réal Giguère, Jacques Proulx",Released,French,,
1613125,https://www.themoviedb.org/movie/1613125-sevgi-muhasibati,Sevgİ MühAsibatı,14.0,2026-01-08,AZ,Comedy,0.0,A short film by Taleh Yuzbeyov.,Taleh Yuzbeyov,Taleh Yuzbeyov,Released,Azerbaijani,,
1294189,https://www.themoviedb.org/movie/1294189-the-mongoose,The Mongoose,,2026-10-30,US,"Action, Thriller",0.0,"A falsely accused war hero with nothing to lose leads police on an epic televised cross-country car chase, helped by members of his former Special Forces Army battalion and closely monitored by a fascinated public rooting for his safe getaway.",Mark Vanselow,Thompson Evans,Planned,English,,
9280,https://www.themoviedb.org/movie/9280-femme-fatale,Femme Fatale,114.0,2004-11-19,KR,"Mystery, Crime, Thriller",6.2,"A $10-million diamond rip-off, a stolen identity, a new life married to a diplomat. Laure Ash has risked big, won big. But then a tabloid shutterbug snaps her picture in Paris, and suddenly, enemies from Laure's secret past know who and where she is. And they all want their share of the diamond heist. Or her life. Or both.",Brian De Palma,Brian De Palma,Released,English,35000000.0,16800000.0
1678248,https://www.themoviedb.org/movie/1678248-x-factor,X Factor,85.0,2007-12-22,BD,"Romance, Drama",8.0,"Moyeen, a very dashing looking guy who dates almost every beautiful girl he finds. But at it's utmost certainty, he gets caught in the trap of a female version of him.",Shihab Shaheen,Shihab Shaheen,Released,Bengali,,
723072,https://www.themoviedb.org/movie/723072-host,Host,56.0,2020-12-04,GB,Horror,6.6,"Six friends hire a medium to hold a séance via Zoom during lockdown — but they get far more than they bargained for as things quickly go wrong. When an evil spirit starts invading their homes, they begin to realise they might not survive the night.",Rob Savage,"Rob Savage, Gemma Hurley, Jed Shepherd",Released,English,100000.0,443807.0
27327,https://www.themoviedb.org/movie/27327-phantom-of-the-paradise,Phantom of the Paradise,92.0,1974-10-31,US,"Comedy, Horror, Music",7.5,"Singer-songwriter Winslow Leach seeks revenge on the nefarious music producer Swan, who steals both Winslow's music and his favorite singer for the grand opening of Swan's new rock palace, the Paradise.",Brian De Palma,"Brian De Palma, Louisa Rose",Released,English,1300000.0,250000.0
1006765,https://www.themoviedb.org/movie/1006765,张铁匠的罗曼史,,1982-12-01,CN,"Drama, Romance",0.0,We don't have an overview translated in English. Help us expand our database by adding one.,Xingjia Qi,"Xingjia Qi, Shiyan Xu",Released,Chinese,,
414087,https://www.themoviedb.org/movie/414087-vong-eo-56,Queen of Bikini,97.0,2016-04-06,VN,Drama,5.8,"Biographical film about Ngoc Trinh, a very famous model known as ""Queen of the bikini"" in Vietnam, played by herself.",Vũ Ngọc Đãng,,Released,Vietnamese,,
13474,https://www.themoviedb.org/movie/13474-p2,P2,98.0,2007-11-09,US,"Horror, Thriller",6.2,A businesswoman finds herself locked with a unhinged security guard in a parking garage after getting stuck working late on Christmas Eve.,Franck Khalfoun,"Franck Khalfoun, Alexandre Aja, Grégory Levasseur",Released,English,3500000.0,7766240.0
596386,https://www.themoviedb.org/movie/596386-excursion,Excursion,85.0,2019-03-23,US,"Science Fiction, Thriller, Mystery",4.8,"In the late eighties, the USSR government enlists Tomas, a devoted member of the Communist Party, to travel back in time to future London and document how Socialism has thrived.",Martin Grof,Maggie Drahovska,Released,English,,
48624,https://www.themoviedb.org/movie/48624,Urotsukidōji: Legend of the Overfiend,105.0,1989-03-18,JP,"Animation, Action, Horror, Fantasy",6.0,"Legend has it that the human race is not the only dominant civilization living on Earth. Two other races exist in this world: the Makai (a demon race) and the Jujinkai (a half-man, half-beast race). Once every 3,000 years, a supreme being known as the Choujin (Overfiend) will emerge and bring balance to all three realms on Earth. In present-day Japan, after 300 years of endless searching, a Jujinkai named Amano Jyaku has discovered the presence of the Choujin inside high school slacker Tatsuo Nagumo. But now, Amano, along with his sister Megumi and their sidekick Kuroko, must protect Nagumo and his new girlfriend Akemi Ito from the Makai, who believe that Nagumo is not the Choujin, but an evil entity bent on destroying all living beings on Earth.",Hideki Takayama,Sho Aikawa,Released,Japanese,,
19901,https://www.themoviedb.org/movie/19901-daybreakers,Daybreakers,98.0,2010-03-18,KR,"Action, Fantasy, Science Fiction",6.3,"In the year 2019, a plague has transformed almost every human into a vampire. Faced with a dwindling blood supply, the fractured dominant race plots their survival; meanwhile, a researcher works with a covert band of vampires on a way to save humankind.","Peter Spierig, Michael Spierig","Peter Spierig, Michael Spierig",Released,English,20000000.0,51417188.0
163259,https://www.themoviedb.org/movie/163259-pais-do-desejo,País do Desejo,86.0,2013-01-25,BR,Drama,0.0,"Roberta is a renowned classical pianist battling a chronic kidney disease. However, an unexpected encounter with Father José will forever change her life.",Paulo Caldas,"Paulo Caldas, Pedro Severien, Amin Stepple",Released,Portuguese,,
1640615,https://www.themoviedb.org/movie/1640615-owsiankowy-potwor,Porridge Monster,10.0,2026-06-10,PL,"Animation, Family, Fantasy",0.0,A tender and visually imaginative story about how children process tension and seek emotional balance in a world shaped by adult emotions.,Izabela Plucińska,Justyna Celeda,Released,Polish,,
1438479,https://www.themoviedb.org/movie/1438479-el-pumita,El Pumita,22.0,2025-04-06,US,"Romance, Drama",0.0,"In 1960s Mexico, Memo, an American Football player, and Conchita, a psychology student, defy cultural norms and family pressures to pursue a passionate romance, finding the courage to chase both love and their aspirations.",Guillermo Prieto IV,Guillermo Prieto IV,Released,Spanish; Castilian,15000.0,
49494,https://www.themoviedb.org/movie/49494-the-eagle,The Eagle,114.0,2011-02-11,US,"Adventure, Drama",6.2,"In 140 AD, twenty years after the unexplained disappearance of the entire Ninth Legion in the mountains of Scotland, young centurion Marcus Aquila arrives from Rome to solve the mystery and restore the reputation of his father, the commander of the Ninth. Accompanied only by his British slave Esca, Marcus sets out across Hadrian's Wall into the uncharted highlands of Caledonia - to confront its savage tribes, make peace with his father's memory, and retrieve the lost legion's golden emblem, the Eagle of the Ninth.",Kevin Macdonald,"Rosemary Sutcliff, Jeremy Brock",Released,English,25000000.0,27122040.0
816904,https://www.themoviedb.org/movie/816904-momias,Mummies,88.0,2023-04-17,KR,"Animation, Adventure, Fantasy, Family",6.9,"Through a series of unfortunate events, three mummies end up in present-day London and embark on a wacky and hilarious journey in search of an old ring belonging to the Royal Family, stolen by ambitious archaeologist Lord Carnaby.",Juan Jesús García Galocha,"Jordi Gasull, Javier López Barreira",Released,Spanish; Castilian,12000000.0,53400000.0
200085,https://www.themoviedb.org/movie/200085,The Flu,122.0,2013-08-14,KR,"Action, Science Fiction, Thriller",7.5,"A case of the flu quickly morphs into a pandemic. As the death toll mounts and the living panic, the government plans extreme measures to contain it.",Kim Sung-soo,"Kim Sung-soo, Lee Young-jong",Released,Korean,,19775853.0
12201,https://www.themoviedb.org/movie/12201-edge-of-darkness,Edge of Darkness,117.0,2010-01-29,GB,"Crime, Drama, Mystery, Thriller",6.4,"As a seasoned homicide detective, Thomas Craven has seen the bleakest side of humanity. But nothing prepares him for the toughest investigation of his life: the search for his only daughter Emma's killer. Now, he is on a personal mission to uncover the disturbing secrets surrounding her murder, including corporate corruption, government collusion and Emma's own mysterious life.",Martin Campbell,"William Monahan, Andrew Bovell",Released,English,80000000.0,81126522.0
94047,https://www.themoviedb.org/movie/94047,My Way,137.0,2011-12-21,KR,"Drama, Action, History, War",7.9,"During the invasion of Normandy the photograph of a slim Korean man in German uniform was found. It transpired that the man had served as a soldier in the Japanese, Russian and German armies. His incredible story inspired director Kang Je-Gyu to create this epic war drama.",Kang Je-kyu,"Kang Je-kyu, Kim Byung-In, Na Hyun",Released,Korean,25500000.0,16653488.0
637599,https://www.themoviedb.org/movie/637599-janeiro-27,January 27,84.0,2016-01-01,BR,,0.0,"January 27, 2013. First hours of th day. As a concert goes on, a fire starts inside the Kiss Club in Santa Maria, Rio Grande do Sul. 242 young people lost their lives there and the documentary looks at the tragedy, aiming to alert society and prevent cases like this from returning to happen.","Paulo Nascimento, Luiz Alberto Cassol",,Released,English,,
183969,https://www.themoviedb.org/movie/183969-ket-elhatarozas,A Quite Ordinary Life,74.0,1978-08-29,HU,Documentary,8.0,A documentary about elderly aunt Veronica who wants to accomplish two things in her life: re-cultivate a long-neglected vineyard and visit her son abroad,"Barna Kabay, Imre Gyöngyössy","Barna Kabay, Imre Gyöngyössy",Released,Hungarian,,
585730,https://www.themoviedb.org/movie/585730-a-halfway-house-christmas,A Halfway House Christmas,51.0,2005-12-16,US,"Comedy, Drama",8.0,"When the counselor of a halfway house, Daryl, agrees to let cameras film the residents for reality television, he soon realizes the show's ""do anything for ratings"" producer has some tricks up his sleeve.",Eric Moyer,Eric Moyer,Released,English,,
1252051,https://www.themoviedb.org/movie/1252051-disforia,Disforia,82.0,2025-09-20,US,"Horror, Thriller",4.8,"Set in the near future against the backdrop of widespread looting and societal collapse, the couple formed by Esther and Tomás and their daughter Say move to their summer house so they can promptly sell it and then flee from their country to France, drawing attention from a ring of voyeurs of real-life torture streamed on the dark web.",Christopher Cartagena,"Christopher Cartagena, David Jasso, Imanol Ortiz López, Joan-Pol Argenter",Released,Spanish; Castilian,,
1704946,https://www.themoviedb.org/movie/1704946-love-station,Love Station,125.0,2019-04-05,NP,"Romance, Drama",0.0,"As love, betrayal, and long-buried secrets intertwine, Rani embarks on an emotional journey to uncover her true identity, ultimately reuniting with the family she lost as a child.",Ujwal Ghimire,Subash Singh Basnyat,Released,Nepali,,
1309012,https://www.themoviedb.org/movie/1309012-altered,Altered,85.0,2025-11-21,CA,"Science Fiction, Action",5.7,"In an alternate present, genetically enhanced humans dominate society. Outcasts Leon and Chloe fight for justice against corrupt politicians exploiting genetic disparity, risking everything to challenge the oppressive system.",Timo Vuorensola,Timo Vuorensola,Released,English,15000000.0,346774.0
1483910,https://www.themoviedb.org/movie/1483910-karma-negro,Karma Negro,,2025-06-08,AR,"Drama, Thriller",0.0,We don't have an overview translated in English. Help us expand our database by adding one.,Juan Mangiantini,Juan Mangiantini,Released,Spanish; Castilian,60000.0,
1729147,https://www.themoviedb.org/movie/1729147,Paalooti Valartha Kili,,1976-08-20,IN,Drama,0.0,"Sathyamurthi, a retired lawyer, raises three orphans and supports the education of other needy infants. However, his life goes for a toss when a mysterious woman turns his children against him.","Mohan, Devaraj",Vietnam Veedu Sundaram,Released,Tamil,,
83617,https://www.themoviedb.org/movie/83617-mazli,Fluke,,2008-10-23,HU,Comedy,7.0,"In the tradition of ""My Sweet Little Village"" and ""Waking Ned Devine"" FLUKE is a satire about a small village full of colorful characters, whose lives radically change due to a miracle. Or a simple crime.",Tamás Keményffy,Bálint Hegedûs,Released,Hungarian,,
569894,https://www.themoviedb.org/movie/569894,Bright-Eyes,106.0,1984-05-01,CN,Drama,0.0,An outstanding college student who lost his sight accidentally has no faith to live on until he meet an encouraging girl who is also blind. But the girl leaves him when his sight is recovered and tells him not to treat promise as shackles.,Dong Kena,Ying Hang,Released,Chinese,,
82990,https://www.themoviedb.org/movie/82990-paranormal-activity-4,Paranormal Activity 4,87.0,2012-10-25,KR,Horror,5.4,"It has been five years since the disappearance of Katie and Hunter, and a suburban family witness strange events in their neighborhood when a woman and a mysterious child move in.","Henry Joost, Ariel Schulman",Christopher Landon,Released,English,5000000.0,142802657.0
1381,https://www.themoviedb.org/movie/1381-the-fountain,The Fountain,96.0,2007-03-08,KR,"Drama, Adventure, Science Fiction, Romance",6.9,"Spanning over one thousand years, and three parallel stories, The Fountain is a story of love, death, spirituality, and the fragility of our existence in this world.",Darren Aronofsky,Darren Aronofsky,Released,English,35000000.0,15304890.0
409463,https://www.themoviedb.org/movie/409463-o-diario-aberto-de-r,The Open Diary of R.,13.0,2003-01-01,BR,Drama,8.5,Rafael sleeps. Rafael waits. Rafael hugs. Rafael lies down. Rafael cries.,Caetano Gotardo,Caetano Gotardo,Released,Portuguese,,
482526,https://www.themoviedb.org/movie/482526-apres-six-heures,Après six heures,,2018-01-01,FR,Drama,0.0,We don't have an overview translated in English. Help us expand our database by adding one.,Elise Lebargy,,Released,French,,
1299308,https://www.themoviedb.org/movie/1299308-visimnadtsyatirichni,Eighteen Year Olds,144.0,1987-07-05,SU,"Adventure, TV Movie",0.0,Based on the novel of the same name by Yuri Smolich about the struggle of young people to establish Soviet power in Ukraine.,Rodion Yefimenko,Oleg Yaroslavich,Released,Ukrainian,,
479625,https://www.themoviedb.org/movie/479625-hyperconnectes-le-cerveau-en-surcharge,Hyperconnectés : le cerveau en surcharge,,2016-09-04,FR,Documentary,10.0,We don't have an overview translated in English. Help us expand our database by adding one.,Laurence Serfaty,,Released,French,,
1402780,https://www.themoviedb.org/movie/1402780-respeitavel-publico,Respeitável Público,,2024-12-17,BR,Documentary,0.0,We don't have an overview translated in English. Help us expand our database by adding one.,"Cecília Menz, Maria Eduarda Dippe","Cecília Menz, Maria Eduarda Dippe",Released,Portuguese,,
557776,https://www.themoviedb.org/movie/557776-margaret-tait-film-maker,Margaret Tait: Film Maker,30.0,1983-01-01,GB,Documentary,0.0,A documentary about the life and works of Margaret Tait.,Margaret Williams,,Released,English,,
578189,https://www.themoviedb.org/movie/578189-black-and-blue,Black and Blue,109.0,2019-10-25,US,"Action, Thriller, Crime",6.8,"Rookie cop Alicia West, an Army veteran, inadvertently captures the murder of a young drug dealer on her body cam. After realizing that the murder was committed by corrupt cops, she teams up with the one person from her community who is willing to help her as she tries to escape both the criminals out for revenge and the police who are desperate to destroy the incriminating footage.",Deon Taylor,Peter A. Dowling,Released,English,12000000.0,22741061.0
1662411,https://www.themoviedb.org/movie/1662411-laray,Laray,94.0,1950-02-17,PK,"Music, Romance",0.0,"Following the blockbuster success of Pheray (1949), filmmaker Nazir Ahmed Khan reunited his ""Pheray-team"" for this landmark Punjabi musical romance. Starring the husband-and-wife duo Nazir and Swaran Lata, Laray is celebrated for its legendary soundtrack by music director Baba G.A. Chishti. Featuring the voices of Munawar Sultana and Inayat Hussain Bhatti.",Nazir Ahmed Khan,Nazir Ahmed Khan,Released,Panjabi; Punjabi,,
250734,https://www.themoviedb.org/movie/250734-far-from-the-madding-crowd,Far from the Madding Crowd,119.0,2015-05-01,US,"Drama, Romance",7.0,"In Victorian England, the independent and headstrong Bathsheba Everdene attracts three very different suitors: Gabriel Oak, a hardworking young sheep farmer; Frank Troy, a handsome and reckless Sergeant; and William Boldwood, a prosperous and mature bachelor.",Thomas Vinterberg,"Thomas Hardy, David Nicholls",Released,English,14500000.0,30300000.0
1481407,https://www.themoviedb.org/movie/1481407-the-horologist,The Horologist,51.0,2025-06-07,AU,Drama,0.0,"As a broken, middle-aged horologist undertakes a secret project, his actions begin to unravel his marriage. With both spouses harbouring secrets, will they be able to confront their hidden truths or will their bond be shattered forever.",Joshua Urquhart,Joshua Urquhart,Released,English,16000.0,
1577795,https://www.themoviedb.org/movie/1577795-the-grim-reaper,The Grim Reaper,50.0,1961-06-13,US,"Horror, Mystery, Thriller",2.0,Celebrity author Beatrice Graves purchases a cursed painting of the Grim Reaper; her nephew Paul warns her that most of its previous owners have died violently but she scoffs-until blood appears on the Reaper's blade.,Herschel Daugherty,,Released,English,,
832,https://www.themoviedb.org/movie/832-m-eine-stadt-sucht-einen-morder,M,110.0,1931-05-11,DE,"Drama, Thriller, Crime",8.1,"In this classic German thriller, Hans Beckert, a serial killer who preys on children, becomes the focus of a massive Berlin police manhunt. Beckert's heinous crimes are so repellant and disruptive to city life that he is even targeted by others in the seedy underworld network. With both cops and criminals in pursuit, the murderer soon realizes that people are on his trail, sending him into a tense, panicked attempt to escape justice.",Fritz Lang,"Fritz Lang, Thea von Harbou",Released,German,,35274.0
10348,https://www.themoviedb.org/movie/10348,Thunderbolt,110.0,1995-09-08,KR,"Action, Thriller",6.5,"In order to release his kidnapped sister, sports car mechanic, Chan Foh To, has to defeat a super-criminal street racer.",Gordon Chan,"Gordon Chan, Philip Kwok, Chan Hing-Kai",Released,Cantonese,3825240.0,16982903.0
685920,https://www.themoviedb.org/movie/685920-sangha,Sangha,31.0,2020-03-26,AU,,6.5,"At a temple at the far ends of the earth, a committee of dogs maintain guardianship over an ancient force.",Kyle Faulkner,,Released,Thai,,
10949,https://www.themoviedb.org/movie/10949-oliver-twist,Oliver Twist,121.0,1948-06-28,GB,"Drama, Adventure, Crime, Comedy",7.6,"When 9-year-old orphan Oliver Twist dares to ask his cruel taskmaster, Mr. Bumble, for a second serving of gruel, he's hired out as an apprentice. Escaping that dismal fate, young Oliver falls in with the street urchin known as the Artful Dodger and his criminal mentor, Fagin. When kindly Mr. Brownlow takes Oliver in, Fagin's evil henchman Bill Sikes plots to kidnap the boy.",David Lean,"David Lean, Charles Dickens, Stanley Haynes",Released,English,375000.0,400000.0
1060698,https://www.themoviedb.org/movie/1060698-the-hook,The Hook,20.0,2023-02-22,US,"Comedy, Drama, TV Movie",0.0,"The Hook is a human tale of friendship, love, admiration, and ultimate desires.",Pietro Venier,"Pietro Venier, Karan Shriniketan",Released,Italian,3000.0,
1735197,https://www.themoviedb.org/movie/1735197-lara-cinta-ameena,Lara Cinta Ameena,,2016-01-01,MY,,0.0,"Lara Cinta  The story tells of Ameena, an orphan, and Radhuan, the son of a wealthy man. Their love unites them briefly but is torn apart by strife sown by Puan Kirana, Radhuan's mother. Ameena is divorced and takes herself to Sabah. Radhuan's life is empty without Ameena. His heart is imprisoned in an unhappy marriage with Ezaty. In Sabah, Ameena gives birth to and raises Jeffrey alone. Ameena is forced to return to Kuala Lumpur because Jeffrey is critically ill. An unexpected meeting with Ameena causes Radhuan to pursue their love again. Ameena is forced to evade because she is being threatened and blackmailed by her former in-laws. Radhuan's heart is shattered when he discovers that Ameena has been hiding their child all this time, as he had always longed for a son. Radhuan's hatred toward Ameena burns when their child dies in her arms less than an hour after they meet. Ameena leaves, carrying a wounded heart.",Shuhaimi Lua Abdullah,,Released,English,,
1361490,https://www.themoviedb.org/movie/1361490-ataques-psicotronicos,Psychotronic Attacks,22.0,2024-10-30,BR,"Science Fiction, Horror, Mystery",0.0,"For the eyes of the Lord range throughout the earth to strengthen those whose hearts are fully committed to him. You have done a foolish thing, and from now on you will be at war.",Calebe Lopes,Calebe Lopes,Released,Portuguese,,
9558,https://www.themoviedb.org/movie/9558-king-of-new-york,King of New York,103.0,1991-11-30,KR,"Thriller, Crime",6.8,A former drug lord returns from prison determined to wipe out all his competition and distribute the profits of his operations to New York's poor and lower classes in this stylish and ultra violent modern twist on Robin Hood.,Abel Ferrara,Nicholas St. John,Released,English,5300000.0,2554712.0
167638,https://www.themoviedb.org/movie/167638-colorful-mind,Colorful Mind,95.0,2009-04-03,TW,,0.0,"When reaching the station a soul is told he has won another chance at life. He is placed in the body of 14 year old Makoto Kobayashi, who just committed suicide. He is watched over by a spirit named purapura. The soul is granted with the task of discovering the greatest sin he committed before time runs out.",Chen Kun-hou,,Released,Chinese,,
86388,https://www.themoviedb.org/movie/86388-ato-de-violencia,Act of Violence,112.0,1981-04-06,BR,"Crime, Drama, Thriller, Horror",4.0,"Antônio Nunes is sentenced to 30 years in jail, after having killed a woman, and becomes known as ripper of women. Infatuated Tânia begins to visit him frequently and hires a lawyer to try to take him out.",Eduardo Escorel,"Eduardo Escorel, Roberto Machado",Released,Portuguese,,
827931,https://www.themoviedb.org/movie/827931-time-cut,Time Cut,90.0,2024-10-30,KR,"Horror, Science Fiction, Thriller",5.6,"A teen in 2024 accidentally time-travels to 2003, days before a masked killer murders her sister. Can she change the past without destroying the future?",Hannah Macpherson,"Hannah Macpherson, Michael Kennedy",Released,English,,
38322,https://www.themoviedb.org/movie/38322-big-mommas-like-father-like-son,"Big Mommas: Like Father, Like Son",107.0,2011-02-18,US,"Crime, Comedy, Action",5.5,"FBI agent Malcolm Turner and his 17-year-old son Trent go undercover at an all-girls performing arts school after Trent witnesses a murder. Posing as Big Momma and Charmaine, they must find the murderer before he finds them.",John Whitesell,Matthew Fogel,Released,English,32000000.0,82686066.0
16759,https://www.themoviedb.org/movie/16759-five-minutes-of-heaven,Five Minutes of Heaven,89.0,2009-07-29,FR,"Crime, Drama, Thriller",6.1,"The story of former Ulster Volunteer Force member Alistair Little. Twenty-five years after Little killed Joe Griffin's brother, the media arrange an auspicious meeting between the two.",Oliver Hirschbiegel,Guy Hibbert,Released,English,,364355.0
1227920,https://www.themoviedb.org/movie/1227920-coming-home,Coming Home,11.0,2023-08-24,US,Drama,0.0,"COMING HOME tells the story of Vik, a young Indian American man who returns home after his college graduation and struggles to reacquaint with his family.",Akshay Ravi,Rahul Das,Released,English,8000.0,
11081,https://www.themoviedb.org/movie/11081-taking-lives,Taking Lives,103.0,2004-04-02,KR,Thriller,6.4,"Recruited to assist Montreal police in their desperate search for a serial killer who assumes the identities of his victims, FBI profiler Illeana Scott knows it's only a matter of time before the killer strikes again. Her most promising lead is a museum employee who might be the killer's only eyewitness.",D.J. Caruso,"Michael Pye, Jon Bokenkamp",Released,English,45000000.0,65470529.0
80286,https://www.themoviedb.org/movie/80286-les-heroines-du-mal,Immoral Women,109.0,1979-03-07,FR,Drama,4.9,"The first episode – featuring frequent Borowczyk muse Marina Pierro – is the longest and, in a way, most substantial: it’s set in Renaissance Rome, with the lusty (and perpetually nude) leading lady sexually involved with famous painters and church benefactors. The second episode is the most notorious and, consequently, gave the film its controversial poster – featuring a rabbit slowly disappearing under the skirt of a teenage girl (played by Gaelle Legrand). The third and final episode, which has a modern-day setting, is the shortest – but also, possibly, the most outrageous: Pascale Christophe is a young married woman who’s abducted on a busy Parisian street by a small-time hood hidden inside a cardboard box!",Walerian Borowczyk,Walerian Borowczyk,Released,French,,
265712,https://www.themoviedb.org/movie/265712-stand-by-me,Stand by Me Doraemon,94.0,2015-02-12,KR,"Animation, Adventure, Science Fiction, Drama, Family, Fantasy",7.4,Sewashi and Doraemon find themselves way back in time and meet Nobita. It is up to Doraemon to take care of Nobita or else he will not return to the present.,"Takashi Yamazaki, Ryuichi Yagi",Takashi Yamazaki,Released,Japanese,35000000.0,83100000.0
254904,https://www.themoviedb.org/movie/254904-the-november-man,The November Man,108.0,2014-10-16,KR,"Crime, Action, Thriller",6.1,An ex-CIA operative is brought back in on a very personal mission and finds himself pitted against his former pupil in a deadly game involving high level CIA officials and the Russian president-elect.,Roger Donaldson,"Michael Finch, Karl Gajdusek",Released,English,15000000.0,32600000.0
1532753,https://www.themoviedb.org/movie/1532753-gunahsiz-abdulla,Innocent Abdulla,62.0,1984-01-01,SU,"Drama, Music",0.0,"Abdulla is a simple villager who was arrested for ten years on a false accusation. Through the endless years of torment he clings to the hope of freedom, only to escape shortly before his sentence is over, but at home no one is waiting for him anymore.",Ramiz Hasanoghlu,"Mikheil Javakhishvili, Dilsuz Mustafayev",Released,Azerbaijani,,
177283,https://www.themoviedb.org/movie/177283-bay-e,Mr E.,,1995-03-09,TR,"Action, Fantasy, Comedy, Adventure",3.6,"A television news anchorman, İsmet Berkan goes on a journey with his wife. Along the journey, out of the blue they start fighting. When he confesses that he cheated on her, she gets mad. Enraged, Leyla gets out of the car, enters a gas station and takes off with a man in a red sports car. Trying to track down his wife, the anchorman finds himself trapped in a bizarre world in the midst of murderers, cops and beautiful women.",Sinan Çetin,Sinan Çetin,Released,Turkish,,
300673,https://www.themoviedb.org/movie/300673-the-finest-hours,The Finest Hours,117.0,2016-04-14,KR,"Action, Drama, History, Thriller",6.6,The Coast Guard makes a daring rescue attempt off the coast of Cape Cod after a pair of oil tankers are destroyed during a blizzard in 1952.,Craig Gillespie,"Scott Silver, Paul Tamasy, Eric Johnson",Released,English,80000000.0,52099090.0
23759,https://www.themoviedb.org/movie/23759-centurion,Centurion,97.0,2010-04-23,GB,"Adventure, Action, Drama",6.2,"Britain, A.D. 117. Quintus Dias, the sole survivor of a Pictish raid on a Roman frontier fort, marches north with General Virilus' legendary Ninth Legion, under orders to wipe the Picts from the face of the Earth and destroy their leader, Gorlacon.",Neil Marshall,Neil Marshall,Released,English,12000000.0,6890432.0
312813,https://www.themoviedb.org/movie/312813-6-desires,6 Desires,85.0,2015-01-27,US,Documentary,7.5,Documentary filmmaker Mark Cousins follows in the footsteps of DH Lawrence in this dazzling road-trip through Sardinia.,Mark Cousins,"Mark Cousins, Laura Marcellino",Released,English,,
11824,https://www.themoviedb.org/movie/11824-teen-wolf,Teen Wolf,92.0,1985-08-23,US,"Comedy, Fantasy, Romance",6.2,When a shy teenager's new-found powers help him score at basketball - and with the popular girls - he has some pretty hairy decisions to make.,Rod Daniel,"Matthew Weisman, Jeph Loeb",Released,English,1200000.0,80000000.0
894184,https://www.themoviedb.org/movie/894184,Paadum Vaanampadi,,1985-02-23,IN,Music,0.0,The film tells the rags-to-riches story of a young street performer from the slums of Chennai.,M. Jayakumar,,Released,Tamil,,
143477,https://www.themoviedb.org/movie/143477,Deep Throat in Tokyo,77.0,1975-12-05,JP,"Drama, Horror",4.4,"Kumi Taguchi is a model who leaves her boxer boyfriend after he sustains an injury. She meets and quickly marries Hideo, the heir to a corporate empire. Hideo's father, Takehiko, lusts after Kumi. Takehiko sends his son away, ostensibly on a business trip, but actually so that he can be murdered by Takehiko's henchmen. Takehiko seduces Kumi, but is frustrated when she refuses to perform oral sex on him. Angered, Takehiko forces Kumi to undergo surgery in which her clitoris is transferred to her throat, thereby requiring that she engage in oral sex in order to have an orgasm. Hideo, the supposedly murdered son, returns having paid off his assassins. Hideo shoots and kills his father, but Kumi grabs the gun and kills Hideo so that she can inherit the family's fortune",Kan Mukai,"Yutaka Kohira, Tatsuhiko Kamoi",Released,Japanese,,
662106,https://www.themoviedb.org/movie/662106-pokhalo,Cobweb,73.0,1936-01-01,HU,"Comedy, Romance, Music",7.5,Irén and Manci are to pass their final exam at the grammar school. They both want to become actresses,Mária Balázs,,Released,Hungarian,,
339826,https://www.themoviedb.org/movie/339826,Star,145.0,2001-07-17,IN,,6.2,"Murthy (Prashanth) earns his living taking the blame for the mistakes of other people and the jail is his second home. Dhanushkodi (Raghuvaran) has sworn to kill ex-collector Ramanathan's (Vijayakumar) son and so, Ramanathan has transferred his son Santosh (Pravinkanth) to Mauritius while telling the world that he has ran away. Wishing to save his son, he hires Murthy to act as his long lost son, hoping that Dhanushkodi would kill him instead of his actual son. Murthy too accepts the gig since his lover Preeti (Jyotika) is Ramanathan's niece. In the climax, Santhosh supports Dhanushkodi for killing his father, But Dhanushkodi kills Santhosh. The film ends with Murthy taking the blame for killing Santhosh and surrenders himself to police.",Praveen Gandhi,Praveen Gandhi,Released,Tamil,,
376743,https://www.themoviedb.org/movie/376743-millowitsch-theater-drei-kolsche-jungen,Millowitsch Theater - Drei kölsche Jungen,,1980-12-06,DE,Comedy,7.0,We don't have an overview translated in English. Help us expand our database by adding one.,Rudolf Raepple,Walter Schmidt,Released,German,,
283400,https://www.themoviedb.org/movie/283400-zwei-auf-der-strasse,Zwei auf der Straße,,1987-02-24,DE,Drama,10.0,We don't have an overview translated in English. Help us expand our database by adding one.,Erwin Keusch,,Released,German,,
1021640,https://www.themoviedb.org/movie/1021640-destruction,Destruction,23.0,2022-10-09,KR,,0.0,A boy is found lying bleeding in an artist′s studio. A policeman arrives to question the artist while as reality is gradually distorted.,Igor Smola,,Released,Azerbaijani,,
776455,https://www.themoviedb.org/movie/776455,"Hey Director, You Should Think",19.0,2019-11-28,KR,Comedy,0.0,Mi-Hyeong wants to pass the audition for a short film.,Ha Na,Ha Na,Released,Korean,,
271718,https://www.themoviedb.org/movie/271718-trainwreck,Trainwreck,125.0,2015-12-10,KR,"Comedy, Romance",5.8,"Ever since her father drilled into her head that monogamy isn't realistic, magazine writer Amy has made promiscuity her credo. As much as she enjoys an uninhibited life free of commitment, Amy is really in a rut. While writing a profile about charming and successful sports doctor Aaron Conners, she finds herself actually falling in love for the first time -- and what's more, Aaron seems to really like her too. Amy starts to wonder if it's time to clean up her act and face her fears.",Judd Apatow,Amy Schumer,Released,English,35000000.0,140795793.0
359882,https://www.themoviedb.org/movie/359882-inquisicion-y-libertad,Inquisición y libertad,95.0,1982-01-01,ES,Documentary,5.0,We don't have an overview translated in English. Help us expand our database by adding one.,"José Luis García Sánchez, Basilio Martín Patino",Pedro González,Released,Spanish; Castilian,,
1178514,https://www.themoviedb.org/movie/1178514-operacao-guarana,Operation Guaraná,30.0,2023-10-29,BR,"Comedy, Science Fiction, Horror",0.0,"A group of TV reporters gather a team of experts in the town of Moquebatu da Moca, where the residents believe in the myth of ""Tupã-Guaraná"", a being that is supposedly behind the missing people in the area. The story progresses with more and more ridiculous scenarios as the team conducts investigations and interviews with the locals.",Giuseppe Gracio,Giuseppe Gracio,Released,Portuguese,100.0,
904877,https://www.themoviedb.org/movie/904877,Strange Thing,9.0,1987-01-01,SU,Animation,7.0,"Humorous tales about the life of a little boy. About how he was born without a father and mother, how he was hit by a snow lying on the oven in his hut, how he walked into the woods being a kid, and the miraculous things he had seen there. In his fantasies he could fly, make friends with birds, climb trees, and most importantly – do it all in infancy and without looking at anyone else. Based on poems by Stepan Rudanskyi.",Borys Khranevych,"Borys Khranevych, Bohdan Zholdak",Released,Ukrainian,,
256129,https://www.themoviedb.org/movie/256129,The Alley,100.0,1981-02-18,CN,"Drama, Romance",6.2,The film is a powerful condemnation of the political radicalism of the Cultural Revolution and shows how ordinary people were victimized during a decade of turmoil.,Yang Yanjin,Xu Yinhua,Released,Chinese,,
1138560,https://www.themoviedb.org/movie/1138560,Father,110.0,2023-07-27,UA,Drama,8.3,"Businessman Vlad Artemiev returns to his native home, where he learns about the death of his father, with whom he has not been in touch for almost a quarter of a century. Memories of the past prevent Vlad from moving on, so he tries to correct all his mistakes. What was hiding behind the long silence of the closest men?",Oleksandr Kobzar,Simor Hlasenko,Released,Ukrainian,,
1008323,https://www.themoviedb.org/movie/1008323-the-sentiment,The Sentiment,33.0,2014-05-23,KW,"Horror, Drama",0.0,"A psychodrama short film that tells a story of a once happy, newlywed couple who wake up to find themselves in a battle against desolation because they're unable to have a child. Still holding onto the love in his heart, the husband struggled to uncloud the depression upon his wife.",ِAhmad Al-Terkait,ِAhmad Al-Terkait,Released,English,,
572164,https://www.themoviedb.org/movie/572164,EXIT,103.0,2019-07-31,KR,"Action, Comedy",7.6,"At his mother's 70th birthday party, Yong-nam runs into Eui-joo, who rejected him in college. When the city is engulfed in toxic gas from a terrorist attack, the two must find a way to escape using all the techniques they learned in their college rock climbing club.",Lee Sang-geun,Lee Sang-geun,Released,Korean,10892000.0,69501772.0
1266617,https://www.themoviedb.org/movie/1266617-zhizn-posle,Life After,90.0,2024-01-25,KZ,Drama,0.0,"Cheerful, purposeful and a bit hooligan senior Arnur remains confined to a wheelchair after the tragedy. Unable to adjust, he gives up. And only true male friendship and sincere love will help him find a taste for life.",Yernar Nurgaliyev,,Released,Kazakh,,
1445981,https://www.themoviedb.org/movie/1445981-4,The Pursuit of Lust 4,40.0,2025-03-07,PH,Romance,3.0,"Money talks in this sensual drama, where a company director’s apparent generosity towards his top employee and his alluring girlfriend hides a darker motive. When the diligent worker is sent on a business trip, the lustful boss makes his move on his hot partner.",Batdelger Byambasvren,,Released,Mongolian,,
904262,https://www.themoviedb.org/movie/904262,Stone Age,10.0,1987-01-01,SU,Animation,8.0,"This film was shot as a trophy during one of the many inhuman wars. Thanks to unique means of restoration, it was possible to restore footage taken in the Stone Age.",Volodymyr Honcharov,Feliks Krivin,Released,Ukrainian,,
326501,https://www.themoviedb.org/movie/326501-sabado-a-noite,Sábado À Noite,62.0,2007-01-05,BR,Documentary,0.0,A documentary following random people at a Saturday night in Fortaleza.,Ivo Lopes Araújo,Ivo Lopes Araújo,Released,Portuguese,,
765245,https://www.themoviedb.org/movie/765245-swan-song,Swan Song,112.0,2021-12-17,KR,"Drama, Science Fiction",7.1,"In the near future, Cameron Turner is diagnosed with a terminal illness. Presented with an experimental solution to shield his wife and son from grief, he grapples with altering their fate in this thought-provoking exploration of love, loss, and sacrifice.",Benjamin Cleary,Benjamin Cleary,Released,English,,
928270,https://www.themoviedb.org/movie/928270-heatwave,Heatwave,100.0,2023-04-01,KR,"Thriller, Drama",6.2,A woman's life takes an unexpected turn when she falls for her boss's wife. She must soon defend herself as she becomes entangled in a web of malice.,Ernie Barbarash,Chris Sivertson,Released,English,,
9900,https://www.themoviedb.org/movie/9900-grandma-s-boy,Grandma's Boy,95.0,2006-01-06,US,Comedy,6.5,"Even though he's 35, Alex acts more like he's 13, spending his days as the world's oldest video game tester and his evenings developing the next big Xbox game. But when he gets kicked out of his apartment, he's forced to move in with his grandmother.",Nicholaus Goossen,"Nick Swardson, Barry Wernick, Allen Covert",Released,English,5000000.0,6538177.0
312218,https://www.themoviedb.org/movie/312218,Allegro with Fire,91.0,1979-12-20,SU,"Adventure, Drama, War",5.3,A heroic story about Soviet sailors fighting Nazis during WWII.,Vladimir Strelkov,Aleksandr Moldavsky,Released,Russian,,
279204,https://www.themoviedb.org/movie/279204,Master and Servant,20.0,1962-01-02,SU,Comedy,4.2,"Manas is hired to work for master Tatos till the spring, ""when the cuckoo will call"". There is one condition of the contract: if anyone of them gets annoyed with another, he loses everything. Unable to stand the day-and-night work for stingy master, Manas leaves without a pense of salary for months work. Next servant who knocks at Tatos's door is Manas's small brother, smart Simon.",Dmitri Kesayants,"Hovhannes Tumanyan, Yervand Manaryan",Released,Armenian,,
447824,https://www.themoviedb.org/movie/447824-moi-candidat,"Moi, candidat",,2017-04-05,FR,Documentary,7.0,"François Hollande, François Bayrou, Christiane Taubira, Valéry Giscard d'Estaing, Jean-Luc Mélenchon, Arlette Laguiller, Jean-Marie Le Pen... reveal the driving forces behind their strategies, recount their joys and doubts, and talk about the exhilaration of popular jubilation and the harshness of an exhausting marathon—the adrenaline, the staging, the blows that are dealt and received, the hopes of victory and, in the end, more often than not, defeat. Through the testimonies of eighteen former candidates, ""big"" and ""small,"" who participated in the Elysée competition between 1969 and 2012, this documentary directed by Jean-Baptiste Péretié reveals the human and political comedy of the presidential elections, the great theater of the conquest of power.",Jean-Baptiste Péretié,"Jean-Baptiste Péretié, Ludovic Vigogne",Released,French,,
33997,https://www.themoviedb.org/movie/33997-desert-flower,Desert Flower,120.0,2010-04-22,KR,Drama,7.6,"The autobiography of a Somalian nomad who was sold in marriage at 13, fled from Africa a while later to become finally an American supermodel and is now at the age of 38, the UN spokeswoman against female genital mutilation.",Sherry Hormann,Waris Dirie,Released,English,,14682943.0
169103,https://www.themoviedb.org/movie/169103-haho-a-tenger,Junior Jr. Comes,66.0,1972-10-26,HU,Comedy,8.0,"Öcsi is going to have a little brother. The little child is sulking, he is deeply hurt because he learns the great secret not from his parents but his best friend, Évike.",György Palásthy,Sándor Török,Released,Hungarian,,
1734668,https://www.themoviedb.org/movie/1734668-klik-pengantin-musim-salju,Klik! Pengantin Musim Salju,,2018-01-01,MY,,0.0,"For the sake of his grandmother's health, Adam Putra asks Kay, a brutish girl who is not feminine at all, to pretend to be his fake bride because his fiancée (Karlisha Zandra) cancels their wedding at the last moment. Kay, who doesn't want to be matched with Irham, an annoying guy who has broken her heart, agrees to pretend to be Adam Putra's fake bride and accompanies him to Japan to meet Adam Putra's grandmother. The winter season and thick snow in Japan witness their love beginning to bloom. In navigating their days as a fake married couple, they become trapped in a passionate and burning love until eventually they truly become newlyweds. They happily nurture their love after getting married on Japanese soil to the point that they don't expect there to be a storm waiting for them after they return to Malaysia. Their love is tested by the arrival of Hud Mikael, Adam Putra's cousin who once had feelings for Kay, and also Adam Putra's ex-fiancée Karlisha Zandra.",Hadith Omar,,Released,English,,
851273,https://www.themoviedb.org/movie/851273,Not Today,18.0,2015-01-17,IT,"Comedy, Romance",0.0,The old man Lyosha and his lady Christie decided to die happily in one day. But Lyosha has to finish something very important first. He does desperate things to implement his secret plan and convince his woman to delay the day of their death.,Khrystyna Syvolap,"Khrystyna Syvolap, Oleksii Syvolap",Released,Ukrainian,125000.0,
8923,https://www.themoviedb.org/movie/8923-green-street-hooligans,Green Street Hooligans,109.0,2005-09-09,GB,"Crime, Drama",7.3,"After being wrongfully expelled from Harvard University, American Matt Buckner flees to his sister's home in England. Once there, he is befriended by her charming and dangerous brother-in-law, Pete Dunham, and introduced to the underworld of British football hooliganism. Matt learns to stand his ground through a friendship that develops against the backdrop of this secret and often violent world. 'Green Street Hooligans' is a story of loyalty, trust and the sometimes brutal consequences of living close to the edge.",Lexi Alexander,"Lexi Alexander, Josh Shelov, Dougie Brimson",Released,English,,4333271.0
111083,https://www.themoviedb.org/movie/111083-el-cuerpo,The Body,107.0,2014-05-22,KR,"Thriller, Mystery",7.5,"A woman’s body disappears mysteriously from the morgue without a trace. Police inspector Jaime Peña investigates the strange occurrence with the help of Álex Ulloa, the widower of the missing woman.",Oriol Paulo,"Oriol Paulo, Lara Sendim",Released,Spanish; Castilian,,
1047947,https://www.themoviedb.org/movie/1047947-thomas-hitzlsperger-katar-warum-nur,"Thomas Hitzlsperger – Katar, warum nur?",,2022-11-14,DE,Documentary,0.0,We don't have an overview translated in English. Help us expand our database by adding one.,"Robert Grantner, Nick Golüke",,Released,German,,
185673,https://www.themoviedb.org/movie/185673,Bridal Doll,70.0,1979-10-06,JP,"Drama, Horror",4.7,At a park a listless young man becomes intrigued by a wandering woman in white as she exits an exhibit of torture at a wax museum. He is slowly drawn into her forbidden world of pain and discipline.,Katsuhiko Fujii,Akio Ido,Released,Japanese,,
1554565,https://www.themoviedb.org/movie/1554565-evil-nun,Evil Nun,101.0,2025-09-30,US,Horror,5.0,"When a Catholic youth ministry is invited to spend the night in a vacant Mexican church, they're suddenly trapped by the ghostly apparition of a vengeful nun. Now their only hope is to break the curse before she claims them all, one deadly sin at a time.",Jose Prendes,Jose Prendes,Released,English,,
976240,https://www.themoviedb.org/movie/976240-el-secreto,The Secret,100.0,1988-01-01,VE,,9.0,"Gaspar Urbieta works as a typographer in Maracaibo. The National Guard convinces him to infiltrate an organization of  Colombian gold smugglers. Gaspar will experience situations of fear, humour, intrigue and romance with a beautiful and enigmatic blonde. His secret will be so incredible that if he told it, no one would believe it!",Luis Armando Roche,"César Miguel Rondón, Napoleón Grazziani",Released,Spanish; Castilian,,
1254443,https://www.themoviedb.org/movie/1254443-night-voices,Night Voices,23.0,2023-03-30,US,Thriller,0.0,"An aging and isolated, smack-talk radio host who is stuck in a cycle of hopelessly demoralizing monotony, makes a life-altering decision while on the air.",Bradley Hawkins,"Bradley Hawkins, Peter Fenton",Released,English,25.0,
454189,https://www.themoviedb.org/movie/454189-boatboy,Boatboy,17.0,2017-04-24,NO,"Mystery, Horror, Comedy",0.0,A man wants to buy a boat and meets with a mysterious boat seller.,Tommy Bardal,Tommy Bardal,Released,English,,
1571022,https://www.themoviedb.org/movie/1571022-les-excuses,Les excuses,17.0,2025-10-30,FR,"Drama, Comedy",0.0,Plot unknown,Victor Touzé,Victor Touzé,Released,French,,
525461,https://www.themoviedb.org/movie/525461-pinnokam,Pinnokam,90.0,2015-01-01,MY,"Action, Romance",0.0,Pinnokam-The Flashback is Tamil language action romantic movie from Malaysia.This film were directed and starred by debuted A.Hamen Kumar.,A. Hamen Kumar,A. Hamen Kumar,Released,Tamil,,
10052,https://www.themoviedb.org/movie/10052-dragonfly,Dragonfly,104.0,2002-02-22,US,"Drama, Thriller, Fantasy",6.6,A grieving doctor is being contacted by his late wife through his patient's near death experiences.,Tom Shadyac,"Brandon Camp, Mike Thompson, David Seltzer",Released,English,60000000.0,52322400.0
1101288,https://www.themoviedb.org/movie/1101288,Bank Robbers,,2022-08-31,IR,"Comedy, Music",0.0,Bank Zadeha depicts the adventures of several bank robbers and the differences between them,"Ali Bokaeian, Javad Ardakani",,Released,Persian,,
887165,https://www.themoviedb.org/movie/887165-mui,Scent,24.0,2014-10-08,VN,Drama,0.0,"Mui, a homeless girl living on the river, is pregnant. The man who specialized in buying fetus tempted Mui for hers. She met a friend in similar situations in mean medical centre. They sympathize with each others difficulties. One day, the sudden disappearances of her best friend make Mui panic in dealing with difficult life.",Lê Bảo,Lê Bảo,Released,Vietnamese,,
440703,https://www.themoviedb.org/movie/440703-chapeuzinho-vermelho,Chapeuzinho Vermelho,,1980-02-08,BR,Comedy,9.0,We don't have an overview translated in English. Help us expand our database by adding one.,Marcelo Motta,,Released,Portuguese,,
261443,https://www.themoviedb.org/movie/261443-angry-planet,Angry Planet,102.0,2008-01-01,US,Science Fiction,1.7,A criminal sentenced to life on a prison planet reveals his true purpose: to extract revenge on the killers who murdered his family.,Andrew Bellware,Mac Rogers,Released,English,,
291145,https://www.themoviedb.org/movie/291145-gardenia-bevor-der-letzte-vorhang-fallt,Before the Last Curtain Falls,86.0,2014-11-13,DE,Documentary,6.0,"This documentary tells the story of great love, bitter disappointments and self-doubts - but most of all of courage. The courage to take risks, try something new and be yourself - no matter what age. The film dives deeply into the exceptional and heart-warming stories of a group of transsexuals and drag queens in their sixties and seventies, who summon up their bravery to take to the stage one last time. For two years they have been touring in five continents, basking in the success of a spectacular show called ""Gardenia"", directed by Alain Platel and Frank Van Laecke. Now, as the show comes to a close, the glamorous aging performers must leave the limelight and go home to the quiet lives they left behind.",Thomas Wallner,"Thomas Wallner, Eva Küpper",Released,German,,
1249289,https://www.themoviedb.org/movie/1249289-alarum,Alarum,95.0,2025-01-17,US,"Action, Crime, Thriller",5.6,"Two married spies caught in the crosshairs of an international intelligence network will stop at nothing to obtain a critical asset. Joe and Lara are agents living off the grid whose quiet retreat at a winter resort is blown to shreds when members of the old guard suspect the two may have joined an elite team of rogue spies, known as Alarum.",Michael Polish,Alexander Vesha,Released,English,20000000.0,
763164,https://www.themoviedb.org/movie/763164-apex,Apex,93.0,2021-11-25,KR,"Action, Thriller, Science Fiction",5.1,"Ex-cop Thomas Malone is serving a life sentence for a crime he didn’t commit. He is offered a chance at freedom if he can survive a deadly game of Apex, in which six hunters pay for the pleasure of hunting another human on a remote island. He accepts, and once he arrives, all hell breaks loose.",Edward Drake,"Edward Drake, Corey Large",Released,English,,
1146548,https://www.themoviedb.org/movie/1146548-que-gato,Qué gato?,18.0,2012-01-01,AR,Drama,0.0,"Diego is a widower who lives in a deep depression. He receives a call from Rosa, a woman he knew in his youth, who suffers from a terminal illness and is hospitalized. She will give him hope.",Federico Quiroz,Federico Quiroz,Released,Spanish; Castilian,,
1577355,https://www.themoviedb.org/movie/1577355-deadline,Deadline,6.0,2018-10-18,BR,,0.0,A man suffers from writer's block while facing a deadline.,FM Lemos,Matheus Bazzoli Arid,Released,Portuguese,,
1436224,https://www.themoviedb.org/movie/1436224-gargantua,Gargantua,,2024-02-16,ES,"Horror, Thriller",0.0,"A date between two young men seems to be going perfectly, until he starts acting strangely...",Alejandro Mateos,"Alejandro Mateos, María Gómez Bellido, Manué Rodríguez, Julia Balbuena",Released,Spanish; Castilian,,
385270,https://www.themoviedb.org/movie/385270-dias-de-combate,Días de combate,95.0,1994-03-01,MX,"Thriller, Action, Drama",5.3,A novice private detective is on the trail of a serial strangler in Mexico City.,Carlos García Agraz,Paco Ignacio Taibo II,Released,Spanish; Castilian,,
806799,https://www.themoviedb.org/movie/806799,Adam,155.0,2023-04-22,BD,Drama,0.0,Adam is a Bangladeshi full-length film about a difficult reality and life in the rural areas of the eighties in the south.,Abu Tauhid Heron,Abu Tauhid Heron,Released,Bengali,,
1132957,https://www.themoviedb.org/movie/1132957-despedida,Despedida,2.0,2023-05-17,ES,,1.0,We don't have an overview translated in English. Help us expand our database by adding one.,Ekaitz Urzelai Rodríguez,,Released,Spanish; Castilian,,
814174,https://www.themoviedb.org/movie/814174,Flotsam and Jetsam,98.0,2022-12-23,TW,Drama,3.5,"Since his wife Mei-yun was left comatose after nearly drowning, CHEN You-ming has been raising his three sons alone in their seaside village. And since the mechanical digger he drives broke down, Chen has had more time on his hands than he likes. His life is suddenly disrupted by the appearance of a disturbed young woman who calls herself XIE Hui-zhen (“Zhen” for short) and says that Chen is her father. To uncover the facts behind Zhen’s wild claim, CHEN has to contact his old girlfriend KE Li-jia, last seen twenty years ago. Before the truth about Zhen’s inner turmoil emerges, CHEN has to deal with the death of his wife in hospital and the stresses in his relationships with his sons Wei, Ting and Liang.",Chang Tso-chi,"Chang Tso-chi, Liang Chun-chieh, Hsieh Hui-ching",Released,Chinese,,
399173,https://www.themoviedb.org/movie/399173-the-assignment,The Assignment,95.0,2017-11-23,KR,"Action, Crime, Thriller",5.5,"Ace assassin Frank Kitchen is double crossed by gangsters and falls into the hands of rogue surgeon known as The Doctor who turns him into a woman. The hitman, now a hitwoman, sets out for revenge, aided by a nurse named Johnnie who also has secrets.",Walter Hill,"Walter Hill, Denis Hamill",Released,English,5000000.0,388789.0
1016011,https://www.themoviedb.org/movie/1016011,Yoon-Yool and Russian Sexy Woman,67.0,2022-06-24,KR,Romance,10.0,"Eun-ha's happiness of living in a big mansion by chance does not last long. Bella, the real landlord from Russia, begins to live together with her, and Bella shows interest in Eun-ha's men.",Kim Deok-gyu,,Released,Korean,,
212976,https://www.themoviedb.org/movie/212976,Screwball '94,92.0,1994-09-09,HK,Comedy,3.5,A teenage boy awakens a ghost from an antique pot. To be reincarnated the ghost must help his present day counterpart by helping him find romance.,Norman Chan,Philip Cheng Chung-Tai,Released,Cantonese,,
296864,https://www.themoviedb.org/movie/296864-aversion,Aversión,116.0,2019-08-23,MX,Thriller,6.9,"Tired of being bullied, a highschool student starts to listen to his darkest thoughts in order to fit in.",Rafael Piñero,Rafael Piñero,Released,Spanish; Castilian,,
18162,https://www.themoviedb.org/movie/18162-land-of-the-lost,Land of the Lost,102.0,2009-06-05,US,"Adventure, Science Fiction, Comedy, Action",5.5,"On his latest expedition, has-been scientist Dr. Rick Marshall is sucked into a space-time vortex alongside his crack-smart research assistant Holly and redneck survivalist Will into a world populated by marauding dinosaurs and painfully slow creatures called Sleestaks. With no weapons, few skills and questionable smarts, the trio must rely on their only ally, a primate named Chaka, to try to survive long enough to figure out a way back home.",Brad Silberling,"Chris Henchy, Dennis McNicholas",Released,English,100000000.0,68688831.0
229273,https://www.themoviedb.org/movie/229273-los-violadores-del-amanecer,The Dawn Rapists,92.0,1978-05-03,ES,"Crime, Drama, Thriller",5.0,"Crime drama centering on a gang of rapists, the aftermath of their crimes on the victims and the gang members being brought to justice.",Ignacio F. Iquino,Ignacio F. Iquino,Released,Spanish; Castilian,,
38745,https://www.themoviedb.org/movie/38745-gulliver-s-travels,Gulliver's Travels,85.0,2011-01-27,KR,"Family, Comedy, Adventure, Fantasy",5.2,"Travel writer Lemuel Gulliver takes an assignment in Bermuda, but ends up on the island of Liliput, where he towers over its tiny citizens.",Rob Letterman,"Jonathan Swift, Nicholas Stoller, Joe Stillman",Released,English,112000000.0,237382724.0
957321,https://www.themoviedb.org/movie/957321,Light It Up at 2 AM,19.0,2022-04-29,KR,Drama,0.0,"Seori tells the story of a fire that broke out at an institute for girls in 1995, and a girl named Yurim, who was petrified of fire but was nevertheless determined to start a fire.",Yoo Jong-seok,Yoo Jong-seok,Released,Korean,,
260253,https://www.themoviedb.org/movie/260253-el-dirigible,The Airship,80.0,1994-07-22,UY,"Drama, History, Crime, Comedy",5.5,"A French woman arrives in Montevideo, to meet poet Juan Carlos Onetti and investigate the story of the city. She is intrigued by the photograph of the day when president Bordaz was killed and a zeppelin flew above the city at the turn of the century. She is helped by a photographer and both fall into a police intrigue.",Pablo Dotta,Pablo Dotta,Released,Spanish; Castilian,800000.0,
428493,https://www.themoviedb.org/movie/428493-god-s-own-country,God's Own Country,104.0,2017-09-01,GB,"Romance, Drama",7.7,"A young farmer in rural Yorkshire numbs his daily frustrations with binge drinking and casual sex, until the arrival of a Romanian migrant worker.",Francis Lee,Francis Lee,Released,English,,2559939.0
1145344,https://www.themoviedb.org/movie/1145344-combustao-espontanea,Combustão Espontânea,17.0,2023-08-13,BR,"Drama, Comedy",0.0,"Three stories of people trapped to their routines repressing a deep desire to free themselves from these realities, even if in peculiar ways.","Pedro Bournoukian, João Werlang","Pedro Bournoukian, João Werlang",Released,Portuguese,,
799679,https://www.themoviedb.org/movie/799679-menudju-bintang,Menudju Bintang,,1960-11-02,ID,Drama,0.0,Add the Plot.,Rempo Urip,Rempo Urip,Released,Indonesian,,
1409570,https://www.themoviedb.org/movie/1409570-the-epidemic,Desan: The Epidemic,128.0,2022-12-09,NP,Drama,0.0,"Desan is a Nepali feature film based on the story of a social epidemic, it portrays family love, trust, betrayal and revenge.",Kamal Ekchai Magar,"Kamal Ekchai Magar, Aarush Jung Saru, Giriraj Ghimire",Released,Nepali,,
238432,https://www.themoviedb.org/movie/238432-agaba,Agaba,174.0,2009-01-01,NG,,0.0,Three men are joined together in an uneasy alliance against a cunning fourth. [parts 1-2],Chika Onu,Chuks Okpala,Released,English,,
558915,https://www.themoviedb.org/movie/558915-the-color-purple,The Color Purple,141.0,2024-05-30,KR,Drama,7.0,"A decades-spanning tale of love and resilience and of one woman's journey to independence. Celie faces many hardships in her life, but ultimately finds extraordinary strength and hope in the unbreakable bonds of sisterhood.",Blitz Bazawule,"Alice Walker, Marcus Gardley",Released,English,90000000.0,68919191.0
267531,https://www.themoviedb.org/movie/267531-khorosho,Khorosho,21.0,2010-09-19,ES,Drama,4.8,"A hard story about two comrades who share a lot of bad memories, a lot of bad conscience and mountains and mountains of cigarettes.",Miguel Ángel Jiménez,,Released,English,,
1003558,https://www.themoviedb.org/movie/1003558,Night Mode,122.0,2022-08-18,RU,"Thriller, Fantasy, Mystery",8.0,"Fashion photographer Roman Belov was sentenced to life in prison for the murder of four people. Roman is absolutely sure of his innocence, but cannot remember what really happened on the fateful night. In prison, a mysterious man who calls himself Master appears in his dreams and offers to help him find the real killer. But how to investigate if you are locked in a stone bag? And what price will have to be paid for the services of a person who can penetrate dreams?",Andrey Libenson,"Alexander Buzin, Sergey Novikov",Released,Russian,,
9886,https://www.themoviedb.org/movie/9886-johnny-mnemonic,Johnny Mnemonic,97.0,1995-07-01,KR,"Science Fiction, Action, Adventure",5.8,"In a dystopian 2021, Johnny is a data trafficker who has an implant that allows him to securely store data too sensitive for regular computer networks. On one delivery run, he accepts a package that not only exceeds the implant's safety limits—and will kill him if the data is not removed in time—but also contains information far more important and valuable than he had ever imagined. On a race against time, he must avoid the assassins sent to kill him and remove the data before it, too, ends his life.",Robert Longo,William Gibson,Released,English,25000000.0,19075720.0
9975,https://www.themoviedb.org/movie/9975-curious-george,Curious George,87.0,2006-02-10,US,"Adventure, Animation, Comedy, Family",6.5,"When The Man in the Yellow Hat befriends Curious George in the jungle, they set off on a non-stop, fun-filled journey through the wonders of the big city toward the warmth of true friendship.",Matthew O'Callaghan,Ken Kaufman,Released,English,50000000.0,69834815.0
873517,https://www.themoviedb.org/movie/873517-estacao-senhora,Estação Senhora,,2021-09-17,BR,,0.0,We don't have an overview translated in English. Help us expand our database by adding one.,Pedro Vargas,Pedro Vargas,Released,Portuguese,,
1523662,https://www.themoviedb.org/movie/1523662-victoria-s-silver,Victoria's Silver,92.0,2026-01-02,KR,"Drama, History",6.0,"Set in 1944, Victoria, who escapes captivity as a comfort woman, finds refuge, and love, with the man Selina left in the first movie.",Mac Alejandre,Mac Alejandre,Released,Tagalog,,
766319,https://www.themoviedb.org/movie/766319-mariah-carey-s-magical-christmas-special,Mariah Carey's Magical Christmas Special,43.0,2021-11-04,KR,"Family, Music",6.2,"Faced with a holiday cheer crisis, the North Pole knows there's only one person who can save the day: Santa's great friend Mariah Carey. The Queen of Christmas creates a fabulous and star-studded spectacular to make the whole world merry!","Hamish Hamilton, Roman Coppola",Caroline Fox,Released,English,,
364272,https://www.themoviedb.org/movie/364272-ayrton-retratos-e-memorias-o-filme,Ayrton: Retratos e Memórias - O Filme,,2015-10-26,BR,Documentary,5.0,We don't have an overview translated in English. Help us expand our database by adding one.,Ernesto Rodrigues,Ernesto Rodrigues,Released,Portuguese,,
820922,https://www.themoviedb.org/movie/820922-de-geur-van-een-bos,The scent of a forest,21.0,2021-10-22,GB,"Romance, Science Fiction, Drama",0.0,A young woman hides that she sold her soul to escape reality in a dystopian world. When her boyfriend realizes this he has to make an impossible choice.,Servaes Dewispelaere,Servaes Dewispelaere,Released,Dutch; Flemish,,
293213,https://www.themoviedb.org/movie/293213-so-gefallst-du-mir,So gefällst Du mir,88.0,1941-02-27,DE,"Comedy, Romance",8.0,"There’s excitement in St. Johann, when the lawyer and notary Dr. Junhnickel from Vienna arrives and brings an offer from a mysterious Brazillian:  On the cover of a magazine is a young girl, obviously from the country, and in the background is the village landscape of St. Johann.  The Brazilian has fallen in love with the picture and wants to marry the girl.  In return for finding her, the village will receive a donation of RM 5,000.  Oh boy!  The mayor, the shoemaker and the district clerk go off on the search for the girl!  They have absolutely no luck in the photo shop, because the photographer is boiling over what he considers unfair intentions and tells them to take a hike.  Nevertheless, they find the girl’s address.  The model, Christl Wallner is no country girl but rather a ballet dancer, who posed for the photo to earn a litle extra money.",Hans Thimig,,Released,German,,
11507,https://www.themoviedb.org/movie/11507-body-double,Body Double,114.0,1989-08-26,KR,"Crime, Mystery, Thriller",6.7,"After losing an acting role and his girlfriend, Jake Scully finally catches a break: he gets offered a gig house-sitting in the Hollywood Hills. While peering through the beautiful home's telescope one night, he spies a gorgeous woman dancing in her window. But when he witnesses the girl's murder, it leads Scully through the netherworld of the adult entertainment industry on a search for answers—with porn actress Holly Body as his guide.",Brian De Palma,"Brian De Palma, Robert J. Avrech",Released,English,10000000.0,8801940.0
11344,https://www.themoviedb.org/movie/11344,A Bittersweet Life,119.0,2005-04-01,KR,"Action, Drama, Crime",7.4,"Kim Sun-woo is an enforcer and manager for a hotel owned by a cold, calculative crime boss, Kang who assigns Sun-woo to a simple errand while he is away on a business trip; to shadow his young mistress, Hee-soo, for fear that she may be cheating on him with a younger man with the mandate that he must kill them both if he discovers their affair.",Kim Jee-woon,Kim Jee-woon,Released,Korean,,7600000.0
570304,https://www.themoviedb.org/movie/570304,Shan Que‘er,96.0,1987-01-01,CN,Drama,0.0,"Shan Que'er loves blacksmith Tie Tou, but her mother wants her to marry Qiang Er, the son of a rich family.",Ke Hua,Kuanding Li,Released,Chinese,,
363383,https://www.themoviedb.org/movie/363383-az-ejszakam-a-nappalod,"My Night, Your Day",,2015-10-26,HU,"Crime, Comedy",10.0,"Novák cannot sleep. Not to disturb his girlfriend, he spends his nights in the streets of Budapest and gets into weirder and weirder, more and more impossible and dangerous situations and liaisons. Unless he dies, he may regain his dreams by them.","András Dési, Gábor Móray","András Dési, Gábor Móray",Released,Hungarian,,
1364976,https://www.themoviedb.org/movie/1364976-lonely-fans,Lonely Fans,,2025-01-01,IT,Drama,0.0,"Laura is an off-site student in Rome, but her dream since childhood is to become an actress. To earn money for the acting Academy's fee she opened a paid profile where she posts half naked pictures of herself. The meeting with Stefano, a wealthy young man who offers a large sum to meet her in person, will prove to be a decisive turning point in Laura's life.",Fabrizio Pesaro,Fabrizio Pesaro,Released,Italian,5000.0,
249511,https://www.themoviedb.org/movie/249511-triste-tropico,Triste Trópico,77.0,1974-01-01,BR,Documentary,7.5,"In this ""fake documentary"", a doctor returns to Brazil after his studies in Paris. Setting out to practice Medicine, he becomes an indigenous messiah and, in time, a cannibal.",Arthur Omar,Arthur Omar,Released,Portuguese,,
1121845,https://www.themoviedb.org/movie/1121845-el-martir,The Martyr,30.0,2024-01-23,DE,Drama,0.0,A young man’s obsession with the half-naked figure of Jesus Christ leads him down a dangerous path of self-harm and masochistic tendencies,Alejandro Mathé,"Alejandro Mathé, Jose Alberto Arias Pereira",Released,Spanish; Castilian,,
1565340,https://www.themoviedb.org/movie/1565340-my-fighter,My Fighter,13.0,2025-04-17,CA,Drama,0.0,"A retired boxer turned coach battles with the guilt of an accident years ago, in which he paralyzed his opponent and decides to make amends once and for all.",Thomas Murgatroyd,Thomas Murgatroyd,Released,English,10.0,
228805,https://www.themoviedb.org/movie/228805,Detective Conan: Private Eye in the Distant Sea,110.0,2013-04-20,JP,"Animation, Action, Drama",6.6,"It’s a high-stakes mystery on the high seas! Enjoying a free prize cruise on a military ship, Conan and his friends find their relaxation interrupted by the threat of possible explosives on board! It’s a race against time to find the culprit and save the ship — and potentially the whole country!",Kobun Shizuno,Takeharu Sakurai,Released,Japanese,,36324232.0
410113,https://www.themoviedb.org/movie/410113-the-loud-house-movie,The Loud House Movie,83.0,2021-08-20,US,"Animation, Family, Comedy, Fantasy",7.3,The Loud family travel to Scotland and discover they are descendants of Scottish royalty as they move into their giant ancestral castle.,Dave Needham,"Chris Viscardi, Kevin Sullivan",Released,English,,
146198,https://www.themoviedb.org/movie/146198-triple-9,Triple 9,115.0,2016-04-20,KR,"Action, Crime, Adventure, Thriller",6.0,A gang of criminals and corrupt cops plan the murder of a police officer in order to pull off their biggest heist yet across town.,John Hillcoat,Matt Cook,Released,English,20000000.0,12600000.0
1561726,https://www.themoviedb.org/movie/1561726-masterplan,Masterplan,,2026-10-16,FR,"Action, Crime, Thriller",0.0,"A legendary thief sets his sights on the Mona Lisa, da Vinci’s iconic painting residing at Le Louvre museum in Paris. He recruits two young strangers to help him — a sharp Italian cybercrime expert and a swaggering French explosives specialist — before revealing they are long-lost siblings and that he is their father. Thrown into a chaotic reunion they never asked for, this new family must learn to work together — and try not to kill each other — if they want any chance at pulling off the heist of the century.",Thomas Vincent,"Thomas Vincent, David Wolstencroft",Post Production,English,,
591392,https://www.themoviedb.org/movie/591392,Tianjin Mysteries Affair,,2017-07-04,CN,Crime,0.0,"Tianjin Mysteries Affair is the fourth movie of the saga ""Tianjin Mysteries"". Produced for CCTV6, this saga tells the story of investigations in the Police station of Tianjin city (China) in the fifties. In this movie, the police team arrest three drug traffickers. Among them, the well known ""Big Scar"" who escape from prison and is purchased by the team. Over the lead of secretary Wilson (Head of the police), the investigation is managed by Liuzhiyuan and her detectives Zhao Kuiyong, Xao Magan and Wang Pangzi.",Li Hongxiang,,Released,Chinese,,
1535832,https://www.themoviedb.org/movie/1535832-potential,Potential,5.0,2024-07-17,AU,Drama,0.0,A former gifted child struggles with the harsh realities of adult life.,Olivia Staffieri,Olivia Staffieri,Released,English,1000.0,
1449754,https://www.themoviedb.org/movie/1449754-end-less,End Less,12.0,2025-04-23,FR,"Romance, Drama",0.0,"Improvised over the course of a single night in Paris, this short film follows Fanny and Alexis, who meet by chance on a warm August evening. Fanny doesn’t believe in second dates, always less magical than the first spark. To prove her wrong, Alexis proposes an unusual pact: to meet every week as if it were their very first time.",Fabian Jestin,Fabian Jestin,Released,French,,
1433929,https://www.themoviedb.org/movie/1433929-n121-bus-de-nuit,N121 Bus de nuit,,2026-02-04,FR,Thriller,7.6,"Oscar, Simon, and Aïssa, three childhood friends, go to Paris to celebrate some good news. But on the night bus taking them home—the N121—an exchange between passengers spirals out of control, and the situation quickly goes off the rails.",Morade Aïssaoui,"Morade Aïssaoui, Sledge Bidounga, Ludovic Zuili, Kamel Guemra",Released,French,,
583772,https://www.themoviedb.org/movie/583772,It's Not Forever,92.0,2019-07-18,RU,Drama,3.0,"Most of us say the word ""Mama"" without thinking. But there are children who have never uttered this word in their lives. The film is about these children, orphans. In these children, no less love than in each of us. And they are waiting. Sometimes too long. But they never cease to believe for a second that one day they will be able to say this simple word. The word ""Mama"" ...","Evgeniya Yatskina, Alena Rubinshtein","Evgeniya Yatskina, Alena Rubinshtein",Released,Russian,,
1617901,https://www.themoviedb.org/movie/1617901-sem-drama,Sem Drama,,2025-12-09,BR,"Comedy, Drama",0.0,We don't have an overview translated in English. Help us expand our database by adding one.,Pedro Fadim,"Leo Rocha, Julia Kosar",Released,Portuguese,,
1239198,https://www.themoviedb.org/movie/1239198-mi-querida-senorita,My Dearest Señorita,116.0,2026-05-01,KR,"Drama, Romance",6.4,"A young woman from a traditional family learns she's intersex, sparking a journey of self-discovery, gender identity and love found in unexpected places.",Fernando González Molina,Alana S. Portero,Released,Spanish; Castilian,,
1421249,https://www.themoviedb.org/movie/1421249-berlin-loop,Berlin Loop,87.0,2025-10-25,DE,"Crime, Drama, Science Fiction",0.0,"Set against the gritty, vibrant backdrop of Berlin, BERLIN LOOP tells the story of Fatma’s rapid entanglement with the city’s bike-theft mafia. Her meteoric rise to becoming the gang’s chief lock-picker brings initial success but quickly devolves into a perilous trap controlled by the gang’s ruthless leader. Fatma’s only escape lies in a mysterious portal she discovers in an abandoned countryside house, which sends her back in time to the pivotal moment before her first theft. Caught in an unrelenting time loop, Fatma refines her strategies, inspired by the Art of War, to dismantle the gang and reclaim her freedom.",,,Released,German,,
896911,https://www.themoviedb.org/movie/896911-signe-dumas,Signé Dumas,,2007-01-01,FR,Comedy,0.0,We don't have an overview translated in English. Help us expand our database by adding one.,Jean-Luc Tardieu,,Released,French,,
341877,https://www.themoviedb.org/movie/341877-diario-da-provincia,Diário da Província,,1978-05-26,BR,Drama,7.0,We don't have an overview translated in English. Help us expand our database by adding one.,Roberto Palmari,Roberto Palmari,Released,Portuguese,,
306,https://www.themoviedb.org/movie/306-beverly-hills-cop-iii,Beverly Hills Cop III,105.0,1994-09-03,KR,"Action, Comedy, Crime",5.9,"When his boss is killed, Detroit cop Axel Foley finds evidence that the murderer had ties to a California amusement park called Wonder World. Returning to sunny Beverly Hills once more, Foley reunites with Detective Billy Rosewood to solve the case. Along with Billy's new partner, Detective Jon Flint, they discover that Wonder World is being used as a front for a massive counterfeiting ring.",John Landis,Steven E. de Souza,Released,English,50000000.0,119208989.0
1305682,https://www.themoviedb.org/movie/1305682-mnesia,Mnésia,,2007-07-05,BR,"Family, Drama, History",0.0,We don't have an overview translated in English. Help us expand our database by adding one.,Oscar Raimundo dos Santos Júnior,Oscar Raimundo dos Santos Júnior,Released,Portuguese,,
367324,https://www.themoviedb.org/movie/367324-las-minas-de-salomon-rey,Las minas de Salomón Rey,92.0,1986-10-02,AR,Comedy,5.6,"King Solomon is a great seducer, he cannot contain himself in view of women. But having so many of them at the same time starts to become a problem.",Gerardo Sofovich,Gerardo Sofovich,Released,Spanish; Castilian,,
833818,https://www.themoviedb.org/movie/833818-junket-whore,Junket Whore,55.0,1998-10-12,US,Documentary,5.0,A documentary film that explores the relationship between publicists and journalists in Hollywood.,Debbie Melnyk,,Released,English,,
1315020,https://www.themoviedb.org/movie/1315020-faux-amis,Faux Amis,,2025-01-01,AU,"Adventure, Fantasy, Mystery",0.0,"Eleven-year-old friends Sam and Lucas embark on a quest to find ""magical mushrooms"", upon overhearing their uncle talk about the psychedelic wonders of the drug of the same name. Venturing through imagined forests and caves, they encounter a series of obstacles including a red-cloaked bogeyman. After finding the mushrooms in all their ethereality, they return home to a surreal twist: bright red toadstools seemingly growing from the floorboards.",Claudia Pak,Claudia Pak,Released,English,,
148347,https://www.themoviedb.org/movie/148347,The Jungle,80.0,2012-11-29,RU,"Comedy, Adventure, Romance",4.8,A comedy about funny adventures of the married couple on the remote island.,Alexander Voitinsky,"Alexey Fedorov, Roman Nepomnyashchiy, Oleg Malovichko",Released,Russian,,
812554,https://www.themoviedb.org/movie/812554,Sath Samudura,113.0,1967-02-22,LK,Drama,9.0,Sath Samudura is a landmark Sri Lankan film directed by professor Siri Gunasinghe and released in 1967. This film was critically acclaimed and is considered a major work in Sri Lankan cinema. It depicts the plight of fishermen living in the Southern Province of Sri Lanka.,Siri Gunasinghe,"Siri Gunasinghe, Wasantha Obesekara",Released,Sinhala; Sinhalese,,
734244,https://www.themoviedb.org/movie/734244-nuestra-voz,Our Voice,11.0,2019-11-27,ES,,1.0,"Angel and Bruno are soldiers. Before the battle broke out they were couple and theater artists. When Angel is shot by an enemy attack, Bruno will do his best to save his love's life.","David Pallarés, Josema Mateos",,Released,Spanish; Castilian,,
2100,https://www.themoviedb.org/movie/2100-the-last-castle,The Last Castle,131.0,2002-01-25,KR,"Action, Drama, Thriller",7.2,A court-martialed general rallies together 1200 inmates to rise against the system that put him away.,Rod Lurie,"David Scarpa, Graham Yost",Released,English,72000000.0,27642707.0
1094274,https://www.themoviedb.org/movie/1094274-y2k,Y2K,91.0,2024-12-06,US,"Science Fiction, Horror, Comedy",5.1,Two high school nobodies make the decision to crash the last major celebration before the new millennium on New Year's Eve 1999. The night becomes even crazier than they could have ever dreamed when the clock strikes midnight.,Kyle Mooney,"Kyle Mooney, Evan Winter",Released,English,15000000.0,4481473.0
926899,https://www.themoviedb.org/movie/926899-the-house,The House,97.0,2022-01-14,KR,"Animation, Drama, Comedy, Horror, Fantasy",7.0,"Across different eras, a poor family, an anxious developer and a fed-up landlady become tied to the same mysterious house in this animated dark comedy.","Marc James Roels, Paloma Baeza, Emma De Swaef, Niki Lindroth von Bahr",Enda Walsh,Released,English,,
1631052,https://www.themoviedb.org/movie/1631052-des-mythos,Des Mythos,4.0,2026-02-06,FR,Music,10.0,A midnight phone call triggers a descent into a mechanical underworld where Theodora walks a neon tightrope and turns her lover's lies into a geometrical graveyard.,Melchior Leroux,"Melchior Leroux, Theodora",Released,French,,
928984,https://www.themoviedb.org/movie/928984-panorama,Panorama,66.0,2022-01-27,BR,Documentary,0.0,"Between the scars of the past and the uncertainties of the future, Jardim Panorama resists. A little over ten years ago, the favela was ripped in half by a monster. Today, the monster sleeps. Until when?  A film about the dreams, memories and daily life of those who live in a community surrounded by the walls of an upscale neighborhood in São Paulo.",Alexandre Wahrhaftig,Miguel Antunes Ramos,Released,Portuguese,,
416153,https://www.themoviedb.org/movie/416153-arctic-dogs,Arctic Dogs,92.0,2023-11-23,KR,"Animation, Adventure, Comedy",6.0,Animals band together to save the day when the evil Otto Von Walrus hatches a sinister scheme to accelerate global warming and melt the Arctic Circle.,"Aaron Woodley, Dimos Vrysellas","Aaron Woodley, Bob Barlen, Cal Brunker",Released,English,,11285154.0
581429,https://www.themoviedb.org/movie/581429-das-reichsorchester,The Reich's Orchestra,93.0,2007-11-01,DE,"Music, Documentary",6.5,"In 2007, the Berliner Philharmoniker celebrated their 125th anniversary. Film director Enrique Sánchez Lansch took this occasion to tell a hitherto unknown chapter in the history of the Berliner Philharmoniker: the years of National Socialism from 1933 to 1945. The film, “The Reichsorchester”, made in collaboration with musicians of the orchestra and its archive.",Enrique Sánchez Lansch,Enrique Sánchez Lansch,Released,German,,
1001624,https://www.themoviedb.org/movie/1001624-passenger,Passenger,22.0,2022-11-16,FR,Drama,0.0,"A Chinese girl staying in a Parisian hotel room, one night she suffers from insomnia, so she starts wandering the streets. She encounters a French guy in the subway, and go with him in mysterious journey through the suburbs of Paris.",Huang Wenting,Huang Wenting,Released,French,,
615237,https://www.themoviedb.org/movie/615237-shpia-e-ages,Aga's House,107.0,2019-06-28,CZ,Drama,9.7,"A young boy living in a house of women must race to save a woman who is teaching him Serbian, so that he can continue the search for his missing father.",Lendita Zeqiraj,Lendita Zeqiraj,Released,Albanian,,
482373,https://www.themoviedb.org/movie/482373-don-t-breathe-2,Don't Breathe 2,98.0,2021-09-01,KR,"Thriller, Horror",7.0,"The Blind Man has been hiding out for several years in an isolated cabin and has taken in and raised a young girl orphaned from a devastating house fire. Their quiet life together is shattered when a group of criminals kidnap the girl, forcing the Blind Man to leave his safe haven to save her.",Rodo Sayagues,"Rodo Sayagues, Fede Álvarez",Released,English,15000000.0,53785551.0
357471,https://www.themoviedb.org/movie/357471-enciclopedia,Enciclopédia,,2010-01-29,BR,Romance,0.0,We don't have an overview translated in English. Help us expand our database by adding one.,Bruno Gularte Barreto,,Released,Portuguese,,
1670123,https://www.themoviedb.org/movie/1670123-warak-areesh,Warak Areesh,7.0,2026-04-29,US,"Family, Drama",0.0,"A cautious woman, hindered by a language barrier, struggles to connect with her grandmother but discovers a bond through food and tradition.",Elysia Azzi,,Released,English,,
2395,https://www.themoviedb.org/movie/2395-asterix-aux-jeux-olympiques,Asterix at the Olympic Games,116.0,2008-01-30,FR,"Fantasy, Adventure, Comedy, Family",5.2,"Astérix and Obélix have to win the Olympic Games in order to help their friend Alafolix marry Princess Irina. Brutus uses every trick in the book to have his own team win the game, and get rid of his father Julius Caesar in the process.","Thomas Langmann, Frédéric Forestier","Thomas Langmann, Alexandre Charlot, Franck Magnier, Olivier Dazat",Released,French,97250400.0,131856927.0
1563809,https://www.themoviedb.org/movie/1563809-alfa-bravo,Alfa & Bravo,,2025-10-16,PE,"Action, Comedy",10.0,We don't have an overview translated in English. Help us expand our database by adding one.,Aaron Otoya,Aaron Otoya,Released,Spanish; Castilian,,
925688,https://www.themoviedb.org/movie/925688-valahol-magyarorszagon,Rear-Guard,,1987-10-22,HU,Drama,10.0,"1985. Hungary has elections for the first time since long where more than one candidate is allowed to run. The engineer Bodnár is the most popular man in the rural town, who has defended the microclimate of the neighbourhood against a harmful project. Before the elections he is also put on the list. Local power launches a fight against him,",András Kovács,,Released,Hungarian,,
765684,https://www.themoviedb.org/movie/765684-octonauts-the-ring-of-fire,Octonauts & the Ring of Fire,72.0,2021-03-30,US,"Family, Animation, Adventure",6.3,"In this film's adventure, a volcano erupts suddenly, suddenly awakening the Pacific Ocean floor of hundreds of volcanoes composed of the ""ring of fire"", this sudden event quickly turned into a global catastrophe.  The volcanic clusters that are about to erupt en masse threaten the horned whales washed ashore by the tsunami, the cap penguins living in the volcanic islands, the equipment of the small column maintenance station, the food planted by plant fish in the marine farms... Not to mention the plants and animals that live in the crater all year after year!",Blair Simmons,"Stephanie Simpson, Gabe Pulliam",Released,English,,20000000.0
1161549,https://www.themoviedb.org/movie/1161549,Девять сантиметров,19.0,2023-08-18,RU,Drama,0.0,A clown is fired from a circus because he only flies 9 centimeters. The director doesn't know it's not a trick. The clown really hovers above the ground,Kirill Loginov,Anna Petrova,Released,Russian,,
729097,https://www.themoviedb.org/movie/729097-5,Young Mother 5,95.0,2020-04-03,KR,"Drama, Romance",5.8,"Ji-suk, a wealthy mother, wants to send her son, Se-hyuk, to the medical school. While looking for a competent private education coordination, Although it succeeded in recruiting a high-ranking entrance exam coordinator,'Starring', which only a few elite students selected. After hearing the rumors,'Namjae,' the father of Euntae, a high school examinee next door, hears rumors and comes to contact the main character. Like this, the parents of Se-hyeok and Eun-tae's neighbors 'Starring', who was in a difficult situation after entering a strange competition Eventually, I would share the day of the week to go to both houses to teach Se-hyuk and Eun-tae. Although they will agree with the two families, Eun Tae, who is a senior high school student, is in medical school. Not interested and only busy with high school girlfriends Se-hyuk starts talking to a beautiful tutor, starring than the entrance exam.",Jeong Do-soo,,Released,Korean,,
460793,https://www.themoviedb.org/movie/460793-olaf-s-frozen-adventure,Olaf's Frozen Adventure,22.0,2017-11-22,US,"Animation, Family, Adventure, Comedy, Fantasy",6.5,"Olaf is on a mission to harness the best holiday traditions for Anna, Elsa, and Kristoff.","Stevie Wermers-Skelton, Kevin Deters",Jac Schaeffer,Released,English,,
9448,https://www.themoviedb.org/movie/9448-the-big-hit,The Big Hit,91.0,1998-04-24,US,"Action, Comedy, Crime, Thriller",6.0,"Affable hit man Melvin Smiley is constantly being scammed by his cutthroat colleagues in the life-ending business. So, when he and his fellow assassins kidnap the daughter of an electronics mogul, it's naturally Melvin who takes the fall when their prime score turns sour. That's because the girl is the goddaughter of the gang's ruthless crime boss. But, even while dodging bullets, Melvin has to keep his real job secret from his unsuspecting fiancée, Pam.",Kirk Wong Chi-Keung,Ben Ramsey,Released,English,13000000.0,27007143.0
857098,https://www.themoviedb.org/movie/857098,火焰驹,,1958-01-01,CN,,0.0,We don't have an overview translated in English. Help us expand our database by adding one.,"Zhang Xinshi, Guoquan Liu",,Released,Chinese,,
5924,https://www.themoviedb.org/movie/5924-papillon,Papillon,151.0,1974-09-07,KR,"Crime, Drama",7.8,"A man befriends a fellow criminal as the two of them begin serving their sentence on a dreadful prison island, which inspires the man to plot his escape.",Franklin J. Schaffner,"Lorenzo Semple Jr., Dalton Trumbo",Released,English,12000000.0,53267000.0
272693,https://www.themoviedb.org/movie/272693-the-duff,The DUFF,100.0,2016-02-25,KR,"Romance, Comedy",6.8,"Bianca's universe turns upside down when she learns that her high school refers to her as a ‘DUFF' (Designated Ugly Fat Friend). Hoping to erase that label, she enlists the help of a charming jock and her favorite teacher. Together they'll face the school's mean girl and remind everyone that we are all someone's DUFF… and that's totally fine.",Ari Sandel,Josh A. Cagan,Released,English,8500000.0,43528634.0
157547,https://www.themoviedb.org/movie/157547-oculus,Oculus,104.0,2014-05-29,KR,Horror,6.5,A woman tries to exonerate her brother's murder conviction by proving that the crime was committed by a supernatural phenomenon.,Mike Flanagan,"Mike Flanagan, Jeff Howard",Released,English,5000000.0,44459951.0
1421771,https://www.themoviedb.org/movie/1421771-siri-medura,Siri Medura,,1989-06-05,LK,"Drama, Mystery, Thriller",10.0,We don't have an overview translated in English. Help us expand our database by adding one.,Parakrama Niriella,"Parakrama Niriella, SImon NAWAGATHTHEGAMA",Released,Sinhala; Sinhalese,,
1139235,https://www.themoviedb.org/movie/1139235,痴漢電車 つり革で濡れる女,60.0,2012-06-08,JP,Romance,0.0,"Inside a packed car. Natsumi, an office worker, feels uncomfortable. A man's hand strokes her thigh and then her skirt. (She stifles her voice) Please stop ....... Natsumi reacts with a jerk and wriggles. The man's hands are also reaching out to touch Natsumi's entire body. The man's hands go into her uniform blouse and roughly squeeze her breasts. He roughly rubs her breasts. Fingertips enter her panties. But Natsumi has never felt good during normal sex ......, and of course she has never come.... So she knocked on the door of the psychosomatic clinic.",Daisuke Yamanouchi,,Released,Japanese,,
79234,https://www.themoviedb.org/movie/79234,Wandering Sagittarius,96.0,1993-06-06,RU,"Romance, Drama, Comedy, Fantasy",6.6,After discovering a time tunnel to 1960-ies a journalist decides to make some cash out of it.,Giorgi Shengelia,Aleksei Timm,Released,Russian,,
1017412,https://www.themoviedb.org/movie/1017412-le-tetard,The Toddler,20.0,2021-09-07,FR,,0.0,"Since the birth of their youngest child, one-year-old Enzo, the Leblanc family has been under pressure. The relationship between Sophie and her eldest daughter, Jessie, 17, is particularly tense. Each member of the family will have to find his or her place.",Nathalie Lenoir,Nathalie Lenoir,Released,French,,
416153,https://www.themoviedb.org/movie/416153-arctic-dogs,Arctic Dogs,92.0,2023-11-23,KR,"Animation, Adventure, Comedy",6.0,Animals band together to save the day when the evil Otto Von Walrus hatches a sinister scheme to accelerate global warming and melt the Arctic Circle.,"Aaron Woodley, Dimos Vrysellas","Aaron Woodley, Bob Barlen, Cal Brunker",Released,English,,11285154.0
51182,https://www.themoviedb.org/movie/51182-sex-the-annabel-chong-story,Sex: The Annabel Chong Story,86.0,1999-02-11,US,Documentary,6.0,"The documentary follows Annabel Chong, former record holder for the world's largest gang bang, which she set in 1995 by having sex with 70 men. It focuses on her reasons for working in porn, and her relationship with friends and family.",Gough Lewis,Kelly A. Morris,Released,English,,
1430420,https://www.themoviedb.org/movie/1430420-anna,Anna,7.0,2022-12-05,MX,Drama,0.0,"Marianne and Leo argue about their failing marriage while awaiting the judge's decision on custody of their daughter, Anna.",Pedro Vincent,Pedro Vincent,Released,Spanish; Castilian,147.0,
1241043,https://www.themoviedb.org/movie/1241043-a-short-film-about-ghosts,A Short Film About Ghosts,10.0,2024-01-06,GB,"History, Mystery",0.0,"An empty house full of shadows, spirits are projected by the blue light of the television. echoes of violence and solitude fill the dark corners of an empty city. the countryside offers no comfort- the rivers are swollen and brown, the air is cold and grey, trees are sharp and barren of leaves. Ancient spirits and memories of evil are buried below the surface of the fields. A world haunted by past lives trying to claw their way back",Henry Lee,,Released,English,,
628293,https://www.themoviedb.org/movie/628293,Leo,28.0,2019-05-03,KR,Drama,0.0,Cellist Eun-ae decides to sell the cello on the day she returns from studying abroad.,Lee Deok-chan,Lee Deok-chan,Released,Korean,,
1461254,https://www.themoviedb.org/movie/1461254,Salmokji: Whispering Water,96.0,2026-04-08,KR,"Horror, Thriller",6.3,"An incident unfolds when a film crew goes to a reservoir to update the road view where an unidentified figure was filmed, and they encounter something in the dark, deep waters.",Lee Sang-min,Lee Sang-min,Released,Korean,2020000.0,17450000.0
579547,https://www.themoviedb.org/movie/579547-estou-ai,Estou Aí?,,1949-02-21,BR,"Comedy, Music",7.0,We don't have an overview translated in English. Help us expand our database by adding one.,José Cajado Filho,"José Cajado Filho, Ítalo Jaques",Released,Portuguese,,
439015,https://www.themoviedb.org/movie/439015-slender-man,Slender Man,93.0,2018-11-13,KR,"Horror, Mystery, Thriller",4.3,"In a small town in Massachusetts, four high school girls perform a ritual in an attempt to debunk the lore of Slender Man. When one of the girls goes mysteriously missing, they begin to suspect that she is, in fact, his latest victim.",Sylvain White,David Birke,Released,English,10000000.0,51738549.0
1257357,https://www.themoviedb.org/movie/1257357-cavepeople,Cavepeople,10.0,2024-05-10,US,"Documentary, Music",0.0,"January 13th, 2024; Suffolk County's punk, grunge, and emo scenes are showcased through the more than a hundred attendees at Caveversary; an annual celebration of the independent basement venue, The Cave.",Anthony Thomas Larkin,,Released,English,650.0,
340382,https://www.themoviedb.org/movie/340382-attack-on-titan,Attack on Titan II: End of the World,87.0,2016-06-02,KR,"Horror, Science Fiction, Action",6.2,"Eren Yeager leaves to restore a break in the wall destroyed by a Titan. He comes under attack by the Titans and is cornered. Shikishima comes to his aid. The titans never stops attacking.  Eren is now injured and tries to protect Armin, but is swallowed by a titan. A Titan with black hair appears and begins to expel the other titans.",Shinji Higuchi,"Tomohiro Machiyama, Yusuke Watanabe",Released,Japanese,,15187789.0
9559,https://www.themoviedb.org/movie/9559-a-perfect-world,A Perfect World,138.0,1994-01-15,KR,"Drama, Crime, Thriller",7.5,"A kidnapped boy strikes up a friendship with his captor: an escaped convict on the run from the law, headed by an honorable U.S. Marshal.",Clint Eastwood,John Lee Hancock,Released,English,30000000.0,135100000.0
589761,https://www.themoviedb.org/movie/589761,Chernobyl: Abyss,136.0,2021-06-30,KR,"Drama, History, Action",6.2,The aftermath of a shocking explosion at the Chernobyl nuclear power station made hundreds of people sacrifice their lives to clean up the site of the catastrophe and to successfully prevent an even bigger disaster that could have turned a large part of the European continent into an uninhabitable exclusion zone. This is their story.,Danila Kozlovsky,"Elena Ivanova, Alexey Kazakov",Released,Russian,9100000.0,6459306.0
524369,https://www.themoviedb.org/movie/524369-the-many-saints-of-newark,The Many Saints of Newark,120.0,2021-10-01,US,"Crime, Drama",6.3,"Young Anthony Soprano is growing up in one of the most tumultuous eras in Newark, N.J., history, becoming a man just as rival gangsters start to rise up and challenge the all-powerful DiMeo crime family. Caught up in the changing times is the uncle he idolizes, Dickie Moltisanti, whose influence over his nephew will help shape the impressionable teenager into the all-powerful mob boss, Tony Soprano.",Alan Taylor,"David Chase, Lawrence Konner",Released,English,50000000.0,13037403.0
1548210,https://www.themoviedb.org/movie/1548210-stolen-moments,Stolen Moments,87.0,2025-09-16,US,,0.0,"A husband and father is haunted by the consequences of a one-night stand, a young man returns to his home town to reflect on the tragic events that he left to escape, and a student’s holiday in Corsica proves an opportunity for friendship, reflection and self-discovery. An intimate collection of stories of fleeting encounters, private worlds and enduring memories both cherished and traumatic.","Aurelien Rapatel, Luca Bertossi, James Fitzgerald, Zach Siegel, Tom Wright",,Released,English,,
85592,https://www.themoviedb.org/movie/85592-jose-ignacio,José Ignacio,85.0,2009-01-01,AR,"Drama, Romance",0.0,An argentine male writer and an Italian female surfing instructor meet in a little village on the coast of Uruguay and fall in love...,Ricardo Preve,Ricardo Preve,Released,Spanish; Castilian,,
1582328,https://www.themoviedb.org/movie/1582328-sonunda-sen,Love At Last,,2026-03-27,US,"Comedy, Romance",5.2,"The funny story of Aslı, an advertising executive who doesn't want to be alone on Valentine's Day.",Doğa Can Anafarta,"Zeynep Gür, Melis Civelek",Released,Turkish,,
653127,https://www.themoviedb.org/movie/653127-3,Female Hostel 3,70.0,2019-06-11,KR,Romance,6.9,"Lonely boarding house women! Any man who goes in there can't come out in one piece! Boarding house owner Hyeon-jeong and tenants Seon-mi and Joo-hee have a rule; boyfriends are allowed to visit, but they can't sleep together! One day, Joo-hee brings in her boyfriend, Jeong-sik, and they secretly spend a hot night together. The next morning, Jeong-sik tries to leave quietly, but gets caught by Hyeon-jeong. She tells him that he broke the rules and he needs to be punished, so she comes on to him.",Jo Tae-ho,Gi Dae-ho,Released,Korean,,
1536425,https://www.themoviedb.org/movie/1536425-t-latum,Turmoil,82.0,2006-01-01,AZ,"Mystery, Thriller",0.0,"1993. Those who are serving sentences for their crimes are rejoicing at the first pardon issued by the head of state. Kamil Shabanov, who is facing a second prison sentence, does not lose hope. When he leaves the iron gate of the prison, it is as if he sees a bright world for the first time. The mother, who has been waiting for years, holds her child to her chest, caresses his face and hair. Unfortunately, after a certain period of time, Kamil is in danger of standing in the dock again.",Maharram Badirzadeh,"Maharram Badirzadeh, Ənvər Seyidov",Released,Azerbaijani,,
7303,https://www.themoviedb.org/movie/7303-maid-in-manhattan,Maid in Manhattan,105.0,2003-03-21,KR,"Comedy, Drama, Romance",6.1,"Marisa Ventura is a struggling single mom who works at a posh Manhattan hotel and dreams of a better life for her and her young son. One fateful day, hotel guest and senatorial candidate Christopher Marshall meets Marisa and mistakes her for a wealthy socialite. After an enchanting evening together, the two fall madly in love. But when Marisa's true identity is revealed, issues of class and social status threaten to separate them. Can two people from very different worlds overcome their differences and live happily ever after?",Wayne Wang,Kevin Wade,Released,English,55000000.0,154906693.0
198883,https://www.themoviedb.org/movie/198883-el-centroforward-murio-al-amanecer,That Forward Center Dies at Dawn,80.0,1961-06-08,AR,"Drama, Fantasy",6.5,"Cacho Garibaldi is the soccer player of the moment, his goals lead to delirium fans. When an eccentric millionaire named Lupus buys his transfer, he expects to end up on a major team. Instead, he discovers the millionaire's  goal in life is to collect the best -not art or stamps- but people.",René Múgica,Agustín Cuzzani,Released,Spanish; Castilian,,
39899,https://www.themoviedb.org/movie/39899-turkey-shoot,Turkey Shoot,93.0,1982-10-13,AU,"Science Fiction, Action, Horror",5.4,"In the near future, after an unspecified holocaust, survivors are herded into prison camps. There, they are hunted for sport by the leaders of the camp. Paul, one of the newest prisoners, is determined not to go down as quietly as the others.",Brian Trenchard-Smith,"Jon George, Neill D. Hicks",Released,English,32000000.0,
1600661,https://www.themoviedb.org/movie/1600661-fuego-terciopelo,Velvet Fire,20.0,2026-06-21,MX,,0.0,"Silvana, a young trans woman, faces the gradual collapse of her relationship while carrying a wound that shapes her present: the belief that she cannot be loved. Amid confusion, jealousy, and the urge to hold on to what is falling apart, she receives news that forces her to confront her family past. Along the way, Silvana must choose the life she wants to build and whether she can break free from the idea that she is destined for loneliness.",Francisco Roblero Avendaño,Francisco Roblero Avendaño,Released,Spanish; Castilian,,
1056903,https://www.themoviedb.org/movie/1056903-menjamah-cahaya,Touching the Light,16.0,2022-12-11,ID,Drama,0.0,We don't have an overview translated in English. Help us expand our database by adding one.,Nafa Faruq Adani,Adrian Bagaskara Harya Putra,Released,Indonesian,250.0,
619297,https://www.themoviedb.org/movie/619297-sweet-girl,Sweet Girl,110.0,2021-08-20,KR,"Action, Thriller, Drama",6.6,"A man vows to bring justice to those responsible for his wife's death while protecting the only family he has left, his daughter.",Brian Andrew Mendoza,"Gregg Hurwitz, Will Staples, Philip Eisner",Released,English,,
996243,https://www.themoviedb.org/movie/996243-dos-y-un-sueno,Dos y un Sueño,12.0,2022-07-05,AR,Romance,0.0,"She and he cross paths on the street without knowing their names or their ages. But that crossing, in a way, unites them.",Pedro Tovo Peyre,Pedro Tovo Peyre,Released,Spanish; Castilian,,
417586,https://www.themoviedb.org/movie/417586-sem-titulo-3-e-para-que-poetas-em-tempo-de-pobreza,Sem Título # 3 : E para que Poetas em Tempo de Pobreza?,,2016-09-23,BR,Documentary,0.0,We don't have an overview translated in English. Help us expand our database by adding one.,Carlos Adriano,,Released,Portuguese,,
1467129,https://www.themoviedb.org/movie/1467129-berbagi-hati,Another Half Heart,8.0,2026-02-14,ID,Romance,0.0,A man wearing Yellow shorts and a man wearing Blue shorts are faced with the situation that they are dating the same woman.,Ananda Afta Firstiarko,Ananda Afta Firstiarko,Released,Indonesian,,
7219,https://www.themoviedb.org/movie/7219-zombi-2,Zombie Flesh Eaters,91.0,1979-08-25,IT,Horror,6.7,"After an abandoned boat sails into New York harbor with a zombie aboard, a reporter teams up with the daughter of the boat's missing captain to investigate the island where he was last seen conducting research—the site of an alleged zombie outbreak.",Lucio Fulci,Elisa Briganti,Released,Italian,497000.0,1925000.0
1453484,https://www.themoviedb.org/movie/1453484-tres-tiempos,Three Courses,13.0,2025-08-16,US,Drama,0.0,"Raúl Morán invites Diego, his childhood best friend, over with his family to unveil their biggest secret. As the three-course dinner goes on, the family will unmask their reality and discover that they are not as different as they thought before that gathering.",Saúl Ornelas,"Saúl Ornelas, José Manuel Mijares Torre",Released,Spanish; Castilian,4350.0,
1419040,https://www.themoviedb.org/movie/1419040-supir-istimewa,Supir Istimewa,,1954-02-23,ID,Drama,0.0,"To get closer to Rukyah (E. Zaenah), a village girl he is interested in, city youth Kadir (M. S. Priyadi) disguises himself as a driver. Rukyah seems very difficult to tame, but finally succeeds, after going through a winding road. Among other things, Rukyah is accused of stealing a necklace, although it is later proven to be Kadir's mother's mistake.",Rempo Urip,,Released,Indonesian,,
614226,https://www.themoviedb.org/movie/614226,My Son is Somewhere,74.0,1962-11-11,SU,Drama,6.5,An old fisherman spends his days waiting to hear from his son who left the village long time ago.,Artur Vojtetsky,Dmitri Kholendro,Released,Russian,,
239403,https://www.themoviedb.org/movie/239403-cine-cocorico-as-aventuras-na-cidade,Cine Cocoricó: As Aventuras na Cidade,,2009-07-18,BR,"Family, Comedy, Adventure",5.0,We don't have an overview translated in English. Help us expand our database by adding one.,Fernando Gomes,,Released,Portuguese,,
870360,https://www.themoviedb.org/movie/870360-the-day-the-earth-blew-up-a-looney-tunes-movie,The Day the Earth Blew Up: A Looney Tunes Movie,91.0,2025-03-14,US,"Family, Comedy, Adventure, Animation, Science Fiction",7.6,"Porky and Daffy, the classic animated odd couple, turn into unlikely heroes when their antics at the local bubble gum factory uncover a secret alien mind control plot. Against all odds, the two are determined to save their town (and the world!)...that is if they don't drive each other crazy in the process.",Peter Browngardt,"Peter Browngardt, Michael Ruocco, Johnny Ryan, Jason Reicher, Ryan Kramer, Alex Kirwan, Eddie Trigueros, Kevin Costello, David Gemmill, Andrew Dickman, Darrick Bachman",Released,English,15000000.0,15076954.0
1726826,https://www.themoviedb.org/movie/1726826-cuerpos,Cuerpos,,2026-07-04,DO,,0.0,We don't have an overview translated in English. Help us expand our database by adding one.,Sebastian Diaz E.,Sebastian Diaz E.,Released,Spanish; Castilian,375.0,
22383,https://www.themoviedb.org/movie/22383-the-professionals,The Professionals,117.0,1966-11-01,US,"Western, Adventure, Action",7.1,An arrogant Texas millionaire hires four adventurers to rescue his kidnapped wife from a notorious Mexican bandit.,Richard Brooks,"Richard Brooks, Frank O'Rourke",Released,English,,
859214,https://www.themoviedb.org/movie/859214,Mom Lover,,2018-02-08,KR,Romance,7.5,"Min-hee, a college student living with her designer mother, has two secrets.For one thing, have an older sex partner you meet regularly. Min-hee fills her father's vacancy by meeting the man. Another secret is that she keeps getting drawn to her mom's personal trainer, Cheol-min, whom she recently introduced to her mom.One day, when her appointment is canceled, Min-hee comes home and secretly spies on her mother and Cheol-min's sex",정진호,,Released,Korean,,
1637404,https://www.themoviedb.org/movie/1637404-baby-bird,Baby Bird,22.0,2026-03-20,US,Horror,0.0,"Helen, an American-born Chinese nanny working in a Chinese household, finds a collection of old Chinese workbooks tracking Helen’s failure to learn Mandarin in her late mother’s things. She becomes consumed by the idea that her mother was resentful of her and begins to lose sight of the person her mother truly was to a cruel nightmare version of her. At the same time, her position within the household grows more tenuous, putting the relationship she has with her young ward, Xiao Shao, at risk.",Aris Liang,,Released,English,,
1222796,https://www.themoviedb.org/movie/1222796-inostranka,Foreigner,24.0,1937-01-01,RU,"Drama, Family",7.0,"A small river separates Soviet lands from the territory of one of the capitalist powers. On the other side, the girl Pebble lives with her peasant father. One morning, after running after a cow across a river, the girl crossed to the Soviet side.  She only spends one day in the kindergarten of the border post, but this day remains in her memory for the rest of her life. Seeing the bright, spacious rooms, the beautiful clothes of the children, delicious plentiful food, and many toys, the girl remembers with bitterness her dilapidated hut, where there is not always bread for dinner.  Caressed by the Soviet people, in a new dress, with a bunch of donated toys, Pebble goes back home. A rude shout from a gendarme officer brings the girl back to bitter reality.",Vladimir Gonchukov,Vladimir Gonchukov,Released,Russian,,
551217,https://www.themoviedb.org/movie/551217-zig-zag,Zig Zag,,2018-09-22,US,Documentary,8.0,"Zigzag.  1. a pattern created using alternating course.  2. another word for skiing.  Following nearly two decades of ski movie pedigree, Level 1 documents a lifestyle of contradiction. Timeless ephemera. Love and money. Natural and synthetic. Powder and slush. Stagnant and innovative. Untracked and well-travelled. Consistent but not predictable. Swerving left, right and diagonal, yet never asleep at the wheel.  Featured Athletes:  Parker White, Laurent De Martin, Sämi Ortlieb, Chris Logan, Will Berman, Keegan Kilbride, Will Wesson, Thayne Rich, Peyben Hägglund, KC Deane, LJ Strenio, Khai Krepela, Kim Boberg, Oliver Karlberg, Tanner Rainville, Duncan Adams, Ahmet Dadali, McRae Williams, Wiley Miller, and Friends.  Featured Locations:  Eagle Pass Heli, BC. Sunshine Village, Banff. Mt Baker, Washington. Sweden. Gran Masta Park, Switzerland. Hokkaido, Japan. Moscow, Russia. Helsinki, Finland. Whistler, BC. Colorado. Montana. Michigan. Minnesota.","Josh Berman, Freedle Coty",,Released,English,,
1731227,https://www.themoviedb.org/movie/1731227-jeritan-jin,Jeritan Jin,,2022-01-01,MY,,0.0,"The story of Zack, a father who returns from prison, wanting to start a new life with his daughter, Nisa. His desire to stop stealing is disrupted when his daughter is admitted to the hospital and requires substantial medical treatment costs. Three mafia members, Peter Lim, Jaafar and Sara Bhai, plan to invest RM15 million in World Cup gambling. Hoping to pay for his daughter's medical expenses, Zack accepts an offer from Malik who intends to steal the money. After the heist, Malik hides the cash in an abandoned factory, leading them to face a jinn that has long been undisturbed.",Roy FDAM WCC,,Released,English,,
1656489,https://www.themoviedb.org/movie/1656489-sultana,Sultana,120.0,2026-04-18,TR,"Drama, Music",0.0,"Sultana is a drama set in Istanbul's one and only strip club, telling a story of a women, power, rivalry and solidarity. A new Turkish story where women are not victims in a fairy tale, but warriors learning that the 'handsome prince' is often the real monster- and their only salvation is each other. Meral the long reigning queen of the one and only strip club of Istanbul which is Sultana, takes a talented new Belarusian dancer named Anna under her wing. But she soon realizes she has created a rival powerful enough to replace her, and a ruthless power struggle erupts between the two women.",Ali Kemal Güven,Erdi Işık,Released,Turkish,,
1014453,https://www.themoviedb.org/movie/1014453,Fakt Mahilao Maate,137.0,2022-08-19,IN,"Comedy, Drama",7.0,"Chintan Parikh, a 28-year-old middle-class man constantly surrounded by and troubled by the women in his life. On one fateful trip to Ambaji Temple he prays and asks for a power that could help him understand women and his wish is granted. Watch the drama unfold after he starts hearing voices.",Jay Bodas,"Karan Bhanushali, Humayun Makrani, Jay Bodas",Released,Gujarati,,
493491,https://www.themoviedb.org/movie/493491,Saayad,137.0,2012-05-29,NP,"Crime, Drama",10.0,"Saayad is the story of two generations living together, but experiencing the world in very different ways.",Suraj Subba Nalbo,Suraj Subba Nalbo,Released,Nepali,,
2246,https://www.themoviedb.org/movie/2246-malice,Malice,107.0,1994-03-05,KR,Thriller,6.3,"A tale about a happily married couple who would like to have children. Tracy teaches infants, Andy's a college professor. Things are never the same after she is taken to hospital and operated upon by Jed, a ""know all"" doctor.",Harold Becker,"Aaron Sorkin, Scott Frank",Released,English,20000000.0,46405336.0
433132,https://www.themoviedb.org/movie/433132-auf-den-trummern-des-paradieses,Auf den Trümmern des Paradieses,,1920-10-06,DE,Adventure,8.0,We don't have an overview translated in English. Help us expand our database by adding one.,Josef Stein,"Karl May, Erwin Baron, Marie Luise Droop",Released,German,,
542288,https://www.themoviedb.org/movie/542288-barnavannen,Barnavännen,28.0,2004-03-18,SE,Drama,0.0,"""The Childhood Friend."" - Tomas lives with her parents. One day, his father's cousin Serkuu comes to visit. At first Serkuu wins Tomas's trust but later he brutally let's him down. Fifteen years later, Tomas has become a police officer and takes his service revolver when calls on Serkuu to retaliate.",Jon Lindström,Jon Lindström,Released,Swedish,,
11560,https://www.themoviedb.org/movie/11560-high-crimes,High Crimes,115.0,2002-04-05,US,"Drama, Mystery, Thriller, Crime",6.3,"A female attorney learns that her husband is really a marine officer who has been AWOL for fifteen years and accused of murdering fifteen civilians in El Salvador. Believing her husband when he tells her that he's being framed as part of a U.S. Military cover-up, the attorney defends him in a military court.",Carl Franklin,"Joseph Finder, Yuri Zeltser, Grace Cary Bickley",Released,English,42000000.0,63781810.0
1286185,https://www.themoviedb.org/movie/1286185-the-carpenter-s-son,The Carpenter's Son,94.0,2025-11-21,GB,"Horror, Fantasy",6.1,"A remote village in Roman-era Egypt explodes into spiritual warfare when a carpenter, his wife and their child are targeted by supernatural forces.",Lotfy Nathan,Lotfy Nathan,Released,English,10000000.0,146356.0
15613,https://www.themoviedb.org/movie/15613-fire-in-the-sky,Fire in the Sky,109.0,1993-03-12,US,"Science Fiction, Mystery, Thriller, Drama",6.7,"After clearing brush for the government, a group of men return to town claiming their friend was abducted. Despite no apparent motive or evidence of foul play, no-one believes their story and his disappearance is treated as murder.",Rob Lieberman,Tracy Tormé,Released,English,15000000.0,19885552.0
744244,https://www.themoviedb.org/movie/744244-la-marcha,The March,18.0,2020-09-17,MX,Drama,0.0,"In 1910, a young laundress leaves her rural home, fleeing from her father's violence. With her, her two sisters and their baby brother. Along the way they try to break free from the past and rediscover a future.","Érica Rozek, Agustín Falco Vázquez",Érica Rozek,Released,Spanish; Castilian,,
1373040,https://www.themoviedb.org/movie/1373040-restroom-555,Restroom 555,8.0,2024-10-21,PH,,0.0,"In a restroom where the dead must confess or release their sins before entering the afterlife, a woman struggles to face—and smell—the weight of her meaningless life.",JIAN,JIAN,Released,English,,
711991,https://www.themoviedb.org/movie/711991-les-marchands,Les Marchands,110.0,2013-09-18,FR,Drama,0.0,"The originality of the show lies in the gap between the narrative provided by the voice-over (omnipresent) and the visible, concrete actions played on stage by the characters in an almost silent film: their play, sometimes very poetic, transcends narration. As a result, not only is the spectator's emotion intense, but the philosophical reflection on the meaning (s) of the work emerges: since Man sells his thought, his body, his time, in exchange for a salary, since he is constantly in exchange, barter, link, is he a ""merchant""? What is he walking towards?",Julien Bechara,,Released,French,,
7979,https://www.themoviedb.org/movie/7979-the-kite-runner,The Kite Runner,128.0,2008-03-13,KR,Drama,7.3,"After spending years in California, Amir returns to his homeland in Afghanistan to help his old friend Hassan, whose son is in trouble.",Marc Forster,"Khaled Hosseini, David Benioff",Released,English,20000000.0,73276047.0
9569,https://www.themoviedb.org/movie/9569-hard-to-kill,Hard to Kill,95.0,1990-02-09,US,"Action, Drama, Crime, Thriller",6.0,"Mason Storm, a 'go it alone' cop, is gunned down at home. The intruders kill his wife, and think they've killed both Mason and his son too. Mason is secretly taken to a hospital where he spends several years in a coma. His son meanwhile is growing up thinking his father is dead. When Mason wakes up, everyone is in danger - himself, his son, his best friend, his nurse - but most of all those who arranged for his death",Bruce Malmuth,Steven McKay,Released,English,10000000.0,47410000.0
1627868,https://www.themoviedb.org/movie/1627868,Forbidden & Captivity,,2026-01-19,CN,Romance,0.0,"The story follows Wen Hai, a 17‑year‑old boy who suddenly loses both of his parents in an accident. Because he’s underage, a court places him under the legal guardianship of his wealthy but emotionally distant half‑brother, Gu Huaizhou, whom he’s never met before. At first, Gu Huaizhou treats Wen Hai with cold indifference and even cruelty, and Wen Hai outwardly acts obedient while secretly resenting him. Over time, their relationship shifts in complicated ways — from hostility to reluctant reconciliation and then emotional and romantic tension — as they face the weight of family history, power imbalance, and taboo feelings between them.",欧儿,欧儿,Released,Chinese,,
496041,https://www.themoviedb.org/movie/496041-ils-s-aiment-aussi-depuis-20-ans,Ils s'aiment aussi depuis 20 ans,,2017-01-01,FR,Comedy,5.7,We don't have an overview translated in English. Help us expand our database by adding one.,Muriel Robin,Michèle Laroque,Released,French,,
1632745,https://www.themoviedb.org/movie/1632745-gubernator,Gubernator,,2023-06-06,RU,,0.0,"A former jailed owner of a large metallurgical enterprise gives an interview about the death of his longtime friend, the regional governor, with whom he made a fortune in privatization in the 1990s",Artem Homyakov,,Released,English,,
1558096,https://www.themoviedb.org/movie/1558096-jemparingan,Bow and Sense,12.0,2024-03-28,ID,"Drama, Family",0.0,A girl struggles to become an archery championship winner.,Imam Syafi'i,Shamil,Released,Indonesian,,
1731255,https://www.themoviedb.org/movie/1731255-rumah,Rumah,,2022-01-01,MY,,0.0,"It follows a single mother who tries to provide happiness and safety for her daughter. Despite the challenges they face in life, Maya is determined to give the best for her daughter and continues to search for a home for themselves. The search leads them to a terraced house at a below-market price which they purchase without much thought, and the horror begins.",Kay Kay Menon,,Released,English,,
16007,https://www.themoviedb.org/movie/16007,Death Note,126.0,2006-11-02,KR,"Fantasy, Mystery, Thriller",7.1,"Light Yagami finds the ""Death Note,"" a notebook with the power to kill, and decides to create a Utopia by killing the world's criminals, and soon the world's greatest detective, ""L,"" is hired to find the mysterious murderer. An all out battle between the two greatest minds on earth begins and the winner will control the world.",Shusuke Kaneko,Tetsuya Oishi,Released,Japanese,20000000.0,29667169.0
1658914,https://www.themoviedb.org/movie/1658914-ilk-genclik,İlk Gençlik,,2026-02-06,TR,Drama,0.0,We don't have an overview translated in English. Help us expand our database by adding one.,,,Released,Turkish,,
284133,https://www.themoviedb.org/movie/284133,Irukku Aana Illai,135.0,2014-07-18,IN,"Comedy, Thriller, Romance",4.0,"Venkat meets with an accident in which Divya loses her life. However, she starts to haunt him as a ghost. What does she want?",K. M. Saravanan,K. M. Saravanan,Released,Tamil,,
629970,https://www.themoviedb.org/movie/629970-qara,Black,12.0,2014-01-01,AZ,Drama,0.0,"What is the stranger you have picked up on the side of the road thinking? Maybe he knows what you think? Shot in Baku with non-professional actors, this project was born by chance when the director met with Sarkhan and Sabir, the two protagonists of the movie. This short film offers us the chance to watch a few hours of the strange fate of a young man linked to a criminal association.",Novruz Hikmet,"Novruz Hikmet, Samira Najaf",Released,Azerbaijani,,
406264,https://www.themoviedb.org/movie/406264-sunrise,Sunrise,7.0,2010-01-02,PR,Drama,0.0,A man finds a way to return to the love of his life after losing her in circumstances not very clear to the police.,Eduardo Rosado,Daniel Martínez,Released,Spanish; Castilian,,
122314,https://www.themoviedb.org/movie/122314-serrat-sabina-dos-pajaros-de-un-tiro,Serrat & Sabina - Dos Pájaros De Un Tiro,,2008-06-27,ES,Music,6.0,The first time ever 2 great Spanish artist join together on an international stage,,,Released,Spanish; Castilian,,
319888,https://www.themoviedb.org/movie/319888-eddie-the-eagle,Eddie the Eagle,106.0,2016-03-31,KR,"Comedy, Drama, History, Adventure",7.2,"The feel-good story of Michael 'Eddie' Edwards, an unlikely but courageous British ski-jumper who never stopped believing in himself—even as an entire nation was counting him out. With the help of a rebellious and charismatic coach, Eddie takes on the establishment and wins the hearts of sports fans around the world by making an improbable and historic showing at the 1988 Calgary Winter Olympics.",Dexter Fletcher,"Simon Kelton, Sean Macaulay",Released,English,23000000.0,46152411.0
727732,https://www.themoviedb.org/movie/727732,The Poor Children,,1924-01-01,CN,,0.0,We don't have an overview translated in English. Help us expand our database by adding one.,Shichuan Zhang,Zheng Zhengqiu,Released,Chinese,,
377968,https://www.themoviedb.org/movie/377968-l-phi-tinh-yeu,Love Fee,,2012-04-16,VN,"Romance, Comedy",6.0,"Hien Dieu (Minh Hang) is a beautiful girl with a pretty strong character. She is a debt collector for NFM Bank. This work caused quite a lot of pressure to Dieu as her clients are mostly listed in the serious debt category. Among the clients listed are Ly Van Giau (Huy Khanh), who always gives excuses to pay his debt. However, in order to keep her job, Dieu is determined to meet him one day so that he can settle his debt. On her way to find him she is saved by a handsome actor, Hoang Phu from a robber who tried to snatch her bag. After the incident, Hoang Phu then sends her home. From total strangers both start to fall in love with each other, without knowing Hoang Phu is actually Ly Van Giau. Will Hien Dieu find out the truth? What is the outcome of their love story?",Nguyễn Minh Chung,,Released,Vietnamese,,
1220225,https://www.themoviedb.org/movie/1220225-nine-divine,Nine Divine,95.0,2023-10-01,US,"Fantasy, Adventure",4.0,"A shy foster girl uses her amazing art skills and creative abilities to escape her traumatic life. But when her baby brother goes missing, she finds herself in a race against time to save him among rising concerns of her sanity.",Jurian Isabelle,Jurian Isabelle,Released,English,,
1466230,https://www.themoviedb.org/movie/1466230-dante-miljonerna,Dante,76.0,2026-03-07,SE,"Animation, Family, Comedy, Mystery",0.0,"10 million euros go missing and the prime suspect is forced to flee and ends up in the city dump. In the search for the truth, two heads clash – but what price friendship?",Linda Hambäck,"Linda Hambäck, Jessika Jankert",Released,Swedish,,
10833,https://www.themoviedb.org/movie/10833-heartbreakers,Heartbreakers,123.0,2001-08-17,KR,"Comedy, Romance, Crime",6.1,"Max and Page are a brilliant mother/daughter con team who have their grift down to a fine science. Max targets wealthy, willing men and marries them. Page then seduces them, and Max catches her husband in the act. Then it's off to palimony city and the next easy mark.",David Mirkin,"Paul Guay, Robert Dunn, Stephen Mazur",Released,English,35000000.0,57800000.0
1117272,https://www.themoviedb.org/movie/1117272-vice-news-presents-cult-of-elon,VICE News Presents: Cult of Elon,67.0,2023-04-24,US,Documentary,5.0,How Elon Musk became the most influential businessman in history by building a powerful cult of personality.,Arthur Randell,,Released,English,,
1675042,https://www.themoviedb.org/movie/1675042-bloom-garden-party,Love Live! Hasunosora Girls' High School Idol Club Bloom Garden Party,75.0,2026-05-08,JP,"Animation, Music",0.0,We don't have an overview translated in English. Help us expand our database by adding one.,Go Kurosaki,Fumiaki Maruto,Released,Japanese,,
1555331,https://www.themoviedb.org/movie/1555331-d-i-s-c-o,D.I.S.C.O.,102.0,2026-01-01,TR,"Action, Comedy",6.6,"The operation, which has been carried out in secret by the D.I.S.C.O. intelligence agency for a long time, fails because of Agent Ertan. Ertan, who was suspended from the organization, goes on vacation with his wife Seda. Here, the path crosses with Bandırma Hair Dryer First Zafer and his wife Aynur. Zafer, who learned about Ertan's profession, has only one condition to be silent. To finish Ertan's unfinished operation together. Because the organization that the organization is after is in the same hotel and the fate of the operation is in the hands of Ertan. Ertan, who has never been a field agent in his life, embarks on the operation by having to include Zafer. The unexpected support of Seda and Aynur will change everything.",Ömer Faruk Sorak,"Giray Altınok, Kerem Özdoğan",Released,Turkish,,5250000.0
1544235,https://www.themoviedb.org/movie/1544235-yo-satanas,"Yo, Satanás",,2019-06-09,VE,Comedy,0.0,We don't have an overview translated in English. Help us expand our database by adding one.,"Silvio Manuel Loreto, Adriana Bello Mejías",,Released,Spanish; Castilian,,
1382043,https://www.themoviedb.org/movie/1382043-corazon-partio,Corazón Partío,,2024-03-23,ES,"Romance, Science Fiction",0.0,We don't have an overview translated in English. Help us expand our database by adding one.,Hugo Morenilla,Hugo Morenilla,Released,Spanish; Castilian,,
473191,https://www.themoviedb.org/movie/473191,A Special Day,90.0,2017-08-05,IR,Drama,4.0,Hamed's sister must have a hearth surgery,Homayoun Assadian,,Released,Persian,150000.0,60000.0
358783,https://www.themoviedb.org/movie/358783-operacion-gonada,Operación Gónada,,2000-03-17,ES,Comedy,9.0,We don't have an overview translated in English. Help us expand our database by adding one.,Daniel F. Amselem,"Daniel F. Amselem, Manuel Mir",Released,Spanish; Castilian,,385349.0
10633,https://www.themoviedb.org/movie/10633-in-the-heat-of-the-night,In the Heat of the Night,109.0,1967-08-02,US,"Crime, Drama, Mystery, Thriller",7.7,"African-American Philadelphia police detective Virgil Tibbs is arrested on suspicion of murder by Bill Gillespie, the racist police chief of tiny Sparta, Mississippi. After Tibbs proves not only his own innocence but that of another man, he joins forces with Gillespie to track down the real killer. Their investigation takes them through every social level of the town, with Tibbs making enemies as well as unlikely friends as he hunts for the truth.",Norman Jewison,"John Ball, Stirling Silliphant",Released,English,2000000.0,27379978.0
1316052,https://www.themoviedb.org/movie/1316052-maman-danse,Mom Dances,23.0,2025-06-27,KR,Documentary,0.0,"What remains of a mother after years of domestic violence? What remains of her body, her dignity and her strength? Surely words, memory and a few dance steps that can still be passed down.",Mégane Brügger,,Released,French,,
1586876,https://www.themoviedb.org/movie/1586876,Chiikawa the Movie: The Secret of the Mermaid Island,99.0,2026-07-24,JP,"Animation, Family, Adventure, Fantasy",0.0,"Chiikawa and friends set off on a whimsical summer adventure to a mysterious island said to hide a long-lost mermaid secret. What starts as a fun getaway quickly turns into a heartwarming journey filled with surprises, gentle thrills, and adorable chaos. With sparkling seas, strange legends, and unforgettable encounters, the trio learns about courage, friendship, and the magic hidden in small moments.",Kei Oikawa,Nagano,Released,Japanese,,
600950,https://www.themoviedb.org/movie/600950,Hijra in Between,83.0,2021-03-31,KR,"Romance, Drama, TV Movie",7.2,"After facing an irresistible change, what is she? Still him?  Two women with different personalities have unexpectedly become the best sisters - He Xizhen, Liu Wanting, who like the above students at the same time, but in fact Wen Haosheng has long noticed Liu Wanting, in the hope of his friend, Yu Ting When the twins entered the relationship, the three also formed an intimate triangular relationship until an accident caused Wan Ting to discover that she had a double sexuality, and at this moment she must choose to live as one of the genders.  Wan Ting unexpectedly refused to let the twins and Xi Zhen get caught off guard. After many years, Xi Zhen and the twins appeared a pure-looking boy, Liu Ting.",Mi-Chieh Tsai,Shao Hui Ting,Released,Chinese,,
565502,https://www.themoviedb.org/movie/565502-les-nouvelles-geishas-des-buveurs-solitaires,I Don't Want to Sleep with You I Just Want to Make You Hard,30.0,2016-04-21,FR,Documentary,1.0,"Kyabakura is a type of hostess club in Japan, inspired by French cabaret. There exists an ambiguous relationship between the clients, the men, and the hostesses, that should never materialize into a sexual relationship...There are strict rules, which of course, are designed to be broken.",Momoko Seto,,Released,Japanese,,
16995,https://www.themoviedb.org/movie/16995-state-of-play,State of Play,127.0,2009-04-30,KR,"Thriller, Crime, Mystery",6.8,"When a congressional aide is killed, a Washington, D.C. journalist starts investigating the case involving the Representative, his old college friend.",Kevin Macdonald,"Matthew Michael Carnahan, Tony Gilroy, Billy Ray",Released,English,60000000.0,87800000.0
381130,https://www.themoviedb.org/movie/381130-banco-imobiliario,Banco Imobiliário,75.0,2016-01-28,BR,Documentary,0.0,"Brian walks through his childhood neighborhood, looking for new areas to explore. Romeo, from his windowed office, designs a new marketing strategy. Carla plans new investiments watching the city from above. A table game. A future image. A city project.",Miguel Antunes Ramos,,Released,Portuguese,,
629726,https://www.themoviedb.org/movie/629726-cinema-contemporaneo,Contemporary Cinema,5.0,2019-11-06,BR,Documentary,8.0,"“I was really young when I was first raped. I thought of telling this story someday, the story behind this picture. I lacked the courage. If the film could speak for me, then, I could.”",Felipe André Silva,,Released,Portuguese,,
1221248,https://www.themoviedb.org/movie/1221248-l-aminte,L'Aminte,37.0,2023-06-09,FR,,0.0,"Benjamin is worried about his herd since Aminte, his apprentice, prefers to dream under the trees. Aminte would like to live in Arcadia, where Silvie would love only him. Although his friends Tirsis and Dafné try to help him, only the god Amour could really do it...",Simon Gaillot,"Simon Gaillot, Yuna Alonzo",Released,French,,
574060,https://www.themoviedb.org/movie/574060-gunpowder-milkshake,Gunpowder Milkshake,114.0,2021-09-08,KR,"Action, Crime, Thriller",6.3,"To protect an 8-year-old girl, a dangerous assassin reunites with her mother and her lethal associates to take down a ruthless crime syndicate and its army of henchmen.",Navot Papushado,"Navot Papushado, Ehud Lavski",Released,English,30000000.0,1015760.0
96769,https://www.themoviedb.org/movie/96769-nina-conti-her-master-s-voice,Nina Conti: Her Master's Voice,64.0,2012-03-11,US,"Comedy, Documentary, Drama",7.5,"Internationally acclaimed ventriloquist Nina Conti takes the bereaved puppets of her mentor and erstwhile lover Ken Campbell on a pilgrimage to ""Venthaven"" the resting place for puppets of dead ventriloquists. She gets to know her latex and wooden travelling partners along the way, and with them deconstructs herself and her lost love in this ventriloquial docu-mockumentary requiem. Ken Campbell was a hugely respected maverick of the British theatre, an eccentric genius who would snort out forgotten artforms. Nina was his protégé in ventriloquism and has been said to have reinvented the artform. This film is truly unique in genre and style. No one has seen ventriloquism like this before.",Nina Conti,Nina Conti,Released,English,,
14249,https://www.themoviedb.org/movie/14249-revenge,Revenge,123.0,1990-02-16,US,"Thriller, Romance, Drama",6.5,"Michael ‘Jay’ Cochran has just left the Navy after 12 years and he's not quite sure what he's going to do, except that he knows he wants a holiday. He decides to visit Tiburon Mendez, a powerful but shady Mexican businessman who he once flew to Alaska for a hunting trip. Arriving at the Mendez mansion in Mexico, he is immediately surprised by the beauty and youth of Mendez’s wife, Miryea.",Tony Scott,"Jim Harrison, Jeffrey Alan Fiskin",Released,English,,15645616.0
88625,https://www.themoviedb.org/movie/88625,Doraemon: Nobita and the Steel Troops,97.0,1986-03-15,JP,"Animation, Adventure, Family, Fantasy, Science Fiction",6.6,"Doraemon and Nobita decide to build a perfect toy robot. However, their creation turns out to be a little more uncanny than an object of appreciation and wonder.",Tsutomu Shibayama,,Released,Japanese,,20200000.0
10934,https://www.themoviedb.org/movie/10934-under-the-tuscan-sun,Under the Tuscan Sun,113.0,2004-04-23,KR,"Romance, Comedy",6.9,"Frances Mayes, a 35-year-old professor and writer from San Francisco, decides to take a tour of Tuscany following a difficult divorce. After impulsively buying a run-down villa in the Italian countryside, she begins to piece her life back together in unexpected ways.",Audrey Wells,"Audrey Wells, Frances Mayes",Released,English,18000000.0,58878723.0
1162398,https://www.themoviedb.org/movie/1162398-refugios,Refugios,23.0,2018-01-01,AR,Drama,0.0,"After the recent death of his father, Daniel and his son, Homer visits Alicia, his mother. The reunion with the places of his childhood leads Daniel to rethink his relationship with his son and with himself.",Lautaro Schurjin,"Lautaro Schurjin, Ricardo Javier Froidevaux",Released,Spanish; Castilian,,
1322443,https://www.themoviedb.org/movie/1322443-the-message,The Message,107.0,2024-12-06,US,"Crime, Thriller, Mystery",5.5,"Detective Andrea Oya and FBI agent Samantha Curry team up to solve a string of murders targeting Black women and children, leaving cryptic marks on the victims. As they face danger, they forge a powerful bond.",Benét Embry,Benét Embry,Released,English,,
455568,https://www.themoviedb.org/movie/455568-voros-tinta,Red Ink,88.0,1960-01-07,HU,"Drama, Romance",8.2,"Most of her colleagues take Mária, the new teacher to be a communist party-worker, only Irma and the drawing teacher Zoli treat her kindly. Mária starts working with great enthusiasm, and her class learns to love her in a short time.",Viktor Gertler,Magda Szabó,Released,Hungarian,,
414175,https://www.themoviedb.org/movie/414175-br-716,BR 716,88.0,2016-11-17,BR,Drama,6.2,"In 1960s Rio de Janeiro, aspiring writer Felipe leads a life of wild parties held in an apartment in famous street Barata Ribeiro in Copacabana. There he and his friends enjoy freedom even in the midst of a complicated political moment.",Domingos de Oliveira,Domingos de Oliveira,Released,Portuguese,,255.0
1309121,https://www.themoviedb.org/movie/1309121,Anomie,137.0,2026-02-06,IN,"Crime, Thriller",3.0,"Zaara, a relentless sister seeking answers in her brother's unresolved case, confronts a police officer after days of failed investigation. As faith in the system erodes, she pursues the truth on parallel paths, leading to a haunting revelation.",Riyas Marath,Riyas Marath,Released,Malayalam,,
1451281,https://www.themoviedb.org/movie/1451281-el-trompo,El trompo,15.0,2005-01-01,AR,Drama,0.0,"During the 2003 flood in the province of Santa Fe, a boy and his grandfather were taken to an evacuation center, where hundreds of families were waiting to return to their homes. The boy lived through unforgettable experiences. The only thing that mattered was friendship, love, and dreams... until the spinning top stopped.","Alejandro Carreras, Gastón del Porto","Alejandro Carreras, Gastón del Porto",Released,Spanish; Castilian,,
11000,https://www.themoviedb.org/movie/11000-the-birdcage,The Birdcage,119.0,1996-05-11,KR,"Comedy, Romance",7.0,A gay cabaret owner and his drag queen partner agree to put up a false heterosexual front so that their son can introduce them to his fiancée's conservative parents.,Mike Nichols,Elaine May,Released,English,31000000.0,185300000.0
707168,https://www.themoviedb.org/movie/707168-jiran-sekampong,Village Neighbours,102.0,1965-06-23,MY,Drama,0.0,"""'Jiran Sekampung' is an ambitious [social-realist] ensemble film that ties together overlapping story-strands. (...) It seeks to function like a microcosm of contemporary Malay society. There's envy and backbiting, but also love and understanding. People are conscious of status. The old are quick to judge the young. Men are socially privileged, but women sometimes make their own worst enemies."" (Amir Muhammad, '120 Malay Movies', 2010)",Hussein Haniff,Hussein Haniff,Released,Malay,,
1561737,https://www.themoviedb.org/movie/1561737-criaturas,Criaturas,,2024-02-20,ES,"Drama, Fantasy",0.0,Two fictional characters from very different stories meet by chance. This will give them the opportunity to reflect on their own existence and the nature of their reality.,Marco Araujo,Eneko López de Luzuriaga,Released,Spanish; Castilian,,
5492,https://www.themoviedb.org/movie/5492-gunner,Gunner,90.0,2025-04-10,KR,"Action, Thriller, Crime",5.3,"While on a camping trip in order to reconnect, war veteran Colonel Lee Gunner must save his two sons from a gang of violent bikers when they're kidnapped after accidentally stumbling upon to a massive drug operation.",Dimitri Logothetis,"Dimitri Logothetis, Gary Scott Thompson",Released,English,20000000.0,
730028,https://www.themoviedb.org/movie/730028-varldens-vackraste-pojke,The Most Beautiful Boy in the World,93.0,2021-07-10,KR,Documentary,7.4,"In 1971, due to the world premiere of Death in Venice, Italian director Lucino Visconti proclaimed his Tadzio as the world’s most beautiful boy. A shadow that today, 50 years later, weighs Björn Andrésen’s life.","Kristian Petri, Kristina Lindström","Kristian Petri, Kristina Lindström",Released,Swedish,,
1247156,https://www.themoviedb.org/movie/1247156-the-movie,Happy Merry Ending (Movie),108.0,2023-08-05,KR,"Romance, Drama, Music",0.0,"Seung Jun works as a wedding host and singer. But he is blighted by a range of harrowing issues. He feels like his job is leading him nowhere and has lost his enthusiasm for working. He has also lost his faith in romance, despite the fact that he is surrounded by young couples whenever he performs at a wedding.  Meanwhile, Jae Hyun is a pianist. An acquaintance one day lets him know about an opportunity to work as a wedding accompanist alongside Seung Jun. He initially has no intention of taking the job. However, when he sees Seung Jun, he falls for the wedding singer straight away. He takes the job, hoping that it will bring him and Seung Jun together. But while the singer can feel Jae Hyun is interested in him, he is hesitant about letting anyone get close to him. As their paths cross again and again at new wedding ceremonies, Cupid threatens to bring them together. Will they give in to the pull of romance?",Min Chae-yeon,Seok Bo-bae,Released,Korean,,
1526792,https://www.themoviedb.org/movie/1526792-life-begins,Life Begins,28.0,2025-09-07,UA,"War, Drama",0.0,"A war veteran struggles to readjust to civilian life after participating in fierce battles. He finds it difficult to find his place, even at home. After a fight in a pub, he is imprisoned in a military facility and then sent back home, where memories, physical and emotional trauma, and the sounds of war haunt him.",Oleksii Taranenko,Pawel Belyanskiy,Released,Ukrainian,,
1007185,https://www.themoviedb.org/movie/1007185,出门挣钱的人,,1983-01-01,CN,Drama,0.0,We don't have an overview translated in English. Help us expand our database by adding one.,Zhang Yuqiang,,Released,Chinese,,
55962,https://www.themoviedb.org/movie/55962-cheila-una-casa-pa-maita,Cheila,90.0,2010-07-16,VE,"Comedy, Drama",6.3,"Cheila comes back from Canada to spend vacations at the house she bought to her mother ""Maita"". She also brings a big news: she will finally change her sex to become woman. Cheila will have surgery soon but she needs her family support.",Eduardo Barberena,Elio Palencia,Released,Spanish; Castilian,,
1260951,https://www.themoviedb.org/movie/1260951,Her Story,123.0,2026-07-09,KR,"Drama, Romance",7.6,"Wang Tiemei, a single mother, loses her job and moves, befriending neighbor Xiaoye who appears cheerful but is depressed. Their bond grows as Tiemei navigates relationships with her ex-husband causing trouble.",Shao Yihui,Shao Yihui,Released,Chinese,,97375772.0
455,https://www.themoviedb.org/movie/455-bend-it-like-beckham,Bend It Like Beckham,112.0,2002-08-30,KR,"Comedy, Drama, Romance",6.3,"Jess Bhamra, the daughter of a strict Indian couple in London, is not permitted to play organized soccer, even though she is 18. When Jess is playing for fun one day, her impressive skills are seen by Jules Paxton, who then convinces Jess to play for her semi-pro team. Jess uses elaborate excuses to hide her matches from her family while also dealing with her romantic feelings for her coach, Joe.",Gurinder Chadha,"Gurinder Chadha, Guljit Bindra, Paul Mayeda Berges",Released,English,3500000.0,76585951.0
977958,https://www.themoviedb.org/movie/977958,Myr,20.0,2016-03-31,UA,Documentary,0.0,"Myr - a film about Myroslav Hai, an acting teacher in the famous project So You Think You Can Dance, who, during the very first days of Russia's aggression in eastern Ukraine, created a powerful volunteer foundation, and provides the soldiers of the Anti-Terrorist Operation with food, uniforms, night vision devices, and other military equipment.",Serhiy Lysenko,,Released,Ukrainian,,
1061798,https://www.themoviedb.org/movie/1061798-jim-queen,Jim Queen,85.0,2026-06-17,FR,"Animation, Comedy",7.9,"When Heterosis - a mysterious virus that turns gay men straight sweeps through the Parisian gay scene, Jim, the six packed sovereign of the Gym Queens, goes from Pride royalty to social outcast. With only Lucien, a freshly-out twink with more heart than abs, still by his side, Jim must race to find a cure before the disease erases the community that once worshipped him.","Marco Nguyen, Nicolas Athané","Marco Nguyen, Nicolas Athané, Simon Balteaux, Brice Chevillard",Released,French,,
10307,https://www.themoviedb.org/movie/10307-stigmata,Stigmata,103.0,2000-04-01,KR,"Horror, Thriller",6.3,"A young woman with no strong religious beliefs, Frankie Paige begins having strange and violent experiences, showing signs of the wounds that Jesus received when crucified. When the Vatican gets word of Frankie's situation, a high-ranking cardinal requests that the Rev. Andrew Kiernan investigate her case. Soon Kiernan realizes that very sinister forces are at work, and tries to rescue Frankie from the entity that is plaguing her.",Rupert Wainwright,"Tom Lazarus, Rick Ramage",Released,English,29000000.0,50041732.0
1500058,https://www.themoviedb.org/movie/1500058-passion-canine,Passion canine,12.0,2025-06-06,FR,,0.0,"A master explores his relationship with his dog, the singular Rox. What's wrong with him?",Joachim Larrieu,"Joachim Larrieu, Bérenger Barry",Released,French,,
117111,https://www.themoviedb.org/movie/117111-legiao-urbana-concerto-sinfonico-rock-in-rio,Legião Urbana: Concerto Sinfônico (Rock in Rio),52.0,2011-09-29,BR,Music,0.0,We don't have an overview translated in English. Help us expand our database by adding one.,Marco Mazzola,,Released,English,,
793139,https://www.themoviedb.org/movie/793139-amem,Amém,,2016-01-01,BR,,0.0,We don't have an overview translated in English. Help us expand our database by adding one.,Bernardo Ale Abinader,,Released,Portuguese,,
857197,https://www.themoviedb.org/movie/857197,"Yue Fei, A National Hero",114.0,1940-01-01,CN,Drama,0.0,"Based on the life of Yue Fei, a Chinese military general who lived during the Southern Song dynasty and considered a national hero of China.",Wu Yonggang,Wu Yonggang,Released,Chinese,,
581218,https://www.themoviedb.org/movie/581218,Boonie Bears: Blast into the Past,90.0,2020-09-10,KR,"Animation, Family, Adventure, Fantasy",7.0,Boonie bears and bareheaded Qiang blast into primitive times and experience a period of exciting and breathtaking time in a primitive tribe.,"Ding Liang, Huida Lin","Yun Xu, Lin Jiang, Qin Wan",Released,Chinese,,112369259.0
1629742,https://www.themoviedb.org/movie/1629742-silencio,Silencio,,2026-02-06,ES,Drama,0.0,We don't have an overview translated in English. Help us expand our database by adding one.,Carmen González,"Carmen González, Carmen Rapela, Paula Zapata",Released,Spanish; Castilian,,
539537,https://www.themoviedb.org/movie/539537-fantasy-island,Fantasy Island,109.0,2020-05-06,KR,"Adventure, Fantasy, Horror, Mystery",5.8,"A group of contest winners arrive at an island hotel to live out their dreams, only to find themselves trapped in nightmare scenarios.",Jeff Wadlow,"Jeff Wadlow, Jillian Jacobs, Christopher Roach",Released,English,7000000.0,49447308.0
130782,https://www.themoviedb.org/movie/130782-que-despelote-la-pelicula,¡Qué Despelote! La Película,96.0,2010-08-19,PR,Comedy,2.0,"Three popular radio personalities are fired and forced to rebuild their careers, while a group of prudish citizens attempt to keep them off the air permanently.",Eduardo Ortiz,Eduardo Ortiz,Released,Spanish; Castilian,,
204051,https://www.themoviedb.org/movie/204051,The Surrogate Womb,94.0,1987-03-21,KR,"History, Drama",7.1,A barren noblewoman encourages her husband to take a young peasant as a surrogate to secure the male line.,Im Kwon-taek,Song Gil-han,Released,Korean,,
471334,https://www.themoviedb.org/movie/471334-amago,Âmago,,2017-04-24,BR,,0.0,We don't have an overview translated in English. Help us expand our database by adding one.,Édier William,Édier William,Released,Portuguese,,
1483692,https://www.themoviedb.org/movie/1483692-calling-84843,CALLING 84843,10.0,2025-05-20,PH,Drama,0.0,"Set in the late 2000s, a payphone booth at an all-girls Catholic school stands witness to the intimate performance of its callers.",Raia Miranda,Raia Miranda,Released,Tagalog,,
9641,https://www.themoviedb.org/movie/9641-cheaper-by-the-dozen-2,Cheaper by the Dozen 2,94.0,2006-01-26,KR,"Comedy, Family, Adventure",6.2,"The Baker family, while on vacation, find themselves in competition with a rival family of eight children.",Adam Shankman,"Frank B. Gilbreth Jr., Ernestine Gilbreth Carey, Sam Harper",Released,English,60000000.0,129181830.0
5123,https://www.themoviedb.org/movie/5123-august-rush,August Rush,114.0,2007-11-29,KR,"Family, Drama, Music",7.4,"Evan, a musically gifted orphan, runs away from his orphanage and searches New York City for his birth parents. On his journey, he's taken under the wing of the Wizard, a homeless man who lives in an abandoned theater. After discovering his talent, the Wizard gives Evan the name ""August Rush"" and devises a plan to profit from his talent. Little does Evan know that his parents, Lyla and Louis, are searching for him too.",Kirsten Sheridan,"Nick Castle, James V. Hart",Released,English,25000000.0,66122026.0
1043905,https://www.themoviedb.org/movie/1043905-dirty-angels,Dirty Angels,104.0,2024-12-13,US,"Drama, Thriller, War",6.1,"During the United States' 2021 withdrawal from Afghanistan, a group of female soldiers posing as medical relief are sent back in to rescue a group of kidnapped teenagers caught between ISIS and the Taliban.",Martin Campbell,"Jonas McCord, Alissa Sullivan Haggis",Released,English,35954590.0,
10313,https://www.themoviedb.org/movie/10313-the-men-who-stare-at-goats,The Men Who Stare at Goats,94.0,2009-11-06,GB,"Comedy, War",6.0,"A reporter in Iraq might just have the story of a lifetime when he meets Lyn Cassady, a guy who claims to be a former member of the U.S. Army's New Earth Army, a unit that employs paranormal powers in their missions.",Grant Heslov,"Jon Ronson, Peter Straughan",Released,English,24000000.0,68729358.0
1149401,https://www.themoviedb.org/movie/1149401-hacker,Hacker,13.0,2016-09-22,BR,"Thriller, Action",0.0,"Bruno is a controversial vlogger that gets involved in a dangerous political scandal when he reveals evidence received through an unknown person on the internet. In times of the world cup and election, Bruno will have to play for his own life.",Rafael B. Silva,"Rafael B. Silva, Arthur Alves, Tamires Cecim",Released,Portuguese,,
1455057,https://www.themoviedb.org/movie/1455057-alla-vita,Alla Vita!,7.0,2023-04-28,US,"Comedy, Crime, Drama",0.0,"After her father, the don of a rich mafia family, suddenly dies, Francesca must fight for her rightful spot as head of the family.",Jackie Smith,"Jackie Smith, Jacob Israel",Released,English,700.0,
1662689,https://www.themoviedb.org/movie/1662689-la-biblioteca,The Library,17.0,2026-04-17,RU,Drama,0.0,"JK enters the Library in search of a book but he quickly discovers that his wishes might not be that simple. Halls and corridors multiply like a labyrinth without a way out, stairs lead to impossible places, and the employees of the Library don't offer any help. The Library seems to watch over and guide him against his will. Every attempt to move forward traps him, plunging him further into the chaos of an absurd system. What began as a small desire turns into a mental and sensory odyssey, where JK will even have to resort to violence.  What is your Library?",Gaspar Werthein,Gaspar Werthein,Released,Spanish; Castilian,,
526319,https://www.themoviedb.org/movie/526319-ouroboros,Ouroboros,16.0,2018-05-23,BR,,0.0,"A father becomes savage in the pursuit of revenge, but he does not know that, in his own habitat, he is also an animal.","Gui Araponga, Beatriz Pessoa","Gui Araponga, Beatriz Pessoa",Released,Portuguese,,
14817,https://www.themoviedb.org/movie/14817-good-burger,Good Burger,95.0,1997-07-25,US,"Family, Comedy",6.2,Two L.A. teens with summer jobs at Good Burger try to save their small restaurant when a corporate giant burger franchise moves in across the street.,Brian Robbins,"Dan Schneider, Kevin Kopelow, Heath Seifert",Released,English,8500000.0,23712993.0
1317557,https://www.themoviedb.org/movie/1317557-anba-dlo,Anba Dlo,18.0,2025-02-15,DE,"Drama, Fantasy, Romance",0.0,"Nadia is a Haitian biologist living in Cuba, researching local wildlife. Until she receives a visit from deep waters, and the Cuban forest begins to speak in other languages. On that day, Haiti never seemed so far from Nadia.","Rosa Caldeira, Luiza Calagian","Rosa Caldeira, Luiza Calagian",Released,Spanish; Castilian,,
238673,https://www.themoviedb.org/movie/238673-pax-aeterna,Peace on Earth,82.0,1917-02-15,DK,"War, Drama",5.5,"A peace-loving prince and his followers dream of eternal peace – pax aeterna. So far, they have been successful only within the realm. When the neighbouring state declares war, the prince’s heart stops beating. Is the vision of global peace just a naive dream, or will his followers be able to see it through? (stumfilm.dk)",Holger-Madsen,"Ole Olsen, Sophus Michaëlis, Otto Rung",Released,Danish,,
302688,https://www.themoviedb.org/movie/302688-my-big-fat-greek-wedding-2,My Big Fat Greek Wedding 2,94.0,2016-03-30,KR,"Comedy, Romance",6.0,"The continuing adventures of the Portokalos family. A follow-up to the 2002 comedy, ""My Big Fat Greek Wedding.""",Kirk Jones,Nia Vardalos,Released,English,18000000.0,90632641.0
456591,https://www.themoviedb.org/movie/456591-uz-bence,Uz Bence,73.0,1938-11-18,HU,"Romance, Comedy, Drama",9.0,"László Bagyoni is forced to flee because he published a newspaper in the small Szekler village without permission. His friend Bence Uz, who lives in the mountains, takes him in. The notary's daughter Leticia arrives in the mountains with a hunting party. Her fiancé, Jonescu, becomes jealous of Bagyoni and the trip ends in anger. Uz Bence, who has made money from the hunt, wants to marry his old lover, Julie, but she has already married someone else. At Bence's intervention, the notary cancels Bagyoni's sentence. Meanwhile, Julis' husband dies and she is left alone with the baby. Julis leaves the child in the care of Bence while she goes to the city to serve.",Jenö Csepreghy,"József Nyirö, Attila Orbók",Released,Hungarian,,
1446358,https://www.themoviedb.org/movie/1446358,Groom & Two Brides,,2025-11-07,KR,"Romance, Comedy",7.0,"Adam is allergic to love, but somehow ends up engaged to both his boss's daughter and his first love. Now he must try to keep his double life a secret.",Elie El Semaan,"Ramy Ali, Eiad Saleh",Released,Arabic,,
263726,https://www.themoviedb.org/movie/263726,Rajarajan,,1957-04-25,IN,Drama,4.0,We don't have an overview translated in English. Help us expand our database by adding one.,T. R. Sundaram,,Released,Tamil,,
8836,https://www.themoviedb.org/movie/8836-the-x-files-i-want-to-believe,The X-Files: I Want to Believe,104.0,2008-08-13,KR,"Mystery, Science Fiction, Thriller",5.9,Mulder and Scully are called back to duty by the FBI when a former priest claims to be receiving psychic visions pertaining to a kidnapped agent.,Chris Carter,"Chris Carter, Frank Spotnitz",Released,English,30000000.0,69363381.0
1305024,https://www.themoviedb.org/movie/1305024-atomic-hearts,Atomic Hearts,7.0,2023-05-01,US,,0.0,"In a post-nuclear wasteland, Warren Matson scours for supplies while her parents remain willfully ignorant of the outside world, leading to a darkly comedic clash of realities.",John Carlo Rosillo,"Amelia Mahrie, Emily Dalske",Released,English,500.0,
281248,https://www.themoviedb.org/movie/281248-mann-fur-mann,Mann für Mann,,1939-08-03,DE,Drama,5.5,We don't have an overview translated in English. Help us expand our database by adding one.,Robert A. Stemmle,,Released,German,,
236330,https://www.themoviedb.org/movie/236330-omheten,Broken Hill Blues,80.0,2013-12-06,SE,Drama,5.6,"In a small mining community in Northern Sweden, a group of youngsters about to take the leap in the adult age fight with themselves and the world around, while the ground literally trembles under their feet.",Sofia Norlin,Sofia Norlin,Released,Swedish,,
917773,https://www.themoviedb.org/movie/917773-spravzhnii-santa,Real Santa,102.0,2022-01-13,UA,Family,2.0,"In the interweaving of five stories, the New Year's magician himself ceases to believe in miracles, because burdened with life and immersed in work, people completely forget about the holiday. He takes serious action and sells his suit to a simple guy who has long since lost his sense of ""New Year's magic"". By leaving his position as a magician, Santa deprives people not only of a festive mood, but also of snow that could contribute to this. But contrary to his views on the hopelessness of the modern generation, people notice the changes and become the creators of a real New Year's miracle on their own.",Markiian Miroshnychenko,Maryna Smilianets,Released,Ukrainian,,
676431,https://www.themoviedb.org/movie/676431-der-schatz-von-timbuktu-die-geschichte-einer-rettung,"Der Schatz von Timbuktu, die Geschichte einer Rettung",,2017-02-22,DE,Documentary,0.0,We don't have an overview translated in English. Help us expand our database by adding one.,Lutz Gregor,Lutz Gregor,Released,German,,
291669,https://www.themoviedb.org/movie/291669-local-champion,Local Champion,80.0,2003-01-01,NG,,0.0,"A shameless man greedily encourages his children to steal, under the guise that he will use the criminal proceeds to further their education. They are soon put in grave danger when their criminal antics rapidly escalate. [parts 1-2]",Prince Emeka Ani,Reginald Ebere,Released,English,,
15657,https://www.themoviedb.org/movie/15657-tarzan-ii,Tarzan II,72.0,2005-06-13,US,"Adventure, Animation, Family",6.1,"When one of his missteps puts his family in jeopardy, Tarzan decides they would be better off without him.",Brian Smith,"Brian Smith, Edgar Rice Burroughs, Noni White, Jim Kammerud, Bob Tzudiker",Released,English,,
332855,https://www.themoviedb.org/movie/332855-puente-aereo,Airlift,94.0,1981-12-21,ES,Comedy,3.5,We don't have an overview translated in English. Help us expand our database by adding one.,Pedro Masó,"Pedro Masó, Rafael Azcona",Released,Spanish; Castilian,,
418575,https://www.themoviedb.org/movie/418575-mi-sangre-enarbolada,A Family Love Story,61.0,2017-02-19,MX,Documentary,2.0,"There are promises that are impossible to keep. My uncle José made such a promise as a child in 1963 to my mother Ana Luisa, to whom he declared a special kind of devotion. There are always bonds like this between siblings establishing mysterious complicites. This is what José declared to little Ana Luisa: ""The day that you die, I´m going to die with you"".",Luis Palomino Benítez,Luis Palomino Benítez,Released,Spanish; Castilian,,
290582,https://www.themoviedb.org/movie/290582-le-carnaval-des-verites,Le Carnaval des vérités,89.0,1920-06-04,FR,Drama,7.0,"Comtesse Della Gentia and her lover Paul attempt to seduce and blackmail a rich neighbour Juan, who is in love with a naïve young friend of theirs, Clarisse. Their plot fails; the Comtesse kills herself at a ball, and her lover re-covers her face with its mask.",Marcel L'Herbier,Marcel L'Herbier,Released,French,,
284091,https://www.themoviedb.org/movie/284091,Good Morning Beijing,100.0,1990-01-02,CN,Drama,7.5,"A Beijing bus driver is in love with a ticket-taker, but she becomes pregnant by a Singapore student.",Zhang Nuanxin,Tang Danian,Released,Chinese,,
987917,https://www.themoviedb.org/movie/987917-old-dads,Old Dads,102.0,2023-10-20,KR,Comedy,6.2,A cranky middle-aged dad and his two best friends find themselves out of step in a changing world of millennial CEOs and powerful preschool principals.,Bill Burr,"Bill Burr, Ben Tishler",Released,English,,
866651,https://www.themoviedb.org/movie/866651-la-consultation,La consultation,91.0,2007-03-21,FR,Documentary,7.0,Helene de Crecy documents the daily consultations within the office of a small-town general physician in France.,Helene de Crecy,,Released,French,,
381916,https://www.themoviedb.org/movie/381916-la-traviata,La Traviata,132.0,2014-08-04,DE,Music,0.0,"La Traviata is not only one of Giuseppe Verdi's best known works but ranks among the most popular operas of all times. Based on the novel and play La Dame aux camélias by Alexander Dumas (fils), the tragic story of the terminally ill courtesan Violetta who falls in love with the young gentleman Alfredo Germont has moved audiences to tears for more than 150 years.  Live from the Arena di Verona, 2011","Julian Kovatchev, Hugo De Ana",,Released,Italian,,
878778,https://www.themoviedb.org/movie/878778-ha-um-azul-no-ceu,Há um azul no céu,,2020-11-26,BR,,0.0,We don't have an overview translated in English. Help us expand our database by adding one.,"Caio Lazaneo, Renato Coelho",,Released,Portuguese,,
878348,https://www.themoviedb.org/movie/878348-a-busca-do-eu-e-o-silencio,A Busca do Eu e o Silêncio,20.0,2021-09-09,BR,Documentary,10.0,"Non-communication can emerge through different ways, whether by conflict, language, or culture. In Giuliano Robert's film it happens through the interference of speech: a hearing mother describes the beginning of a communication process with her deaf son. Based on the mother's experiences, Márcia, the documentary is conducted by her son, Giuliano, in search of a connection with a culture which, through lack of information and access, silences other modes of communication.",Giuliano Robert,Giuliano Robert,Released,Portuguese,,
4985,https://www.themoviedb.org/movie/4985-the-longest-yard,The Longest Yard,121.0,1974-08-21,US,"Comedy, Drama, Crime",6.7,"A football player-turned-convict organizes a team of inmates to play against a team of prison guards. His dilemma is that the warden asks him to throw the game in return for an early release, but he is also concerned about the inmates' lack of self-esteem.",Robert Aldrich,Tracy Keenan Wynn,Released,English,2900000.0,43008075.0
404871,https://www.themoviedb.org/movie/404871-schwester-weiss,Schwester Weiß,,2015-10-23,DE,Drama,4.8,"Martha and Helene Weiß - one a devout nun in a Swabian convent, the other a convinced atheist and mother. Two unequal sisters who almost only argue with each other. Martha's faith in particular is always a red rag for the younger and wilder Helene. But then Helene is involved in a car accident with her daughter and husband. However, when she wakes up in hospital and learns that her husband and child are dead, she feels no grief. She suffers from retrograde amnesia. In other words, she can still remember Pippi Longstocking, for example, but not her own family. Now it is Martha, of all people, who brings her to the convent and gives her support. But can she really trust this stranger?",Dennis Todorović,Dennis Todorović,Released,German,,
1128050,https://www.themoviedb.org/movie/1128050-trzaske-prikazni-o-besedah-in-vetru-v-zivljenju-dusana-jelincica,"The Apparitions of Trieste, Words and Wind in the Life of Dušan Jelinčič",49.0,2023-02-15,SI,Documentary,0.0,"The documentary explores the writer’s literary works and offers possible reasons as to why he is said to be rightly considered the most successful, possibly the most awarded Slovenian writer among mountain climbers, or mountain climber among writers.",Dušan Moravec,Robert Šabec,Released,Slovenian,,
1669136,https://www.themoviedb.org/movie/1669136-the-ticket,The Ticket,6.0,2026-04-04,US,"Comedy, Action",0.0,"When a small-time neighborhood dealer learns his lottery ticket is a winner, he and his best friend must battle friends, enemies, and pure chaos on the way to claim the prize.","Jayla Hodge, Jaylin Hodge, Jerah Milligan","Jayla Hodge, Jaylin Hodge, Jerah Milligan",Released,English,,
790493,https://www.themoviedb.org/movie/790493-spy-kids-armageddon,Spy Kids: Armageddon,94.0,2023-09-22,KR,"Family, Comedy, Adventure, Science Fiction",6.0,"When the children of the world’s greatest secret agents unwittingly help a powerful game developer unleash a computer virus that gives him control of all technology, they must become spies themselves to save their parents and the world.",Robert Rodriguez,"Robert Rodriguez, Racer Rodriguez",Released,English,,
137321,https://www.themoviedb.org/movie/137321-winter-s-tale,Winter's Tale,118.0,2014-02-13,US,"Drama, Fantasy, Mystery, Romance",6.3,"A burglar falls for an heiress as she dies in his arms. When he learns that he has the gift of reincarnation, he sets out to save her.",Akiva Goldsman,"Akiva Goldsman, Mark Helprin",Released,English,60000000.0,30800231.0
1382867,https://www.themoviedb.org/movie/1382867-andromeda,Andromeda,8.0,2024-11-06,BR,"Mystery, Drama",0.0,A young boxer begins an investigation to discover the whereabouts of his fighting partner,Elizandra Furtado,"Douglas Jansen, Guilherme Eyng",Released,Portuguese,,
1241634,https://www.themoviedb.org/movie/1241634,Saiyaara,150.0,2026-02-20,KR,"Romance, Drama, Music",6.4,"Two artistic souls find harmony through music despite their contrasting worlds. As feelings deepen, age and circumstances challenge their undeniable bond.",Mohit Suri,"Sankalp Sadanah, Rohan Shankar",Released,Hindi,5500000.0,63539300.0
11895,https://www.themoviedb.org/movie/11895-police-academy-6-city-under-siege,Police Academy 6: City Under Siege,84.0,1989-03-09,US,"Comedy, Crime",5.1,"Our favourite police men are called together to deal with a gang who rob banks and jewelers. Using their various talents as well as their extraordinary luck, the crooks stand no chance against our men and women in blue.",Peter Bonerz,Stephen Curwick,Released,English,15000000.0,33200000.0
926574,https://www.themoviedb.org/movie/926574-palace-betamaximum,Betamaximum,10.0,2018-07-01,GB,,0.0,"AFTER NEARLY A DECADE OF MAKING SKATE VIDEOS shot exclusively on the VHS format, London’s Palace Skateboards have taken a landmark decision to switch it up and ditch this cumbersome, weighty, ludicrously outdated technology—and to replace it with an even more cumbersome, even more weighty, even more ludicrously outdated technology! VHS Palace is dead; long live the new era of Betamax Palace!",Lev Tanju,,Released,English,,
75283,https://www.themoviedb.org/movie/75283-cesky-mir,Czech Peace,100.0,2010-05-06,CZ,Documentary,5.7,"From the makers of legendary CZECH DREAM, a hilarious documentary about a hoax  hypermarket, comes CZECH PEACE, a new playfully explosive flm about the mayor of a  small Czech village and his attempts to foil the American plan to build its 762nd military base  right on his doorstep. The players in this story are everyone from villagers to George W. Bush,  Condoleezza Rice, Barack Obama, peace activists and lobbyists representing American  arms manufacturers. Can the Mayor of Trokavec (population 80) take the US on? CZECH PEACE shows the workings of geopolitics and the way they affect the little people.  The personal clashes with the impersonal, the specifc with the universal, and an individual  with the so-called great history.","Vít Klusák, Filip Remunda",,Released,Czech,,
1696042,https://www.themoviedb.org/movie/1696042-letra-morta,Letra Morta,,2018-08-31,BR,"Horror, Thriller",0.0,We don't have an overview translated in English. Help us expand our database by adding one.,Bart Anechini,Bart Anechini,Released,Portuguese,,
576887,https://www.themoviedb.org/movie/576887-lui,Lui,17.0,2019-01-16,BR,"Drama, Romance",0.0,"Trans circus artist Lui doesn’t only play with gender, he plays with color, movement, and sexuality. He also wants his partner to see who he is beyond his gender, but isn’t sure that she does.",Cássio Kelm,Cássio Kelm,Released,Portuguese,,
