movie_id,url,title,runtime,release_date,release_country,genres,user_score,overview,director,writer,status,original_language,budget,revenue
642494,https://www.themoviedb.org/movie/642494,Love at First Sight,86.0,1975-12-01,SU,"Drama, Romance, Comedy",5.8,"Murad Rasulov, a simple 16-year-old Azerbaijani, raised in Tbilisi, and a passionate fan of football, falls in love for the first time in his life with Anya, a Belarusian girl who is studying at the same institute in Baku, two years older than him. The difference in age and the conflict of cultures becomes an obstacle in the way of a young man whom no one helps, in a hopeless, desperate struggle for love.",Rezo Esadze,Eduard Topol,Released,Georgian,,
109410,https://www.themoviedb.org/movie/109410-42,42,128.0,2013-04-12,US,Drama,7.2,"In 1947, Jackie Robinson becomes the first Black man to play in Major League Baseball facing unabashed racism from the public, the press and other players.",Brian Helgeland,Brian Helgeland,Released,English,40000000.0,95020213.0
26388,https://www.themoviedb.org/movie/26388-buried,Buried,95.0,2010-09-24,US,Thriller,6.6,"As an American civilian truck driver working in Iraq, Paul Conroy's convoy is attacked by a group of Iraqi insurgents. Some time later, Paul awakes in a coffin with only a lighter, a cell phone, and his ever-growing anxiety. Faced with a dwindling oxygen supply and a dying battery, he must fight panic, despair, and delirium as he races against time to escape the claustrophobic death trap.",Rodrigo Cortés,Chris Sparling,Released,English,1987650.0,19152480.0
318883,https://www.themoviedb.org/movie/318883-falusi-romanc,A Village Romance,50.0,2007-11-27,US,Documentary,4.0,"Set in a small Hungarian village that was once a popular lesbian community, Bodis Kriszia's documentary chronicles the tumultuous love story between two women and their struggle to live together as a couple. The women try to keep their relationship secret, but the situation explodes into a full-blown family crisis when one partner's abusive husband learns the truth.",Kriszta Bódis,,Released,Hungarian,,
318718,https://www.themoviedb.org/movie/318718,Ultraman Tiga & Ultraman Dyna & Ultraman Gaia: The Battle in Hyperspace,74.0,1999-03-06,JP,"Science Fiction, Action, Adventure",7.3,"A young boy discovers a magical rock that can make any wish come true. But the rock is stolen by a school bully who uses it to create a powerful and dangerous monster. The only way to stop the beast is to enlist the help of superhero Ultraman Gaia. The boy does everything he can to help the XIG Team, a brave group of humans who have direct contact with Ultraman Gaia as well as Ultraman Dyna and Ultraman Tiga.",Kazuya Konaka,Keiichi Hasegawa,Released,Japanese,,
335796,https://www.themoviedb.org/movie/335796-ouija-origin-of-evil,Ouija: Origin of Evil,99.0,2016-11-09,KR,Horror,6.2,"In 1967 Los Angeles, a widowed mother and her two daughters add a new stunt to bolster their séance scam business and unwittingly invite authentic evil into their home. When the youngest daughter is overtaken by the merciless spirit, this small family confronts unthinkable fears to save her and send her possessor back to the other side.",Mike Flanagan,"Mike Flanagan, Jeff Howard",Released,English,9000000.0,81831866.0
10708,https://www.themoviedb.org/movie/10708-daddy-day-care,Daddy Day Care,92.0,2003-05-09,US,"Comedy, Family",5.9,"Two men get laid off and have to become stay-at-home dads when they can't find jobs, which inspires them to open their own day-care center.",Steve Carr,Geoff Rodkey,Released,English,60000000.0,164433867.0
11638,https://www.themoviedb.org/movie/11638-guess-who,Guess Who,105.0,2005-09-02,KR,"Comedy, Romance",6.0,"When a young African-American woman brings her fiancé home to meet her parents, she's neglected to mention one tiny detail – he's white.",Kevin Rodney Sullivan,"David Ronn, Jay Scherick, Peter Tolan",Released,English,35000000.0,103100000.0
5919,https://www.themoviedb.org/movie/5919-the-towering-inferno,The Towering Inferno,165.0,1974-12-14,US,"Action, Drama, Thriller",7.0,"At the opening party of a colossal—but poorly constructed—skyscraper, a massive fire breaks out, threatening to destroy the tower and everyone in it.",John Guillermin,"Frank M. Robinson, Richard Martin Stern, Thomas N. Scortia, Stirling Silliphant",Released,English,14000000.0,116000000.0
1418657,https://www.themoviedb.org/movie/1418657-the-yeti,The Yeti,93.0,2026-04-04,US,"Horror, Thriller",6.1,"When an oil tycoon and a famous adventurer vanish into the harsh winter of remote northern Alaska, a hand-picked rescue team endeavors to bring them home. What they don’t know is that they are trespassing on The Yeti’s territory, and the elements are the least of their worries.","Gene Gallerano, William Pisciotta","Gene Gallerano, William Pisciotta",Released,English,,
1039465,https://www.themoviedb.org/movie/1039465-we-never-stop,WE. NEVER. STOP.,100.0,2022-10-08,GB,Documentary,0.0,"This is the story of Celtic's relentless pursuit of silverware in 2021/22. Under the new leadership of Ange Postecoglou, the Greco-Australian fashioned a side that would lift the Premier Sports Cup before going on to reclaim the Scottish Premiership Title.",,Gerry McDade,Released,English,,
886921,https://www.themoviedb.org/movie/886921-leader,Leader: Amie Bangladesh,,2023-04-20,BD,Action,0.0,Film plot is unknown at this time,Topu Khan,,Released,Bengali,,
1561641,https://www.themoviedb.org/movie/1561641-aganatiq-2,Ağanatiq 2,74.0,2021-10-01,AZ,Comedy,0.0,"Aghanatig, along with his friends Bakhtiyar, Bahruz, and Akif, travel to Moscow. This is where the friends' adventure begins, as they meet Nariman on the plane.",Jabir Imanov,"Jabir Imanov, Tair Imanov, Alakbar Aliyev, Mutallim Hasanov, Məmmədəli Kazımov",Released,Azerbaijani,,
852385,https://www.themoviedb.org/movie/852385,Those Flower,7.0,2021-04-15,MY,Drama,0.0,"A grown up recalling her childhood life, living in a “kampung” before it was demolished for developments. She recalls the good and bad times of living there. When comparing the past and the present, she noticed that things have changed, but life goes on anyways. She learned to appreciate the random flowers in life although some of them might not even have a name.",Loo Yuan Ling,,Released,Chinese,,
228906,https://www.themoviedb.org/movie/228906-le-royaume-nain-de-lilliput-contre-gigas-le-long-prince-des-geants,"The Dwarf Kingdom of Lilliput Versus Gigas the Tall, Prince of the Giants",15.0,1914-10-18,FR,,9.0,"In the dwarf kingdom of Lilliput, people were celebrating the engagement of the Princess Piccolina. Meanwhile, the rumor eventually reached the ears of Gigas the Tall and he had his men bring him the princess. General Tom Thumb gathered his army and attacked the palace of the Giants.",,Jonathan Swift,Released,English,,
10934,https://www.themoviedb.org/movie/10934-under-the-tuscan-sun,Under the Tuscan Sun,113.0,2004-04-23,KR,"Romance, Comedy",6.9,"Frances Mayes, a 35-year-old professor and writer from San Francisco, decides to take a tour of Tuscany following a difficult divorce. After impulsively buying a run-down villa in the Italian countryside, she begins to piece her life back together in unexpected ways.",Audrey Wells,"Audrey Wells, Frances Mayes",Released,English,18000000.0,58878723.0
306089,https://www.themoviedb.org/movie/306089-isabel-la-negra,Life of Sin,112.0,1979-01-01,PR,Drama,6.0,"The film dramatizes the life of Isabel ""la Negra"" Luberza Oppenheimer. Pablo, a Caribbean peasant, and Isabel, a politician's mistress, open a brothel that becomes internationally famous. Though they gain wealth and power, the one thing that Isabel seeks continues to elude her.",Efraín López Neris,Emilio Díaz Valcárcel,Released,Spanish; Castilian,,
522241,https://www.themoviedb.org/movie/522241-the-courier,The Courier,112.0,2021-04-28,KR,"Thriller, History, Drama",7.0,Cold War spy Greville Wynne and his Russian source try to put an end to the Cuban Missile Crisis.,Dominic Cooke,Tom O'Connor,Released,English,,26000000.0
486968,https://www.themoviedb.org/movie/486968-adios-tiburon,"Adiós, tiburón",,1996-11-13,ES,,0.0,We don't have an overview translated in English. Help us expand our database by adding one.,,,Released,Spanish; Castilian,,
25998,https://www.themoviedb.org/movie/25998-731,Men Behind the Sun,105.0,1990-02-24,KR,"War, History, Horror",6.2,"Japanese troops round up Chinese and Russian prisoners of war and take them to unit 731, where they're horribly tortured and experimented on to test new biological weapons.",Mou Tun-Fei,"Dun Jing Teng, Liu Mei, Wen Yuan Mou",Released,Cantonese,,
13515,https://www.themoviedb.org/movie/13515-mirrors,Mirrors,111.0,2008-09-18,KR,"Horror, Mystery",6.3,An ex-cop and his family are the target of an evil force that is using mirrors as a gateway into their home.,Alexandre Aja,"Alexandre Aja, Grégory Levasseur",Released,English,35000000.0,72400000.0
271969,https://www.themoviedb.org/movie/271969-ben-hur,Ben-Hur,125.0,2016-09-14,KR,"Action, History, Adventure, Drama",5.8,A falsely accused nobleman survives years of slavery to take vengeance on his best friend who betrayed him.,Timur Bekmambetov,"Lew Wallace, Keith R. Clarke, John Ridley",Released,English,100000000.0,94061311.0
1600028,https://www.themoviedb.org/movie/1600028-la-celda-de-los-milagros,A Father's Miracle,101.0,2025-12-25,MX,Drama,8.0,"After being falsely accused of a terrible crime, Hector, a man with a neurological disability, goes to a secret prison. His goodness conquers the prisoners, who plan to prove their innocence.",Ana Lorena Pérez Ríos,Patricio Saiz,Released,Spanish; Castilian,,
2011,https://www.themoviedb.org/movie/2011-persepolis,Persepolis,95.0,2008-05-08,KR,"Animation, Drama",7.9,"In 1970s Iran, Marjane 'Marji' Satrapi watches events through her young eyes and her idealistic family of a long dream being fulfilled of the hated Shah's defeat in the Iranian Revolution of 1979. However as Marji grows up, she witnesses first hand how the new Iran, now ruled by Islamic fundamentalists, has become a repressive tyranny on its own.","Marjane Satrapi, Vincent Paronnaud",Vincent Paronnaud,Released,French,7300000.0,22783990.0
43539,https://www.themoviedb.org/movie/43539-the-next-three-days,The Next Three Days,133.0,2010-12-22,KR,"Romance, Drama, Thriller, Crime",7.1,"Life seems perfect for John Brennan until his wife, Lara, is arrested for a murder she says she didn’t commit. Three years into her sentence, John is struggling to hold his family together, raising their son and teaching at college while he pursues every means available to prove her innocence. With the rejection of their final appeal, Lara becomes suicidal and John decides there is only one possible, bearable solution: to break his wife out of prison.",Paul Haggis,Paul Haggis,Released,English,30000000.0,67448651.0
1608982,https://www.themoviedb.org/movie/1608982,From the Ashes: The Pit,88.0,2026-01-22,KR,"Thriller, Drama",4.2,"Trapped in an underground pit during a storm, three students from an all-girls school must confront their personal conflicts as they fight to survive.",Abdullah Bamajbour,,Released,Arabic,,
59350,https://www.themoviedb.org/movie/59350-vidas-pequenas,Vidas pequeñas,,2011-03-18,ES,"Drama, Romance",7.5,We don't have an overview translated in English. Help us expand our database by adding one.,Enrique Gabriel,Enrique Gabriel,Released,Spanish; Castilian,,
1552829,https://www.themoviedb.org/movie/1552829-vragi,Враги,,1924-11-03,SU,,0.0,We don't have an overview translated in English. Help us expand our database by adding one.,Cheslav Sabinsky,"Natan Ayzikovich, Yuri Tarich",Released,No Language,,
7516,https://www.themoviedb.org/movie/7516-smokin-aces,Smokin' Aces,109.0,2007-03-08,KR,"Action, Comedy, Crime, Thriller",6.5,"When a Las Vegas performer-turned-snitch named Buddy Israel decides to turn state's evidence and testify against the mob, it seems that a whole lot of people would like to make sure he's no longer breathing.",Joe Carnahan,Joe Carnahan,Released,English,17000000.0,57103895.0
692307,https://www.themoviedb.org/movie/692307,Mr. Virgin,120.0,2018-08-17,NP,Comedy,10.0,Three boys plans to break their virginity one night and goes to Thamel in Kathmandu and what happens to them afterward is complete chaos.,Bisharad Basnet,Mahesh Dawadi,Released,Nepali,,
28994,https://www.themoviedb.org/movie/28994-the-adventures-of-the-wilderness-family,The Adventures of the Wilderness Family,105.0,1975-12-19,US,"Drama, Family, Adventure",6.0,The story of a modern family bored with the hassles of the city life in Los Angeles. They head for the wilderness never to return.,Stewart Raffill,"Stewart Raffill, Arthur R. Dubs",Released,English,,
1339149,https://www.themoviedb.org/movie/1339149,Fury 12 Hours,86.0,2025-07-25,KR,"Action, Mystery",6.8,"A retired Chinese soldier, Lei Jun, finds himself in a race against time when a terrorist attack targets a Chinese community abroad. With only 12 hours to act, he must summon all his strength and courage to protect his fellow citizens and survive the dire situation.",Wu Hao,"Wang Guanqiu, Xu Yishan",Released,Chinese,,
930600,https://www.themoviedb.org/movie/930600-the-deliverance,The Deliverance,111.0,2024-08-30,KR,"Horror, Thriller",6.0,"Ebony Jackson, a struggling single mother fighting her personal demons, moves her family into a new home for a fresh start. But when strange occurrences inside the home raise the suspicions of Child Protective Services and threaten to tear the family apart, Ebony soon finds herself locked in a battle for her life and the souls of her children.",Lee Daniels,"David Coggeshall, Elijah Bynum",Released,English,,
482059,https://www.themoviedb.org/movie/482059,My Girlfriend's Mother,79.0,2017-07-06,KR,"Romance, Drama",4.5,"Kyeong-joon is driven out to the streets as he can't afford the rising rent. His girlfriend Ji-hye takes pity of him as he has nowhere to go and offers him to stay at her house. However, the woman who greets them at the door is his first love Ji-yeong! Ji-yeong taught Kyeong-joon about love and she was Ji-hye's step-mother. Living under the same roof, he feels something for her again while his girlfriend is also hot.",Lee Ri-dan,So Young-hwan,Released,Korean,,
522518,https://www.themoviedb.org/movie/522518-a-dog-s-journey,A Dog's Journey,109.0,2019-09-05,KR,"Family, Adventure, Drama",8.1,A dog finds the meaning of his own existence through the lives of the humans he meets.,Gail Mancuso,"W. Bruce Cameron, Cathryn Michon, Maya Forbes, Wallace Wolodarsky",Released,English,16000000.0,78871079.0
1493700,https://www.themoviedb.org/movie/1493700-nuevas-raices,Nuevas Raíces,31.0,2025-06-08,ES,Documentary,0.0,"After fleeing the war in Ukraine, several families rebuild their lives in a village in Seville. Through different conversations and introducing us to their day-to-day, Nuevas raíces shows their process of adaptation, resilience and rooting in a land that, without seeking it, also begins to be home.",Manuel Díaz,,Released,Spanish; Castilian,50.0,
667739,https://www.themoviedb.org/movie/667739-the-man-from-toronto,The Man from Toronto,113.0,2022-06-24,KR,"Action, Adventure, Comedy",6.4,A case of mistaken identity forces a bumbling entrepreneur to team up with a notorious assassin known as The Man from Toronto in hopes of staying alive.,Patrick Hughes,"Robbie Fox, Chris Bremner",Released,English,75000000.0,
521,https://www.themoviedb.org/movie/521-dial-m-for-murder,Dial M for Murder,105.0,1956-09-15,KR,"Thriller, Crime, Drama",8.0,"When her American lover visits London, a wealthy woman’s jealous husband hatches a plan to murder her and inherit her fortune.",Alfred Hitchcock,Frederick Knott,Released,English,1400000.0,3000000.0
1633264,https://www.themoviedb.org/movie/1633264-louis-theroux-inside-the-manosphere,Louis Theroux: Inside the Manosphere,92.0,2026-03-11,KR,Documentary,6.6,"With rare access and no holds barred, the acclaimed documentarian investigates a growing ultra-masculine network and its controversial influencers.",Adrian Choa,,Released,English,,
543830,https://www.themoviedb.org/movie/543830,Church Sister,110.0,2018-06-21,KR,Romance,8.1,A girl from church meets a wanderer who she begins to pity. She wishes to do everything for him and he expresses his anger for through world with her. The man's childhood friend soon discovers his secrets and wishes to steal them.,EROPING,,Released,Korean,,
1650488,https://www.themoviedb.org/movie/1650488-heatwave,Heatwave,33.0,2026-03-13,GB,"Drama, Fantasy, Romance",0.0,Angsty 17 year-old Marcelo must buy a fan for his grandma on the hottest day of the year but events quickly spiral out of control...,Ben Clery-Hall,Ben Clery-Hall,Released,English,,
1673695,https://www.themoviedb.org/movie/1673695-tomake-chai,তোমাকে চাই | Tomake Chai,96.0,2026-03-21,BD,,0.0,"Tomake Chai is a romantic–emotional Eid natok that centers on love, misunderstanding, and emotional realization. The story follows two individuals whose relationship evolves through conflict, distance, and unspoken feelings.  Initially, their connection is marked by hesitation and emotional barriers—often influenced by ego, miscommunication, or life circumstances. As the narrative progresses, both characters begin to confront their true feelings, leading to a gradual transformation in their relationship.  The drama builds toward an emotional resolution where love, vulnerability, and acceptance take center stage—reflecting the classic Eid natok theme of reconciliation and heartfelt connection.",Masrikul Alam,,Released,Bengali,,
75674,https://www.themoviedb.org/movie/75674-act-of-valor,Act of Valor,110.0,2012-02-24,US,"Action, Thriller, War",6.6,"When a covert mission to rescue a kidnapped CIA operative uncovers a chilling plot, an elite, highly trained U.S. SEAL team speeds to hotspots around the globe, racing against the clock to stop a deadly terrorist attack.","Mike McCoy, Scott Waugh",Kurt Johnstad,Released,English,12000000.0,82499399.0
462181,https://www.themoviedb.org/movie/462181-palm-swings,Palm Swings,95.0,2017-10-03,US,"Comedy, Drama, Romance",5.9,"After moving to Palm Springs, a young married couple puts their love to the test when they discover that their neighbors are swingers.",Sean Hoessli,Amanda Lockhart,Released,English,,
1223774,https://www.themoviedb.org/movie/1223774,After Two Springs,,1985-01-01,SU,,0.0,We don't have an overview translated in English. Help us expand our database by adding one.,Tynchylyk Razzakov,,Released,Russian,,
454619,https://www.themoviedb.org/movie/454619-overboard,Overboard,112.0,2018-05-04,US,"Romance, Comedy",6.7,"A spoiled, wealthy yacht owner is thrown overboard and becomes the target of revenge from his mistreated employee.",Rob Greenberg,"Rob Greenberg, Leslie Dixon, Bob Fisher",Released,English,12000000.0,91244913.0
257590,https://www.themoviedb.org/movie/257590-vakacio-a-halott-utcaban,Vacations on the Dead Street,90.0,1978-08-24,HU,"Adventure, Family",9.5,A group of children are spending their summer in the newly built district which doesn't have any attractions...,György Palásthy,István Csukás,Released,Hungarian,,
3780,https://www.themoviedb.org/movie/3780,Red Beard,185.0,1965-04-03,JP,Drama,8.2,"Aspiring to an easy job as personal physician to a wealthy family, Noboru Yasumoto is disappointed when his first post after medical school takes him to a small country clinic under the gruff doctor Red Beard. Yasumoto rebels in numerous ways, but Red Beard proves a wise and patient teacher. He gradually introduces his student to the unglamorous side of the profession, ultimately assigning him to care for a prostitute rescued from a local brothel.",Akira Kurosawa,"Akira Kurosawa, Shūgorō Yamamoto, Masato Ide, Ryuzo Kikushima, Hideo Oguni",Released,Japanese,650000.0,1110000.0
365225,https://www.themoviedb.org/movie/365225-anak-buloh-betong,Anak Buloh Betong,,1966-01-01,MY,Drama,0.0,"Film tells about one day the King went to all the people of the jungle clearing . In the middle of the jungle there was a very thick clump sewers .  The army was clearing sewer , but when it cleared sewer regenerate. People tried to slash it again sewer but still the situation is still the same .  When the king saw this, he himself tried to cut down the sewer , the sewer successfully cleared out all arrive until the middle of the sewers .",S. Kadarisman,,Released,English,,
379170,https://www.themoviedb.org/movie/379170-sherlock-the-abominable-bride,Sherlock: The Abominable Bride,90.0,2016-01-02,KR,"Crime, Drama, Mystery, Thriller, TV Movie",7.8,Sherlock Holmes and Dr. Watson find themselves in 1890s London in this holiday special.,Douglas Mackinnon,"Steven Moffat, Mark Gatiss",Released,English,,
63197,https://www.themoviedb.org/movie/63197-megan-is-missing,Megan Is Missing,86.0,2011-05-01,US,"Drama, Horror, Thriller",6.1,"Fourteen-year–old Megan and her best friend Amy spend a lot of time on the internet, posting videos of themselves and chatting with guys online. One night Megan chats with a guy named Josh who convinces her to meet him for a date. The next day, Megan is missing—forever. Based on actual cases of child abduction.",Michael Goi,Michael Goi,Released,English,,
8840,https://www.themoviedb.org/movie/8840-dragonheart,DragonHeart,103.0,1996-05-31,US,"Fantasy, Action, Adventure, Drama",6.6,"In an ancient time when majestic fire-breathers soared through the skies, a knight named Bowen comes face to face and heart to heart with the last dragon on Earth, Draco. Taking up arms to suppress a tyrant king, Bowen soon realizes his task will be harder than he'd imagined: If he kills the king, Draco will die as well.",Rob Cohen,"Patrick Read Johnson, Charles Edward Pogue",Released,English,57000000.0,115267375.0
1328570,https://www.themoviedb.org/movie/1328570-detective-tickles,Detective Tickles,6.0,2023-01-13,US,"Comedy, Mystery",0.0,"Detective tickles is a film Noir sketch that is in episode 1. It is about a party clown who turns Private eye. The sketch pays homage to film noir tropes, and is filmed in the classic style of black and white.",Elizabeth Laidlaw,Fee Basanavicius,Released,English,,
1445981,https://www.themoviedb.org/movie/1445981-4,The Pursuit of Lust 4,40.0,2025-03-07,PH,Romance,3.0,"Money talks in this sensual drama, where a company director’s apparent generosity towards his top employee and his alluring girlfriend hides a darker motive. When the diligent worker is sent on a business trip, the lustful boss makes his move on his hot partner.",Batdelger Byambasvren,,Released,Mongolian,,
919586,https://www.themoviedb.org/movie/919586-o-assalto,O Assalto,65.0,2023-09-05,BR,Comedy,0.0,"Lucas is in trouble, he has only a week to pay he's debts to Gomez. So he comes up with a plan and forms a team to steal a necklace that contains potential clues to a hidden treasure.",Luke Schatzmann,Edison Rodrigues,Released,Portuguese,,
9285,https://www.themoviedb.org/movie/9285-road-trip,Road Trip,93.0,2000-10-28,KR,"Comedy, Adventure",6.3,"After a student at the University of Ithaca films his one-night stand with a beautiful sorority girl, he discovers one of his friends has accidentally mailed the homemade sex tape to his girlfriend in Austin. In a frenzy, he must borrow a car and hit the road in a desperate bid to intercept the tape.",Todd Phillips,"Todd Phillips, Scot Armstrong",Released,English,16000000.0,119754278.0
534179,https://www.themoviedb.org/movie/534179,Mother's Friends,84.0,2017-05-01,KR,Romance,5.7,"Hyeri and Ji-yeon are friends in the same neighborhood. They have a son to go to the army after some time. One day, Min-gu, who was playing at Jun-suk's house, sees Jun-suk's mother Hyeri in the shower and gets excited and hits her. Hyeri, who initially resisted, gave up resistance to Mingu's power, and after that day, the two develop into sex every time they have time. After a few days, Ji-yeon, who accidentally witnessed her son Min-gu and Hye-ri having sex, begins to seduce Hye-ri's son Jun-seok.",Lee Ri-dan,,Released,Korean,,
10510,https://www.themoviedb.org/movie/10510-miracle-on-34th-street,Miracle on 34th Street,114.0,1994-12-17,KR,"Fantasy, Drama, Family",6.8,"Six-year-old Susan Walker has doubts about childhood's most enduring miracle—Santa Claus. Her mother told her the secret about Santa a long time ago, but, after meeting a special department store Santa who's convinced he's the real thing, Susan is given the most precious gift of all—something to believe in.",Les Mayfield,"George Seaton, John Hughes",Released,English,,46264384.0
1492,https://www.themoviedb.org/movie/1492-1492-conquest-of-paradise,1492: Conquest of Paradise,154.0,1992-12-24,KR,"Action, Adventure, Drama, History",6.3,1492: Conquest of Paradise depicts Christopher Columbus’ discovery of The New World and his effect on the indigenous people.,Ridley Scott,Roselyne Bosch,Released,English,47000000.0,7191399.0
1590613,https://www.themoviedb.org/movie/1590613-cerita-lila,Cerita Lila,106.0,2026-06-18,ID,Horror,5.0,"Two twins named Lila and Lili. Both experienced tragic ends after alleged abuse by their own mother, Rahma. However, death does not immediately end their story. In another realm, Lila continues to search for her twin sister, Lili, who was separated from her. This search then leads Lila into a greater mystery that has been hidden. In addition to facing a deep sense of loss, Lila also tries to understand the reasons behind the tragedy that destroyed their lives. Meanwhile, mysterious figures begin to appear and reveal that there is a greater power deliberately hiding the truth.",Bobby Prasetyo,"Erwanto Alphadullah, Gea Rexy",Released,Indonesian,,
1596928,https://www.themoviedb.org/movie/1596928-silent-voices,Silent Voices,17.0,2026-05-19,FR,Drama,0.0,"In New York, a Korean immigrant family of four leads separate lives, each facing moments of defeat in their daily existence. As they navigate complexities of survival and disconnection, they each hide their wounds from one another",Nadine Jin,Nadine Jin,Released,English,,
290131,https://www.themoviedb.org/movie/290131-o-engenho-de-ze-lins,The Spirit of Zé Lins,80.0,2006-01-01,BR,Documentary,10.0,"Documentary on the life and work of José Lins do Rego (1901-1957), one of Brazil's greatest 20th century literary authors, writer of celebrated novels ""Menino de Engenho"", ""Fogo Morto"", ""Moleque Ricardo"", ""Riacho Doce"" and many more.",Vladimir Carvalho,Vladimir Carvalho,Released,Portuguese,,
9394,https://www.themoviedb.org/movie/9394-lo-chiamavano-trinita,They Call Me Trinity,115.0,1970-12-22,IT,"Action, Comedy, Western",7.5,"The simple story has the pair coming to the rescue of peace-loving Mormons when land-hungry Major Harriman sends his bullies to harass them into giving up their fertile valley. Trinity and Bambino manage to save the Mormons and send the bad guys packing with slapstick humor instead of excessive violence, saving the day.",Enzo Barboni,Enzo Barboni,Released,Italian,,
442249,https://www.themoviedb.org/movie/442249-the-first-purge,The First Purge,97.0,2018-09-11,KR,"Action, Horror, Thriller",6.0,"To push the crime rate below one percent for the rest of the year, the New Founding Fathers of America test a sociological theory that vents aggression for one night in one isolated community. But when the violence of oppressors meets the rage of the others, the contagion will explode from the trial-city borders and spread across the nation.",Gerard McMurray,James DeMonaco,Released,English,13000000.0,137056262.0
891897,https://www.themoviedb.org/movie/891897,Ледяная история,90.0,2021-12-02,RU,"Adventure, Family, Fantasy",0.0,"In the Land of Cold, where the good queen Morozana reigns and ice cream is made for children, the villain Icicle suddenly seized power. The girl Varya, the boy Artyom and his Grandfather join the fight, the magic syrup of Good saves Varya and destroys the Icicle's plans. Friends and Grandpa have again launched the conveyor belt with good old ice cream, which brings joy and goodness to children.",Sergey Rusakov,Nadezhda Platonova,Released,Russian,,
1492608,https://www.themoviedb.org/movie/1492608-john-candy-i-like-me,John Candy: I Like Me,113.0,2025-10-09,US,Documentary,7.9,"Those who knew iconic funnyman John Candy best share his story, in their own words, through never-before-seen archival footage, imagery, and interviews.",Colin Hanks,,Released,English,,
263827,https://www.themoviedb.org/movie/263827-azonositas,Identification,93.0,1975-02-28,HU,Drama,8.0,"While awaiting his release from the Soviet detention camp he is being held in, a half-starved refugee (Andras Ambrus) finds that an error has been made and his name is not on the to-be-released list. It is then that he is forced to assume the identity of a dead man whose name is on the list. Ambrus at first refuses, but because he was an orphan and cannot produce evidence of his true identity, he has no other choice. However, when he returns to the outer world and the community he was raised in, he is greeted with suspicion. When he tries to claim his part-ownership of a farm from his adopted uncle, he is refused and beaten by farmhands the uncle sets on him.",László Lugossy,"István Kardos, Luca Karall",Released,Hungarian,,
9407,https://www.themoviedb.org/movie/9407-red-corner,Red Corner,122.0,1997-10-30,US,"Crime, Drama, Thriller",6.3,"An American attorney on business in China, ends up wrongfully on trial for murder and his only key to innocence is a female defense lawyer from the country.",Jon Avnet,Robert King,Released,English,48000000.0,22420000.0
1364608,https://www.themoviedb.org/movie/1364608-anemone,Anemone,125.0,2025-10-03,US,Drama,5.9,"Middle-aged Jem sets out from his suburban home on a journey into the woods, where he reconnects with his estranged hermit brother Ray. Bonded by a mysterious, complicated past, the men share a fraught, if occasionally tender relationship—one that was forever altered by shattering events decades earlier.",Ronan Day-Lewis,"Ronan Day-Lewis, Daniel Day-Lewis",Released,English,11000000.0,1161830.0
1589775,https://www.themoviedb.org/movie/1589775-tunggu-aku-sukses-nanti,Wait For Me To Be Successful Later,110.0,2026-03-18,ID,"Comedy, Drama",7.2,"Arga, unemployed for three years, is a constant source of family ridicule every Eid. Pressured by difficult economy, marriage, his younger sibling's college tuition, and plans to sell his grandmother's house, he struggles to find work to prove himself.",Naya Anindita,Evelyn Afnilia,Released,Indonesian,,
906731,https://www.themoviedb.org/movie/906731,A Favour,11.0,1983-01-01,SU,Animation,6.5,"Mistress Hen has a lot of worries every day. She needs to feed the chickens, take them to kindergarten, clean, iron, and prepare dinner. But how to cook something without salt? Hen goes to the neighbor Goose to borrow salt, but she asks to do her a favour. A simple request triggers a whole cascade of favours that must be arranged to get...salt. The cartoon satirically mirrors the rampant barter and blat in the poor Soviet society of the late ""stagnation"" era.",Oleksandr Viken,Alexander Kostinsky,Released,Ukrainian,,
1193683,https://www.themoviedb.org/movie/1193683,The Way of Generations,87.0,2023-10-12,UA,"War, History, Drama",0.0,"Thi is the story of a Kyiv boy who lives his life believing that the problems of his country do not interest him. However, everything changes when he meets in a dream a Ukrainian warrior who comes to Nazar from the last century. Or maybe it was not a dream?",Volodymyr Sydko,"Volodymyr Sydko, Mykhailo Ukhman",Released,Ukrainian,65000.0,
5966,https://www.themoviedb.org/movie/5966-along-came-polly,Along Came Polly,90.0,2004-04-02,KR,"Comedy, Romance",6.0,"Reuben Feffer is a guy who's spent his entire life playing it safe. Polly Prince is irresistible as a free-spirit who lives for the thrill of the moment. When these two comically mismatched souls collide, Reuben's world is turned upside down, as he makes an uproarious attempt to change his life from middle-of-the-road to totally-out-there.",John Hamburg,John Hamburg,Released,English,42000000.0,178300000.0
1693201,https://www.themoviedb.org/movie/1693201-poldi,Poldi,94.0,2026-06-04,KR,Documentary,7.0,"Footballer, entrepreneur, fan favorite and true community hero — Lukas Podolski reflects on his journey and what comes next in this intimate documentary.","Simone Schillinger, Kai Sehr, Nicolas Berse","Simone Schillinger, Cody Christensen, Kilian Lieb, Nicolas Berse",Released,German,,
52683,https://www.themoviedb.org/movie/52683-en-plein-coeur,In All Innocence,98.0,1998-11-25,FR,"Drama, Romance",5.9,"High-profile lawyer Michel takes on the defence of a young and pretty small-time thief, Cécile, after the botched hold-up of a jewellery shop. As predicted by his elegant art-dealer and sculptress wife Viviane, Michel goes well beyond his brief, jeopardising his career and ruining his marriage of 18 years.",Pierre Jolivet,"Georges Simenon, Roselyne Bosch",Released,French,,
258577,https://www.themoviedb.org/movie/258577-dein-mann-wird-mir-gehoren,Dein Mann wird mir gehören!,,2002-04-04,DE,Thriller,5.0,We don't have an overview translated in English. Help us expand our database by adding one.,Gerhard Hroß,"Bennett Owen, Derek Meister",Released,German,,
293767,https://www.themoviedb.org/movie/293767-billy-lynn-s-long-halftime-walk,Billy Lynn's Long Halftime Walk,113.0,2017-02-02,KR,"Drama, War",6.0,19-year-old Billy Lynn is brought home for a victory tour after a harrowing Iraq battle. Through flashbacks the film shows what really happened to his squad – contrasting the realities of war with America's perceptions.,Ang Lee,"Ben Fountain, Jean-Christophe Castelli",Released,English,40000000.0,30930984.0
1488506,https://www.themoviedb.org/movie/1488506-hal,HAL,108.0,2025-03-27,AZ,"Romance, Drama",0.0,"In Lezgi beliefs, Hal is an unfortunate woman who wanders in the forest, does not get along with people, and has long hair that hangs on the ground. According to legend, she went crazy and went to the steppes after experiencing a tragedy in her family. Although she does not harm people, her presence always creates fear and horror.",Sedaqet Kerimova,Sedaqet Kerimova,Released,Azerbaijani,,
18764,https://www.themoviedb.org/movie/18764,Twin Dragons,104.0,1992-01-15,HK,"Action, Comedy, Crime",6.7,"Identical twins are separated at birth, one becoming a streetwise mechanic, and the other an acclaimed classical concert conductor. Finally meeting in adulthood, they're mistaken for the other and entangled in each other's worlds.","Tsui Hark, Ringo Lam Ling-Tung","Tsui Hark, Joe Cheung Tung-Cho, Barry Wong Ping-Yiu",Released,Cantonese,,46861333.0
469184,https://www.themoviedb.org/movie/469184-ich-und-das-universum,Me Myself and the Universe,14.0,2003-08-02,DE,,6.5,"Four people talk about aspects of their work. A flight attendant on a 747 shows us some of what's involved in getting the cabin ready for the next flight. A man in a hardhat discusses the capacity of a huge steam shovel shaped like a wheel, as it turns and moves earth in the background. A man who sells room furnishings talks about trying to make advertising fliers. A cemetery manager describes burial options. All are cheerful.",Hajo Schomerus,Hajo Schomerus,Released,German,,
452512,https://www.themoviedb.org/movie/452512-estados-da-materia,Estados da Matéria,14.0,2005-01-01,PT,,5.0,"They thought life would be simple. All material problems would be overcome. Every morning it would be good to have breakfast together, the table laid. It would be the beginning of a long day at work.  The daily ritual of a house inhabited by a mother and the two-year-old daughter. The automatism of the gestures of material life and its suspension in small events.",Susana Nobre,,Released,English,,
91984,https://www.themoviedb.org/movie/91984-el-man,El man,,2009-01-23,CO,Comedy,4.4,"Felipe De Las Aguas is a taxi driver in the capital, which is tired of seeing the injustices that happen around him, for this reason agrees to become ""El Man"", a superhero in the flesh, that with hard work, shrewdness and empirical justice helps others with their only super power: the faith.",Harold Trompetero,,Released,Spanish; Castilian,,
1367125,https://www.themoviedb.org/movie/1367125-gaua,Gaua (The Night),92.0,2026-07-03,KR,"Drama, Horror, Fantasy",6.6,"Spain, Basque Country, 17th century. At night and through the mountains, Kattalin escapes from her farmhouse and, while wandering through the deep forest, she senses a presence that stalks her.",Paul Urkijo Alijo,Paul Urkijo Alijo,Released,Basque,,
65185,https://www.themoviedb.org/movie/65185,Nurse's Confession,85.0,2009-04-09,JP,"Drama, Romance",8.3,"Yukiko is a nurse working at a general hospital. Because of the long, hard hours she keeps, she is under a great deal of stress. One day, she meets Kenta, a handsome patient hospitalized with a broken leg. After an unexpected turn of events, they end up having a bout of wild, hospital sex. Yukiko falls madly in love with him and has never felt so happy. Meanwhile, Taeko, Yukiko's fellow nurse, is dating an intern who is heir to a fantastic fortune. Taeko shows all her skills in sadomasochistic play as she trains Dr. Yamada to obey her every command. Kaori, a humble, somewhat square nurse, releases her daily stress with bouts of shopping which only drag her deeper into debt. Then she starts working as an ""actress"" at the Image Club.",Komei,Komei,Released,Japanese,,
493192,https://www.themoviedb.org/movie/493192-jesta,Jesta,93.0,2017-12-01,IL,,3.0,We don't have an overview translated in English. Help us expand our database by adding one.,Kobi Mahat,,Released,English,,
136181,https://www.themoviedb.org/movie/136181-schon-ist-die-liebe-am-konigssee,Schön ist die Liebe am Königssee,83.0,1961-01-19,DE,Comedy,6.3,We don't have an overview translated in English. Help us expand our database by adding one.,Hans Albin,Janne Furch,Released,German,,
494731,https://www.themoviedb.org/movie/494731,The Treasure Across the River,78.0,2016-07-28,IL,"Adventure, Family, Comedy",4.0,"Adventure, comic and musical film about a group of children following a treasure map for a summer camp to save their beloved library that is about to be destroyed.",Kobi Mahat,"Alon Gur Arye, Kobi Machat",Released,Hebrew,,
1658914,https://www.themoviedb.org/movie/1658914-ilk-genclik,İlk Gençlik,,2026-02-06,TR,Drama,0.0,We don't have an overview translated in English. Help us expand our database by adding one.,,,Released,Turkish,,
1566700,https://www.themoviedb.org/movie/1566700-shalnaya-imperatritsa,The Mad Empress,,2025-12-04,RU,"Comedy, Adventure, Fantasy",6.5,"St. Petersburg. Friends Lera, Valya, and Olya perform a mystical ritual for fun, and suddenly Catherine the Great herself materializes in the kitchen amidst the candles. The crowned empress quickly embraces the 21st century: she tries cappuccino, searches for the ""Kareta"" fare on a taxi app, and that night, she discovers a dance floor with a bang. The friends are delighted, until they notice that reality around them is beginning to shift.",Radda Novikova,"Andrey Taratukhin, Elena Verner",Released,Russian,,444877.0
25239,https://www.themoviedb.org/movie/25239-day-of-the-woman,Day of the Woman,101.0,1978-11-22,US,Horror,6.0,"A young, beautiful career woman rents a backwoods cabin to write her first novel. Attacked by a group of local lowlifes and left for dead, she devises a horrific plan to inflict revenge.",Meir Zarchi,Meir Zarchi,Released,English,80000.0,
82525,https://www.themoviedb.org/movie/82525-savages,Savages,131.0,2012-07-06,US,"Crime, Drama, Thriller",6.4,Pot growers Ben and Chon face off against the Mexican drug cartel that kidnapped their shared girlfriend.,Oliver Stone,"Oliver Stone, Don Winslow, Shane Salerno",Released,English,45000000.0,82966152.0
1034020,https://www.themoviedb.org/movie/1034020-aufstieg-am-mount-everest,Tackling the World's Highest Peak,32.0,2020-05-06,DE,Documentary,0.0,"27-year-old German alpinist Jost Kobusch wants to climb Everest, alone, without oxygen and in Winter, when the roof of the world is deserted.",Jörg Daniel Hissen,,Released,German,,
543753,https://www.themoviedb.org/movie/543753,High Society,119.0,2018-08-29,KR,Drama,5.5,"The story of the journey of married couple up the social latter. The husband is professor at Seoul National University who is running for the National Assembly, and his wife is a painter.",Byun Hyuk,"Byun Hyuk, Kim Seong-tae, Wang Hye-ji",Released,Korean,,4300000.0
897571,https://www.themoviedb.org/movie/897571,The Illusion of Control: The Beginning,6.0,2017-11-23,UA,Thriller,0.0,Since childhood Victor perfectly manipulated others in his own interest. Until one day he discovered that his entire life Victor himself had been an object of some cleverly thought out manipulation.,Vladek Zankovsky,Vladek Zankovsky,Released,Ukrainian,,
285989,https://www.themoviedb.org/movie/285989,Rajakumari,134.0,1947-04-11,IN,Drama,8.0,A humble villager should win the love of a princess.,A. S. A. Samy,A. S. A. Samy,Released,Tamil,,
930915,https://www.themoviedb.org/movie/930915-obrigado-por-estar-aqui,Thank you for Being Here,13.0,2023-03-17,BR,Drama,0.0,"When Sofia's mental health starts to take a toll on her relationship with Júlio, they find out that there are things they can't solve together.",Bruno Rapone,Bruno Rapone,Released,Portuguese,,
338958,https://www.themoviedb.org/movie/338958-disenchanted,Disenchanted,118.0,2022-11-18,KR,"Comedy, Family, Fantasy",6.7,"Disillusioned with life in the city, feeling out of place in suburbia, and frustrated that her happily ever after hasn’t been so easy to find, Giselle turns to the magic of Andalasia for help. Accidentally transforming the entire town into a real-life fairy tale and placing her family’s future happiness in jeopardy, she must race against time to reverse the spell and determine what happily ever after truly means to her and her family.",Adam Shankman,Brigitte Hales,Released,English,,
286326,https://www.themoviedb.org/movie/286326-a-primeira-missa-ou-tristes-tropecos-enganos-e-urucum,"A Primeira Missa ou Tristes Tropeços, Enganos e Urucum",90.0,2014-10-16,PT,"Drama, Comedy",2.0,"On set, in the middle of the Atlantic Forest, a stressed film director begins another day of filming, reproducing the celebration of the first mass in Brazil. Suddenly three strange agents emerge from the forest and abruptly interrupt the scene. Authoritarians, they confiscate the filmed negatives. The paranoid director grumbles: ""Are they from the government?"". The execution of the film is compromised. Will the director in trouble be able to complete his film?",Ana Carolina,Ana Carolina,Released,Portuguese,,
1095006,https://www.themoviedb.org/movie/1095006-b,Plan B,121.0,2021-09-17,IN,"Thriller, Crime",6.0,"The story begins with the demise of a lawyer named Vishwanath and travels through multiple twists, suspense and turns without leaving a single clue for the police to find.",K.V. Rahamahi,K.V. Rahamahi,Released,Telugu,,
1006745,https://www.themoviedb.org/movie/1006745,祭红,,1979-12-01,CN,Drama,0.0,We don't have an overview translated in English. Help us expand our database by adding one.,Zhang Xinshi,Hua E,Released,Chinese,,
1606889,https://www.themoviedb.org/movie/1606889-shadow-death,Shadow Death,50.0,2025-12-19,US,"Thriller, Horror",0.0,"A mysterious killer roams a small town pulling it's victims into the shadows. As the fatalities rise, dark secrets are revealed.",Chris Spinelli,Chris Spinelli,Released,English,,
900581,https://www.themoviedb.org/movie/900581,Padmapuran,,2021-10-08,BD,Drama,0.0,'Poddapuran' is based on the life of a group of Bangladeshi human beings living by the mighty River Padma. The plot of 'Poddapuran' cinema revolves around a low-income community living on the bank of the once-mighty Padma River.,Rashid Polash,,Released,Bengali,,
339259,https://www.themoviedb.org/movie/339259-the-man-with-the-iron-heart,The Man with the Iron Heart,120.0,2018-11-08,KR,"War, Action, History, Thriller",6.5,"With the Third Reich at its peak in 1942, the Czech resistance in London plans the most ambitious military operation of WWII –  Anthropoid. Two young recruits are sent to Prague to assassinate the most ruthless Nazi leader – Reinhard Heydrich, head of the Reich Security Main Office, the Gestapo and the architect of the Final Solution.",Cédric Jimenez,"Cédric Jimenez, Laurent Binet, David Farr, Audrey Diwan",Released,English,32679734.0,4412639.0
10019,https://www.themoviedb.org/movie/10019-mannequin,Mannequin,89.0,1987-10-01,KR,"Comedy, Romance, Fantasy",6.9,"Jonathan Switcher, an unemployed artist, finds a job as an assistant window dresser for a department store. When Jonathan happens upon a beautiful mannequin he previously designed, she springs to life and introduces herself as Emmy, an Egyptian under an ancient spell. Despite interference from the store's devious manager, Jonathan and his mannequin fall in love while creating eye-catching window displays to keep the struggling store in business.",Michael Gottlieb,"Michael Gottlieb, Edward Rugoff",Released,English,6000000.0,42700000.0
670269,https://www.themoviedb.org/movie/670269-julho,Julho,,2019-12-01,BR,,0.0,We don't have an overview translated in English. Help us expand our database by adding one.,"Danilo Daher, Daniel Calil",,Released,Portuguese,,
1934,https://www.themoviedb.org/movie/1934-shakespeare-in-love,Shakespeare in Love,124.0,1999-03-06,KR,"Romance, History, Comedy, Drama",6.8,"Young William Shakespeare is forced to stage his latest comedy, 'Romeo and Ethel, the Pirate's Daughter', before it's even written. When lovely noblewoman Viola de Lesseps auditions for a role, they fall into forbidden love — and Shakespeare's play finds a new life (and title). As their relationship intensifies, the comedy soon transforms into tragedy.",John Madden,"Tom Stoppard, Marc Norman",Released,English,25000000.0,289317794.0
1538304,https://www.themoviedb.org/movie/1538304-blame,BLAME,,2019-11-20,DE,,0.0,We don't have an overview translated in English. Help us expand our database by adding one.,Tim Lickfeld,Tim Lickfeld,Released,German,250.0,
1011172,https://www.themoviedb.org/movie/1011172-ananghoonska,Stellar,87.0,2022-09-11,CA,"Drama, Science Fiction, Romance, Fantasy",1.0,"Set within the fluidity of time, touch, realism and reverie. Some may call this magic realism. Based within Indigenous knowledge and way of life, this story allows two people to heal, through touch, calm, love and patience in a fantastical space that leaves the audience dreamlike and yet it is dangerous and violent, there is love.",Darlene Naponse,Darlene Naponse,Released,English,,
11081,https://www.themoviedb.org/movie/11081-taking-lives,Taking Lives,103.0,2004-04-02,KR,Thriller,6.4,"Recruited to assist Montreal police in their desperate search for a serial killer who assumes the identities of his victims, FBI profiler Illeana Scott knows it's only a matter of time before the killer strikes again. Her most promising lead is a museum employee who might be the killer's only eyewitness.",D.J. Caruso,"Michael Pye, Jon Bokenkamp",Released,English,45000000.0,65470529.0
1088914,https://www.themoviedb.org/movie/1088914,Break Up Bala Love Story,,2023-02-19,IN,"Romance, Drama",0.0,To be added Soon,Rasesh Mohanty,B Chandan Kumar,Released,Oriya,,
50435,https://www.themoviedb.org/movie/50435-bilitis,Bilitis,95.0,1988-08-27,KR,"Drama, Romance",5.4,A coming of age story centering on the exploits of a young girl during summer vacation.,David Hamilton,"Pierre Louÿs, Jean-Louis Roncoroni, Catherine Breillat",Released,French,,
40205,https://www.themoviedb.org/movie/40205-16-wishes,16 Wishes,90.0,2010-06-25,US,"Fantasy, Drama, Family",6.3,"The story about Abby Jensen, a girl who's been eager to reach her 16th birthday and has kept a secret wish list since she was a little girl. When the Big Day actually arrives, utter disaster strikes, leaving Abby to think her birthday is ruined. But when a mysterious box of magical birthday candles arrives to turn things around, Abby's 16 Wishes start to come true. Her day gets better and better...until she makes one wish that threatens to change everything.",Peter DeLuise,Annie DeYoung,Released,English,,
1642256,https://www.themoviedb.org/movie/1642256-dacha,Dacha,73.0,2026-06-04,UZ,,0.0,To Be Added soon,Sunnat Namozov,Sunnat Namozov,Released,Uzbek,,
1644597,https://www.themoviedb.org/movie/1644597-yolki-13,Yolki 13,,2026-12-10,RU,Comedy,0.0,We don't have an overview translated in English. Help us expand our database by adding one.,"Zhora Kryzhovnikov, Yury Korobeynikov, Olga Dolmatovskaya","Zhora Kryzhovnikov, Petr Vnukov",In Production,Russian,,
1462096,https://www.themoviedb.org/movie/1462096-brat-li,Brother Lee,,2017-05-12,AZ,"Comedy, Action",0.0,"The main character is a villager. His grandfather was a student at the Shaolin school. He himself has been a fan of Bruce Lee since childhood. There is a girl in the village who he loves. Later, the girl finds another suitor. Since the suitor is very rich and has opportunities, he encounters certain problems. But Bruce Lee overcomes many difficulties with his will.",Nicat Rzazadə,Nicat Rzazadə,Released,Azerbaijani,,
1729168,https://www.themoviedb.org/movie/1729168-saturday-night-s-main-event-xlv,Saturday Night's Main Event XLV,132.0,2026-07-18,US,"Action, Drama, Comedy",6.0,"Undisputed WWE Champion CM Punk joins forces with Cody Rhodes against Gunther and Sami Zayn, Danhausen competes in his first match at Madison Square Garden as he takes on JD McDonagh in a No Disqualification Match, and WWE Women's Tag Team Champions Paige and Brie Bella defend their title against Lainey Reid and Fallon Henley of Fatal Influence.",,,Released,English,,
339527,https://www.themoviedb.org/movie/339527-solace,Solace,101.0,2016-12-16,US,"Thriller, Crime, Mystery",6.4,"A psychic doctor, John Clancy, works with an FBI special agent in search of a serial killer.",Afonso Poyart,"Ted Griffin, Sean Bailey",Released,English,,22586863.0
457697,https://www.themoviedb.org/movie/457697-xxxxxxx,XXXXXXX,13.0,2016-09-01,GB,Documentary,6.9,A tarot card reading as a starting point.  A disruptive relationship as a point.  Translation of the cards' symbols to a joint.Of the domestic exploration for finding my voice.,Liliana Colombo,,Released,English,,
784949,https://www.themoviedb.org/movie/784949-dabolili-nasosi,Give me the pump 2,,2015-10-15,GE,Comedy,9.0,"The second part of the popular Georgian comedy, ""Matia Nasosi"". The comedy tells us about the beautiful corner of Georgia - Svaneti and the comedy-filled life of the Svans.",Giorgi Kacharava,Giorgi Kacharava,Released,Georgian,,
289977,https://www.themoviedb.org/movie/289977-ang-tipo-kong-lalake-maginoo-pero-medyo-bastos,Ang Tipo Kong Lalake (Maginoo Pero Medyo Bastos),102.0,1995-01-01,PH,Comedy,3.7,Boy and Dennis are ex-convicts who are trying to start a new life with their girlfriends. But soon their criminal past catches upon them.,Efren Jarlego,Dwight Gaston,Released,Tagalog,,
1296607,https://www.themoviedb.org/movie/1296607-na-zhivoe,На живое,12.0,2023-08-19,RU,Drama,0.0,A struggling actress on the set of a B-horror movie can't do what her tyrannical director demands of her. Everything changes when she finds herself in a closed pavilion all alone.,Gau Khar,"Gau Khar, Maria Klementieva",Released,Russian,,
1081773,https://www.themoviedb.org/movie/1081773,Kanyadana,,2023-01-29,IN,"Family, Drama",0.0,We don't have an overview translated in English. Help us expand our database by adding one.,Mrutyunjaya Sahu,,Released,Oriya,,
787448,https://www.themoviedb.org/movie/787448-senen-raja,Senen Raja,,1954-11-04,ID,Drama,0.0,"Ismail leaves his wife, Sutrisni, in Bekasi, in order to look for a job in Jakarta. Although his brother, Iskandar, persuades him to do illegal work with him, Ismail refuses. Since Iskandar does not deliver the money Ismail is sending to his wife, Sutrisni goes to the city to find her husband. But Sutrisni does not find him and marries Wongso. Finally, Ismail finds her again to solve the complicated chain of events.",S. Waldy,Sofia W.D.,Released,Indonesian,,
992274,https://www.themoviedb.org/movie/992274,Othman,35.0,2022-06-25,SA,Drama,0.0,"Othman is a security guard at a government hospital’s parking lot, who lives quietly with his cousin Fahd. But things soon take a turn that shakes Othman out of his stupor and forces him to face reality.",Khaled Zidan,Abdulaziz Alessa,Released,Arabic,,
7233,https://www.themoviedb.org/movie/7233-rebound,Rebound,86.0,2005-07-01,US,"Comedy, Family",5.6,An acclaimed college hoops coach is demoted to a junior varsity team after a public meltdown.,Steve Carr,"William Wolff, Ed Decter, Scott Moore, Jon Lucas, John J. Strauss",Released,English,45000000.0,17492014.0
9566,https://www.themoviedb.org/movie/9566-the-fan,The Fan,116.0,1996-10-19,KR,"Thriller, Action, Drama",6.0,"When the San Francisco Giants pay center-fielder, Bobby Rayburn $40 million to lead their team to the World Series, no one is happier or more supportive than #1 fan, Gil Renard.  When Rayburn becomes mired in the worst slump of his career, the obsessed Renard decides to stop at nothing to help his idol regain his former glory—not even murder.",Tony Scott,"Peter Abrahams, Phoef Sutton",Released,English,55000000.0,18626419.0
2662,https://www.themoviedb.org/movie/2662-house-of-1000-corpses,House of 1000 Corpses,89.0,2003-04-11,US,Horror,6.2,Two teenage couples traveling across the backwoods of Texas searching for urban legends of serial killers end up as prisoners of a bizarre and sadistic backwater family of serial killers.,Rob Zombie,Rob Zombie,Released,English,7000000.0,17949758.0
82990,https://www.themoviedb.org/movie/82990-paranormal-activity-4,Paranormal Activity 4,87.0,2012-10-25,KR,Horror,5.4,"It has been five years since the disappearance of Katie and Hunter, and a suburban family witness strange events in their neighborhood when a woman and a mysterious child move in.","Ariel Schulman, Henry Joost",Christopher Landon,Released,English,5000000.0,142802657.0
39204,https://www.themoviedb.org/movie/39204,Detective Conan: Strategy Above the Depths,110.0,2013-08-07,KR,"Animation, Mystery",6.9,"Fifteen years ago in a barren stretch of the Pacific, a cruise ship collided with an iceberg and was lost at sea. More than a decade later, Hideto Yashiro—a ship engineer—died in a fatal car accident. The unlikely connection between these events only comes to light on the luxury liner St. Aphrodite during her maiden voyage. Aboard it on a much needed vacation, Kogorou Mouri, his daughter Ran, Conan Edogawa, and the Detective Boys enjoy a trip provided by Sonoko Suzuki's family. But their fun is soon cut short when a game of hide-and-seek leads to Sonoko's disappearance.",Yasuichiro Yamamoto,Kazunari Kouchi,Released,Japanese,,20768817.0
1005946,https://www.themoviedb.org/movie/1005946-lonely,Lonely,3.0,2014-10-24,GB,,1.0,A confession of love to a departed partner is the soundtrack of a dilapidated night full of sex and drugs between two gay men in a cheap hotel room. Their desperate attempts to alleviate their sexual tension fall into the void and they feel trapped in oblivion. This is a loneliness that can be shared and praised as something completely different from what it is. A misconception that sex can heal all the wounds created by the absence of love.,Konstantinos Menelaou,Konstantinos Menelaou,Released,English,,
306341,https://www.themoviedb.org/movie/306341,Aduthathu Albert,120.0,1985-07-12,IN,Drama,7.0,"Although Albert, a Christian boy, and Radha, a Brahmin girl, hate each other, they decide to help their respective sister and brother who are in love.",G. N. Rangarajan,G. N. Rangarajan,Released,Tamil,,
597859,https://www.themoviedb.org/movie/597859-lyotchik,The Pilot: A Battle for Survival,105.0,2022-04-13,KR,"War, History, Drama",6.6,"December of 1941, Northwestern Front. A German tank column is moving towards Moscow. During a mission to stop the enemy advance, Nikolai Komlev's IL-2 is shot down. Komlev manages to crash-land his plane in a remote forest clearing. He's alive, but far from friendly territory. Ahead of him is a relentless trial of severe physical and mental endurance. After battling hunger and extreme cold, evading packs of wolves and detachments of Nazi soldiers, the wounded Komlev finally makes it back to safety. But there he faces another challenge, the most life-changing of them all.",Renat Davletyarov,"Renat Davletyarov, Sergej Ashkenazy, Aleksei Timoshkin",Released,Russian,,
2309,https://www.themoviedb.org/movie/2309-inkheart,Inkheart,106.0,2009-01-29,KR,"Adventure, Family, Fantasy",6.3,"The adventures of a father and his young daughter, in their search for a long lost book that will help reunite a missing, close relative.",Iain Softley,"Cornelia Funke, David Lindsay-Abaire",Released,English,60000000.0,62803180.0
916192,https://www.themoviedb.org/movie/916192,"The Tunnel to Summer, the Exit of Goodbyes",83.0,2023-09-14,KR,"Animation, Drama, Romance, Fantasy, Science Fiction",7.7,"Urashima Tunnel – Once you enter that tunnel, you can get whatever you want, but at a price. Kaoru Tohno, who seems to have an elusive personality and traumatic past, and Anzu Hanashiro, who is struggling to reconcile her ideal image and true-to-heart attitude, team up to investigate the Urashima Tunnel and get what they want. This is an unforgettable summer story of nostalgia and sprinting in a remote countryside.",Tomohisa Taguchi,"Tomohisa Taguchi, Mei Hachimoku",Released,Japanese,,872000.0
494864,https://www.themoviedb.org/movie/494864,Aadha Love,130.0,2017-06-09,NP,Drama,7.0,"Adha Love is a commentary on the contemporary Nepali society and draws our attention to the evolving dynamics of relationships, which is slowly but certainly shaping the emergent understanding of urban life. The film is an unforgettable tour through the lives of five different families, who despite being the resident of the same apartment are living worlds apart, trying to untangle the threads of love and life to find meaning and contentment. This is the story of every individual, who is trying to find his/her share of love and happiness in a society, where both the things are in short supply.",Arpan Thapa,Arpan Thapa,Released,Nepali,,
15371,https://www.themoviedb.org/movie/15371,The Castle of Cagliostro,102.0,2017-05-25,KR,"Animation, Adventure, Comedy, Crime",7.5,"After a successful robbery leaves famed thief Lupin the Third and his partner Jigen with nothing but a large amount of expertly crafted counterfeit bills, he decides to track down the forgers responsible—and steal any other treasures he may find in the Castle of Cagliostro, including the 'damsel in distress' he finds imprisoned there.",Hayao Miyazaki,"Hayao Miyazaki, Haruya Yamazaki",Released,Japanese,7202188.0,8194857.0
10947,https://www.themoviedb.org/movie/10947-high-school-musical,High School Musical,98.0,2006-01-20,US,"Comedy, Family, TV Movie, Music, Romance",6.5,A popular high school athlete and an academically gifted girl get roles in the school musical and develop a friendship that threatens East High's social order.,Kenny Ortega,Peter Barsocchini,Released,English,4200000.0,3746.0
696967,https://www.themoviedb.org/movie/696967-pyrale,Pyrale,48.0,2020-04-25,CH,"Documentary, Drama, Romance",6.2,"Summer 2016, somewhere in French provencal Drôme, a mysterious plague strikes in the villages: swarms of white butterflies invaded the area. At dusk, everyone is locked up home, trapped by the seemingly unstoppable vermin. As the big swarm approaches, Lou discovers both the strange insects and her feelings for her friend Sam. By the end of the season, the moths will have devastated the entirety of the century-old box trees, leaving a ruined landscape behind them.",Roxanne Gaucherand,,Released,French,,
612,https://www.themoviedb.org/movie/612-munich,Munich,164.0,2006-02-09,KR,"Drama, History, Thriller",7.1,"During the 1972 Olympic Games in Munich, eleven Israeli athletes are taken hostage and murdered by a Palestinian terrorist group known as Black September. In retaliation, the Israeli government recruits a group of Mossad agents to track down and execute those responsible for the attack.",Steven Spielberg,"Tony Kushner, Eric Roth",Released,English,70000000.0,130982129.0
47525,https://www.themoviedb.org/movie/47525-the-magic-of-ordinary-days,The Magic of Ordinary Days,120.0,2005-01-30,US,"Drama, Romance, TV Movie",7.3,"Pregnant out of wedlock, an educated young woman is pressured by her father into an arranged marriage with a lonely farmer in this drama set during WWII.",Brent Shields,"Ann Howard Creel, Camille Thomasson",Released,English,,
227783,https://www.themoviedb.org/movie/227783-the-nut-job,The Nut Job,85.0,2014-01-28,KR,"Animation, Comedy, Family, Adventure",5.9,"Surly, a curmudgeon, independent squirrel is banished from his park and forced to survive in the city. Lucky for him, he stumbles on the one thing that may be able to save his life, and the rest of park community, as they gear up for winter - Maury's Nut Store.",Peter Lepeniotis,"Peter Lepeniotis, Lorne Cameron",Released,English,42000000.0,120885527.0
1530349,https://www.themoviedb.org/movie/1530349-fragmentos,Fragmentos,90.0,2025-12-12,ES,Drama,6.5,"Diego decides to travel to Lanzarote with his wife Alba to try and save their marriage for the umpteenth time. A toxic relationship, with no sexual chemistry and constant arguments, amidst comings and goings with other people, not caring how much they hurt one another. Alba keeps her shell drawn tightly around herself, not realising that her attitude is the cause of their failed relationship.",Horacio Alcalá,,Released,Spanish; Castilian,,
1551,https://www.themoviedb.org/movie/1551-flatliners,Flatliners,115.0,1992-03-07,KR,"Drama, Science Fiction, Horror",6.5,"Five medical students experiment with ""near death"" experiences, until the dark consequences of past tragedies begin to jeopardize their lives.",Joel Schumacher,Peter Filardi,Released,English,26000000.0,61489265.0
42949,https://www.themoviedb.org/movie/42949-arthur-3-la-guerre-des-deux-mondes,Arthur 3: The War of the Two Worlds,101.0,2010-10-13,FR,"Animation, Adventure, Fantasy, Family",5.8,"With Maltazard now seven feet tall and Arthur still two inches small, our hero must find a way to grow back to his normal size and stop the Evil M once and for all, with the help of Selenia and Betameche.",Luc Besson,"Luc Besson, Céline Garcia",Released,French,70200000.0,33885979.0
697276,https://www.themoviedb.org/movie/697276-remo-largo-ein-leben-fur-unsere-kinder,Remo Largo - Ein Leben für unsere Kinder,,2015-12-01,DE,Documentary,0.0,We don't have an overview translated in English. Help us expand our database by adding one.,"Aldo Gugolz, Monika Czernin","Aldo Gugolz, Monika Czernin",Released,German,,
1016084,https://www.themoviedb.org/movie/1016084-blackberry,BlackBerry,120.0,2024-05-03,KR,"Comedy, Drama, History",7.2,Two mismatched entrepreneurs – egghead innovator Mike Lazaridis and cut-throat businessman Jim Balsillie – joined forces in an endeavour that was to become a worldwide hit in little more than a decade. The story of the meteoric rise and catastrophic demise of the world's first smartphone.,Matt Johnson,"Matt Johnson, Matthew Miller",Released,English,5000000.0,2600000.0
24238,https://www.themoviedb.org/movie/24238-mary-and-max,Mary and Max,92.0,2011-12-22,KR,"Animation, Comedy, Drama",7.9,"A tale of friendship between two unlikely pen pals: Mary, a lonely, eight-year-old girl living in the suburbs of Melbourne, and Max, a forty-four-year old, severely obese man living in New York.",Adam Elliot,Adam Elliot,Released,English,8240000.0,1740429.0
1057368,https://www.themoviedb.org/movie/1057368-the-sessions,The Sessions,,2020-11-17,ES,,0.0,We don't have an overview translated in English. Help us expand our database by adding one.,Stephan Brookas,Stephan Brookas,Released,Spanish; Castilian,,
25095,https://www.themoviedb.org/movie/25095-wuthering-heights,Wuthering Heights,105.0,1992-10-16,US,"Drama, Romance",6.6,"Young orphan Heathcliff is adopted by the wealthy Earnshaw family and moves into their estate, Wuthering Heights. Soon, the new resident falls for his compassionate foster sister, Cathy. The two share a remarkable bond that seems unbreakable until Cathy, feeling the pressure of social convention, suppresses her feelings and marries Edgar Linton, a man of means who befits her stature. Heathcliff vows to win her back.",Peter Kosminsky,"Emily Brontë, Anne Devlin",Released,English,,
1155234,https://www.themoviedb.org/movie/1155234,Endless Journey of Love,107.0,2025-05-30,CN,"Romance, Animation, Fantasy, Adventure",9.1,"In 1930s China, village girl Qian Xiao gains the power to control time, making her a target of powerful forces. As she uncovers the metropolis's hidden secrets, she faces peril and the cost of her gift.","Yu Ao, Zhou Tienan","Yu Ao, Zhou Tienan",Released,Chinese,,
1634301,https://www.themoviedb.org/movie/1634301-vanaveera,Vanaveera,,2026-02-13,IN,"Action, Drama",7.5,A descendant of the Vanara clan is pushed into conflict when a modern-day Ravana seizes his only bike for an election rally. What starts as a petty injustice soon erupts into a fierce fight for self-respect and dignity.,,,Released,Telugu,,
1684226,https://www.themoviedb.org/movie/1684226-bruid-van-die-jaar,Bride of the Year,98.0,2026-05-15,ZA,"Comedy, Romance, Family",6.9,"When Lienkie's dream of budding a family of her own come crashing down, she hatches a devious plan to win ""Bride of the Year"" and get back at her ex.",Joshua Rous,Gillian Breslin,Released,Afrikaans,,
9346,https://www.themoviedb.org/movie/9346-risky-business,Risky Business,98.0,1983-08-05,US,"Romance, Comedy, Drama",6.6,"Meet Joel Goodson, an industrious, college-bound 17-year-old and a responsible, trustworthy son. However, when his parents go away and leave him home alone in the wealthy Chicago suburbs with the Porsche at his disposal he quickly decides he has been good for too long and it is time to enjoy himself. After an unfortunate incident with the Porsche Joel must raise some cash, in a risky way.",Paul Brickman,Paul Brickman,Released,English,6200000.0,63541777.0
12589,https://www.themoviedb.org/movie/12589-jimmy-neutron-boy-genius,Jimmy Neutron: Boy Genius,83.0,2002-06-06,KR,"Family, Comedy, Adventure, Animation, Science Fiction",6.1,"Jimmy Neutron is a boy genius and way ahead of his friends, but when it comes to being cool, he's a little behind. All until one day when his parents, and parents all over Earth are kidnapped by aliens, it's up to him to lead all the children of the world to rescue their parents.",John A. Davis,"John A. Davis, Steve Oedekerk, J. David Stem, David N. Weiss",Released,English,25000000.0,80936232.0
1628819,https://www.themoviedb.org/movie/1628819-tai,TÀI,101.0,2026-03-06,VN,"Action, Comedy",0.0,"Tài is suddenly pulled into a dangerous spiral after becoming trapped under a massive debt. Pushed to the brink, he is forced into a series of reckless choices that soon place his family under threat. Behind his desperate actions lies a deep obsession with protecting and repaying the mother he loves at any cost. As the line between right and wrong grows increasingly blurred, Tài must confront the most difficult question of his life: can filial devotion justify the path he has chosen?",Mai Tài Phến,,Released,Vietnamese,,
371948,https://www.themoviedb.org/movie/371948-vozvraschenie-budulaya,Return of Budulai,300.0,1986-03-25,SU,"Romance, Drama",6.5,"A continuation of a saga about Budulai started in ""Gypsy"" (1979).",Aleksandr Blank,"Aleksandr Blank, Anatoli Kalinin, Natalya Kalinina, Aleksandr Maryamov",Released,Russian,,
51533,https://www.themoviedb.org/movie/51533,Let the Bullets Fly,132.0,2010-12-20,CN,"Action, Comedy",7.8,"When circumstances force an outlaw to impersonate a county governor and clean up a corrupt town, the Robin Hood figure finds himself in a showdown with the local godfather.",Jiang Wen,"Jiang Wen, Li Bukong, Guo Junli, Zhu Sujin, Shu Ping, Wei Xiao",Released,Chinese,,104731450.0
1306056,https://www.themoviedb.org/movie/1306056-female-4,Female 4,80.0,2024-06-17,BD,"Comedy, Drama",0.0,"In a peaceful battery goli, where everyone took an oath not to fight amongst themselves, chaos ensues as another Female hops into the scene.",Kajal Arefin Ome,,Released,Bengali,,
9457,https://www.themoviedb.org/movie/9457-deep-rising,Deep Rising,106.0,1999-04-17,KR,"Adventure, Action, Horror, Science Fiction",6.2,"A group of heavily armed hijackers board a luxury ocean liner in the South Pacific Ocean to loot it, only to do battle with a series of large-sized, tentacled, man-eating sea creatures who have taken over the ship first.",Stephen Sommers,Stephen Sommers,Released,English,45000000.0,11203026.0
365093,https://www.themoviedb.org/movie/365093-el-ciclon,El ciclón,83.0,1959-10-02,MX,"Western, Music, Drama",5.6,"Cowboy revenge-drama, paired with a love triangle between two Mexican fellers and a rather unpleasant gringa.",Gilberto Martínez Solares,,Released,Spanish; Castilian,,
1530349,https://www.themoviedb.org/movie/1530349-fragmentos,Fragmentos,90.0,2025-12-12,ES,Drama,6.5,"Diego decides to travel to Lanzarote with his wife Alba to try and save their marriage for the umpteenth time. A toxic relationship, with no sexual chemistry and constant arguments, amidst comings and goings with other people, not caring how much they hurt one another. Alba keeps her shell drawn tightly around herself, not realising that her attitude is the cause of their failed relationship.",Horacio Alcalá,,Released,Spanish; Castilian,,
1081347,https://www.themoviedb.org/movie/1081347,Kathantara,119.0,2005-12-29,IN,"Drama, History",0.0,"Revolves around the trails and horrendous experiences of a young widow, who lost her husband and family in the devastating 1999 Odisha cyclone",Himansu Khatua,,Released,Oriya,,
426543,https://www.themoviedb.org/movie/426543-the-nutcracker-and-the-four-realms,The Nutcracker and the Four Realms,99.0,2018-12-06,KR,"Family, Fantasy, Adventure",6.1,"When Clara’s mother leaves her a mysterious gift, she embarks on a journey to four secret realms—where she discovers her greatest strength could change the world.","Lasse Hallström, Joe Johnston",Ashleigh Powell,Released,English,120000000.0,173961069.0
333353,https://www.themoviedb.org/movie/333353-las-glorias-del-gran-puas,The Glories of the Great Púas,113.0,1984-03-01,MX,,6.0,Journalist becomes a member of a boxing champion's entourage to write a book about the boxer's career.,Roberto G. Rivera,"Roberto G. Rivera, Ricardo Garibay",Released,Spanish; Castilian,,
1104972,https://www.themoviedb.org/movie/1104972,Saragapuraru Asichi Priya,,2023-03-26,IN,"Comedy, Drama",0.0,"Menaka, an Apsari from Swargaloka gets punished for her wrong deeds and had to come to earth as her punishment. While hesitant to come at first, Menaka denies to go back to Swargaloka after she falls in love with an earth boy.",Sanjay Nayak,,Released,Oriya,,
601666,https://www.themoviedb.org/movie/601666-i-care-a-lot,I Care a Lot,119.0,2021-02-19,KR,"Crime, Thriller, Drama, Comedy",6.6,A court-appointed legal guardian defrauds her older clients and traps them under her care. But her latest mark comes with some unexpected baggage.,J Blakeson,J Blakeson,Released,English,,
36419,https://www.themoviedb.org/movie/36419-after-life,After.Life,103.0,2009-11-07,US,"Drama, Horror, Mystery, Thriller",6.3,"Following a terrible car crash, a woman awakes to find an enigmatic mortician preparing her for burial.",Agnieszka Wojtowicz-Vosloo,"Agnieszka Wojtowicz-Vosloo, Jakub Korolczuk, Paul Vosloo",Released,English,4500000.0,3606395.0
72358,https://www.themoviedb.org/movie/72358-a-thousand-words,A Thousand Words,91.0,2012-11-27,KR,"Drama, Comedy, Fantasy",6.1,"Jack McCall is a fast-talking literary agent, who can close any deal, any time, any way. He has set his sights on New Age guru Dr. Sinja for his own selfish purposes. But Dr. Sinja is on to him, and Jack’s life comes unglued after a magical Bodhi tree mysteriously appears in his backyard. With every word Jack speaks, a leaf falls from the tree and he realizes that when the last leaf falls, both he and the tree are toast. Words have never failed Jack McCall, but now he’s got to stop talking and conjure up some outrageous ways to communicate or he’s a goner.",Brian Robbins,Steve Koren,Released,English,40000000.0,22044277.0
11797,https://www.themoviedb.org/movie/11797-fright-night,Fright Night,107.0,1986-04-05,KR,"Comedy, Horror",7.0,"Charley Brewster, a high school student, accidentally discovers the true and creepy nature of Jerry Dandrige, his dashing and enigmatic new neighbor; but no one seems willing to believe him.",Tom Holland,Tom Holland,Released,English,9000000.0,24922237.0
1210973,https://www.themoviedb.org/movie/1210973-mai,Mai,131.0,2024-05-17,KR,"Romance, Drama",7.0,"When a struggling single mother falls for a wealthy heartbreaker, their risky romance could just turn their lives around — or tear their worlds apart.",Trấn Thành,Bình Bồng Bột,Released,Vietnamese,,
1055432,https://www.themoviedb.org/movie/1055432-camrip,camrip,13.0,2022-11-30,MO,,10.0,"A video essay about camrip created by a Macau's indie-film maker called Thohoyandou Toh (aka Toh Lap-Yu).  When the director helped run the private torrent servers for movies in the early years, he saved some camrips for commercial blockbusters. The camrip is a kind of video file that is ignored and despised by people. In Toh's first video essay, he tried to explore the various meanings of the camrip in the operation of film propaganda, capital circulation, network circulation, and version comparison.",Thohoyandou Toh,Thohoyandou Toh,Released,Chinese,,
401469,https://www.themoviedb.org/movie/401469-widows,Widows,129.0,2018-11-16,US,"Drama, Crime, Thriller",6.5,"A police shootout leaves four thieves dead during an explosive armed robbery attempt in Chicago. Their widows have nothing in common except a debt left behind by their spouses' criminal activities. Hoping to forge a future on their own terms, they join forces to pull off a heist.",Steve McQueen,"Steve McQueen, Gillian Flynn",Released,English,42000000.0,75984700.0
764209,https://www.themoviedb.org/movie/764209-divorcio-a-la-andaluza,Divorcio a la andaluza,,1975-05-05,ES,Comedy,9.0,We don't have an overview translated in English. Help us expand our database by adding one.,José María Zabalza,Manuel Martínez Remís,Released,Spanish; Castilian,,
284075,https://www.themoviedb.org/movie/284075,The Girl from Distant River,,1928-05-15,SU,,4.5,We don't have an overview translated in English. Help us expand our database by adding one.,Yevgeni Chervyakov,Grigori Aleksandrov,Released,Russian,,
10153,https://www.themoviedb.org/movie/10153-sphere,Sphere,134.0,1998-04-04,KR,"Science Fiction, Mystery, Thriller",6.1,"A spacecraft is discovered at the bottom of the Pacific Ocean, presumed to be at least 300 years old and of alien origin. A crack team of scientists and experts is assembled and taken to the ocean floor to investigate. However, the ship is not as it seems and when a giant perfect sphere is discovered in the cargo bay, things begin to fall apart.",Barry Levinson,"Michael Crichton, Stephen Hauser, Paul Attanasio",Released,English,80000000.0,37020277.0
83617,https://www.themoviedb.org/movie/83617-mazli,Fluke,,2008-10-23,HU,Comedy,7.0,"In the tradition of ""My Sweet Little Village"" and ""Waking Ned Devine"" FLUKE is a satire about a small village full of colorful characters, whose lives radically change due to a miracle. Or a simple crime.",Tamás Keményffy,Bálint Hegedûs,Released,Hungarian,,
551987,https://www.themoviedb.org/movie/551987,"No, Pal",28.0,1993-01-03,GE,Drama,9.0,"One day in the life of 29 year old Levan, who is preparing to go travelling around the world.",Giorgi (Gio) Mgeladze,Giorgi (Gio) Mgeladze,Released,Georgian,,
467547,https://www.themoviedb.org/movie/467547,Mad_e in Bangladesh,106.0,2006-12-01,BD,,7.6,An apparently passive young man comes to Dhaka from a rural area looking for a job and a better life.,Mostofa Sarwar Farooki,"Mostofa Sarwar Farooki, Anisul Hoque",Released,Bengali,,
108,https://www.themoviedb.org/movie/108-trois-couleurs-bleu,Three Colors: Blue,98.0,1994-04-23,KR,Drama,7.6,"The wife of a famous composer survives a car accident that kills her husband and daughter. Now alone, she shakes off her old identity and explores her newfound freedom but finds that she is unbreakably bound to other humans, including her husband’s mistress, whose existence she never suspected.",Krzysztof Kieślowski,"Krzysztof Kieślowski, Krzysztof Piesiewicz",Released,French,,1527572.0
668829,https://www.themoviedb.org/movie/668829,Have You Forgotten What We Used to Play?,32.0,2010-09-24,RU,Drama,2.0,"This short film tells the story of a childhood, of a friendship and of growing up. A young man returns to the village where he grew up and discovers that both he and the place have changed. Yet, he soon finds himself immersed in his memories.",Dmitriy Mayorov,,Released,Russian,,
262,https://www.themoviedb.org/movie/262-the-king-of-comedy,The King of Comedy,109.0,1983-02-18,US,"Drama, Comedy",7.8,"Aspiring comic Rupert Pupkin attempts to achieve success in show business by stalking his idol, a late night talk-show host who craves his own privacy.",Martin Scorsese,Paul D. Zimmerman,Released,English,19000000.0,2536000.0
1670123,https://www.themoviedb.org/movie/1670123-warak-areesh,Warak Areesh,7.0,2026-04-29,US,"Family, Drama",0.0,"A cautious woman, hindered by a language barrier, struggles to connect with her grandmother but discovers a bond through food and tradition.",Elysia Azzi,,Released,English,,
676547,https://www.themoviedb.org/movie/676547-prey-for-the-devil,Prey for the Devil,93.0,2022-12-07,KR,"Horror, Thriller",6.8,"In response to a global rise in demonic possessions, the Catholic Church reopens exorcism schools to train priests in the Rite of Exorcism. On this spiritual battlefield, an unlikely warrior rises: a young nun, Sister Ann. Thrust onto the spiritual frontline with fellow student Father Dante, Sister Ann finds herself in a battle for the soul of a young girl and soon realizes the Devil has her right where he wants her.",Daniel Stamm,Robert Zappia,Released,English,,37655699.0
800815,https://www.themoviedb.org/movie/800815-the-pale-blue-eye,The Pale Blue Eye,128.0,2023-01-06,KR,"Thriller, Crime, Horror, Mystery",6.8,"West Point, New York, 1830. When a cadet at the burgeoning military academy is found hanged with his heart cut out, the top brass summons former New York City constable Augustus Landor to investigate. While attempting to solve this grisly mystery, the reluctant detective engages the help of one of the cadets: a strange but brilliant young fellow by the name of Edgar Allan Poe.",Scott Cooper,"Scott Cooper, Louis Bayard",Released,English,72000000.0,
12270,https://www.themoviedb.org/movie/12270-crosby-stills-nash-young-deja-vu,"Crosby, Stills, Nash & Young ‎– Déjà Vu",96.0,2008-01-25,US,Documentary,6.5,"CSNY/Déjà Vu is a 2008 film directed by Bernard Shakey, a pseudonym for Neil Young. It focuses on the career of Crosby Stills Nash and Young, its musical connection to its audience and the turbulent times with which its music is associated as the band goes on their 2006 Freedom of Speech tour.","Neil Young, Benjamin Johnson",Mike Cerre,Released,English,,
907,https://www.themoviedb.org/movie/907-doctor-zhivago,Doctor Zhivago,200.0,1978-01-01,KR,"Drama, Romance, War",7.6,"The life of a Russian physician and poet who, although married to another, falls in love with a political activist's wife and experiences hardship during World War I and then the October Revolution.",David Lean,"Boris Pasternak, Robert Bolt",Released,English,11000000.0,111858363.0
1655972,https://www.themoviedb.org/movie/1655972-de-illegale,Criminals,33.0,2026-04-09,DK,"Thriller, War, History",0.0,"June, 1944, German-occupied Denmark. It has never been so dangerous to be part of the resistance. In a safe house, five fighters wait for comrades on a sabotage mission. When they do not return, and no news comes, fear begins to take hold.",Thomas J.S. Mogensen,Thomas J.S. Mogensen,Released,Danish,4800.0,
467568,https://www.themoviedb.org/movie/467568,Meherjaan,119.0,2011-01-21,BD,"Drama, History",0.0,"During the war in 1971, Meher falls in love with a soldier from the enemy side. When her love is discovered, she is shamed and silenced by her family and society. Today 38 years after the war, Meher has a visitor she cannot turn down.",Rubaiyat Hossain,"Rubaiyat Hossain, Ebadur Rahman",Released,Bengali,,
259507,https://www.themoviedb.org/movie/259507-el-ultimo-velo,The Last Veil,15.0,2013-09-14,AU,,10.0,"Citliali, a lonely woman, faces a difficult, marginalized life, which seems to be full of obstacles. During the day we will discover the real cause of her affliction.",Luis Palomino Benítez,,Released,English,,
1291559,https://www.themoviedb.org/movie/1291559,Drawing Closer,119.0,2024-06-27,KR,"Romance, Drama",8.4,"With only a year left to live, 17-year-old Akito finds new meaning in life by bringing joy to a terminally ill girl who has just six months remaining.",Takahiro Miki,"Takahiro Miki, Tomoko Yoshida",Released,Japanese,,
9560,https://www.themoviedb.org/movie/9560-a-walk-in-the-clouds,A Walk in the Clouds,103.0,1995-08-11,US,"Drama, Romance",7.4,World War II vet Paul Sutton falls for a pregnant and unwed woman who persuades him -- during their first encounter -- to pose as her husband so she can face her family.,Alfonso Arau,"Robert Mark Kamen, Harvey Weitzman, Mark Miller",Released,English,20000000.0,50012507.0
20982,https://www.themoviedb.org/movie/20982-naruto,Naruto Shippuden the Movie,94.0,2013-10-08,KR,"Animation, Action, Fantasy",7.4,"Demons that once almost destroyed the world, are revived by someone. To prevent the world from being destroyed, the demon has to be sealed and the only one who can do it is the shrine maiden Shion from the country of demons, who has two powers; one is sealing demons and the other is predicting the deaths of humans. This time Naruto's mission is to guard Shion, but she predicts Naruto's death. The only way to escape it, is to get away from Shion, which would leave her unguarded, then the demon, whose only goal is to kill Shion will do so, thus meaning the end of the world. Naruto decides to challenge this ""prediction of death.""",Hajime Kamegaki,Junki Takegami,Released,Japanese,,13219807.0
1265196,https://www.themoviedb.org/movie/1265196-amos-vogel,"Amos, Vogel",22.0,2024-10-23,MX,"Drama, Romance, Science Fiction",0.0,"Amos, delving into his past, embarks on a journey to relive the conversations he shared with his late friend Vogel. In these nostalgic reunions, Amos immerses himself in memories that hold the unique essence of their relationship. As the memories unfold, an intriguing mystery is unveiled: the encrypted question Vogel sought to answer, ""How long do clouds live?"".",Iñaki S. G. Miranda,Iñaki S. G. Miranda,Released,Spanish; Castilian,9200.0,
9091,https://www.themoviedb.org/movie/9091-sudden-death,Sudden Death,111.0,1996-02-17,KR,"Action, Drama, Thriller, Crime",6.0,When a man's daughter is suddenly taken during a championship hockey game – with the captors demanding a billion dollars by game's end – he frantically sets a plan in motion to rescue her and abort an impending explosion before the final buzzer.,Peter Hyams,"Karen Elise Baldwin, Gene Quintano",Released,English,35000000.0,64350171.0
523139,https://www.themoviedb.org/movie/523139-in-the-tall-grass,In the Tall Grass,101.0,2019-10-04,KR,Horror,5.6,"After hearing a child screaming for help from the green depths of a vast field of tall grass, Becky, a pregnant woman, and Cal, her brother, park their car near a mysterious abandoned church and enter the field, discovering that they are not alone and, for some reason, they are unable to escape a completely inextricable vegetable labyrinth.",Vincenzo Natali,"Vincenzo Natali, Joe Hill, Stephen King",Released,English,,
904661,https://www.themoviedb.org/movie/904661,The Fox and the Ouzel,9.0,1982-01-01,SU,"Animation, TV Movie",0.0,"This story takes place in a Ukrainian village. A thievish fox could not resist not eating some poultry. One night he crawled into a house to steal a chicken, but his actions awakened the owners of the house. In an attempt to flee, he fell into a trap. Only the Ouzel could solve all the fox’s problems.",Vladimir Dakhno,Yukhym Chepovetskyi,Released,Ukrainian,,
723072,https://www.themoviedb.org/movie/723072-host,Host,56.0,2020-12-04,GB,Horror,6.6,"Six friends hire a medium to hold a séance via Zoom during lockdown — but they get far more than they bargained for as things quickly go wrong. When an evil spirit starts invading their homes, they begin to realise they might not survive the night.",Rob Savage,"Rob Savage, Gemma Hurley, Jed Shepherd",Released,English,100000.0,443807.0
1285669,https://www.themoviedb.org/movie/1285669-lifehack,LifeHack,97.0,2026-06-21,GB,"Thriller, Crime",7.6,"Four teenage slackers attempt a multi-million-dollar Bitcoin heist from their bedrooms, only to spiral into the darkest corners of the internet-and a danger beyond their computer screens.",Ronan Corrigan,"Ronan Corrigan, Hope Kemp",Released,English,,
518493,https://www.themoviedb.org/movie/518493,The Song of the Tree,93.0,2018-03-01,KG,"Action, Drama, Music",5.3,"Esen, a young man who has been expelled from his village, escapes with the daughter of one of the most powerful men in the village. Whilst being pursued, he is forced to fight for her hand in a battle that results in the destruction of a sacred totem tree. This puts the whole village in jeopardy, and it is up to Esen to redeem himself and save them all.",Aibek Daiyrbekov,"Aibek Daiyrbekov, Sadyk Sher-Niyaz",Released,Kirghiz; Kyrgyz,,
424946,https://www.themoviedb.org/movie/424946-kasap-havasi,Wedding Dance,103.0,2016-11-15,EE,Drama,5.1,"Leyla, a beautiful and feisty middle-aged woman, lives with her mother, whose nagging has become everyday background music. The two women fight shamelessly and cruelly, and in protest against her mother Leyla makes choices that even she herself finds a bit startling. Ahmet is a taxi driver, years younger than Leyla and confused after his father’s death. He still has to report his every step to his mother and obey his uncle who is the head of the family.",Çiğdem Sezgin,Çiğdem Sezgin,Released,Turkish,,
23759,https://www.themoviedb.org/movie/23759-centurion,Centurion,97.0,2010-04-23,GB,"Adventure, Action, Drama",6.2,"Britain, A.D. 117. Quintus Dias, the sole survivor of a Pictish raid on a Roman frontier fort, marches north with General Virilus' legendary Ninth Legion, under orders to wipe the Picts from the face of the Earth and destroy their leader, Gorlacon.",Neil Marshall,Neil Marshall,Released,English,12000000.0,6890432.0
610338,https://www.themoviedb.org/movie/610338-14-prodolzhenie,14+: Continued,133.0,2023-05-11,RU,Romance,6.6,"The story of the growing up of Lyosha, who turned 18 years old. Life asks him more and more difficult questions about love, family, duty and his path than it did at 14. And he, just as then, must answer them himself.",Andrey Zaytsev,Andrey Zaytsev,Released,Russian,,
14392,https://www.themoviedb.org/movie/14392,The Warlords,126.0,2008-01-30,KR,"Action, Drama, History",6.8,The civil war in China has ruined many lives including General Pang's. A wounded General Pang is saved by a beautiful young woman along with two other men. Together they vow to eradicate the rebels.,Peter Chan Ho-Sun,"Aubrey Lam Oi-Wah, Ho Kei-ping, Lan Xu, Guo Junli, Chun Tin-Nam, Huang Jianxin, James Yuen Sai-Sang, Jojo Hui Yuet-Chun",Released,Chinese,40000000.0,
906221,https://www.themoviedb.org/movie/906221-magic-mike-s-last-dance,Magic Mike's Last Dance,112.0,2023-11-28,KR,"Comedy, Drama, Romance",6.4,"Mike Lane takes to the stage again after a lengthy hiatus, following a business deal that went bust, leaving him broke and taking bartender gigs in Florida. For what he hopes will be one last hurrah, Mike heads to London with a wealthy socialite who lures him with an offer he can’t refuse… and an agenda all her own. With everything on the line, once Mike discovers what she truly has in mind, will he—and the roster of hot new dancers he’ll have to whip into shape—be able to pull it off?",Steven Soderbergh,Reid Carolin,Released,English,45000000.0,52000000.0
311098,https://www.themoviedb.org/movie/311098,On the Wings of Dreams,84.0,2007-01-29,NL,Drama,6.0,"A poor villager finds some high priced foreign notes. For exchanging notes easily, he secretly tells his friend. They both trying to get the money & change their poor condition.",Golam Rabbany Biplob,Golam Rabbany Biplob,Released,Bengali,,
855798,https://www.themoviedb.org/movie/855798-sta-tebi-znaci-bih,What Does Bosnia Mean to You?,70.0,2020-01-01,BA,Documentary,0.0,"A young woman caught between love and an opportunity to study abroad; one lost wallet and a chance encounter that opens the possibility of reconciling the past and the present; two friends facing diverging choices and futures; and a call that brings two strangers together make up the four stories set against the Sarajevo skyline and told by women and of women, living in BiH today.","Alma Cocaj, Rea Memić, Mirela Salihović, Sara Ristić","Alma Cocaj, Rea Memić, Mirela Salihović, Emina Šehić",Released,Bosnian,,
934885,https://www.themoviedb.org/movie/934885-dois-bois,Dois Bois,,2022-01-23,BR,Drama,0.0,"After spending her entire childhood and youth separated from her family, Joana returns to the Pantanal to fulfill her recently deceased mother's last wish.",Perseu Azul,"Perseu Azul, Pedro Leite",Released,Portuguese,,
800227,https://www.themoviedb.org/movie/800227-all-dirt-roads-taste-of-salt,All Dirt Roads Taste of Salt,97.0,2023-11-03,US,Drama,5.6,"Tender caresses and enveloping embraces are portals into the life of Mack, a Black woman in Mississippi. Winding through the anticipation, love, and heartbreak she experiences from childhood to adulthood, the expressionist journey is an ode to connection — with loved ones and with place.",Raven Jackson,Raven Jackson,Released,English,,41000.0
107257,https://www.themoviedb.org/movie/107257-a-perfect-ending,A Perfect Ending,110.0,2012-06-01,US,"Drama, Romance",6.2,"This intimate drama follows Rebecca, a woman who has kept her sexuality a secret from her friends but chooses to reveal it to a stranger. While Rebecca's revelations may not yield the results she expects, a perfect ending is still in reach.",Nicole Conn,Nicole Conn,Released,English,175000.0,
15137,https://www.themoviedb.org/movie/15137,Evangelion: 1.0 You Are (Not) Alone,101.0,2008-01-24,KR,"Animation, Science Fiction, Action, Drama",7.6,"After the Second Impact, Tokyo-3 is being attacked by giant monsters called Angels that seek to eradicate humankind. The child Shinji’s objective is to fight the Angels by piloting one of the mysterious Evangelion mecha units. A remake of the first six episodes of GAINAX’s famous 1996 anime series. The film was retitled “Evangelion: 1.01” for its DVD release and “Evangelion: 1.11” for a release with additional scenes.","Hideaki Anno, Kazuya Tsurumaki, Masayuki",Hideaki Anno,Released,Japanese,7000000.0,20121073.0
1130782,https://www.themoviedb.org/movie/1130782-difriuil,Different,20.0,2022-06-10,IE,"Romance, Drama",0.0,"Set in rural 1980s Ireland, the story revolves around Patrick, a talented Gaelic footballer, as he confronts societal taboos and personal fears. Against the backdrop of the stunning Irish countryside, Patrick embarks on an emotional journey, challenging societal expectations and seeking personal fulfillment. Filled with carefree moments and the pursuit of self-acceptance, the story explores themes of identity and the courage to live authentically.",John Farrelly,,Released,English,,
213013,https://www.themoviedb.org/movie/213013-schwestern-oder-die-balance-des-glucks,"Sisters, or The Balance of Happiness",95.0,1979-09-17,DE,Drama,5.7,"Sisters Maria and Anna live together. Maria is a most proficient executive secretary, encouraging Anna to finish her studies and start a career. Anna broods, threatens to quit university, takes pills, and keeps a diary. When Maria's relationship with Maurice, the son of her boss, starts to lead to love, Anna takes a selfish and drastic step that plummets Maria into solitude. No longer able to connect with Maurice, Maria does establish a relationship with Miriam, a typist at her office who becomes a surrogate younger sister. But Maria is intrusive as well as helpful. Can this or any relationship work out for this talented woman whose past seems to choke her soul?",Margarethe von Trotta,"Margarethe von Trotta, Luisa Francia, Martje Grohmann, Wolfgang Bächler",Released,German,,
460317,https://www.themoviedb.org/movie/460317,The Way,95.0,2013-09-18,KZ,Drama,0.0,A story about self-taught street fighter who works in the Almaty flea market at day time and takes part in underground fights at night.,Askar Uzabaev,"Askar Uzabaev, Farkhat Sharipov",Released,Kazakh,,
261890,https://www.themoviedb.org/movie/261890-wenn-poldi-ins-manover-zieht,Wenn Poldi ins Manöver zieht,84.0,1956-01-01,AT,Comedy,10.0,A military exercise creates confusion.,Hans Quest,"Johann Nepomuk Nestroy, Gunther Philipp",Released,German,,
482617,https://www.themoviedb.org/movie/482617,My Girlfriend's Mom,85.0,2016-05-18,KR,"Romance, Drama",6.0,"A secret relationship between two people that a daughter should never know!  Youngo goes to a cute girlfriend 's health home and enjoys her affairs with her, and comes face to face with her mother Seo - young, who has accidentally entered the room. Youngo feels exhilarating pleasure before embarrassment and feels seo young as woman from that moment. While health is unknown, the relationship between Youngo and Seo Young is getting deeper and deeper.",Kyeong Seok-ho,Hyeom-yong Lee,Released,Korean,,
2334,https://www.themoviedb.org/movie/2334-taxi-3,Taxi 3,87.0,2003-04-25,KR,"Action, Comedy, Crime",5.8,"A gang of thieves calling themselves the Santa Claus Gang are wreaking havoc, and the police can't keep up. Police Captain Gilbert is distracted by a Chinese reporter writing a story on his squad, and taxi driver Daniel is in the midst of a relationship crisis. After a string of mistakes in which the thieves outsmart the police time and time again, Daniel and his super-taxi pitch in.",Gérard Krawczyk,Luc Besson,Released,French,14500000.0,64497208.0
115518,https://www.themoviedb.org/movie/115518-la-ultima-luna,La última luna,105.0,2005-03-31,CL,Drama,4.8,"Palestine 1914. One morning in July, Soliman, a young Palestinian and Jacob, his Jewish friend, begin to build a house in Beit-Sajour, in the hills of Judea, with stones brought from Beit-Jala, while the apparent stillness of the place is interrupted by bursts of violence that anticipate the future days of the war.",Miguel Littín,Miguel Littín,Released,Spanish; Castilian,,
1421963,https://www.themoviedb.org/movie/1421963-ceux-qui-comptent,Whatever It Takes,100.0,2026-03-25,FR,"Comedy, Drama",6.7,"Rose and Jean have nothing in common. Rose is a force of nature who faces all her problems with a disarming joie de vivre. She lives with her 3 children upstairs in the family hotel that no longer belongs to her. They're not poor, they're broke... but only temporarily. Jean is a solitary, taciturn man who has buried his big heart under layers of modesty and resignation. When he arrives in this unusual family, however, he quickly becomes indispensable. What did they expect before they met? Probably nothing. He soon becomes indispensable.",Jean-Baptiste Léonetti,Jean-Baptiste Léonetti,Released,French,,
1685,https://www.themoviedb.org/movie/1685-beneath-the-planet-of-the-apes,Beneath the Planet of the Apes,95.0,2021-04-23,KR,"Adventure, Science Fiction, Mystery",6.1,"The sole survivor of an interplanetary rescue mission lands on the planet of the apes, and uncovers a horrible secret beneath the surface.",Ted Post,"Pierre Boulle, Mort Abrahams, Paul Dehn",Released,English,3000000.0,18999718.0
1659557,https://www.themoviedb.org/movie/1659557-novruz-isigi,Novruz Işığı,20.0,2026-03-20,AZ,,0.0,A new movie from CVN team,Elmar Farzali,Javad Qaffar,Released,Azerbaijani,,
928734,https://www.themoviedb.org/movie/928734,Flood,13.0,2019-09-14,UA,Drama,0.0,"Sometimes in the hustle and bustle of our everyday lives we may not see the tragedy that can fall upon our closest ones. This story has actually happened in a regular Ukrainian family. Varya is a young 30 year old successful career woman. Despite her living with her mother in the same apartment, they don't talk much to each other because of Varya's often lengthy business trips. Being in the midst of her everlasting issues, Varya usually doesn't have time to listen to her mom. In Varya's absence, the mother was diagnosed with cancer. And only when Varya sees mom without hair, her life priorities fall in place. Actions speak louder than words. In order to support her dear mother, Varya shaves her head.",Iryna Sakhnenko,Iryna Sakhnenko,Released,Ukrainian,,
1381071,https://www.themoviedb.org/movie/1381071-0-0,Godzilla Minus Zero,119.0,2026-11-03,JP,"Science Fiction, Horror, Action",0.0,"War reduced Japan to zero, and Godzilla plunged it into minus. Two years have passed since then, and the country has faced agonizing struggles to achieve recovery and finally reclaim its daily life. Just as humanity managed to cling to a hard-won peace, a new threat strikes, crushing hope in an instant.",Takashi Yamazaki,Takashi Yamazaki,In Production,Japanese,,
998276,https://www.themoviedb.org/movie/998276,Premam,142.0,2022-06-03,IN,"Romance, Drama",0.0,PREMAM is a story about Sanju (Babusan) and Padmini (Prakruti).Sanju will go to any limits for Padmini. This film shows how a small mistake in a person's life can create a big problem.,Tapas Sargharia,Bharadwaj Panda,Released,Oriya,,
9384,https://www.themoviedb.org/movie/9384-starsky-hutch,Starsky & Hutch,101.0,2004-04-30,KR,"Comedy, Crime",5.8,"Join uptight David Starsky and laid-back Ken ""Hutch"" Hutchinson as they're paired for the first time as undercover cops. The new partners must overcome their differences to solve an important case with help from street informant Huggy Bear and persuasive criminal Reese Feldman.",Todd Phillips,"Todd Phillips, John O'Brien, Scot Armstrong",Released,English,60000000.0,170300000.0
475268,https://www.themoviedb.org/movie/475268,Fear: Audibly,23.0,2017-04-15,SA,"Fantasy, Thriller",0.0,"Anxious that Judgment Day is on the horizon, Amal keenly awaits to hear the Trumpet of Doom; could the incessant mewing of cats in her office be the first harbinger? An eccentric and experimental rumination on the end of days.",Maha Al-Saati,Maha Al-Saati,Released,Arabic,,
315765,https://www.themoviedb.org/movie/315765-nem-tuntem-el-richter-gedeon-tortenete,Nem tűntem el - Richter Gedeon története,,2014-02-05,HU,"Drama, TV Movie",0.0,We don't have an overview translated in English. Help us expand our database by adding one.,Spáh Dávid,András Kovács M.,Released,Hungarian,,
211047,https://www.themoviedb.org/movie/211047-skazochnoye-puteshestviye-mistera-bilbo-begginsa-khobbita,The Hobbit: The Fabulous Journey of Mr. Bilbo Baggins,71.0,1985-12-31,RU,"Adventure, Fantasy, TV Movie",6.6,"Author J. R. R. Tolkien (Zinovij Gerdt) tells the story of Bilbo Baggins, a quiet and enjoyable hobbit, whose life is turned upside down when he decides to join the wizard Gandalf and a company of thirteen dwarves in an attempt to regain a treasure stolen from the latter. Soviet television movie adaptation of ""The Hobbit"".",Vladimir Latyshev,"J. R. R. Tolkien, Evgeniy Veltistov, Tatyana Yakovleva",Released,Russian,,
325348,https://www.themoviedb.org/movie/325348-hardcore-henry,Hardcore Henry,97.0,2016-05-28,KR,"Action, Adventure, Science Fiction",6.4,"Henry, a newly resurrected cyborg who must save his wife/creator from the clutches of a psychotic tyrant with telekinetic powers, AKAN, and his army of mercenaries. Fighting alongside Henry is Jimmy, who is Henry's only hope to make it through the day. Hardcore Henry takes place over the course of one day, in Moscow, Russia.",Ilya Naishuller,Ilya Naishuller,Released,English,2000000.0,16810562.0
203739,https://www.themoviedb.org/movie/203739-vampire-academy,Vampire Academy,104.0,2014-02-07,US,"Comedy, Action, Fantasy",6.3,"Rose, a rebellious half-vampire/half-human guardian-in-training and her best friend, Lissa -- a mortal, royal vampire Princess - have been on the run when they are captured and returned to St. Vladamirs Academy, the very place where they believe their lives may be in most jeopardy. Rose will sacrifice everything to protect Lissa from those who intend to exploit her from within the Academy walls and the Strigoi (immortal, evil vampires) who hunt her kind from outside its sanctuary.",Mark Waters,"Richelle Mead, Daniel Waters",Released,English,30000000.0,15391979.0
257785,https://www.themoviedb.org/movie/257785-tulip-fever,Tulip Fever,107.0,2017-12-14,KR,"Drama, Romance",6.5,An artist falls for a married young woman while he's commissioned to paint her portrait. The two invest in the risky tulip market in hopes to build a future together.,Justin Chadwick,"Deborah Moggach, Tom Stoppard",Released,English,25000000.0,9204549.0
74018,https://www.themoviedb.org/movie/74018-a-cinderella-story-once-upon-a-song,A Cinderella Story: Once Upon a Song,88.0,2011-09-05,US,"Comedy, Family, Romance, Drama",6.4,"In this modern telling of the classic tale, aspiring singer Katie Gibbs falls for the new boy at her performing arts high school. But Katie's wicked stepmother and stepsister are scheming to crush her dream before she can sing her way into his heart.",Damon Santostefano,"Erik Patterson, Jessica Scott",Released,English,,
466239,https://www.themoviedb.org/movie/466239-zambet-de-soare,A Smile Of The Sun,81.0,1987-01-01,RO,"Comedy, Music",6.5,"Several students spend their last days of high school in a cheerful and musical atmosphere. Petrica and 'Sunny Smile', who has become a fairy tale princess in the meantime, find their way back to each other, from the real world to the dream one and the other way around, in order to meet their love halfway between the two realms.",Elisabeta Bostan,Vasilica Istrate,Released,Romanian,,
321741,https://www.themoviedb.org/movie/321741-concussion,Concussion,123.0,2015-12-25,US,Drama,7.1,"A dramatic thriller based on the incredible true David vs. Goliath story of American immigrant Dr. Bennet Omalu, the brilliant forensic neuropathologist who made the first discovery of CTE, a football-related brain trauma, in a pro player and fought for the truth to be known. Omalu's emotional quest puts him at dangerous odds with one of the most powerful institutions in the world.",Peter Landesman,"Peter Landesman, Jeanne Marie Laskas",Released,English,35000000.0,50400000.0
869022,https://www.themoviedb.org/movie/869022,Sad Portraits,30.0,2021-08-06,UA,Romance,10.0,Love triangle between a cashier and two security guards of a small supermarket in a provincial town.,Vitalii Kikot,"Roman Volosevych, Ihor Zaitsev",Released,Ukrainian,32000.0,
1243741,https://www.themoviedb.org/movie/1243741-ballistic,Ballistic,91.0,2025-09-13,CA,"Thriller, Drama",5.9,"When a soldier's mother discovers the bullet that killed her son in Afghanistan was made at the factory where she works, she sets out on a path of revenge against those responsible.",Chad Faust,Chad Faust,Released,English,4000000.0,
425376,https://www.themoviedb.org/movie/425376,Karmelyuk,67.0,1931-09-06,SU,"History, Drama",8.0,"About the uprising of Ukrainian peasants under the leadership of the national hero Karmelyuk against landowners and Polish gentry. In the 1830s, Young Count Piglovsky returns to his estate from Paris. The carriage in which he is riding is surrounded by rebellious peasants. Their attempt to hang the master is canceled almost at the last moment, because it is not the count in the carriage, but his lackey - Ustym Karmelyuk. Ustym really serves as a lackey in the count's house and at the same time leads a peasant uprising. The government sends the army. In a fierce fight, Karmelyuk is almost captured, but he is saved by one of the serfs.",Faust Lopatinskiy,"Marko Vovchok, Stanislav Weiting-Radzinsky",Released,Ukrainian,,
882059,https://www.themoviedb.org/movie/882059-boy-kills-world,Boy Kills World,111.0,2025-10-08,KR,"Crime, Thriller, Action",6.7,"When his family is murdered, a deaf-mute named Boy escapes to the jungle and is trained by a mysterious shaman to repress his childish imagination and become an instrument of death.",Moritz Mohr,"Tyler Burton Smith, Arend Remmers",Released,English,18000000.0,3139717.0
286769,https://www.themoviedb.org/movie/286769-szikrazo-lanyok,Dashing Girls,97.0,1974-08-13,HU,Music,10.0,"A musical farce about women in the canning factory. The pretty Brigitta tries to commit suicide, because Laci left her, pregnant, but her mates save her.",Péter Bacsó,"Péter Bacsó, Péter Zimre",Released,Hungarian,,
11878,https://www.themoviedb.org/movie/11878,Yojimbo,110.0,2004-04-16,KR,"Drama, Thriller",8.1,"A nameless ronin, or samurai with no master, enters a small village in feudal Japan where two rival businessmen are struggling for control of the local gambling trade. Taking the name Sanjuro Kuwabatake, the ronin convinces both silk merchant Tazaemon and sake merchant Tokuemon to hire him as a personal bodyguard, then artfully sets in motion a full-scale gang war between the two ambitious and unscrupulous men.",Akira Kurosawa,"Akira Kurosawa, Ryuzo Kikushima",Released,Japanese,,
806368,https://www.themoviedb.org/movie/806368-the-son,The Son,123.0,2023-07-19,KR,Drama,6.7,"A successful lawyer, with a new wife and infant, agrees to care for his teenage son from a previous marriage after his ex-wife becomes concerned about the boy's wayward behavior.",Florian Zeller,"Florian Zeller, Christopher Hampton",Released,English,,3564844.0
29363,https://www.themoviedb.org/movie/29363,A World Without Thieves,113.0,2004-12-09,CN,"Action, Drama",7.3,A con-team couple head west after taking a city businessman for his BMW. But an encounter with a naive young carpenter traveling home with his life savings challenges their fate as thieves.,Feng Xiaogang,"Feng Xiaogang, Lin Lisheng, Wang Gang",Released,Chinese,,
388748,https://www.themoviedb.org/movie/388748-nh-ng-co-gai-chan-dai,Long Legged Girls,135.0,2004-06-15,VN,Drama,3.0,"In an attempt to break into the Saigon fashion scene, an emerging model becomes the mistress of a famous photographer.",Vũ Ngọc Đãng,Vũ Ngọc Đãng,Released,Vietnamese,,
51620,https://www.themoviedb.org/movie/51620-death-race-2,Death Race 2,100.0,2011-01-18,US,"Action, Thriller, Science Fiction",5.8,"In the world's most dangerous prison, a new game is born: Death Race. The rules of this adrenaline-fueled blood sport are simple, drive or die. When repentant convict Carl Lucas discovers there's a price on his head, his only hope is to survive a twisted race against an army of hardened criminals and tricked-out cars.",Roel Reiné,Tony Giglio,Released,English,7000000.0,
692008,https://www.themoviedb.org/movie/692008-davoli-da-voli,Enough! To Freedom...,50.0,2012-06-21,IT,Documentary,0.0,"Minsk. December 19th 2010. After the Belarus government blatantly hijacked the results of the presidential election, tens of thousands of Belarusians came to the streets in a peaceful protest. Tired of a ubiquitous system of lies, these demonstrators set their sights on truth and freedom.","Viachaslau Rakitski, Andrei Kutsila",,Released,Russian,,
945080,https://www.themoviedb.org/movie/945080,Oykiz Ertagi,96.0,2016-01-01,UZ,"Fantasy, History",8.0,Another Uzbek fantasy epic.,Akbar Bekturdiyev,Akbar Bekturdiyev,Released,Uzbek,,
11205,https://www.themoviedb.org/movie/11205,Wheels on Meals,108.0,1985-01-01,KR,"Romance, Action, Comedy, Crime",6.9,"Cousins Thomas and David, owners of a mobile restaurant, team up with their friend Moby, a bumbling private detective, to save the beautiful Sylvia, a pickpocket.",Sammo Hung Kam-Bo,"Edward Tang, Johnny Lee Kwing-Kai",Released,Cantonese,,13084714.0
1281479,https://www.themoviedb.org/movie/1281479-el-vaquero,The Cowboy,93.0,2024-04-18,CO,"Drama, Western",0.0,"The arrival of a stray horse triggers a series of events in Bernicia’s life that alters her world as she slowly takes on the persona of a cowboy. Through her journey, she must overcome several obstacles that threaten her newfound desires.",Emma Rozanski,Emma Rozanski,Released,Spanish; Castilian,40000.0,1336.0
449787,https://www.themoviedb.org/movie/449787-tres-oraciones-sobre-la-argentina,Three Sentences About Argentina,5.0,2016-01-01,AR,,0.0,Archival footage of Argentinian skiers is transposed into prompts for language exercises.,Nele Wohlatz,Nele Wohlatz,Released,Spanish; Castilian,,
369471,https://www.themoviedb.org/movie/369471,The Unspoiled Diamond,104.0,1982-05-15,JP,"Romance, Drama",4.3,"A college student has an affair with a married, middle-aged teacher.",Toshiya Fujita,Akiko Tanaka,Released,Japanese,,
64720,https://www.themoviedb.org/movie/64720-take-shelter,Take Shelter,120.0,2013-04-18,KR,"Thriller, Drama, Horror",7.1,"Plagued by a series of apocalyptic visions, a young husband and father questions whether to shelter his family from a coming storm, or from himself.",Jeff Nichols,Jeff Nichols,Released,English,5000000.0,3741098.0
866463,https://www.themoviedb.org/movie/866463-reptile,Reptile,136.0,2023-09-29,KR,"Crime, Mystery, Thriller, Drama",6.7,"Following the brutal murder of a young real estate agent, a hardened detective attempts to uncover the truth in a case where nothing is as it seems, and by doing so dismantles the illusions in his own life.",Grant Singer,"Grant Singer, Benjamin Brewer, Benicio del Toro",Released,English,,
1595325,https://www.themoviedb.org/movie/1595325-the-anacondas,The Anacondas,90.0,2025-12-19,US,"Action, Adventure, Horror",4.6,"Explorers in Mexico uncover the ruins of an ancient snake-worshiping civilization. Celebration turns to horror when they awaken an ever-growing anaconda, starved of human sacrifices for centuries. Now, the team must band together to survive.",Marcel Walz,"Marc Gottlieb, Ryan Ebert",Released,English,,
9090,https://www.themoviedb.org/movie/9090-to-wong-foo-thanks-for-everything-julie-newmar,"To Wong Foo, Thanks for Everything! Julie Newmar",108.0,1996-06-06,KR,"Comedy, Drama",7.5,"Manhattan drag queens Vida Boheme and Noxeema Jackson impress regional judges in competition, securing berths in the Nationals in Los Angeles. When the two meet pathetic drag novice Chi-Chi Rodriguez — one of the losers that evening — the charmed Vida and Noxeema agree to take the hopeless youngster under their joined wing. Soon the three set off on a madcap road trip across America and struggle to make it to Los Angeles in time.",Beeban Kidron,Douglas Carter Beane,Released,English,,47774193.0
768,https://www.themoviedb.org/movie/768-from-hell,From Hell,122.0,2002-03-15,KR,"Horror, Mystery, Thriller",6.7,Frederick Abberline is an opium-huffing inspector from Scotland Yard who falls for one of Jack the Ripper's prostitute targets in this Hughes brothers adaption of a graphic novel that posits the Ripper's true identity.,"Allen Hughes, Albert Hughes","Terry Hayes, Rafael Yglesias",Released,English,35000000.0,74558115.0
9545,https://www.themoviedb.org/movie/9545-sniper,Sniper,98.0,1993-01-29,US,"Action, Drama, Thriller",6.2,Tough guy Thomas Beckett is a US Marine working in the Panamanian jungle. His job is to seek out rebels and remove them using his sniper skills. Beckett is notorious for losing his partners on such missions. This time he's accompanied by crack marksman Richard Miller.,Luis Llosa,"Michael Frost Beckner, Crash Leyland",Released,English,,18994652.0
454189,https://www.themoviedb.org/movie/454189-boatboy,Boatboy,17.0,2017-04-24,NO,"Mystery, Horror, Comedy",0.0,A man wants to buy a boat and meets with a mysterious boat seller.,Tommy Bardal,Tommy Bardal,Released,English,,
1263407,https://www.themoviedb.org/movie/1263407-noz-peca,Noz Pecã,15.0,2023-07-01,BR,,10.0,We don't have an overview translated in English. Help us expand our database by adding one.,Aline Gutierres,Aline Gutierres,Released,Portuguese,20.0,
523917,https://www.themoviedb.org/movie/523917,Atlantis of the Russian North,74.0,2015-06-30,RU,Documentary,0.0,The film tells about the Russian North - the territory of unique wooden architecture and one of the few places in the country where a Russian person can realize the origins of his culture and spiritual development. It was here that people were found who were ready to revive the traditional rural way of life in spite of globalization and the state policy of urbanization.,Sofya Gorlenko,Gleb Kuznetsov,Released,Russian,,
16620,https://www.themoviedb.org/movie/16620-la-bamba,La Bamba,108.0,1988-05-28,KR,"Drama, Music",7.3,"Los Angeles teenager Ritchie Valens becomes an overnight rock 'n' roll success in 1958, thanks to a love ballad called ""Donna"" that he wrote for his girlfriend. But as his star rises, Valens has conflicts with his jealous brother, Bob, and becomes haunted by a recurring nightmare of a plane crash just as he begins his first national tour alongside Buddy Holly.",Luis Valdez,Luis Valdez,Released,English,6500000.0,54215416.0
760774,https://www.themoviedb.org/movie/760774-one-life,One Life,109.0,2024-01-01,GB,"History, Drama",7.8,"British stockbroker Nicholas Winton visits Czechoslovakia in the 1930s and forms plans to assist in the rescue of Jewish children before the onset of World War II, in an operation that came to be known as the Kindertransport.",James Hawes,"Lucinda Coxon, Nick Drake",Released,English,,51437352.0
1731471,https://www.themoviedb.org/movie/1731471-komsija,Neighbour,15.0,2026-08-17,BA,"Drama, Thriller",0.0,"As student protests sweep through a deeply divided Belgrade, a police officer recognizes the young man he is beating during a violent clash. The encounter haunts him, growing into an obsession that forces him to confront the fragile line between professional duty and personal conviction.",Dan Grabnar,Filip Rutić,Planned,Serbian,,
558724,https://www.themoviedb.org/movie/558724,Snipers Shot,90.0,2016-06-06,CN,"Action, History, War",10.0,"The villagers in a small mountain village during the Anti-Japanese War were exposed to the burning, killing and looting of the Japanese invaders. Anti-Japanese War with the Japanese in the end the story. Yang Jun feather starring Geshan, is a grass-roots hero from a small village. This movie strongly appeals to me is to pay attention to authenticity, but also this character is very cute.",Sun Chuanlin,Dong Xiang,Released,Chinese,500000.0,
814174,https://www.themoviedb.org/movie/814174,Flotsam and Jetsam,98.0,2022-12-23,TW,Drama,3.5,"Since his wife Mei-yun was left comatose after nearly drowning, CHEN You-ming has been raising his three sons alone in their seaside village. And since the mechanical digger he drives broke down, Chen has had more time on his hands than he likes. His life is suddenly disrupted by the appearance of a disturbed young woman who calls herself XIE Hui-zhen (“Zhen” for short) and says that Chen is her father. To uncover the facts behind Zhen’s wild claim, CHEN has to contact his old girlfriend KE Li-jia, last seen twenty years ago. Before the truth about Zhen’s inner turmoil emerges, CHEN has to deal with the death of his wife in hospital and the stresses in his relationships with his sons Wei, Ting and Liang.",Chang Tso-chi,"Chang Tso-chi, Hsieh Hui-ching, Liang Chun-chieh",Released,Chinese,,
208701,https://www.themoviedb.org/movie/208701,Avariya - Cop's Daughter,99.0,1989-06-06,SU,"Drama, Action",5.9,"A teenage girl nicknamed Avariya - ""Crash"" - is a rebel child that just can't get along with her family members that try to persuade her to behave normally - that is as other people do. But when Avariya gets gang-raped, his father (who is a cop) breaks all the rules and goes out for revenge.",Mikhail Tumanishvili,Yuri Korotkov,Released,Russian,,
483088,https://www.themoviedb.org/movie/483088,Hong Kong Emmanuelle,84.0,1977-04-14,HK,"Romance, Drama",5.0,"Fei-Fei, young and pretty, nearly breaks up a marriage but loses out to the wife in the end.",Wah Man,Wah Man,Released,Chinese,,
12599,https://www.themoviedb.org/movie/12599,Pokémon the Movie 2000,84.0,1999-07-17,JP,"Adventure, Fantasy, Animation, Science Fiction, Family",6.8,"When Lawrence III's scheme to capture the Legendary Pokémon Lugia upsets the balance of nature, it is up to Ash Ketchum and his friends to save the world.",Kunihiko Yuyama,Takeshi Shudo,Released,Japanese,30000000.0,133949270.0
573790,https://www.themoviedb.org/movie/573790-organik-ask,Organik Love,99.0,2018-09-21,TR,"Comedy, Romance",4.0,"Bülent is the clumsy son of a wealthy family. Besides, a lot of money is spent on him so that he is not reproached for this ineptitude. His father allows Bülent a month to end this: He will either change his ways or be cut off without a cent! While Bülent finds love in the runaway bride Esma, after all kinds of adventures on this quest, Esma's brother Davut is after them for the sake of honor.",,,Released,Turkish,,
486013,https://www.themoviedb.org/movie/486013-juventud-desenganos-y-anhelos-de-hernan-cortes-delgado,"Youth, Disillusions and Yearnings of Hernán Cortés Delgado",111.0,2010-11-08,MX,Drama,5.4,"Director Jaime Humberto Hermosillo's filmed memoir about his late-teen years in an unglamorous smaller town. Going to the movies a lot, discovering his artistic vocation, stuff like that.",Jaime Humberto Hermosillo,Jaime Humberto Hermosillo,Released,Spanish; Castilian,,
927864,https://www.themoviedb.org/movie/927864-majusi-korhinta,Májusi körhinta,,1962-05-01,HU,TV Movie,0.0,We don't have an overview translated in English. Help us expand our database by adding one.,Tivadar Horváth,Tibor Róna,Released,Hungarian,,
10320,https://www.themoviedb.org/movie/10320-the-ring-two,The Ring Two,109.0,2005-06-03,KR,"Drama, Horror, Thriller",5.8,"After the ordeal with Samara, Rachel and Aiden move to a rural town. But soon Rachel learns about the death of a girl in a similar fashion. To save Aiden, she must dig into Samara's past even further.",Hideo Nakata,"Kōji Suzuki, Ehren Kruger",Released,English,50000000.0,161451538.0
9255,https://www.themoviedb.org/movie/9255-hot-shots-part-deux,Hot Shots! Part Deux,88.0,1993-05-21,US,"Action, Comedy, War",6.5,"Topper Harley is found to be working as an odd-job-man in a monastery. The CIA want him to lead a rescue mission into Iraq, to rescue the last rescue team, who went in to rescue the last rescue team—who went in to rescue hostages left behind after Desert Storm.",Jim Abrahams,"Jim Abrahams, Pat Proft",Released,English,25000000.0,133752825.0
11319,https://www.themoviedb.org/movie/11319-the-rescuers,The Rescuers,78.0,1977-06-22,US,"Fantasy, Family, Animation, Adventure",6.8,Two agents of the mouse-run International Rescue Aid Society search for a little orphan girl kidnapped by sinister treasure hunters.,"John Lounsbery, Art Stevens, Wolfgang Reitherman",Margery Sharp,Released,English,7500000.0,169015869.0
1078600,https://www.themoviedb.org/movie/1078600-marked-men-rule-shaw,Marked Men: Rule + Shaw,93.0,2025-12-19,KR,"Romance, Drama",6.7,"Shaw Landon has loved Rule Archer from the moment she laid eyes on him. Rule, a fiery-tempered rebel tattoo artist, doesn’t have time for a good girl pre-med student like Shaw — even if she’s the only one who can see the person he truly is. She lives by other people’s rules; he makes his own. But a short skirt, too many birthday cocktails, and spilled secrets lead to a night neither can forget. Now, Shaw and Rule must figure out how a girl like her and a guy like him are supposed to be together without destroying their love…or each other.",Nick Cassavetes,"Jay Crownover, Sharon Soboil",Released,English,,826883.0
740903,https://www.themoviedb.org/movie/740903-the-unhealer,The Unhealer,94.0,2021-12-02,KR,"Fantasy, Thriller, Horror",5.9,"A botched faith healing bestows supernatural Shaman powers on a bullied teenager. When his lifelong tormentors pull a prank that kills someone he loves, he uses his powers for revenge and goes on a bloody rampage to settle the score.",Martin Guigui,"J. Shawn Harris, Kevin E. Moore",Released,English,,
1735007,https://www.themoviedb.org/movie/1735007-joyah-2017,Joyah 2017,,2017-01-01,MY,,0.0,"The story follows the diverse Joyah family together with her husband, Daud, and their two mischievous children, Syak and Dotie. Joyah is not as wealthy as other businessmen, but everything is under control. Thanks to her famous banana chip business which is even exported to Korea and France, she now owns many plantation lands, palm oil estates and chip factories. Her son, Syak, is always causing trouble for Joyah, while Dotie is very spoiled and lazy. Similarly, Daud's character is afraid of his wife and always submits to Joyah. Various spices and problems befall the Joyah family. CAST The drama cast of Joyah Dulu Susah Sekarang Alhamdulillah",Nazir Jamaluddin,,Released,English,,
335777,https://www.themoviedb.org/movie/335777-the-nut-job-2-nutty-by-nature,The Nut Job 2: Nutty by Nature,91.0,2017-08-11,US,"Animation, Family, Adventure, Comedy",6.2,"When the evil mayor of Oakton decides to bulldoze Liberty Park and build a dangerous amusement park in its place, Surly Squirrel and his ragtag group of animal friends need to band together to save their home, defeat the mayor, and take back the park.",Cal Brunker,"Cal Brunker, Bob Barlen, Scott Bindley",Released,English,40000000.0,68743485.0
758679,https://www.themoviedb.org/movie/758679-mothers-instinct,Mothers' Instinct,94.0,2024-04-03,KR,"Thriller, Drama",6.8,"Housewives Alice and Celine are best friends and neighbours who seem to have it all. However, when a tragic accident shatters the harmony of their lives, guilt, suspicion and paranoia begin to unravel their sisterly bond.",Benoît Delhomme,"Barbara Abel, Sarah Conradt",Released,English,,2681023.0
453133,https://www.themoviedb.org/movie/453133-3,My Brother's Wife 3: The Woman Downstairs,90.0,2017-01-14,KR,Drama,4.6,"My sister and I moved into a new house. We didn't do much but the woman downstairs came up to ask us to keep it down.  She said she was sensitive so we decided to keep it down.  Her gangster husband would beat her when he came home drunk.  Every time I heard her suffer from the beatings, I couldn't stand it and would stomp the floor to create a distraction.  She would come up telling us to be quiet.  I told her I did it intentionally. I also decided to do something about the woman who showed interest in me by memorizing my number.",Lee Dol,Lee Dol,Released,Korean,,
489150,https://www.themoviedb.org/movie/489150-3,Young Sister-in-Law 3,81.0,2017-12-05,KR,Romance,6.2,A young wife heads to her husband's office where the unexpected ensues.,Choi Woo-seong,,Released,Korean,,
379612,https://www.themoviedb.org/movie/379612-das-geld-liegt-auf-der-strasse,Das Geld liegt auf der Straße,,1958-02-10,DE,Drama,8.0,We don't have an overview translated in English. Help us expand our database by adding one.,Egon Monk,,Released,German,,
181472,https://www.themoviedb.org/movie/181472-nentori-i-dyte,The Second November,93.0,1982-01-01,AL,"Drama, History",8.5,A historical drama focusing on the days leading up to Albania's declaration of independence from the Ottoman Empire in November 1912.,Viktor Gjika,Kiço Blushi,Released,Albanian,,
1286656,https://www.themoviedb.org/movie/1286656-i-play-rocky,I Play Rocky,,2026-11-13,US,"Drama, History",0.0,"The electrifying true story about an unknown actor with an unshakable belief that he wasn't just meant to write Rocky—he was meant to be Rocky Balboa. Told ""no"" at every turn, Sylvester Stallone bets everything on himself, holding the line on playing the lead against seemingly impossible odds.",Peter Farrelly,Peter Gamble,Post Production,English,,
425650,https://www.themoviedb.org/movie/425650-3,House with a Good View 3,93.0,2016-11-10,KR,"Romance, Drama",5.1,"Jae-min moves into the rooftop across from school but is disappoointed that all the windows have been blocked by other buildings. However, he learns that every night he can see the neighboring women from the other building! Something exciting goes on one night in that rooftop which has the greatest 'view' ever!",Gyeong Seok-Ho,,Released,Korean,,
434738,https://www.themoviedb.org/movie/434738-tarans,Taran,69.0,1982-01-12,LV,Drama,7.0,A war veteran gets involved in a brawl...,Gunārs Cilinskis,"Gunārs Cilinskis, Vytautas Petkevičius",Released,Latvian,,
77985,https://www.themoviedb.org/movie/77985-maria-s-lovers,Maria's Lovers,109.0,1984-07-15,KR,"Drama, Romance",6.0,"A World War II prisoner returns home to his childhood sweetheart. However, back home, he discovers that he has to compete to win her love.",Andrei Konchalovsky,"Andrei Konchalovsky, Paul Zindel, Marjorie David, Gérard Brach, Floyd Byars",Released,English,,
1566122,https://www.themoviedb.org/movie/1566122-ai-th-ng-ai-m-n,The Ultimate of Love,112.0,2026-01-01,VN,"Comedy, Drama, Romance",0.0,"Set against the riverine landscape of Vietnam’s Mekong Delta, Ai Thương Ai Mến centers on Hai Mến—a woman who loses both parents and is left to shoulder her family’s burdens alone amid debt and relentless personal tragedies. Along her arduous journey, she encounters Khả (Ngọc Thuận), a carefree, pleasure-seeking young heir who unexpectedly falls deeply in love with her, giving rise to a romance that is at once tender and heartbreaking. In parallel, the pure and gentle love story of the young couple Chờ and Thương emerges as a rare ray of light, before all three narrative threads are ultimately drawn into trials that deeply move the audience.",Thu Trang,,Released,Vietnamese,,
13363,https://www.themoviedb.org/movie/13363-the-man-from-earth,The Man from Earth,87.0,2010-09-30,KR,"Science Fiction, Drama",7.6,"A departing professor gathers his closest colleagues for an intimate farewell, but the night takes an unexpected turn when he shares a stunning secret about his past. As the conversation unfolds, skepticism and curiosity collide, challenging everything they thought they knew about history, science, and belief.",Richard Schenkman,Jerome Bixby,Released,English,200000.0,
4806,https://www.themoviedb.org/movie/4806-runaway-bride,Runaway Bride,116.0,1999-08-14,KR,"Comedy, Romance",6.1,"Having already left three grooms at the altar, Maggie Carpenter is branded ""the runaway bride"" by jaded New York journalist Ike Graham. But, after his facts are called into question, Ike races to Maggie's hometown to save his reputation and report on her upcoming fourth trip down the aisle – during which he's convinced she'll run again. Though he's there on a muckraking mission, Ike can't help but fall for this breathtaking heartbreaker.",Garry Marshall,"Josann McGibbon, Sara Parriott",Released,English,70000000.0,309500000.0
9607,https://www.themoviedb.org/movie/9607-super-mario-bros,Super Mario Bros.,105.0,1993-06-26,KR,"Adventure, Fantasy, Comedy, Family",4.5,"Mario and Luigi, plumbers from Brooklyn, find themselves in an alternate universe where evolved dinosaurs live in hi-tech squalor. They're the only hope to save our universe from invasion by the dino dictator, Koopa.","Annabel Jankel, Rocky Morton","Parker Bennett, Terry Runte, Ed Solomon",Released,English,48000000.0,20929518.0
535508,https://www.themoviedb.org/movie/535508,Never,90.0,1962-11-30,SU,Drama,5.2,"A new shipyard director arrives in the city. New orders began at the factory, but, unfortunately, the new leader had flaws: there was something unusually tough, callous in his attitude to people ...","Vladimir Dyachenko, Pyotr Todorovskiy",Grigori Pozhenyan,Released,Russian,,
8346,https://www.themoviedb.org/movie/8346-my-big-fat-greek-wedding,My Big Fat Greek Wedding,95.0,2003-03-14,KR,"Comedy, Drama, Romance",6.5,A young Greek woman falls in love with a non-Greek and struggles to get her family to accept him while she comes to terms with her heritage and cultural identity.,Joel Zwick,Nia Vardalos,Released,English,5000000.0,368744044.0
992194,https://www.themoviedb.org/movie/992194-la-caida-de-alejandra,La caída de Alejandra,,2021-12-10,ES,Crime,0.0,We don't have an overview translated in English. Help us expand our database by adding one.,Álvaro de Armiñán,"Ignacio Delgado, Álvaro de Armiñán",Released,Spanish; Castilian,,
21422,https://www.themoviedb.org/movie/21422,Detective Conan: The Time Bombed Skyscraper,94.0,2024-10-02,KR,"Animation, Crime, Mystery, Adventure",7.4,Once brilliant teenage detective Shinichi Kudo was given a poison that reverted him to a 4-year-old. He's adopted the pseudonym Conan Edogawa so no one (save for an eccentric inventor) will know. Now he's got to solve a series of bombings before his loved ones become victims. Who is this madman and why is he doing this? Only the young genius can save the day but will even he be up to the task?,Kenji Kodama,Kazunari Kouchi,Released,Japanese,,9107390.0
3683,https://www.themoviedb.org/movie/3683-flags-of-our-fathers,Flags of Our Fathers,135.0,2007-02-15,KR,"War, Drama, History",6.9,"There were five Marines and one Navy Corpsman photographed raising the U.S. flag on Mt. Suribachi by Joe Rosenthal on February 23, 1945. This is the story of three of the six surviving servicemen - John 'Doc' Bradley, Pvt. Rene Gagnon and Pvt. Ira Hayes - who fought in the battle to take Iwo Jima from the Japanese.",Clint Eastwood,"William Broyles Jr., Paul Haggis",Released,English,90000000.0,65900249.0
429382,https://www.themoviedb.org/movie/429382,Love Story,90.0,2022-10-13,RU,"Comedy, Romance",5.5,"Taxi driver and unsuccessful actor Seva Gorelov accidentally meets his first love Masha Sokolova, once a young and carefree girl, and now a thirty-year-old spoiled kept woman. Seva works part-time in a taxi, and Masha accidentally becomes his client. To go far, to Sochi, to their homeland with Seva teenage love. Masha has a wedding there in a few days, but not with Seva, of course, but with a rich patron. From the very beginning it becomes clear that this journey will not end with anything good. 1600 kilometers of adventure, well flavored with humor, ambition, tears, resentment, flirting, passion and a great feeling, which again is out of place.",Pyotr Todorovsky Jr.,Pyotr Todorovsky Jr.,Released,Russian,,
818940,https://www.themoviedb.org/movie/818940,A Song for You,93.0,2020-10-01,CN,,0.0,"In A Song for You – a road movie and a music industry insider comedy, with lots of songs – young Ngawang leaves behind a nomadic existence on the Tibetan plateau for big city Lhasa nightclubs. His dream is to record an album and be heard around the country. Cutting an album costs money, which he doesn’t have. One day he meets a woman who looks just like his Loyiter, a talisman of the goddess of art and music. Impossible, says his father, as only the pure of heart meet her, only in their dreams. But, Ngawang perseveres. She takes him on a journey of discovery through life and love.",Dukar Tserang,Dukar Tserang,Released,Tibetan,,
823883,https://www.themoviedb.org/movie/823883,Aunt's Beauty Salon Closing Day,70.0,2021-02-04,KR,"Drama, Romance",5.4,"Yeon-i who runs a small salon is shaken by Geon-dal’s suggestion to run the salon as an adult service business when customers start to run out. After experiencing the sales method that enables customers to touch female employees while being shampooed and while receiving other services, Yeon-i leaves the salon, but after a few months, she suffers from living difficulties and visits Geon-dal again",EROPING,,Released,Korean,,
510980,https://www.themoviedb.org/movie/510980-ba-v-c-i-v-ba,Ba Vợ Cưới Vợ Ba,,2016-12-25,VN,"Comedy, Romance",0.0,We don't have an overview translated in English. Help us expand our database by adding one.,Hai Le,,Released,Vietnamese,,
329736,https://www.themoviedb.org/movie/329736,Petersburg,53.0,2003-06-21,RU,"Animation, Drama, Fantasy",4.2,"A poetic essay on the city of St. Petersburg in the 18th century, based on poems by Alexander Pushkin and Alexander Blok and a novel by Andrey Belyi. The film contains reworked footage from Aleksey Batalov's ""Overcoat"", Eisenstein´s ""Strike"", Petrov's ""Peter The First"", Tikhomirov's ""The Queen Of Spades"" and others. Petersburg is an unbounded visual fantasy where reality and imagination merge into one. The history of the city represented in a digital form may live its independent life. Yevteyeva presents sights of St.Petersburg that have become the genetic code of the Russian culture in a particular manner in her film. Each shot of the film was hand-painted with special strokes.",Irina Evteeva,"Irina Evteeva, Andrei Chernykh, Yuriy Kravtsov",Released,Russian,,
1729519,https://www.themoviedb.org/movie/1729519-sahabat-pendosa,Sahabat Pendosa,,2022-01-01,MY,,0.0,"Shakir is forced to inherit his father's mystical power despite his reluctance. Throughout his life, Shakir refuses to believe in his fate that is bound by the power. The situation changes after Shakir falls in love with Fatin.",Asri Baq'u Tajudin,,Released,English,,
5511,https://www.themoviedb.org/movie/5511-le-samourai,Le Samouraï,105.0,1967-10-25,FR,"Crime, Thriller, Drama",7.8,"After carrying out a flawlessly planned hit, Jef Costello, a contract killer with samurai instincts, finds himself caught between a persistent police investigator and a ruthless employer, and not even his armor of fedora and trench coat can protect him.",Jean-Pierre Melville,"Jean-Pierre Melville, Georges Pellegrin",Released,French,,215245.0
1099615,https://www.themoviedb.org/movie/1099615-kula-nandan,Kula Nandan,166.0,1995-06-13,IN,"Drama, Action",6.0,Anadi Shankar & Ram Shankar are two brothers. Anadi marries a girl of another caste and get debarred from his families property. Ultimately Ram get hold of the whole property. Anadi decided to destroy Ram & his family with the help of his uncle.,Himanshu Parija,Bijaya Mishra,Released,Oriya,,
534712,https://www.themoviedb.org/movie/534712-sovqat,Sovgat,22.0,1942-01-01,SU,"Drama, War",0.0,An artistic documentary film that tells the story of the hardships endured by workers behind the front lines during the Great Patriotic War.,"Huseyn Seyidzadeh, Niyazi Badalov","Imran Kasumov, Anvar Mammadkhanli",Released,Azerbaijani,,
364810,https://www.themoviedb.org/movie/364810-b-ba-r-c-r-i,Triple Troubles,103.0,2015-05-15,VN,"Comedy, Drama",4.5,"The city girls include : Royal American ( Kathy Uyen ) , Tuyet Dung ( Thuy Nga ) and Ngoc Vy ( Hoang Oanh ) bumped into each other while sitting together boat. Each of her own purpose for the trip , but they decided to make friends to enjoy the happy moments in the isle . After a night of partying ""drop door "" , the three wake up in the boat with the ragged shape and clean forget what happened to me the day before. Trip down "" what has happened "" about their group's fall resulted in itinerary are gangsters chase group .",Võ Tấn Bình,Võ Tấn Bình,Released,Vietnamese,,
1321353,https://www.themoviedb.org/movie/1321353-harga-harta,The Price of Your Possession,23.0,2024-06-15,ID,"Family, Drama, Comedy",9.0,"Angga (24) is a cook in a little restaurant and He wants to buy a new phone, but an unexpected expanse for his brother hinder his goal.",M. Faishal Rijal,M. Faishal Rijal,Released,Indonesian,385.0,
158576,https://www.themoviedb.org/movie/158576-private-obsession,Private Obsession,102.0,1995-03-07,US,"Drama, Thriller",4.5,First-class fashion model Emanuelle Griffith is missing. Richard Tate knows exactly where she is and plans to keep her there until she knows her place: subordinate to men. But Emannuelle is waiting for her chance to turn his obsession. That one second of passion in which the prisoner becomes the hostage taker...,Lee Frost,Lee Frost,Released,English,,
329833,https://www.themoviedb.org/movie/329833-zoolander-2,Zoolander 2,100.0,2016-08-31,KR,"Action, Adventure, Comedy",4.9,Derek and Hansel are modelling again when an opposing company attempts to take them out from the business.,Ben Stiller,"Ben Stiller, Justin Theroux, John Hamburg, Nicholas Stoller",Released,English,50000000.0,56722693.0
9410,https://www.themoviedb.org/movie/9410-great-expectations,Great Expectations,111.0,1998-05-09,KR,"Comedy, Drama, Romance",6.6,"Loosely based on the Charles Dickens' classic novel, ""Great Expectations"" is a sensual tale of a young man's unforgettable passage into manhood, and the three individuals who will undeniably change his life forever. Through the surprising interactions of these vivid characters, ""Great Expectations"" takes a unique and contemporary look at life's great coincidences.",Alfonso Cuarón,"Charles Dickens, Mitch Glazer",Released,English,25000000.0,55494066.0
1469513,https://www.themoviedb.org/movie/1469513-malysh,Youngling,114.0,2026-02-26,RU,"Drama, War",5.5,An apolitical rapper from Donetsk volunteers to go to Mariupol to rescue his mother from the besieged city.,Andrey Simonov,"Andrey Simonov, Rinat Esenaliev, Kirill Imashev",Released,Russian,,
625,https://www.themoviedb.org/movie/625-the-killing-fields,The Killing Fields,142.0,1985-06-01,KR,"Drama, History, War",7.5,"New York Times reporter Sydney Schanberg is on assignment covering the Cambodian Civil War, with the help of local interpreter Dith Pran and American photojournalist Al Rockoff. When the U.S. Army pulls out amid escalating violence, Schanberg makes exit arrangements for Pran and his family. Pran, however, tells Schanberg he intends to stay in Cambodia to help cover the unfolding story — a decision he may regret as the Khmer Rouge rebels move in.",Roland Joffé,Bruce Robinson,Released,English,14400000.0,34700291.0
404054,https://www.themoviedb.org/movie/404054-un-corazon-para-dos,Un corazón para dos,,1990-06-28,ES,,6.3,We don't have an overview translated in English. Help us expand our database by adding one.,Sergio Véjar,,Released,Spanish; Castilian,,
11967,https://www.themoviedb.org/movie/11967-young-guns,Young Guns,107.0,1988-08-12,US,"Western, Action, Adventure",6.7,"A group of young gunmen, led by Billy the Kid, become deputies to avenge the murder of the rancher who became their benefactor. But when Billy takes their authority too far, they become the hunted.",Christopher Cain,John Fusco,Released,English,13000000.0,44700000.0
1681693,https://www.themoviedb.org/movie/1681693-hark-champion,"Hark, Champion!",11.0,2023-05-13,US,"Fantasy, Drama, Romance",0.0,"Stranded in the forest, a stoic knight experiences vivid hallucinations as he attempts to carry the corpse of the princess he was sworn to protect, back to her kingdom.",Andrew Cardoso,,Released,English,7.0,2.0
795216,https://www.themoviedb.org/movie/795216,Female Pilot,117.0,1966-01-01,CN,Drama,0.0,A group of young women train to become the first female pilots of China.,"Dong Kena, Cheng Yin",Feng Deying,Released,Chinese,,
78775,https://www.themoviedb.org/movie/78775,Kummi Paattu,143.0,1999-05-21,IN,Drama,8.0,"A son assumes that his father killed his mother and in a fit of rage, he also rapes the woman who was to marry his step-brother. However, the woman decides to help him overcome his misgivings.",Kasthoori Raja,Kasthoori Raja,Released,Tamil,,
679101,https://www.themoviedb.org/movie/679101-bebe-corrige-son-pere,Bébé Corrects His Father,6.0,1911-11-10,FR,Comedy,8.0,We don't have an overview translated in English. Help us expand our database by adding one.,Louis Feuillade,,Released,No Language,,
1439648,https://www.themoviedb.org/movie/1439648-muda,MUDA,14.0,2018-03-21,AR,"Horror, Drama",0.0,"As if shedding his skin, Jorge celebrates a new birthday, in the midst of an internal struggle that will turn the evening into his most terrible nightmare.","Emiliano Pinto, Javier Bonatti","Emiliano Pinto, Javier Bonatti",Released,Spanish; Castilian,,
3112,https://www.themoviedb.org/movie/3112-the-night-of-the-hunter,The Night of the Hunter,93.0,1955-07-26,US,"Crime, Drama, Thriller",7.9,"In Depression-era West Virginia, a serial-killing preacher hunts two young children who know the whereabouts of a stash of money.",Charles Laughton,"Charles Laughton, Davis Grubb, James Agee",Released,English,795000.0,
736312,https://www.themoviedb.org/movie/736312,Fall Out,21.0,2020-07-11,KR,"Science Fiction, Thriller",0.0,"In a devastated near-future Korea, a family venture through their apartment building hoping to attain life-saving ice. By any means necessary.",Chung Jae-hoon,Chung Jae-hoon,Released,Korean,,
435430,https://www.themoviedb.org/movie/435430-babel-opera-ou-la-repetition-de-don-juan-de-wolfgang-amadeus-mozart,"Babel opéra, ou la répétition de Don Juan de Wolfgang Amadeus Mozart",75.0,1985-09-30,BE,"Comedy, Music",10.0,"Set in a scorching Brussels, Babel Opera blends documentary and fiction during the intense rehearsals of Mozart’s Don Giovanni. As an international cast struggles to bring the opera to life, four fictional characters appear around the set. Their real-life conflicts, infidelities, and passions begin to mirror the seductions of the opera itself, completely blurring the lines between art and reality as the grand premiere approaches.",André Delvaux,André Delvaux,Released,French,,
65005,https://www.themoviedb.org/movie/65005-operacion-embajada,Operación: Embajada,,1963-02-20,ES,Comedy,8.0,We don't have an overview translated in English. Help us expand our database by adding one.,Fernando Palacios,"Pedro Masó, Vicente Coello, Ángel Jordán, Joaquín Calvo Sotelo",Released,Spanish; Castilian,,
245913,https://www.themoviedb.org/movie/245913-pele-birth-of-a-legend,Pelé: Birth of a Legend,107.0,2016-05-06,US,Drama,7.3,"The life story of Brazilian football legend, Pele.","Jeff Zimbalist, Michael Zimbalist","Jeff Zimbalist, Michael Zimbalist",Released,English,,27312.0
775862,https://www.themoviedb.org/movie/775862,Unni,21.0,2017-01-01,KR,Drama,0.0,"Sisters who are living in an apartment. The juvenile young sister left home in the middle of the night, an intruder breaks into the house where the older one is left alone.",Kim In-wook,,Released,Korean,,
6404,https://www.themoviedb.org/movie/6404-nosferatu-phantom-der-nacht,Nosferatu the Vampyre,107.0,1979-04-12,DE,"Drama, Horror",7.3,A real estate agent leaves behind his beautiful wife to go to Transylvania to visit the mysterious Count Dracula and formalize the purchase of a property in Wismar.,Werner Herzog,"Werner Herzog, Bram Stoker",Released,German,1400000.0,3451.0
11092,https://www.themoviedb.org/movie/11092-presumed-innocent,Presumed Innocent,127.0,1990-07-27,US,"Mystery, Crime, Thriller",6.8,"Rusty Sabich is a deputy prosecutor engaged in an obsessive affair with a coworker who is murdered. Soon after, he's accused of the crime. And his fight to clear his name becomes a whirlpool of lies and hidden passions.",Alan J. Pakula,"Alan J. Pakula, Scott Turow, Frank Pierson",Released,English,22000000.0,221303188.0
451,https://www.themoviedb.org/movie/451-leaving-las-vegas,Leaving Las Vegas,111.0,1996-03-01,KR,"Drama, Romance",7.3,"Ben Sanderson, an alcoholic Hollywood screenwriter who lost everything because of his drinking, arrives in Las Vegas to drink himself to death. There, he meets and forms an uneasy friendship and non-interference pact with prostitute Sera.",Mike Figgis,"Mike Figgis, John O'Brien",Released,English,3600000.0,49800000.0
9315,https://www.themoviedb.org/movie/9315-flightplan,Flightplan,98.0,2005-11-11,KR,"Thriller, Drama, Mystery",6.4,"Flying at 40,000 feet in a state-of-the art aircraft that she helped design, Kyle Pratt's 6-year-old daughter Julia vanishes without a trace. Or did she? No one on the plane believes Julia was ever onboard. And now Kyle, desperate and alone, can only count on her own wits to unravel the mystery and save her daughter.",Robert Schwentke,"Billy Ray, Peter A. Dowling",Released,English,55000000.0,223387299.0
1089007,https://www.themoviedb.org/movie/1089007-pequeno-london,Pequeno London,,2026-07-20,BR,,0.0,We don't have an overview translated in English. Help us expand our database by adding one.,"Victor Di Marco, Márcio Picoli",Victor Di Marco,Released,Portuguese,20.0,
341303,https://www.themoviedb.org/movie/341303,Muna Madan,163.0,2003-06-27,NP,Drama,9.7,"An epic tragedy, based on Nepal's most famous epic poem. Madan, a lower-class worker, is forced by poverty and mounting debts to go to Lhasa, Tibet, leaving behind his lonely mother and beloved wife, Muna. However, tragedy befalls him on the way home.",Gyanendra Bahadur Deuja,"Rabi Aryal, Laxmi Prasad Devkota",Released,Nepali,,
1614048,https://www.themoviedb.org/movie/1614048-vitoria,Vitória,,2013-06-08,BR,,0.0,We don't have an overview translated in English. Help us expand our database by adding one.,Eduardo Colgan,,Released,Portuguese,,
471199,https://www.themoviedb.org/movie/471199-l-ex,The Ex,97.0,1996-08-30,FR,TV Movie,9.0,"Yann leads a seemingly happy life with his two children and a beautiful, loving, dynamic woman Julianne. Yet he is unhappy. For ten years, he has dreamed of writing a great novel that wins the Prix Goncourt, but all he gets on paper is the adventures of the Hippopoum TV figure and he flies away in the alcohol. One day Julianne is the Norwegian bushes of masculine pleasure and she pulls out with the director of a TV station. A disaster for Yann, because she leaves their children behind him and he is not able to take care of them.",Patrick Jamain,,Released,French,,
64335,https://www.themoviedb.org/movie/64335-incir-receli,Fig Jam,94.0,2011-02-11,TR,"Romance, Drama",6.2,"On a night of despair after being turned down continuously for the scripts he writes, Metin ends up in a bar where he meets a girl named Duygu. After spending the night together, she walks out in the morning before he wakes up and leaves only a short note. The next time they meet, Metin becomes curious about her secret and decides to follow her. What he finds out will be the beginning of an everlasting love.",Aytaç Ağırlar,Aytaç Ağırlar,Released,Turkish,,
1147610,https://www.themoviedb.org/movie/1147610-gangland,Gangland,104.0,2026-04-25,US,"Action, Crime, Drama",6.9,"A weathered tribal cop and his new trainee must find a ruthless fugitive, whose return to their rural Indigenous reservation has exposed its darkest secrets and could ignite a violent gang war.",Vincent Grashaw,Zach Montague,Released,English,,
741780,https://www.themoviedb.org/movie/741780,Taipei Suicide Story,45.0,2021-05-13,US,Drama,7.5,A receptionist at a suicide hotel in Taipei forms a fleeting friendship over the course of one night with a guest who can’t decide if she wants to live or die.,KEFF,KEFF,Released,Chinese,,
13310,https://www.themoviedb.org/movie/13310-lat-den-ratte-komma-in,Let the Right One In,115.0,2008-11-13,KR,"Horror, Drama",7.5,"When Oskar, a sensitive, bullied 12-year-old boy, meets his new neighbor, the mysterious and moody Eli, they strike up a friendship. Initially reserved with each other, Oskar and Eli slowly form a close bond, but it soon becomes apparent that she is no ordinary young girl.",Tomas Alfredson,John Ajvide Lindqvist,Released,Swedish,4000000.0,10785801.0
1691129,https://www.themoviedb.org/movie/1691129,Mulan: Light A fire,98.0,2026-05-11,CN,Drama,0.0,"After returning home from war, Mulan discovers her family shattered by corruption and violence. As she investigates the truth behind her brother’s death, she uncovers a vast conspiracy involving corrupt officials and ruthless merchants, forcing her onto a solitary path of vengeance and justice.",Kam Ka-wai,,Released,Chinese,,
1105831,https://www.themoviedb.org/movie/1105831-klaus-barbie-sur-les-traces-d-un-criminel-nazi,"Klaus Barbie, sur les traces d'un criminel nazi",,2012-01-10,FR,"Documentary, History, TV Movie",8.0,We don't have an overview translated in English. Help us expand our database by adding one.,"Laurent Delahousse, Camille Ménager, Florence Troquereau",,Released,French,,
330716,https://www.themoviedb.org/movie/330716-plaisirs-defendus,Forbidden Pleasures,90.0,2005-01-31,FR,Romance,2.3,"Three young couples are renovating together a loft in Paris. During a barbecue, Patrick and Julie confess to their friends that they practice partner-swapping. That information shock 1 of the couple, but the other one seems to be interested ...",Marc Riva,"Martin Guyot, Céline Guyot",Released,French,,
151738,https://www.themoviedb.org/movie/151738-le-fuhrer-en-folie,The Fuhrer Runs Amok,79.0,1974-04-12,FR,Comedy,4.5,France and Germany are at war. Adolf Hitler challenges the Allies to seal the fate of the war by playing a football match.,Philippe Clair,Anita Benzaquen,Released,French,,
1590081,https://www.themoviedb.org/movie/1590081-valami-vad,Something Wild,21.0,2025-11-11,EE,Drama,0.0,"In an average Hungarian family home, a straight-A-student, yearning to be free, starts turning into a bear.",Zsuzsanna Konrád,Zsuzsanna Konrád,Released,Hungarian,,
327832,https://www.themoviedb.org/movie/327832-una-bella-governante-di-colore,Una bella governante di colore,97.0,1976-01-01,IT,Comedy,4.9,Nicola Salluzzi is the owner of an insecticide company and his teenage son Simone has the habit of sleeping with his female employees.,Luigi Russo,Marino Onorati,Released,Italian,,
601993,https://www.themoviedb.org/movie/601993,Young Aunt,70.0,2019-05-14,KR,Romance,7.0,"In an ordinary-looking house, live the owner couple, Se-kyung and Jung-sik, their daughter,Ma-ri, and Jin-seong who's new to society. The couple is on vacation, and Ma-ri and Jin-seong are alone in the house.  One ordinary day, An Uninvited Guest called Soo-jeong comes along. She had a fight with her husband and had come to stay in her brother's house for a few days. However, one night Soo-jeong gets drunk and mistakes Jin-seong's room for hers. As a result, they end up sleeping together. Ma-ri sees Soo-jeong come out of Jin-seong's room, but suspects nothing else.  Vegetarian Jin-seong craves sex and sleeps with Soo-jeong once again. However, Soo-jeong goes back to her husband, and Jin-seong can't help but feel lonely.  Meanwhile, Ma-ri likes Jin-seong and seduces him to have sex with her, but she's outraged when he tells her he had sex with her aunt.  This is the story of the ordinary but not so ordinary, secretive house.",Choi Jung-ja,,Released,Korean,,
903339,https://www.themoviedb.org/movie/903339-ridley,Ridley,8.0,2021-11-20,US,"Drama, Fantasy",0.0,An ambitious grad student returns to her childhood home to say goodbye to the memory of her late kid sister - only to be shocked when her sister walks through the door and says hello.,Justin Lord,Justin Lord,Released,English,,
75624,https://www.themoviedb.org/movie/75624-naruto,Naruto Shippuden the Movie: Blood Prison,108.0,2012-02-23,KR,"Thriller, Animation, Action, Comedy, Horror, Mystery",7.3,"After his capture for attempted assassination of the Raikage, leader of Kumogakure, as well as killing Jōnin from Kirigakure and Iwagakure, Naruto is imprisoned in Hōzukijou: A criminal containment facility known as the Blood Prison. Mui, the castle master, uses the ultimate imprisonment technique to steal power from the prisoners, which is when Naruto notices his life has been targeted. Thus begins the battle to uncover the truth behind the mysterious murders and prove Naruto's innocence.",Masahiko Murata,Akira Higashiyama,Released,Japanese,,9065101.0
1167898,https://www.themoviedb.org/movie/1167898-straight,Straight,93.0,2024-11-21,MX,Romance,7.0,"Roberto is a successful 32-year-old banker with a demanding life and a job that occupies him even on the weekends; a talented girlfriend, Elia, with whom he has been in a relationship for six years; and in his free time a little soccer, beer and Cris, a 20-year-old boy he meets on a gay dating app. Cris will make him rethink whether he has the life he wants or the one he's expected to have.",Marcelo Tobar,"Marcelo Tobar, Scott Elmegreen, Drew Fornarola",Released,Spanish; Castilian,,
484237,https://www.themoviedb.org/movie/484237-kyrsya,Tuftland,89.0,2018-04-06,FI,"Horror, Mystery",4.9,"Headstrong textile student Irina tries to overcome her problems by accepting a summer job offer from an isolated and offbeat village of Kyrsyä. As Irina begins to get a grip of herself, the harmless and offbeat hillbillies begin to reveal their true nature.",Roope Olenius,Roope Olenius,Released,Finnish,,
109,https://www.themoviedb.org/movie/109-trois-couleurs-blanc,Three Colors: White,92.0,1994-01-26,KR,"Comedy, Drama, Mystery",7.4,"Polish immigrant Karol Karol finds himself out of a marriage, a job and a country when his French wife, Dominique, divorces him after six months due to his impotence. Forced to leave France after losing the business they jointly owned, Karol enlists fellow Polish expatriate Mikołaj to smuggle him back to their homeland.",Krzysztof Kieślowski,"Krzysztof Kieślowski, Krzysztof Piesiewicz",Released,French,,1273525.0
535870,https://www.themoviedb.org/movie/535870,Volchiy Island,,1970-07-13,SU,Drama,6.3,"The year is 1962. Returning after an important mission, the polar aviation pilot Tagilov saves a young woman, Tatyana, who is stranded on a chipped ice floe. She is a doctor.",Nikolai Ilyinsky,"Vladimir Sosyura, Zakhar Dicharov",Released,Russian,,
533753,https://www.themoviedb.org/movie/533753-intizar,İntizar,20.0,1970-01-01,SU,"Drama, Family",0.0,"In 1919-1920, in the events of the revolution. The story of a mother's heart is from the pull and breadth. The strong and rich image of the mother separates from her son, and then boldly loses him, another guy takes her son. She believes that this child will come and replace her son, who will be worthy of her son. The mother tries to raise him as a brave, noble, and kind person, like her own son.",Tofig Ismailov,Tofig Ismailov,Released,Azerbaijani,,
460877,https://www.themoviedb.org/movie/460877,Feng huo shao nian,80.0,1975-01-01,CN,"Drama, War",6.3,Orphan Xiao Song is wounded in the Japanese attack that kills his parents and after recovering he joins the army and becomes an excellent soldier.,Dong Kena,,Released,Chinese,,
847000,https://www.themoviedb.org/movie/847000,Capture,73.0,1982-12-19,SU,"Mystery, Crime",7.2,The corpse of old Bobo Nazir was found in a mountain village after a fire. Major Kasymov in the basement of a burned-out house discovers a chest with jewelry that belonged to the Basmach Rakhimbek. The absence of a priceless battle belt points to the cause of the crime. The detectives go to the jewelry dealers to capture the criminals.,"Vladimir Plotnikov, Mukadas Makhmudov",Vladimir Plotnikov,Released,Russian,,
579541,https://www.themoviedb.org/movie/579541-fin,END,20.0,2019-01-25,US,"Horror, Fantasy",2.7,"Juan is dead. Surprisingly, he is given an opportunity: to relive a moment of his past life, but it will not be an ordinary moment.",Yimit Ramírez,"Yimit Ramírez, Tatiana Monge",Released,Spanish; Castilian,,
226857,https://www.themoviedb.org/movie/226857-endless-love,Endless Love,104.0,2014-03-13,KR,"Drama, Romance",6.9,A privileged girl and a charismatic boy's instant desire sparks a love affair made only more reckless by parents trying to keep them apart.,Shana Feste,"Shana Feste, Scott Spencer, Joshua Safran",Released,English,20000000.0,34100000.0
580192,https://www.themoviedb.org/movie/580192,The Tsar's Bride - Bolshoi,,2018-11-15,RU,,0.0,"The Tsar's Bride - an opera in four acts by Nikolai Rimsky-Korsakov based on the drama by Lev Mey. This is a play about love - passionate, hot, searing and even burning everything around him. About the Russian soul, in the depths of which will always be a place for cleanliness, poetry, sacrifice and charity. At the same time, it is a play about the terrible years in the history of Russia, when the government was in a complete chaos, and the man became a helpless toy in its hands.",,,Released,Russian,,
462504,https://www.themoviedb.org/movie/462504-htr2b-donusum,htr2b: Transformation,101.0,2012-12-28,TR,"Thriller, Horror",7.2,"Is all scientific research for the good of mankind? An amazing June night. A peaceful mansion surrounded by forest, where a happy family prepare for a dinner. Human guinea pigs, modified to become a real weapon escape an illegal clinic appear in the same forest. A family who has bonded instinctively together in order to protect each other from harm, or genetically altered, callous humans. Who will survive the onslaught?",Osman Evre Tolga,Osman Evre Tolga,Released,Turkish,,
766319,https://www.themoviedb.org/movie/766319-mariah-carey-s-magical-christmas-special,Mariah Carey's Magical Christmas Special,43.0,2021-11-04,KR,"Family, Music",6.2,"Faced with a holiday cheer crisis, the North Pole knows there's only one person who can save the day: Santa's great friend Mariah Carey. The Queen of Christmas creates a fabulous and star-studded spectacular to make the whole world merry!","Hamish Hamilton, Roman Coppola",Caroline Fox,Released,English,,
91417,https://www.themoviedb.org/movie/91417-dragons-gift-of-the-night-fury,Dragons: Gift of the Night Fury,22.0,2011-11-15,US,"Animation, Comedy, Adventure, Family",7.3,Hiccup and Toothless go on an exciting adventure and discover an island of new dragons.,Tom Owens,Adam F. Goldberg,Released,English,,
306255,https://www.themoviedb.org/movie/306255-la-pelicula-de-ana,La película de Ana,98.0,2013-01-17,CU,Comedy,7.0,Ana is a telenovela actress but because of financial troubles resorts to producing a prostitution documentary under false pretences.,Daniel Díaz Torres,,Released,Spanish; Castilian,,
1016011,https://www.themoviedb.org/movie/1016011,Yoon-Yool and Russian Sexy Woman,67.0,2022-06-24,KR,Romance,10.0,"Eun-ha's happiness of living in a big mansion by chance does not last long. Bella, the real landlord from Russia, begins to live together with her, and Bella shows interest in Eun-ha's men.",Kim Deok-gyu,,Released,Korean,,
256045,https://www.themoviedb.org/movie/256045-serrat-sabina-dos-pajaros-contraatacan,Serrat & Sabina: dos pájaros contraatacan,150.0,2012-03-17,ES,Music,5.2,"These two birds back to join their voices, between lyric and tear, Serrat and Sabina. During a previous tour viewers could overthrow them both with one shot, but this time that these birds will soar on shotguns. Each with its splendor, with its poison. Joan Manuel Serrat keeps intact the moral, tough, committed contempt of difficult times, but always wrapped in the aura of a joy of living, in favor of simple pleasures, the melancholy of those trams transported to the beaches on Sunday to overcome people and returned to the city only defeated by the sun, with salty lips and burned skin. And among so many words of love Serrat, the hoarse cries of Sabina, both fused, and although the two crossing their songs, one with guitar and the heart will scratch another liver.",,,Released,Spanish; Castilian,,
1568490,https://www.themoviedb.org/movie/1568490,Dragon Girl Problem,55.0,2025-11-08,KR,"Animation, Fantasy, Romance, Comedy",0.0,"To escape an arranged marriage in the Dragon Palace, Kim Yong-man, the dragon king's daughter, flees to the human world and begins high school, determined to become the top of her class. There, she encounters Shim Hae-soo, the current number one student sitting beside her. As rivalry shifts into friendship, the two gradually become special to each other.",porong,Choi I-so,Released,Korean,,
1226207,https://www.themoviedb.org/movie/1226207,Hot Passion,,1993-08-01,TW,Romance,0.0,We don't have an overview translated in English. Help us expand our database by adding one.,,,Released,Chinese,,
471676,https://www.themoviedb.org/movie/471676-arriba-michoacan,Arriba Michoacán,90.0,1987-07-09,MX,"Comedy, Drama, Music, Romance",5.5,"The two largest ranches in a small town are operated entirely by women, because their menfolk have all emigrated. Seceral of the younger women have boyfriend troubles, and all the women band together to vote their own representative into City Hall as Mayor.",Francisco Guerrero,"Roberto Castillo, José Luis Rada",Released,Spanish; Castilian,,
524525,https://www.themoviedb.org/movie/524525-qanun-namin,In the Name of the Law,97.0,1968-12-01,SU,"Drama, Crime",1.0,The film is about the public prosecutor who fought against the criminality but was killed by them.,Mukhtar Dadashev,Mukhtar Dadashev,Released,Azerbaijani,,
3563,https://www.themoviedb.org/movie/3563-i-now-pronounce-you-chuck-larry,I Now Pronounce You Chuck & Larry,115.0,2007-09-06,KR,"Comedy, Romance",6.1,"Firefighters Chuck Ford and Larry Valentine are guy's guys, loyal to the core—which is why when widower Larry asks Chuck to pose as his lover so that he can get domestic partner benefits for his kids, his buddy agrees. However, things get dicey when a bureaucrat comes calling, and the boys are forced to present a picture of domestic bliss.",Dennis Dugan,"Jim Taylor, Alexander Payne, Barry Fanaro",Released,English,85000000.0,187134117.0
1643120,https://www.themoviedb.org/movie/1643120-stabby-chic,Stabby Chic,,2026-02-14,US,Horror,0.0,A Man notices strange killings happening by the dumpster near his apartment. He investigates only to be pulled into the dumpster to a world where all the trash is out to kill him.,Evan Jacobs,Evan Jacobs,Released,English,2000.0,
827778,https://www.themoviedb.org/movie/827778-kichkina-tabib,Kichkina Tabib,89.0,1998-01-01,UZ,"Science Fiction, Drama",0.0,"Doniyor has the supernatural power to heal seriously ill people with incurable pain. Thanks to his ability, not a single sick person remained in his village. Shuhrat Shodmonov, a big businessman from Tashkent, comes to him and asks him to treat his granddaughter.",Zulfikar Musakov,Zulfikar Musakov,Released,Uzbek,,
482040,https://www.themoviedb.org/movie/482040-3,Mom's Friend 3,81.0,2017-03-30,KR,"Romance, Drama",5.2,A father and his son's lives were wrecked after the wife got into a car accident. Her friend Mi-ae comes to the house to help them with the chores while she's away. She is a good housewife and an even better sex machines when she's drunk. The two men of the house give into her for her curves...,Myeong Seok Hwan,,Released,Korean,,
23048,https://www.themoviedb.org/movie/23048-hot-tub-time-machine,Hot Tub Time Machine,101.0,2010-03-26,US,"Science Fiction, Comedy, Adventure",6.0,"Four pals are stuck in a rut in adulthood: Adam has just been dumped, Lou is a hopeless party animal, Nick is a henpecked husband, and Jacob does nothing but play video games in his basement. But they get a chance to brighten their future by changing their past after a night of heavy drinking in a ski-resort hot tub results in their waking up in 1986.",Steve Pink,"Josh Heald, John Morris, Sean Anders",Released,English,36000000.0,64780213.0
11299,https://www.themoviedb.org/movie/11299,Cowboy Bebop: The Movie,115.0,2003-10-03,KR,"Action, Animation, Science Fiction",7.7,"The year is 2071. Following a terrorist bombing, a deadly virus is released on the populace of Mars and the government has issued the largest bounty in history, for the capture of whoever is behind it. The bounty hunter crew of the spaceship Bebop; Spike, Faye, Jet and Ed, take the case with hopes of cashing in the bounty. However, the mystery surrounding the man responsible, Vincent, goes deeper than they ever imagined, and they aren't the only ones hunting him.",Shinichiro Watanabe,Keiko Nobumoto,Released,Japanese,,
563383,https://www.themoviedb.org/movie/563383,Ezhai Padum Paadu,197.0,1950-11-09,IN,Drama,7.5,"A small time criminal turns over a new leaf with the help of a bishop and starts leading a new life with a changed identity. When Inspector Javert finds out about this, he tries to expose him.",K. Ramnoth,"Victor Hugo, Elangovan",Released,Tamil,,
470777,https://www.themoviedb.org/movie/470777-circuito-de-sao-goncalo,Circuito de São Gonçalo,8.0,1909-09-21,BR,Documentary,0.0,It's the oldest Brazilian movie that survived and the film that captured the first car race in Brazil.,Alberto Botelho,,Released,Portuguese,,
350312,https://www.themoviedb.org/movie/350312-2,Bāhubali 2: The Conclusion,167.0,2018-03-29,KR,"Action, Adventure, Fantasy",7.5,"When Mahendra, the son of Bāhubali, learns about his heritage, he begins to look for answers. His story is juxtaposed with past events that unfolded in the Mahishmati Kingdom.",S. S. Rajamouli,S. S. Rajamouli,Released,Telugu,31000000.0,280700000.0
1588962,https://www.themoviedb.org/movie/1588962-solo,Solo,26.0,2025-12-06,AZ,Drama,0.0,A short film.,Vagif Ismailzadeh,Vagif Ismailzadeh,Released,Azerbaijani,,
279431,https://www.themoviedb.org/movie/279431-beijo-na-boca,A Kiss on the Mouth,33.0,1987-01-02,BR,Documentary,3.0,"Made in the ""Boca do Lixo"" district in São Paulo, this work explores the world of women prostitutes in downtown São Paulo. The author allows the narrative to be led by the interviewees themselves, removing the reporter's voice and intervening as little as possible in the editing of the testimonies. At a time when AIDS was primarily associated with gay men, most of the prostitutes say they don't believe they can be infected and refuse to use condoms. One of them shares that she used to be a madam and a drug dealer, but now lives like an ordinary worker, working from 10 to 7 and raising her children. Another recalls her time as a domestic worker, earning in one month what she now makes in a single day as a prostitute. The soundtrack features songs by Milton Nascimento and Mutantes.",Jacira Melo,,Released,Portuguese,,
8676,https://www.themoviedb.org/movie/8676-fool-s-gold,Fool's Gold,112.0,2008-02-28,KR,"Adventure, Romance, Comedy",5.8,"Treasure hunter Ben ""Finn"" Finnegan has sunk his marriage to Tess and his trusty boat in his obsessive quest to find the legendary Queen's Dowry. When he finds a vital clue that may finally pinpoint the treasure's whereabouts, he drags Tess and her boss, billionaire Nigel Honeycutt, along on the hunt. But Finn is not the only one interested in the gold; his former mentor-turned-enemy Moe Fitch, hired by rapper-turned-gangster Bigg Bunny, will stop at nothing to beat him to it.",Andy Tennant,"Andy Tennant, Daniel Zelman, John Claflin",Released,English,70000000.0,111231041.0
1280655,https://www.themoviedb.org/movie/1280655-virgo,VIRGO,6.0,2021-04-14,US,"Adventure, Music",6.7,Three young people recall the story of how they got into trouble.,Alyssa Toledo,,Released,English,,
849159,https://www.themoviedb.org/movie/849159-vahsi-sevgili,Wild Lover,79.0,1977-01-01,TR,"Drama, Romance",8.0,"A wild girl who was raised by bears is found by humans when she rescues an injured man. She is brought to the city against her will, and is put in a stage show.  She is discovered and saved by her family, and tries to find a way to take revenge on the people who imprisoned her.",Tolgay Ziyal,"Berrin Giz, Metin Erksan, Bülent Oran",Released,Turkish,,
48624,https://www.themoviedb.org/movie/48624,Urotsukidōji: Legend of the Overfiend,105.0,1989-03-18,JP,"Animation, Action, Horror, Fantasy",6.0,"Legend has it that the human race is not the only dominant civilization living on Earth. Two other races exist in this world: the Makai (a demon race) and the Jujinkai (a half-man, half-beast race). Once every 3,000 years, a supreme being known as the Choujin (Overfiend) will emerge and bring balance to all three realms on Earth. In present-day Japan, after 300 years of endless searching, a Jujinkai named Amano Jyaku has discovered the presence of the Choujin inside high school slacker Tatsuo Nagumo. But now, Amano, along with his sister Megumi and their sidekick Kuroko, must protect Nagumo and his new girlfriend Akemi Ito from the Makai, who believe that Nagumo is not the Choujin, but an evil entity bent on destroying all living beings on Earth.",Hideki Takayama,Sho Aikawa,Released,Japanese,,
1202442,https://www.themoviedb.org/movie/1202442-colonia-contra-ataca-2-temporada-saga-vinet,Colônia Contra-Ataca: 2ª Temporada - Saga Vinet,,2014-09-20,BR,"Comedy, Adventure, Action",8.0,We don't have an overview translated in English. Help us expand our database by adding one.,,Wilson Rafael de Azevedo,Released,Portuguese,,
11678,https://www.themoviedb.org/movie/11678-vertical-limit,Vertical Limit,124.0,2001-01-13,KR,"Adventure, Action, Thriller",6.0,"Trapped near the summit of K2, the world's second-highest mountain, Annie Garrett radios to base camp for help. Brother Peter hears Annie's message and assembles a team to save her and her group before they succumb to K2's unforgiving elements. But, as Annie lays injured in an icy cavern, the rescuers face several terrifying events that could end the rescue attempt -- and their lives.",Martin Campbell,"Robert King, Terry Hayes",Released,English,75000000.0,215663859.0
286636,https://www.themoviedb.org/movie/286636-bekeido,Peacetime,105.0,1980-08-13,HU,Drama,6.0,"Bencsik Béla, the president of the co-operative of the village of Borsány promises home, jobs and good salaries for newcomer families to convince them to settle down. He wants to prevent the community from being depopulated and the co-operative from going bankrupt.",László Vitézy,"Györgyi Szalai, László Vitéz",Released,Hungarian,,
543540,https://www.themoviedb.org/movie/543540-the-perfect-date,The Perfect Date,90.0,2019-04-12,KR,"Romance, Comedy",6.4,"No beau? No problem! To earn money for college, a high schooler creates a dating app that lets him act as a stand-in boyfriend.",Chris Nelson,"Steve Bloom, Randall Green",Released,English,,
5994,https://www.themoviedb.org/movie/5994-the-family-man,The Family Man,125.0,2000-12-30,KR,"Comedy, Drama, Romance, Fantasy",6.8,"Jack's lavish, fast-paced lifestyle changes one Christmas night when he stumbles into a grocery store holdup and disarms the gunman. The next morning he wakes up in bed lying next to Kate, his college sweetheart he left in order to pursue his career, and to the horrifying discovery that his former life no longer exists. As he stumbles through this alternate suburban universe, Jack finds himself at a crossroad where he must choose between his high-power career and the woman he loves.",Brett Ratner,"David Weissman, David Diamond",Released,English,60000000.0,124700000.0
11357,https://www.themoviedb.org/movie/11357-halloween-4-the-return-of-michael-myers,Halloween 4: The Return of Michael Myers,88.0,1988-10-21,US,"Horror, Thriller",6.2,"Ten years after his original massacre, the invalid Michael Myers awakens on Halloween Eve and returns to Haddonfield to kill his seven-year-old niece.",Dwight H. Little,Alan B. McElroy,Released,English,5000000.0,17768757.0
257932,https://www.themoviedb.org/movie/257932,Dragon Nest: Warriors' Dawn,88.0,2016-11-17,KR,"Fantasy, Animation",7.5,"For years, the land of Altera has observed an uneasy peace between the humans, the elves, and the beasts who are loyal to the legendary Black Dragon. But when the dragon wakes from its hibernation, mobilizing a force of beasts to make war, a small band of humans and elves unite in a search for the secret road to the dragon’s lair.",Yuefeng Song,Bill Borden,Released,Chinese,40000000.0,
795421,https://www.themoviedb.org/movie/795421,Boxers from the Snowy Mountains,100.0,1991-01-01,CN,,0.0,The participation of the Xinjiang Boxer movement in the Boxer Rebellion.,"Ha Lun Bai Ke, Dong Ling","Bo Zhao-Yu, Zhang Pu-Fu",Released,Chinese,,
1663236,https://www.themoviedb.org/movie/1663236-hayotda,In Life...,114.0,2015-05-18,UZ,Drama,0.0,"The feature film Hayatda tells the story of a scientist who, after the death of his only child, adopts a child with the ability to heal people and remains true to his principles until the end of his life.",Yalkin Tuychiev,Yalkin Tuychiev,Released,Uzbek,,
414148,https://www.themoviedb.org/movie/414148-xui-ma-hen,Xui Mà Hên,110.0,2014-04-25,VN,Comedy,5.0,We don't have an overview translated in English. Help us expand our database by adding one.,Ethan Trần,,Released,Vietnamese,,
1365881,https://www.themoviedb.org/movie/1365881-bittersweet-honey,Bittersweet Honey,61.0,2025-02-14,FR,Documentary,0.0,"Three beekeeping families convened to discuss various challenges in their trade. They delved into topics such as the perilous migration of beehives, transportation hurdles, and the local farmers' resistance to placing hives in prime bee food areas, along with their disapproval of bee pollination efforts. Additionally, beekeepers contended with the repercussions of Myanmar's political shifts and escalating commodity prices, further exacerbating their plight.",Min Thu Aung,Min Thu Aung,Released,Burmese,,
6589,https://www.themoviedb.org/movie/6589-underdog,Underdog,84.0,2007-08-03,US,"Family, Action, Adventure, Comedy, Fantasy, Science Fiction",5.6,A lab accident gives a beagle named Shoeshine some serious superpowers -- a secret that the dog eventually shares with the young boy who becomes his owner and friend.,Frederik Du Chau,"Adam Rifkin, Joe Piscatella, Craig A. Williams",Released,English,25000000.0,65270477.0
410604,https://www.themoviedb.org/movie/410604-divine-emilie,Divine Émilie,90.0,2007-12-29,FR,"Drama, History",2.0,"The life of Émilie du Châtelet, mathematician and physicist during the Enlightenment.",Arnaud Sélignac,"Élisabeth Badinter, Chantal de Rudder",Released,French,,
11281,https://www.themoviedb.org/movie/11281-halloween-ii,Halloween II,92.0,1981-10-30,US,Horror,6.6,"After failing to kill stubborn survivor Laurie and taking a bullet or six from former psychiatrist Dr. Sam Loomis, Michael Myers has followed Laurie to the Haddonfield Memorial Hospital, where she's been admitted for Myers' attempt on her life. The institution proves to be particularly suited to serial killers, however, as Myers cuts, stabs and slashes his way through hospital staff to reach his favorite victim.",Rick Rosenthal,"John Carpenter, Debra Hill",Released,English,2500000.0,25533818.0
385270,https://www.themoviedb.org/movie/385270-dias-de-combate,Días de combate,95.0,1994-03-01,MX,"Thriller, Action, Drama",5.3,A novice private detective is on the trail of a serial strangler in Mexico City.,Carlos García Agraz,Paco Ignacio Taibo II,Released,Spanish; Castilian,,
1060497,https://www.themoviedb.org/movie/1060497-pemimpin,Imam,,2023-03-02,MY,"Crime, Drama, Thriller",0.0,"IMAM is an adaptation of the script of the National Literary Abdullah Hussain. This film revolves around the struggle of an imam, Haji Mihad who wants to bring about reform in his village. The reforms he wants to bring are opposed by some Muslim parties.",Mior Hashim Manap,"Mior Hashim Manap, Abdullah Hussain",Released,Malay,,
1422423,https://www.themoviedb.org/movie/1422423-bintang-baru,Bintang Baru,,1954-03-08,ID,Drama,0.0,"Even though he was an orphan, Herman was serious about developing himself in the arts. Moreover, he received encouragement from Kustari, his mother's niece. Herman went to Jakarta to enter the film world. For a while, he stayed at Mukhsin's house. Later, Mukhsin was instrumental in bringing Kustari, who caught the attention of director Hendra. The pairing of Kustari and Herman was successful, the two new stars were liked by the audience.",Rempo Urip,Mustajab Budhrasa,Released,Indonesian,,
944537,https://www.themoviedb.org/movie/944537-hello,Hello Imperial Guard,58.0,2015-02-14,CN,"Action, Comedy, Romance",6.2,"Tells the story of the Ming emperor, Zhu Yuan Zhang, who sent Jin Yi Wei through time to the year  2015 to search for an elixir.","Professor Qin, Yang Jiao",,Released,Chinese,,
595766,https://www.themoviedb.org/movie/595766,Risque Hospital,70.0,2019-04-16,KR,Romance,0.0,"Haneda and Jeong-won are a married couple. He looks faithful, but one day Haneda witnesses Jung-won having an affair in the hospital. She attempts to kill him, but he becomes paralyzed. A few days later, Haneda tries to unsuccessfully kill herself, but her heart might stop any day so she takes advantage of her stationary husband.",Han Dong-Ho,,Released,Korean,,
9882,https://www.themoviedb.org/movie/9882-the-siege,The Siege,116.0,1999-01-09,KR,"Drama, Action, Thriller, Crime",6.3,"The secret US abduction of a suspected terrorist from his Middle East homeland leads to a wave of terrorist attacks in New York.  An FBI senior agent and his team attempt to locate and decommission the enemy cells, but must also deal with an Army General gone rogue and a female CIA agent of uncertain loyalties.",Edward Zwick,"Edward Zwick, Lawrence Wright, Menno Meyjes",Released,English,70000000.0,116700000.0
221213,https://www.themoviedb.org/movie/221213-maria-isabel,María Isabel,116.0,1967-04-25,MX,"Comedy, Drama, Romance",8.0,A woman jumping from the poverty of the countryside to the splendor of wealth in the city without losing its simplicity,Federico Curiel,Julio Alejandro,Released,Spanish; Castilian,,
581032,https://www.themoviedb.org/movie/581032-news-of-the-world,News of the World,118.0,2021-02-10,KR,"Drama, Western, Adventure",6.9,"A Texan traveling across the wild West bringing the news of the world to local townspeople, agrees to help rescue a young girl who was kidnapped.",Paul Greengrass,"Paul Greengrass, Paulette Jiles, Luke Davies",Released,English,38000000.0,12700000.0
77887,https://www.themoviedb.org/movie/77887-hawaiian-vacation,Hawaiian Vacation,7.0,2011-08-04,KR,"Animation, Family, Comedy",7.0,The toys throw Ken and Barbie a Hawaiian vacation in Bonnie's room.,Gary Rydstrom,"Gary Rydstrom, Erik Benson, Jason Katz",Released,English,,
12919,https://www.themoviedb.org/movie/12919-can-t-buy-me-love,Can't Buy Me Love,94.0,1987-08-14,US,"Comedy, Romance",6.9,"Nerdy high schooler Ronald Miller rescues cheerleader Cindy Mancini from parental punishment after she accidentally destroys her mother's designer clothes. Ronald agrees to pay for the $1,000 outfit on one condition: that she will act as though they're a couple for an entire month. As the days pass, however, Cindy grows fond of Ronald, making him popular. But when Ronald's former best friend gets left behind, he realizes that social success isn't everything.",Steve Rash,Michael Swerdlick,Released,English,1800000.0,31623833.0
698818,https://www.themoviedb.org/movie/698818,Obscene House: Slave Wife,72.0,2020-02-06,KR,Romance,5.8,"Hyun-jung, who moved to a local mansion, was delighted with unexpected luck. She hated the noise between the floors so she wanted a quiet place with soundproofing. Since the tenants were mostly working couples, the mansion is quiet like a haunted city.",Han Dong-Ho,,Released,Korean,,
551988,https://www.themoviedb.org/movie/551988-de-ruben-a-rubius-el-viaje-de-un-virtual-hero,De Rubén a Rubius: El Viaje de un Virtual Hero,52.0,2018-10-03,ES,Documentary,7.0,We don't have an overview translated in English. Help us expand our database by adding one.,Luis Álvarez Sanz,"Felipe Jiménez Luna, Raquel Soto",Released,Spanish; Castilian,,
126243,https://www.themoviedb.org/movie/126243-la-morte-ha-fatto-l-uovo,Death Laid an Egg,89.0,1968-01-09,IT,"Thriller, Horror, Crime",5.6,"A love triangle develops between three people who run a high tech chicken farm. It involves Anna (who owns the farm), her husband Marco (who kills prostitutes in his spare time) and Gabriella (the very beautiful secretary). Marco continues to kill as jealousy becomes more prevalent on the farm.",Giulio Questi,"Giulio Questi, Franco Arcalli",Released,Italian,,
591274,https://www.themoviedb.org/movie/591274-fear-street-1978,Fear Street: 1978,111.0,2021-07-09,KR,"Horror, Mystery",7.2,"In 1978, two rival groups at Camp Nightwing must band together to solve a terrifying mystery when horrors from their towns' history come alive.",Leigh Janiak,"Leigh Janiak, Zak Olkewicz",Released,English,10000000.0,
1433842,https://www.themoviedb.org/movie/1433842-relationship-goals,Relationship Goals,96.0,2026-02-04,US,"Romance, Comedy",6.2,"When TV producer Leah Caldwell aims to become the first woman running New York's top morning show, her ex competes for the same role. Leah stays focused on her career, until chemistry with her ex challenges her priorities.",Linda Mendoza,"Cory Tynan, Laura Lekkos, Michael Elliot",Released,English,,
98567,https://www.themoviedb.org/movie/98567,Chinese Zodiac,123.0,2013-02-27,KR,"Action, Adventure",6.2,"Asian Hawk leads a mercenary team to recover several lost artifacts from the Old Summer Palace, the bronze heads of the twelve Chinese Zodiac animals which were sacked by the French and British armies from the imperial Summer Palace in Beijing in 1860. Assisted by a Chinese student and a Parisian woman, Hawk stops at nothing to accomplish the mission.",Jackie Chan,"Jackie Chan, Edward Tang, Stanley Tong Gwai-Lai, Frankie Chan Fan-Kei",Released,Cantonese,26000000.0,171339013.0
2657,https://www.themoviedb.org/movie/2657-pleasantville,Pleasantville,124.0,1999-04-10,KR,"Fantasy, Comedy, Drama",7.3,"Geeky teenager David and his popular twin sister, Jennifer, get sucked into the black-and-white world of a 1950s TV sitcom called ""Pleasantville,"" and find a world where everything is peachy keen all the time. But when Jennifer's modern attitude disrupts Pleasantville's peaceful but boring routine, she literally brings color into its life.",Gary Ross,Gary Ross,Released,English,60000000.0,49800000.0
720273,https://www.themoviedb.org/movie/720273-romeo-un-dzuljeta,Romeo n' Juliet,82.0,2015-10-22,LV,"Romance, Drama",0.0,"Romeo n’ Juliet depicts the contemporary love story of a young Latvian girl, Juliet, and a Russian guy, Romeo. Juliet aimlessly spends tiresome days in Jūrmala; all she has to look forward to is leaving for England with her best friend in search of a better life. Romeo also wants to live for something and dreams of a hip-hop musician’s life in Russia. After Romeo sees Juliet for the first time and falls in love, their dreams and hopes for a better future collapse in a matter of days.",Māris Martinsons,Nils Sakss,Released,Latvian,,
1708739,https://www.themoviedb.org/movie/1708739-el-arquitecto,The Architect,69.0,2025-12-22,ES,Documentary,0.0,"'The Architect: From Myth to Challenge' analyzes the surprising turn of events in Xabi Alonso's career since his arrival at Real Madrid's bench. In just four months, the manager who seemed destined to build in a new era has gone from being a symbol of hope to being questioned by the board, fans and the media. This documentary contrasts Alonso's glorious playing days and his initial successes as a coach at Real Sociedad B and Bayer Leverkusen with the current reality: a weakened project on the verge of collapse. Through exclusive interviews and expert commentary, this film offers the first in-depth look at the manager at his most critical moment, when the myth faces the challenge.","Ivan Fanlo Torrecilla, Adrià Vila Pujals",Ivan Fanlo Torrecilla,Released,English,,
320636,https://www.themoviedb.org/movie/320636-fruhlings-erwachen,Spring Awakening,95.0,2009-12-05,DE,Drama,3.7,"Young adults growing up in an oppressed society, finding ways to fight back and discovering as individuals who they truly are.",Nuran Calis,Nuran Calis,Released,German,,
16907,https://www.themoviedb.org/movie/16907-naruto,Naruto the Movie: Ninja Clash in the Land of Snow,82.0,2021-10-25,KR,"Comedy, Action, Animation, Adventure",7.3,"Naruto is thrilled when he is sent on a mission to protect his favorite actress, Yukie Fujikaze, on the set of her new movie, The Adventures of Princess Gale. But when the crew ventures out to film in the icy, foreboding Land of Snow, Yukie mysteriously flees! Naruto and his squad set off to find her... unaware that three Snow Ninja lie in wait, with a sinister purpose that will force Yukie to face her hidden past!",Tensai Okamura,Katsuyuki Sumisawa,Released,Japanese,,11141307.0
799766,https://www.themoviedb.org/movie/799766-better-man,Better Man,135.0,2025-04-09,KR,"Music, Drama",7.6,"Follow Robbie Williams' journey from childhood, to being the youngest member of chart-topping boyband Take That, through to his unparalleled achievements as a record-breaking solo artist – all the while confronting the challenges that stratospheric fame and success can bring.",Michael Gracey,"Michael Gracey, Oliver Cole, Simon Gleeson",Released,English,110000000.0,22549151.0
9425,https://www.themoviedb.org/movie/9425-soldier,Soldier,99.0,1998-10-23,US,"Science Fiction, Action, Drama",6.4,"Sergeant Todd is a veteran soldier for an elite group of the armed forces. After being defeated by a new breed of genetically engineered soldiers, he is dumped on a waste planet and left for dead. He soon interacts with a group of crash survivors who lead out a peaceful existence. The peace is broken as the new soldiers land on the planet to eliminate the colony, which Sergeant Todd must defend.",Paul W. S. Anderson,David Webb Peoples,Released,English,75000000.0,14594226.0
623741,https://www.themoviedb.org/movie/623741-arlo-guthrie-alice-s-restaurant-50th-anniversary-concert-with-arlo-guthrie,Arlo Guthrie - Alice’s Restaurant 50th Anniversary Concert With Arlo Guthrie,120.0,2015-11-26,US,Music,0.0,"Arlo Guthrie celebrates the fiftieth anniversary of the events that snowballed into the Alices Restaurant Massacree, his iconic talking blues narrative that has become an established part of the Thanksgiving tradition, with an unprecedented show. Backed by his band of friends, Arlo regales the audience with the Massacree in its entirety, along with many of his best-loved classics.",,,Released,English,,
187826,https://www.themoviedb.org/movie/187826-bonitinha-mas-ordinaria-ou-otto-lara-rezende,Cute but Ordinary,105.0,1981-03-12,BR,"Drama, Thriller",4.9,"The youngest daughter of a rich man has been raped by five black men in the slums of Rio de Janeiro, and her father arranges her marriage to one of his employees in order to save the family’s honor.",Braz Chediak,Doc Comparato,Released,Portuguese,,
207947,https://www.themoviedb.org/movie/207947,Story of White Coat: Indecent Acts,56.0,1984-03-02,JP,"Comedy, Drama",4.5,"A trainee has dream is to become a nurse and live a comfortable life. But that dream turns into a nightmare when she becomes the object of obsession for the sex crazed son of a major shareholder at the hospital where she works. When he is admitted to the hospital with alcohol poisoning, no nurse is safe!  Will she escape his clutches or will she finally succumb to his amorous appetite?",Hidehiro Ito,Yo Takeyama,Released,Japanese,,
1226120,https://www.themoviedb.org/movie/1226120-jadi-bikin,Jadi bikin?,6.0,2021-12-18,ID,"Action, Drama, Thriller, Horror",0.0,Two guys coming up together for an idea for a short films,Ferry Rusli,Qathrunnada Fakhrina,Released,English,,
306860,https://www.themoviedb.org/movie/306860-lanchang-kuning,Lanchang Kuning,118.0,1962-01-01,MY,,0.0,"To seek revenge on a woman whom doesn't reciprocate his love, Dato Ali lies to the Sultan that misfortune will befall him and his kingdom if a sacrificial ritual is not performed. The Sultan believes him and orders that the sacrificial ritual be carried out, without knowing that it involves the use of blood from a woman in her first pregnancy on the sail boat 'Lancang Kuning' before its maiden voyage.",M. Amin,,Released,English,,
412560,https://www.themoviedb.org/movie/412560,A Symphony of Cooking Utensils,93.0,1983-01-01,CN,Drama,0.0,"A new young manager in a state-run restaurant finds his non-traditional approach to management is not popular with the older managers.  Life has been frustrating for refreshment company worker Niu Hong, whose troubles only seem to double when he factors in his responsibilities as manager of the Chun City Restaurant. With help from his employees, Niu Hong vows to reform the business. But in the process, he ends up writing a whole new chapter into his otherwise humdrum life. Sun Chun and Yin Tingru co-star in foreign-language drama from director Teng Wenji.",Teng Wenji,Teng Wenji,Released,Chinese,,
565028,https://www.themoviedb.org/movie/565028-candyman,Candyman,91.0,2021-09-22,KR,"Horror, Thriller",6.0,"A Chicago artist's sanity starts to unravel, unleashing a terrifying wave of violence when he begins to explore the macabre history of the Candyman.",Nia DaCosta,"Nia DaCosta, Jordan Peele, Win Rosenfeld",Released,English,25000000.0,77411570.0
1322532,https://www.themoviedb.org/movie/1322532-cek-khodam,Cek Khodam,110.0,2026-07-16,ID,"Comedy, Horror",5.3,"Nowadays, people are more afraid of empty wallets, late payments, and the end of the month than ghosts. Ghosts are even used as entertainment through the content Cek Khodam (Hodgkin's Check) created by three friends, Sakti, Wira, and Bima. Unbeknownst to them, their actions have drastically reduced the Human Fear Score (AKM). To restore the dignity of the supernatural world and raise the human fear score, the Commander of the Khodam is tasked with descending directly into the human world. However, the mission does not go according to plan. The harder the khodam try to scare humans, the more chaos they create.",Jeropoint,Jeropoint,Released,Indonesian,,
1295026,https://www.themoviedb.org/movie/1295026,100 METERS,107.0,2025-10-08,KR,"Animation, Drama",7.8,"A gifted runner trains a determined but unskilled classmate, unaware he's creating a rival who will challenge him on the track for years to come.",Kenji Iwaisawa,Yasuyuki Muto,Released,Japanese,,3611916.0
9922,https://www.themoviedb.org/movie/9922-the-postman,The Postman,178.0,1997-12-25,US,"Science Fiction, Adventure, Action",6.3,"In 2013, there are no highways, no I-ways, no dreams of a better tomorrow, only scattered survivors across what was once the United States. Into this apocalyptic wasteland comes an enigmatic drifter with a mule, a knack for Shakespeare, and something yet undiscovered: the power to inspire hope.",Kevin Costner,"Brian Helgeland, Eric Roth",Released,English,80000000.0,17626234.0
363358,https://www.themoviedb.org/movie/363358-varn,Reduit,14.0,2014-10-10,SE,,0.0,"The mapping of a desolate house in southern Sweden encased in iron and cement, standing as a monument of one man's loneliness and paranoia.",John Skoog,,Released,Swedish,,
87093,https://www.themoviedb.org/movie/87093-big-eyes,Big Eyes,106.0,2015-01-28,KR,Drama,7.0,"In the late 1950s and early '60s, artist Walter Keane achieves unbelievable fame and success with portraits of saucer-eyed waifs. However, no one realizes that his wife, Margaret, is the real painter behind the brush. Although Margaret is horrified to learn that Walter is passing off her work as his own, she is too meek to protest too loudly. It isn't until the Keanes' marriage comes to an end and a lawsuit follows that the truth finally comes to light.",Tim Burton,"Larry Karaszewski, Scott Alexander",Released,English,10000000.0,28900000.0
471173,https://www.themoviedb.org/movie/471173-poliamor,Polyamory,14.0,2010-08-20,BR,Documentary,0.0,"In a society where monogamous affective values predominate, some people opt for a relationship arrangement that is becoming known as polyamory.",José Agripino,José Agripino,Released,Portuguese,,
717339,https://www.themoviedb.org/movie/717339,Bad Detective,78.0,2018-10-29,CN,"Action, Mystery",0.0,"The story begins in the late Qing Dynasty and early Republic of China. It tells about a sensational homicide and robbery in a small town in Hubei. Qin Gang, a dartman, died strangely, and Deng Ting, a police detective in the town, was appointed to investigate. Shortly after Deng Ting and his assistant Song Feiyan surveyed the scene, the suspect was locked into a man named Chen Tianhe. The arrested Chen Tianhe confessed to the case, directly acknowledging that the homicide was committed by himself. This made Deng Ting doubt, and immediately sent Song Feiyan to continue the investigation to collect details that might be missed. The case was unfolded in an unexpected direction at this time, and things were not as simple as Deng Taki and others had imagined. It turned out that it all started with a wrongly judged case ten years ago...",Li Liming,,Released,Chinese,,
2323,https://www.themoviedb.org/movie/2323-field-of-dreams,Field of Dreams,105.0,1989-04-21,US,"Drama, Fantasy",7.1,"Ray Kinsella is an Iowa farmer who hears a mysterious voice telling him to turn his cornfield into a baseball diamond. He does, but the voice's directions don't stop -- even after the spirits of deceased ballplayers turn up to play.",Phil Alden Robinson,"Phil Alden Robinson, W.P. Kinsella",Released,English,15000000.0,84431625.0
9574,https://www.themoviedb.org/movie/9574-flubber,Flubber,93.0,1997-12-20,KR,"Comedy, Family, Science Fiction",5.7,"Professor Phillip Brainard, an absent minded professor, works with his assistant Weebo, trying to create a substance that's a new source of energy and that will save Medfield College where his sweetheart Sara is the president. He has missed his wedding twice, and on the afternoon of his third wedding, Professor Brainard creates flubber, which allows objects to fly through the air.",Les Mayfield,"Bill Walsh, John Hughes",Released,English,80000000.0,178000000.0
524601,https://www.themoviedb.org/movie/524601-gun-kecdi,The Day Passed,83.0,1971-02-12,SU,"Drama, Romance",6.2,"The film is about man and woman who remembered their childhood. The film reflects atmosphere of Baku. It is an adaptation of Anar Rzayev's ""Georgian surname"" novel.",Arif Babayev,Anar Rzayev,Released,Azerbaijani,,
76489,https://www.themoviedb.org/movie/76489-the-three-stooges,The Three Stooges,92.0,2012-11-07,KR,Comedy,5.8,"Left on the doorstep of an orphanage run by nuns, three newborn knuckleheads grow up to be finger-poking, nyuk-nyuking janitors named Larry, Curly and Moe. When they learn that financial problems will soon force the only home they've ever known to close, the trio sets out to raise $830,000 in one month. Out in the world for the very first time, the three innocent bumblers become embroiled in a murder plot and find stardom on a TV reality show.","Bobby Farrelly, Peter Farrelly","Bobby Farrelly, Peter Farrelly, Mike Cerrone",Released,English,30000000.0,54819301.0
1394783,https://www.themoviedb.org/movie/1394783-paixao-nacional,National Passion,17.0,2015-05-24,BR,Drama,0.0,"The young Café finds the phone of Lina, a German student visiting Brazil during the 2014 World Cup, and they decide to meet so he can return it to her. After a small ride, as a thank you note, she invites him to watch the soccer match with her.",Jandir Santin,Jandir Santin,Released,Portuguese,,
1209217,https://www.themoviedb.org/movie/1209217-100,Detective Conan: The Million-Dollar Pentagram,110.0,2024-07-17,KR,"Animation, Crime, Mystery, Action",6.9,"A message has arrived from Kid the Phantom Thief, that he will steal a Japanese sword belonging to wealthy Onoe Family in Hakodate, Hokkaido. Conan and Heiji Hattori, who happened to be in Hakodate, are on the case to capture Kid. Coincidentally the family lawyer of Onoe is found murdered in the warehouse district, apparently slaughtered by a Japanese sword. The suspect is an investor/arms dealer who is said to be after Onoe family’s hidden treasure. In the North among cherry blossoms, the exciting hunt for treasure begins!",Chika Nagaoka,Takahiro Okura,Released,Japanese,,108136957.0
2925,https://www.themoviedb.org/movie/2925-the-first-wives-club,The First Wives Club,102.0,1997-02-07,KR,Comedy,6.7,"After years of helping their hubbies climb the ladder of success, three mid-life Manhattanites have been dumped for a newer, curvier model. But the trio is determined to turn their pain into gain. They come up with a cleverly devious plan to hit their exes where it really hurts - in the wallet!",Hugh Wilson,"Olivia Goldsmith, Robert Harling",Released,English,26000000.0,116400000.0
1518050,https://www.themoviedb.org/movie/1518050-ultimo-dia,Último Dia,,2025-07-27,BR,Drama,0.0,We don't have an overview translated in English. Help us expand our database by adding one.,Felipe Alvarez de Toledo,Felipe Alvarez de Toledo,Released,Portuguese,,
411542,https://www.themoviedb.org/movie/411542-pillangok,Butterflies,109.0,2014-10-18,HU,"Drama, Comedy",6.0,"Our story can begin anywhere where chances are rarely found to be able to survive and thrive, where small things matter by the end of the day and where people would want possess things that were never theirs to begin with. In this village where destitution and alcohol prevails, Leslie, (Laci), the world's greatest looser, recently released from prison starts to construct a football field and a chance for a better life. The slid down and alcoholic Veronica hopes to find happiness in her love for Leslie (Laci). Veronica’s nine years old son Mark acquaints the violin thanks to an old, burned-out musician, who has a fascinating and mysterious past. The stories of these four people intertwine drifting their life towards further tragic situations to crow by a surprising end.",Gábor Forgács,,Released,Hungarian,,
580116,https://www.themoviedb.org/movie/580116,The Rape,100.0,1982-05-15,JP,Drama,4.5,"Yahagi Michiko is accosted and raped walking home one evening. From there she maneuvers the logistics of the police, hospital, and criminal justice system while balancing her home life including romantic relationships.",Yōichi Higashi,"Yōichi Higashi, Konomu Shinozaki, Keiko Ochiaki",Released,Japanese,,
1340110,https://www.themoviedb.org/movie/1340110-redux-redux,Redux Redux,109.0,2025-07-06,KR,"Science Fiction, Thriller, Horror, Crime",6.8,"In an attempt to avenge her daughter’s death, Irene Kelly travels through parallel universes, killing her daughter’s murderer again and again. As she becomes consumed by vengeance, her humanity begins to slip away—until the cycle is disrupted when she rescues Mia, a sharp-witted teenager already marked by the killer.","Kevin McManus, Matthew McManus","Kevin McManus, Matthew McManus",Released,English,,
1214684,https://www.themoviedb.org/movie/1214684-kiss-of-the-spider-woman,Kiss of the Spider Woman,128.0,2025-10-10,US,"Romance, Music, Drama, Thriller",5.9,"Valentín, a political prisoner, shares a cell with Molina, a window dresser convicted of public indecency. The two form an unlikely bond as Molina recounts the plot of a Hollywood musical starring his favorite silver screen diva, Ingrid Luna.",Bill Condon,"Bill Condon, Manuel Puig",Released,English,34000000.0,1747220.0
425174,https://www.themoviedb.org/movie/425174,The Gentlefolks of Skotinin,61.0,1927-01-10,RU,,8.0,"A comedy starring Nina Shaternikova, The Skotinins is loosely based on the 18th century play The Minor by Denis Fonvizin. In it, the upper class is shown as both depraved and stupid, engaging a variety of absurd, over-the-top follies.",Grigoriy Roshal,"Vera Stroyeva, Serafima Roshal",Released,Russian,,
364552,https://www.themoviedb.org/movie/364552,Zanmen de niu bai sui,92.0,1983-01-01,CN,Drama,0.0,Winner of the Hundred Flowers Award for Best Film in 1984,Zhao Huanzhang,Xueqiang Yuan,Released,Chinese,,
763164,https://www.themoviedb.org/movie/763164-apex,Apex,93.0,2021-11-25,KR,"Action, Thriller, Science Fiction",5.1,"Ex-cop Thomas Malone is serving a life sentence for a crime he didn’t commit. He is offered a chance at freedom if he can survive a deadly game of Apex, in which six hunters pay for the pleasure of hunting another human on a remote island. He accepts, and once he arrives, all hell breaks loose.",Edward Drake,"Edward Drake, Corey Large",Released,English,,
1226306,https://www.themoviedb.org/movie/1226306-katas,Katas,,2024-12-13,KR,"Drama, Thriller",5.9,"Carmina, who works as a maid in a mansion and soon learns about the dirty secret of their masters, Alex and Grace.",Rodante Pajemna Jr.,Rodante Pajemna Jr.,Released,Tagalog,,
482204,https://www.themoviedb.org/movie/482204,My Sister-in-law's Job,89.0,2017-08-31,KR,"Drama, Romance",4.8,An erotic film that depicts the dangerous relationship between a man and a co-worker's wife.,No Hyun-jin,,Released,Korean,,
455730,https://www.themoviedb.org/movie/455730,Break Through the Wu River,89.0,1961-01-01,CN,"History, War",5.8,Story of the leading regiment of the First Branch of the Chinese Red Army for Workers and Peasants who defeats a brigade of enemy on the Wu River and conquers the river by 3 days of intelligent combat.,"Li Shutian, Li Ang",,Released,Chinese,,
351460,https://www.themoviedb.org/movie/351460-death-note,Death Note,101.0,2017-08-25,KR,"Crime, Fantasy, Horror",4.3,"Light Turner finds a supernatural notebook and uses it to mete out death, attracting the attention of a detective, a demon and a girl in his class.",Adam Wingard,"Jeremy Slater, Charley Parlapanides, Vlas Parlapanides",Released,English,40000000.0,
912916,https://www.themoviedb.org/movie/912916-the-other-zoey,The Other Zoey,91.0,2023-10-20,US,"Romance, Drama, Comedy",7.0,"Highly intelligent computer major Zoey Miller is uninterested in romantic love, but her life is turned upside down when Zack, the school's soccer star, gets amnesia and mistakes Zoey for his girlfriend.",Sara Zandieh,Matthew Tabak,Released,English,,168000.0
240188,https://www.themoviedb.org/movie/240188-0-56-que-le-paso-a-mexico,0.56% What happened to Mexico?,98.0,2011-07-01,MX,Documentary,5.5,"This is the story of a man who challenged his country’s institutions by proclaiming himself legitimate president. This is the story of how the controversial Andrés Manuel López Obrador, who led the polls during 4 years, lost the election by less than half percent. It all begins while he is still Mexico City’s mayor, up to his self proclamation as president and his actions during the first days of Felipe Calderón’s government.",Lorenzo Hagerman,"Lorenzo Hagerman, Lynn Fainchtein",Released,Spanish; Castilian,,
626429,https://www.themoviedb.org/movie/626429,Wohti Le Kay Jani Aay,158.0,2010-11-11,PK,"Comedy, Romance",10.0,A village musician falls in love with a girl from an upper caste.,Syed Noor,Syed Noor,Released,Panjabi; Punjabi,,
80785,https://www.themoviedb.org/movie/80785-curral-de-mulheres,Amazon Jail,99.0,1982-01-01,BR,"Thriller, Adventure, Action",4.3,"Young women in the Amazon are kidnapped by a ring of devil-worshipers, who plan to sell them as sex slaves. Some of the women escape, but are pursued into the jungle by their captors. The women must band together to turn the tables on their kidnappers.",Oswaldo de Oliveira,"Oswaldo de Oliveira, Alfredo Palácios",Released,Portuguese,,
80512,https://www.themoviedb.org/movie/80512-l-art-de-seduire,The Art of Seduction,83.0,2011-07-27,FR,"Comedy, Romance",4.5,"Jean-François is a psychoanalyst in love with one of his patients. When she decides to stop therapy, Jean-François at last feels free to seduce the woman. Paralyzed when in front of his object of love, Jean-François accumulates blunders of every kind. He hence turns to Julien, one his patients who is in therapy to overcome his compulsive-obsessive flirting disorder. It's a totally absurd initiative on Jean-François's part. But, even so...",Guy Mazarguil,"Guy Mazarguil, Erick Malabry",Released,French,,
445039,https://www.themoviedb.org/movie/445039-donde-hay-patron,Donde hay patrón...,,1978-03-04,ES,"Comedy, Music",5.9,We don't have an overview translated in English. Help us expand our database by adding one.,Mariano Ozores Puchol,Mariano Ozores Puchol,Released,Spanish; Castilian,,
650670,https://www.themoviedb.org/movie/650670-match-64-the-maracana,Match 64: The Maracanã,58.0,2015-07-10,DE,Documentary,3.5,"A documentary following the day life of fans in Brazil on July 13, 2014: the day when Germany and Argentina met up in the finals of FIFA World Cup.",Daniel Gordon,,Released,English,,
452558,https://www.themoviedb.org/movie/452558,Paradox,101.0,2017-08-25,HK,"Action, Crime, Thriller",6.8,"When a Hong Kong police negotiator is informed about the sudden disappearance of his 16-year-old daughter in Thailand,  he travels there to search for her whereabouts.",Wilson Yip,"Jill Leung Lai-Yin, Nick Cheuk Yik-Him",Released,Cantonese,,
39828,https://www.themoviedb.org/movie/39828,Young and Dangerous,99.0,1996-02-17,CN,"Action, Crime",6.6,"Five young hoodlums sing karaoke, murder, joke around, get beaten up, win and lose women, and learn the value of blind loyalty.",Andrew Lau Wai-Keung,Manfred Wong Man-Chun,Released,Cantonese,,
1400119,https://www.themoviedb.org/movie/1400119-era-uma-vez-minha-1a-vez,Era Uma Vez Minha 1ª Vez,,2026-09-17,BR,"Comedy, Romance",0.0,We don't have an overview translated in English. Help us expand our database by adding one.,Claudia Castro,"Thalita Rebouças, João Paulo Horta",In Production,Portuguese,,
567976,https://www.themoviedb.org/movie/567976-svinhery-2,Swingers 2,90.0,2019-03-01,UA,Comedy,4.0,"Meet the crazy continuation of the erotic comedy ""Swingers 2"" directed by Andrei Ekis. The film is a continuation of 2018 movie, in which the main roles went to the stars Oli Polyakova, Dasha Astafieva and Mikhail Kukuyuk. Married couples in whom passion in an intimate life has long faded away, decided to take desperate steps and exchanged partners. After the events of the first part, time passed. And now Igor has a new problem: he has lost male power. The wife is trying by any means to regain her happiness. What came out of this?",Andrejs Ēķis,"Taras Borovok, Dmytro Naumov",Released,Ukrainian,350000.0,580000.0
505262,https://www.themoviedb.org/movie/505262-the-movie-2,My Hero Academia: Two Heroes,96.0,2018-08-03,JP,"Animation, Action, Adventure, Fantasy",7.9,"All Might and Deku accept an invitation to go abroad to a floating and mobile manmade city, called 'I-Island', where they research quirks as well as hero supplemental items at the special 'I-Expo' convention that is currently being held on the island. During that time, suddenly, despite an iron wall of security surrounding the island, the system is breached by a villain, and the only ones able to stop him are the students of Class 1-A.",Kenji Nagasaki,Yosuke Kuroda,Released,Japanese,12000000.0,27507549.0
1049,https://www.themoviedb.org/movie/1049-sommersby,Sommersby,109.0,1993-02-05,US,"Drama, Thriller, Mystery, Romance",6.4,"Set in the South just after the US Civil War, Laurel Sommersby is just managing to work the farm without her husband, believed killed in battle. By all accounts, Jack Sommersby was not a pleasant man, thus when he suddenly returns, Laurel has mixed emotions. It appears that Jack has changed a great deal, leading some people to believe that this is not actually Jack but an imposter. Laurel herself is unsure, but willing to take the man into her home, and perhaps later into her heart.",Jon Amiel,Sarah Kernochan,Released,English,30000000.0,140081992.0
9728,https://www.themoviedb.org/movie/9728-friday-the-13th-part-iii,Friday the 13th Part III,95.0,1982-08-13,US,"Horror, Thriller",5.9,"An idyllic summer turns into a nightmare of unspeakable terror for yet another group of naïve friends. Ignoring Camp Crystal Lake's bloody legacy, one by one they fall victim to the maniacal Jason, who stalks them at every turn...",Steve Miner,"Martin Kitrosser, Carol Watson",Released,English,2300000.0,36697702.0
232474,https://www.themoviedb.org/movie/232474-jecao-um-fofoqueiro-no-ceu,Jecão... Um Fofoqueiro no Céu,105.0,1977-03-25,BR,Comedy,6.9,We don't have an overview translated in English. Help us expand our database by adding one.,"Amacio Mazzaropi, Pio Zamuner","Amacio Mazzaropi, Pio Zamuner",Released,Portuguese,,
12448,https://www.themoviedb.org/movie/12448-the-hunchback-of-notre-dame-ii,The Hunchback of Notre Dame II,68.0,2002-03-19,US,"Animation, Family, Comedy, Romance",5.4,"Now that Frollo is gone, Quasimodo rings the bell with the help of his new friend and Esmeralda's and Phoebus' little son, Zephyr. But when Quasi stops by a traveling circus owned by evil magician Sarousch, he falls for Madellaine, Sarouch's assistant.",Bradley Raymond,"Victor Hugo, Jule Selbo, Cindy Marcus, Flip Kobler",Released,English,,
527435,https://www.themoviedb.org/movie/527435-the-christmas-chronicles,The Christmas Chronicles,104.0,2025-12-10,US,"Comedy, Adventure, Family, Fantasy",7.2,"Siblings Kate and Teddy try to prove Santa Claus is real, but when they accidentally cause his sleigh to crash, they have to save Christmas.",Clay Kaytis,Matt Lieberman,Released,English,,
339988,https://www.themoviedb.org/movie/339988-the-circle,The Circle,110.0,2017-06-22,KR,"Drama, Thriller, Science Fiction",5.5,"A young tech worker takes a job at a powerful Internet corporation, quickly rises up the company's ranks, and soon finds herself in a perilous situation concerning privacy, surveillance and freedom. She comes to learn that her decisions and actions will determine the future of humanity.",James Ponsoldt,"James Ponsoldt, Dave Eggers",Released,English,18000000.0,40651864.0
723591,https://www.themoviedb.org/movie/723591,Born in Jerusalem and Still Alive,8.0,2015-01-12,IL,Comedy,0.0,"Ronen Matalon, born and raised in Jerusalem. He start make a tour guide. His tour, called ""From Trauma to Fantasy"" leads people in the footsteps of terrorist attacks on Jaffa Street in Jerusalem, and attempts to touch upon the collective trauma of those days.",Yossi Atia,Yossi Atia,Released,Hebrew,,
505600,https://www.themoviedb.org/movie/505600-booksmart,Booksmart,102.0,2021-01-27,KR,Comedy,7.0,"Two academic teenage superstars realize, on the eve of their high school graduation, that they should have worked less and played more. Determined to never fall short of their peers, the girls set out on a mission to cram four years of fun into one night.",Olivia Wilde,"Katie Silberman, Sarah Haskins, Susanna Fogel, Emily Halpern",Released,English,6000000.0,24849029.0
301365,https://www.themoviedb.org/movie/301365-the-neon-demon,The Neon Demon,118.0,2016-10-20,KR,"Horror, Thriller",6.5,"When aspiring model Jesse moves to Los Angeles, her youth and vitality are devoured by a group of beauty-obsessed women who will take any means necessary to get what she has.",Nicolas Winding Refn,"Nicolas Winding Refn, Mary Laws, Polly Stenham",Released,English,7000000.0,3400000.0
8836,https://www.themoviedb.org/movie/8836-the-x-files-i-want-to-believe,The X-Files: I Want to Believe,104.0,2008-08-13,KR,"Mystery, Science Fiction, Thriller",5.9,Mulder and Scully are called back to duty by the FBI when a former priest claims to be receiving psychic visions pertaining to a kidnapped agent.,Chris Carter,"Chris Carter, Frank Spotnitz",Released,English,30000000.0,69363381.0
938008,https://www.themoviedb.org/movie/938008,The Killer,95.0,2022-07-13,KR,"Action, Crime, Thriller",7.6,"While his girlfriend is away on a trip, retired assassin Bang Ui-kang is tasked with looking after her friend's 17-year-old daughter. After a street attack, Bang Ui-kang becomes embroiled in a murder investigation and dangerous trafficking gang.",Choi Jae-hoon,Nam Ji-woong,Released,Korean,,595112.0
697265,https://www.themoviedb.org/movie/697265,War Note,72.0,2021-08-24,UA,"Documentary, War",8.0,"Personal videos from the phones, camcorders, cameras and GoPros of Ukrainian soldiers are woven into a surreal journey to the frontline of the war with Russia. The film shows a bizarre world whose laws are quite different from what we are used to. The behaviour is different, the relationships unfold differently and the humour takes on different notes. The heroes wake up and fall asleep, rejoice and cry, always feeling that the recording may end at any moment.",Roman Liubyi,,Released,Ukrainian,,
1159206,https://www.themoviedb.org/movie/1159206-father-mother-sister-brother,Father Mother Sister Brother,110.0,2025-12-31,KR,"Comedy, Drama",6.4,"Estranged siblings reunite after years apart, forced to confront unresolved tensions and reevaluate their strained relationships with their emotionally distant parents.",Jim Jarmusch,Jim Jarmusch,Released,English,,7693345.0
942913,https://www.themoviedb.org/movie/942913,Madhumas,118.0,2013-10-25,NP,Romance,0.0,"A happily married couple, Prem and Aagya, life is thrown into total chaos right on their anniversary when figures from their long-forgotten past suddenly reappear.",Sudarshan Thapa,,Released,Nepali,,
141670,https://www.themoviedb.org/movie/141670-el-espontaneo,The Rash One,96.0,1964-09-07,ES,Drama,6.0,"Paco is the boy buttons a luxury hotel. Usually do small businesses with the resale of tickets to bullfights tourists. By a misunderstanding is fired from his job. There is no use of his taste and wanders the Victoria Street taverns. Finally discovers his only chance in bulls, easy craft that believes and loves. The reality is very different and has to accept the truth which manifests itself in a very dramatic.",Jorge Grau,"Jorge Grau, Eduardo de Santis, Víctor Andrés Catena",Released,Spanish; Castilian,,
816904,https://www.themoviedb.org/movie/816904-momias,Mummies,88.0,2023-04-17,KR,"Animation, Adventure, Fantasy, Family",6.9,"Through a series of unfortunate events, three mummies end up in present-day London and embark on a wacky and hilarious journey in search of an old ring belonging to the Royal Family, stolen by ambitious archaeologist Lord Carnaby.",Juan Jesús García Galocha,"Jordi Gasull, Javier López Barreira",Released,Spanish; Castilian,12000000.0,53400000.0
2924,https://www.themoviedb.org/movie/2924-backdraft,Backdraft,137.0,1991-08-03,KR,"Drama, Thriller, Action, Crime",6.7,"Two feuding siblings carrying on a heroic family tradition as Chicago firefighters. But when a puzzling series of arson attacks is reported, they are forced to set aside their differences to solve the mystery surrounding these crimes.",Ron Howard,Gregory Widen,Released,English,75000000.0,152368585.0
15071,https://www.themoviedb.org/movie/15071-the-contractor,The Contractor,105.0,2026-06-19,KR,"Action, Adventure, Drama, Thriller",5.5,"Former CIA Operative James Dial is coaxed back into action to kill a terrorist in London, but it all goes wrong and he is forced into hiding, where he meets and befriends a 12 year old girl.",Josef Rusnak,"Joshua Michael Stern, Robert Foster",Released,English,,
1073449,https://www.themoviedb.org/movie/1073449-vong-nhi,The Unborn Soul,117.0,2023-02-03,VN,Horror,1.5,"A couple, Tung and Thao, who have an ideal life, stable finances, and love each other deeply, have been married for four years but have yet to conceive a child. However, one day, Thao finally becomes pregnant with their first child. Strange laughter, the presence of a little girl, and unexplainable mysterious occurrences begin happening in their home. Nightmares continue to haunt Thao, and she believes that some supernatural force is tormenting her. Desperate to ensure the safety of their child, Thao decides to seek the help of a sorcerer, only to discover that a series of accidents were triggered by a mistake from years ago.",Hoàng Tuấn Cường,NGÔ PHẠM HẠNH THUÝ,Released,Vietnamese,1000000.0,1050490.0
328480,https://www.themoviedb.org/movie/328480-kept-woman,Kept Woman,85.0,2015-02-28,US,"Thriller, TV Movie, Mystery",6.5,"Jessica and her fiancé Evan have just moved from the city into their dream home on a quiet suburban street. Soon after, Jessica catches her seemingly friendly new neighbor, Simon, in a strange lie and can't let her suspicions rest. The danger escalates when Simon lures her inside his home and imprisons Jessica in his secret bunker, meticulously decorated in the idealized style of the 1950s.",Michel Poulette,"James Taylor Phillips, Doug Barber",Released,English,,
429464,https://www.themoviedb.org/movie/429464-o-dia-em-que-marcio-roubou-um-roteiro-e-viraram-cafe-nele,A Really Crazy Wednesday,10.0,2016-12-16,BR,Comedy,0.0,Márcio steals a script and knocks coffee in it.,Leonardo Cappelatti,Leonardo Cappelatti,Released,Portuguese,,
339908,https://www.themoviedb.org/movie/339908-mas-que-alcanzar-una-estrella,Más que alcanzar una estrella,98.0,1992-06-16,MX,"Drama, Music",5.8,"Lalo, a humble mechanic with a great singing voice is discovered by the most famous pop group and launched to stardom, but he will be dazzled by fame and money, even forgetting his loved ones.",Juan Antonio de la Riva,,Released,English,,
28355,https://www.themoviedb.org/movie/28355-case-39,Case 39,109.0,2009-08-03,KR,"Horror, Mystery, Thriller",6.3,"In her many years as a social worker, Emily Jenkins believes she has seen it all, until she meets 10-year-old Lilith and the girl's cruel parents. Emily's worst fears are confirmed when the parents try to harm the child, and so Emily assumes custody of Lilith while she looks for a foster family. However, Emily soon finds that dark forces surround the seemingly innocent girl, and the more she tries to protect Lilith, the more horrors she encounters.",Christian Alvart,Ray Wright,Released,English,27000000.0,29000000.0
260550,https://www.themoviedb.org/movie/260550,Taste,96.0,2014-01-16,KR,Drama,5.2,"One man and five women?! Chic, innocent, sexy, tough and mysterious, take your pick. Myeong-tae was a hot shot in a stock firm who had everything from looks to a hot body but was fired for a mistake he made and is neglected by his hot shot wife. The women in the neighborhood who are always at home for different reasons, start looking out for him.","Gyeong Seok-Ho, Kyung Seokho",Park Seong-ho,Released,Korean,,
1137179,https://www.themoviedb.org/movie/1137179,Yadang: The Snitch,123.0,2025-04-16,KR,"Crime, Action, Comedy, Drama, Thriller",7.0,"Navigating both the criminal underworld and law enforcement agencies, professional snitches called ""yadang"" provide covert information about the drug world to prosecutors and police. When a drug bust at a party attended by high-profile second-generation VIPs entangles those involved into a dangerous conspiracy, a seasoned yadang must do everything in his power not just to make it out on top, but alive.",Hwang Byeong-gug,Kim Hyo-seok,Released,Korean,9500000.0,24508523.0
300494,https://www.themoviedb.org/movie/300494,A Bride from the North,75.0,1975-11-19,SU,"Comedy, Romance",6.4,"Artak has served his military service in the Russian countryside where he meets Valya. But Valya's mother refuses to send her only daughter to “these far highlands, where earthquakes happen all the time”. Artak is forced to ask his contrasting and numerous relatives –Armenian villagers– to visit a remote Russian village to bring a bride to Armenia.",Nerses Hovhannisyan,Zhora Arutyunyan,Released,Armenian,,
634528,https://www.themoviedb.org/movie/634528-the-marksman,The Marksman,108.0,2021-01-15,US,"Action, Drama, Thriller",6.8,"Jim Hanson’s quiet life is suddenly disturbed by two people crossing the US/Mexico border – a woman and her young son – desperate to flee a Mexican cartel. After a shootout leaves the mother dead, Jim becomes the boy’s reluctant defender. He embraces his role as Miguel’s protector and will stop at nothing to get him to safety, as they go on the run from the relentless assassins.",Robert Lorenz,"Robert Lorenz, Chris Charles, Danny Kravitz",Released,English,23000000.0,23076711.0
1230368,https://www.themoviedb.org/movie/1230368-springsteen-deliver-me-from-nowhere,Springsteen: Deliver Me from Nowhere,120.0,2026-01-23,KR,"Drama, Music",6.6,"Bruce Springsteen, a young musician on the cusp of global superstardom, struggles to reconcile the pressures of success with the ghosts of his past.",Scott Cooper,Scott Cooper,Released,English,55000000.0,45240624.0
665276,https://www.themoviedb.org/movie/665276,Onek Sadher Moyna,149.0,2014-11-07,BD,"Drama, Romance",7.0,"Moyna is a beautiful village girl, loved by both Moti an educated village boy and Mona a simple and silly village boy. Everything get changed when Moyna is lost from both of their lives. Will this love story be a happy ending or a tragedy or both ?",Jakir Hossain Raju,,Released,Bengali,,
151536,https://www.themoviedb.org/movie/151536-de-mesaventure-van-een-fransch-heertje-zonder-pantalon-aan-het-strand-te-zandvoort,The Misadventure of a French Gentleman Without Pants at the Zandvoort Beach,6.0,1905-07-27,NL,Comedy,5.2,"'Zandvoort in an uproar! On Saturday morning at roughly 10 o’clock, with beautiful weather and calm seas, a Frenchman sat in a beach chair to gaze upon the magnificent view that the sea always affords, until he slowly began to fall asleep’ So begins a report in the ‘Zandvoortsche Courant’ of July 25, 1905. The article explains how the man was faced with the oncoming tide, and – to the amazement of the audience – took off his trousers to prevent them from being ruined by the saltwater. While trying to escape from the policeman who had rushed to the scene, he jumps into a passing car, and hides out in a small changing cabin. Eventually he's nabbed by the police. Accompanied by a band and a large crowd, he is escorted to the police station. The article ends by saying that ‘Messrs. Alberts Frères’ had staged the whole incident for a film in which two of the most popular genres of that period - the locally-shot film and the chase film – would be combined.","Albert Mullens, Willy Mullens",,Released,Dutch; Flemish,,
1459092,https://www.themoviedb.org/movie/1459092-shelter,Shelter,16.0,2025-03-07,US,Documentary,0.0,"Shelter is a virtual reality documentary directed by Sjors Swierstra (The Netherlands) and co-directed by Ivanna Khitsinska (Ukraine) that offers an intimate look at the war in Ukraine. The film immerses the viewer in everyday scenes: from a tender conversation between pregnant women in an underground maternity ward in Kyiv to the heart-wrenching funeral of a soldier in Lviv. From the tense preparation of soldiers in a frontline barracks to the breathtaking performance of a symphony orchestra in a basement in Kharkiv.  In Shelter, the audience is invited to step into a virtual space with people from Ukraine, to witness moments of shared humanity and reflect on the cost of war.","Sjors Swierstra, Ivanna Khitsinska",,Released,Ukrainian,,
1195631,https://www.themoviedb.org/movie/1195631-william-tell,William Tell,133.0,2026-01-01,KR,"Action, Adventure, Drama, History",6.2,"The narrative unfolds in the 14th Century, when the European nations vie for supremacy within the Holy Roman Empire. The ambitious Austrian Empire, desiring more land, invades neighbouring Switzerland, a serene and pastoral nation. Protagonist William Tell, a formerly peaceful hunter, finds himself forced to take action as his family and homeland come under threat from the oppressive Austrian King and his ruthless warlords.",Nick Hamm,Nick Hamm,Released,English,,264637.0
621384,https://www.themoviedb.org/movie/621384,How to find the ideal?,85.0,2008-09-18,RU,"Romance, Comedy",0.0,"The main character is a young girl Masha, an employee of the bank and an incorrigible romantic. Her unlucky marriage breaks up, and the girl is trying to arrange her personal life. Masha meets three men. One is a famous TV presenter, the second is a famous musician, and the third is a scandalous politician. But ... disappointment follows disappointment. And as soon as the girl decides to start a new life, suddenly happiness comes in her life in the person of the long-awaited man whom she was looking for ...",Vira Yakovenko,"Yuri Timoshenkov, Ekaterina Latanova",Released,Russian,,
4241,https://www.themoviedb.org/movie/4241-q,Visitor Q,84.0,2001-03-17,JP,"Comedy, Drama, Horror, Thriller",6.3,"In a dysfunctional family where the mother is a heroin addict and prostitute, beaten by her son, and the father is an ex-TV reporter, sleeping with his daughter and filming his son being beaten up, ‘Q’, a complete stranger enters the bizarre family, changing their lives for the better, finding a balance in their disturbing natures.",Takashi Miike,Itaru Era,Released,Japanese,60400.0,
114478,https://www.themoviedb.org/movie/114478-starship-troopers-invasion,Starship Troopers: Invasion,89.0,2012-07-26,KR,"Animation, Action, Science Fiction",5.9,"The troopers of two starships have joined forces to terminate a massive bug attack at a Federation outpost. Before the mission can be completed and the survivors evacuated, one ship abruptly departs and goes inexplicably dark. The remaining battle-hardened troopers race to the rescue only to discover that the threat from the bugs is about to hit home.",Shinji Aramaki,Flint Dille,Released,English,,193425.0
593,https://www.themoviedb.org/movie/593,Solaris,167.0,1972-03-20,SU,"Drama, Science Fiction, Mystery",7.8,A psychologist is sent to a space station orbiting a planet called Solaris to investigate the death of a doctor and the mental problems of cosmonauts on the station. He soon discovers that the water on the planet is a type of brain which brings out repressed memories and obsessions.,Andrei Tarkovsky,"Andrei Tarkovsky, Stanisław Lem, Fridrikh Gorenshteyn",Released,Russian,,
58008,https://www.themoviedb.org/movie/58008-l-infermiera-di-notte,Night Nurse,96.0,1979-02-07,IT,Comedy,5.2,"A dentist invites a elderly patient to stay at his home to recover, unaware that he is a jewel thief. He plans to steal a valuable diamond but then runs into a beautiful nurse who, aside from constantly stripping nude, has plans of her own.",Mariano Laurenti,"Mariano Laurenti, Francesco Milizia",Released,Italian,,
4105,https://www.themoviedb.org/movie/4105-black-rain,Black Rain,125.0,1990-01-26,KR,"Drama, Action, Thriller",6.6,"Two New York cops get involved in a gang war between members of the Yakuza, the Japanese Mafia. They arrest one of their killers and are ordered to escort him back to Japan. However, in Japan he manages to escape, and as they try to track him down, they get deeper and deeper into the Japanese Mafia scene and they have to learn that they can only win by playing the game—the Japanese way.",Ridley Scott,"Craig Bolotin, Warren Lewis",Released,English,30000000.0,134212055.0
10663,https://www.themoviedb.org/movie/10663-the-waterboy,The Waterboy,90.0,1999-10-30,KR,Comedy,6.1,Bobby Boucher is a water boy for a struggling college football team. The coach discovers Boucher's hidden rage makes him a tackling machine whose bone-crushing power might vault his team into the playoffs.,Frank Coraci,"Adam Sandler, Tim Herlihy",Released,English,23000000.0,185991646.0
618353,https://www.themoviedb.org/movie/618353-dc-showcase-batman-death-in-the-family,DC Showcase - Batman: Death in the Family,31.0,2020-10-13,US,"Animation, Action",7.1,Tragedy strikes the Batman's life again when Robin Jason Todd tracks down his birth mother only to run afoul of the Joker. An adaptation of the 1988 comic book storyline of the same name.,Brandon Vietti,Brandon Vietti,Released,English,,
1538983,https://www.themoviedb.org/movie/1538983-100-kagiz,100 kağız,100.0,2015-04-07,AZ,Comedy,5.0,"The main storyline is built around a one-hundred-manat banknote. As the banknote passes from hand to hand, it continually changes owners, but in the end, in an unexpected twist, it belongs to no one. Those who come into possession of it represent different social classes and professions—among them a traffic police officer, a singer, a fortune-teller, a mullah, and others. Thus, the 100-manat note changes hands in various ways… and all these exchanges are accompanied by comic events.",Shahin Zakizade,"Shahin Zakizade, Farid Rzayev",Released,Azerbaijani,,
858683,https://www.themoviedb.org/movie/858683,Winter by the River,14.0,2020-12-01,US,,0.0,A young boy’s fantasy about love towards an older woman is disenchanted when he is faced with the reality of intimacy.,Shuyao Chen,Shuyao Chen,Released,Chinese,,
308702,https://www.themoviedb.org/movie/308702-simple-pleasures,Simple Pleasures,,1997-12-06,US,Documentary,0.0,"Simple Pleasures is a freestyle snowboard video that packs a punishing plethora of jumps, jibs and quality of filming into one little box. A world renowned cast of riders, a smooth soundtrack, and locations around the world will keep you stoked viewing after viewing. Look no further and enjoy the footages of excellence that Mack Dawg Productions is known is known for. Rated S for SIICKKKKK!!!",Mike McEntire,,Released,English,,
1075536,https://www.themoviedb.org/movie/1075536-suki,Suki,111.0,2023-02-24,PH,Drama,4.6,"A lady stripper and a gigolo promised each other that their work can't break them apart. But when lust and temptation come into the picture, they begin to question their vow.",Albert Langitan,Albert Langitan,Released,Tagalog,,
387426,https://www.themoviedb.org/movie/387426-okja,Okja,120.0,2017-06-29,KR,"Adventure, Drama, Science Fiction",7.3,"A young girl named Mija risks everything to prevent a powerful, multi-national company from kidnapping her best friend - a massive animal named Okja.",Bong Joon Ho,"Bong Joon Ho, Jon Ronson",Released,English,50000000.0,
176679,https://www.themoviedb.org/movie/176679,The Lin Family Shop,85.0,1959-10-06,CN,Drama,6.6,Financial and political pressures bankrupt a Chinese store owner.,Choui Khoua,"Mao Dun, Yan Xia",Released,Chinese,,
54663,https://www.themoviedb.org/movie/54663-starting-over,Starting Over,105.0,1979-10-05,US,"Comedy, Romance",6.4,"After divorcing his ambitious singer wife, a middle-aged man begins a new relationship with a teacher.",Alan J. Pakula,"Dan Wakefield, James L. Brooks",Released,English,10000000.0,35649012.0
429415,https://www.themoviedb.org/movie/429415-extinction,Extinction,96.0,2018-07-27,KR,"Action, Drama, Science Fiction, Thriller",6.0,"A chief mechanic at a factory, haunted by apocalyptic nightmares, becomes a hero when Earth is invaded by a mysterious army bent on destruction.",Ben Young,"Brad Kane, Spenser Cohen, Eric Heisserer",Released,English,,1451864.0
2440,https://www.themoviedb.org/movie/2440-jsa,Joint Security Area,108.0,2000-09-09,KR,"Drama, Thriller, Mystery",7.8,"Two North Korean soldiers are killed in the border area between North and South Korea, prompting an investigation by a neutral body. The sergeant is the shooter, but the lead investigator, a Swiss-Korean woman, receives differing accounts from the two sides.",Park Chan-wook,"Park Chan-wook, Sang-yeon Park, Jeong Seong-san, Lee Mu-yeong, Kim Hyun-seok",Released,Korean,12500000.0,
559638,https://www.themoviedb.org/movie/559638,An Affair: My Wife's Friend,71.0,2018-05-17,KR,Romance,5.8,"The wife's friend fills in for the wife on lonely nights!  Hyun-joo quits her job and gets kicked out of the house she can't pay for. In the end, she stays at Hye-jin's while she looks for a job.",Jo Tae-ho,,Released,Korean,,
853609,https://www.themoviedb.org/movie/853609-instinct,Instinct,,2020-10-21,IN,,0.0,We don't have an overview translated in English. Help us expand our database by adding one.,,,Released,Hindi,,
732300,https://www.themoviedb.org/movie/732300,Criminals,75.0,2015-08-01,US,"Crime, Comedy, Drama",5.5,"When casino heist goes wrong, Dato and Lasha must come up with large sum of money in 24 hours to pay off the crime boss and save their lives.",ბაჩო გოქაძე,,Released,Georgian,,
371608,https://www.themoviedb.org/movie/371608-the-strangers-prey-at-night,The Strangers: Prey at Night,86.0,2018-05-04,GB,"Horror, Thriller",5.7,"A family's road trip takes a dangerous turn when they arrive at a secluded mobile home park to stay with some relatives and find it mysteriously deserted. Under the cover of darkness, three masked killers pay them a visit to test the family's every limit as they struggle to survive.",Johannes Roberts,"Ben Ketai, Bryan Bertino",Released,English,12500000.0,32144262.0
978,https://www.themoviedb.org/movie/978-seven-years-in-tibet,Seven Years in Tibet,136.0,1997-12-20,KR,"Adventure, Drama, History",7.2,"Austrian mountaineer Heinrich Harrer journeys to the Himalayas without his family to head an expedition in 1939. But when World War II breaks out, the arrogant Harrer falls into Allied forces' hands as a prisoner of war. He escapes with a fellow detainee and makes his way to Lhasa, Tibet, where he meets the 14-year-old Dalai Lama, whose friendship ultimately transforms his outlook on life.",Jean-Jacques Annaud,"Heinrich Harrer, Becky Johnston",Released,English,70000000.0,131457682.0
1594873,https://www.themoviedb.org/movie/1594873-alterlife,ALTERLIFE,7.0,2025-12-11,US,,0.0,"While executing a plan to fake their deaths, two friends undergo a haunting existential crisis.",Aerie LaBoda,Aerie LaBoda,Released,English,,
268180,https://www.themoviedb.org/movie/268180-incendio,Fire,23.0,2011-05-05,PT,"Comedy, Drama",1.0,"“There must be a different solution than the one from hell’. Full unadulterated terror (and music). 'The best class always ends with a lesson'. Almost baroque in its ambition and detail, Akerman and Seabra Lopes’ mesmerising short film delves deeply into the hard-wired dread of music lessons. Sewn around Schubert’s steely Opus 1, which is itself based on the no less terrifying legend of Goethe's Erlkönig, their film is a revelation.” International Film Festival Rotterdam.","Miguel Seabra Lopes, Karen Akerman",,Released,Portuguese,,
8965,https://www.themoviedb.org/movie/8965-atlantis-milo-s-return,Atlantis: Milo's Return,80.0,2021-10-06,KR,"Fantasy, Animation, Science Fiction, Family, Action",6.3,Milo and Kida reunite with their friends to investigate strange occurances around the world that seem to have links to the secrets of Atlantis.,"Tad Stones, Toby Shelton, Victor Cook","Tad Stones, Henry Gilroy, Kevin Hopps, Steve Englehart, Marty Isenberg, Thomas Hart",Released,English,,
374205,https://www.themoviedb.org/movie/374205-one-piece-film-gold,One Piece Film: GOLD,120.0,2016-12-08,KR,"Action, Animation, Adventure, Comedy",7.2,"The glittering Gran Tesoro, a city of entertainment beyond the laws of the government, is a sanctuary for the world’s most infamous pirates, Marines, and filthy rich millionaires. Drawn by dreams of hitting the jackpot, Captain Luffy and his crew sail straight for the gold. But behind the gilded curtains lies a powerful king whose deep pockets and deeper ambitions spell disaster for the Straw Hats and the New World alike.",Hiroaki Miyamoto,"Tsutomu Kuroiwa, Clint Bickham",Released,Japanese,,66207073.0
325133,https://www.themoviedb.org/movie/325133-neighbors-2-sorority-rising,Neighbors 2: Sorority Rising,92.0,2016-05-20,US,Comedy,5.8,A sorority moves in next door to the home of Mac and Kelly Radner who have a young child. The Radner's enlist their former nemeses from the fraternity to help battle the raucous sisters.,Nicholas Stoller,"Andrew J. Cohen, Brendan O'Brien, Nicholas Stoller, Seth Rogen, Evan Goldberg",Released,English,35000000.0,108007109.0
1732090,https://www.themoviedb.org/movie/1732090,Muthu Engal Sothu,131.0,1983-12-09,IN,Drama,0.0,"Muthu works dutifully for Ramanadhan, unaware of the fact that he is his father. Ramanadhan hates his sons as they waste all his money on gambling and drinking.",G. N. Rangarajan,G. N. Rangarajan,Released,Tamil,,
381,https://www.themoviedb.org/movie/381-to-catch-a-thief,To Catch a Thief,106.0,1957-08-01,KR,"Mystery, Romance, Thriller",7.3,"When a string of jewel robberies hits the French Riviera, suspicion falls on retired thief John “The Cat” Robie. To clear his name, he sets out to trap the copycat himself—entangling a wealthy widow and her beguiling daughter in a seductive game of pursuit, deception, and desire.",Alfred Hitchcock,"David Dodge, John Michael Hayes",Released,English,2500000.0,8750000.0
913035,https://www.themoviedb.org/movie/913035-la-ultima-partida,The Last Game,17.0,2020-12-01,ES,Science Fiction,0.0,"Alvaro and his friends are about to play one of their RPGs, but a disturbing discovery will change the game forever.",Luis Belda,,Released,Spanish; Castilian,,
422124,https://www.themoviedb.org/movie/422124-o-amor-que-nao-ousa-dizer-seu-nome,O Amor Que Não Ousa Dizer Seu Nome,,2013-10-10,CL,Drama,0.0,We don't have an overview translated in English. Help us expand our database by adding one.,Bárbara Roma,Bárbara Roma,Released,Portuguese,,
1359005,https://www.themoviedb.org/movie/1359005,Per Aspera Ad Astra,111.0,2026-06-18,KR,"Science Fiction, Drama, Adventure",7.9,"Set in the near future, the story revolves around the emergence of the virtual dream reality technology ""Good Dreams"",  which allows people to do whatever they desire within their self-created dreams. However, a crisis triggered by these dreams quietly unfolds.",Han Yan,"Han Yan, 徐忱, 高璐, 刘达林, Huang Channing, 马佩斯",Released,Chinese,,
646749,https://www.themoviedb.org/movie/646749,The Carnal Sutra Mat,93.0,1986-12-12,HK,Comedy,5.3,"Adapted from the same infamous ancient text as the popular 1992 opus Sex and Zen, this film. Mei Yeung-sun is a man of letters who is less than thrilled with his sex life with his comely young wife Ti Yuk-xiang. Yet when Mei uncovers the family sex manual, their physical relationship improves considerably. So successful is the transformation that the two spend all of their time in the sack, much to the consternation of the girl's father. Later, Mei leaves home supposedly to become an official in the big city. In fact, Mei really plans to troll around the countryside and have sex with as many women as possible. Thanks to the advice of master thief Tsoi Kwun-lung, Mei visits a noted doctor and leaves the place with a massive newly installed penis. Brimming with cocksure confidence, he soon seduces lonely housewife Yim-fong. Her thuggish husband Kuan Low-si soon gets his revenge.",Ho Fan,,Released,Cantonese,,3070874.0
1207123,https://www.themoviedb.org/movie/1207123-3,White Snake: Afloat,133.0,2024-07-30,CN,"Animation, Romance, Comedy, Fantasy",8.0,"Xiaobai finally found Xu Xian, the reincarnation of Axuan, after 500 years, the two met on the Broken Bridge. Xiaobai and sister hid in the streets and alleys, started a lively life in human world with him and his brother-in-law Li Gongfu.","Li Jiakai, Chen Jianxi",Gary Wang,Released,Chinese,,59307515.0
1237331,https://www.themoviedb.org/movie/1237331,Быть человеком,,1973-01-01,SU,Drama,0.0,We don't have an overview translated in English. Help us expand our database by adding one.,Aleksandr Igishev,Boris Polovnikov,Released,Russian,,
1216663,https://www.themoviedb.org/movie/1216663-mau-retiro,Mau Retiro,,2022-12-10,BR,,0.0,We don't have an overview translated in English. Help us expand our database by adding one.,"Larissa Brujin, Tarcisio Gabriel, Amen Musbah, Julha, Ivan Nishitani",,Released,Portuguese,,
271443,https://www.themoviedb.org/movie/271443-les-guerisseurs,Les guérisseurs,90.0,1988-01-02,FR,,8.0,"Unable to resist the allure of the quick fix, a young West African executive falls for the mirage of financial success, too spectacular to be honest.",Sidiki Bakaba,Sidiki Bakaba,Released,French,,
426889,https://www.themoviedb.org/movie/426889-le-clitoris,Le Clitoris,4.0,2016-06-18,US,"Animation, Documentary",6.8,"Women are lucky, they get to have the only organ in the human body dedicated exclusively for pleasure: the clitoris! In this humorous and instructive animated documentary, find out its unrecognized anatomy and its unknown herstory.",Lori Malépart-Traversy,Lori Malépart-Traversy,Released,French,,
1103479,https://www.themoviedb.org/movie/1103479,The Shore of Hope,75.0,1967-05-29,SU,Drama,0.0,"The film is set on an island in the Pacific where a hydrogen bomb is being tested. A group of local fishermen die from radiation sickness. The inventor of the bomb, American scientist Thomas Sherwood, also receives a large dose of radiation and is now terminally ill. Once he professed the theory of ""redemption through his own suffering,"" but now, in the face of death, he realized that such atonement does not benefit anyone.",Mykola Vinhranovskyi,Aleksandr Levada,Released,Russian,,
152760,https://www.themoviedb.org/movie/152760-the-monuments-men,The Monuments Men,118.0,2014-02-27,KR,"War, Drama, History",6.1,"Based on the true story of the greatest treasure hunt in history, The Monuments Men is an action drama focusing on seven over-the-hill, out-of-shape museum directors, artists, architects, curators, and art historians who went to the front lines of WWII to rescue the world’s artistic masterpieces from Nazi thieves and return them to their rightful owners.  With the art hidden behind enemy lines, how could these guys hope to succeed?",George Clooney,"George Clooney, Robert M. Edsel, Bret Witter, Grant Heslov",Released,English,70000000.0,154984035.0
1087388,https://www.themoviedb.org/movie/1087388-sting,Sting,92.0,2024-10-29,KR,"Horror, Thriller",6.2,"After raising an unnervingly talented spider in secret, 12-year-old Charlotte must face the truth about her pet and fight for her family's survival.",Kiah Roache-Turner,Kiah Roache-Turner,Released,English,,2801252.0
1097556,https://www.themoviedb.org/movie/1097556,Larysa Kadochnikova. The War,70.0,2023-02-24,UA,Documentary,0.0,"Larysa Kadochnikova is a screen legend of Ukrainian cinema who played Marichka in Serhii Paradzhanov’s Shadows of Forgotten Ancestors. On 24 February 2022, when Russia launched a full-scale invasion of Ukraine, she refused to evacuate and stayed in Kyiv during the offensive. The film tells the story of her life in those dire times. The story of a new reality where the past, the present, the future, memories, meditations, and dreams intertwine as the war goes on…",Dmytro Tomashpolskyi,,Released,Ukrainian,,
1556834,https://www.themoviedb.org/movie/1556834-lost-horizon,Lost Horizon,93.0,2026-02-13,KR,"Action, Adventure, Thriller, War",6.1,"A former soldier, now working for hire, fights to rescue the innocent in a land torn by war. Facing ruthless enemies and betrayal, he struggles for survival, justice, and redemption.",Patrick Garcia,Patrick Garcia,Released,English,,
1168719,https://www.themoviedb.org/movie/1168719-silent-friend,Silent Friend,147.0,2026-04-15,KR,Drama,6.9,"In the heart of a botanical garden in a medieval university town in Germany stands a majestic ginkgo tree. This silent witness has observed over a century the quiet rhythms of transformation across three human lives. At three distinct moments across the 20th and 21st centuries, these people — each carrying their own questions and inner struggles — inevitably find themselves drawn into the presence of this tree, full of mystery and meaning.",Ildikó Enyedi,Ildikó Enyedi,Released,German,3000000.0,755049.0
10061,https://www.themoviedb.org/movie/10061-escape-from-l-a,Escape from L.A.,101.0,1996-09-21,KR,"Action, Thriller, Science Fiction",5.9,Into the 9.6-quaked Los Angeles of 2013 comes Snake Plissken. His job: wade through L.A.'s ruined landmarks to retrieve a doomsday device.,John Carpenter,"John Carpenter, Debra Hill, Kurt Russell",Released,English,50000000.0,42277365.0
3594,https://www.themoviedb.org/movie/3594-the-number-23,The Number 23,97.0,2007-03-22,KR,"Thriller, Mystery, Crime, Drama",6.4,"Animal control officer Walter Sparrow becomes obsessed with a novel that he believes was written about him, as more and more similarities between himself and his literary alter ego seem to arise.",Joel Schumacher,Fernley Phillips,Released,English,30000000.0,77677553.0
406952,https://www.themoviedb.org/movie/406952-et-ta-prostate-ca-va,How's Your Prostrate?,4.0,2016-11-09,PT,"Comedy, Animation",7.5,"A discussion between two girlfriends: one tells the other of the strange moment when, by the swimming pool, she got news of her father’s prostate, his erectile function, and then quite unexpectedly, his nighttime fantasies.","Cécile Rousset, Jeanne Paturle","Cécile Rousset, Jeanne Paturle, Cécile Mille",Released,French,,
1532466,https://www.themoviedb.org/movie/1532466-siniy-marshrut,Blue Route,66.0,1968-01-01,SU,Drama,0.0,"About a geology student who came to Mangyshlak Region for field practice, his introduction to work and the team, and his first life challenges.",Zhardem Baytenov,Olzhas Suleymenov,Released,Russian,,
1079346,https://www.themoviedb.org/movie/1079346-5lbs-of-pressure,5lbs of Pressure,111.0,2024-03-08,US,"Thriller, Crime, Romance, TV Movie",5.9,"Fresh out of prison after serving time for murder, Adam returns to his old stomping grounds to seek out a son who doesn't know him. Eli, the brother of the man he killed is looking for revenge. Mike, is trying to escape a life of crime living under the thumb of his gangster Uncle.",Phil Allocco,Phil Allocco,Released,English,,
4517,https://www.themoviedb.org/movie/4517-elizabeth-the-golden-age,Elizabeth: The Golden Age,114.0,2007-11-22,KR,"Drama, History, Romance",6.7,"When Queen Elizabeth's reign is threatened by ruthless familial betrayal and Spain's invading army, she and her shrewd adviser must act to safeguard the lives of her people.",Shekhar Kapur,"William Nicholson, Michael Hirst",Released,English,55000000.0,74237563.0
844,https://www.themoviedb.org/movie/844-2046,2046,128.0,2004-10-22,KR,"Drama, Science Fiction, Romance",7.2,Women enter and exit a science fiction author's life over the course of a few years after the author loses the woman he considers his one true love.,Wong Kar-Wai,Wong Kar-Wai,Released,Chinese,12000000.0,20205757.0
520023,https://www.themoviedb.org/movie/520023-bodies-bodies-bodies,Bodies Bodies Bodies,94.0,2023-01-13,KR,"Comedy, Mystery, Horror",6.1,"In an isolated family mansion, a group of rich 20-somethings decides to play Bodies Bodies Bodies, a game where one of them is secretly a ""killer"" while the rest tries to ""escape"". Things take a turn for the worse when real bodies start turning up, setting off a paranoid and dangerous chain of events.",Halina Reijn,Sarah DeLappe,Released,English,3000000.0,13929670.0
968077,https://www.themoviedb.org/movie/968077-venga-monjas-la-ferguson-party,Venga Monjas: La Ferguson Party,8.0,2013-10-13,ES,"Comedy, Horror",0.0,A collective descent into the hell of Barcelona party scene.,"Carlo Padial, Esteban Navarro, Xavier Daura",Carlo Padial,Released,English,,
666440,https://www.themoviedb.org/movie/666440,Fight Lah! Kopitiam,97.0,2020-01-30,MY,Comedy,4.0,"Kopitiam Ada Bukit Ada Air is very famous for its white coffee. But after the founder suffers from Alzheimer's disease, the white coffee's secret recipe has since lost. Now his son Bao Li Jin and wife try hard to maintain the kopitiam business and declining customers. But things got worse when an arrogant developer, Tao wants to acquire the kopitiam lot. Bao is forced to sell the shop, but he refuses. Bao ends up accepting a boxing match challenge by Tao. Now Bao will have to fight and win Tao in the match to keep the shop, can he win the match? Can their traditional kopitiam business return to its glory?",Matt Lai,,Released,Chinese,,
4978,https://www.themoviedb.org/movie/4978-an-american-tail,An American Tail,80.0,1986-11-21,US,"Adventure, Animation, Comedy, Drama, Family",6.8,"A young mouse named Fievel and his family decide to migrate to America, a ""land without cats,"" at the turn of the 20th century. But somehow, Fievel ends up in the New World alone and must fend off not only the felines he never thought he'd have to deal with again but also the loneliness of being away from home.",Don Bluth,"Judy Freudberg, Tony Geiss",Released,English,9000000.0,84542002.0
20856,https://www.themoviedb.org/movie/20856-aliens-in-the-attic,Aliens in the Attic,86.0,2009-07-31,US,"Adventure, Comedy, Family, Fantasy, Science Fiction",5.7,A group of kids must protect their vacation home from invading aliens.,John Schultz,"Mark Burton, Adam F. Goldberg",Released,English,45000000.0,57881056.0
1013763,https://www.themoviedb.org/movie/1013763-son-50-euros,It’s 50 euros,12.0,2021-12-24,ES,"Comedy, Action",0.0,"Two men meet for a coffee in a bar. As they talk, one explains to the other that he found 50 euros on the street that same morning. Then the other gives the most unwelcome answer: he has lost them.",David Junyent,David Junyent,Released,Catalan; Valencian,,
431530,https://www.themoviedb.org/movie/431530-a-bad-moms-christmas,A Bad Moms Christmas,104.0,2017-11-01,US,Comedy,6.3,"Amy, Kiki and Carla – three under-appreciated and over-burdened women – rebel against the challenges and expectations of the Super Bowl for mothers: Christmas. And if creating a more perfect holiday for their families wasn’t hard enough, they have to do all of that while hosting and entertaining their own mothers.","Scott Moore, Jon Lucas","Scott Moore, Jon Lucas",Released,English,28000000.0,130560428.0
886361,https://www.themoviedb.org/movie/886361,Длинный день Кольки Павлюкова,40.0,1968-01-01,SU,"Drama, Romance",9.0,"Kolya Pavlyukov lives in a small village. He can never find a job to his liking. But here in the village, many years after the Great Patriotic War, a front-line friend of the deceased father Kolya arrives. Only one day goes by, one long day...",Konstantin Bromberg,Valentina Malinovskaya,Released,Russian,,
806861,https://www.themoviedb.org/movie/806861,The Monster. One Moment Before the Eternity,18.0,2020-08-29,UA,Drama,8.0,"A story of a man - a father and a son, a defender and a soldier, who has to deal with life's challenges not only at war but also after it's over.",Kadim Tarasov,"Kadim Tarasov, Yuliia Cherniavska",Released,Ukrainian,,
48266,https://www.themoviedb.org/movie/48266-ma-mere,Ma mère,112.0,2004-05-19,FR,Drama,4.5,"After his father's death, a young man is introduced to a world of hedonism and depravity by his amoral mother.",Christophe Honoré,"Christophe Honoré, Georges Bataille",Released,French,,
728761,https://www.themoviedb.org/movie/728761-battlefield-orchid,Battlefield Orchid,,2012-10-20,CN,"War, Drama",0.0,We don't have an overview translated in English. Help us expand our database by adding one.,"Ma Delin, Qi Zhou","Zhongchi Tan, Yan Wu",Released,Chinese,,
748230,https://www.themoviedb.org/movie/748230-salem-s-lot,Salem's Lot,113.0,2024-09-25,US,Horror,6.0,Author Ben Mears returns to his childhood home of Jerusalem's Lot only to discover his hometown is being preyed upon by a bloodthirsty vampire.,Gary Dauberman,"Gary Dauberman, Stephen King",Released,English,,851156.0
4961,https://www.themoviedb.org/movie/4961-mimic,Mimic,105.0,1999-01-30,KR,"Horror, Science Fiction",6.1,"A disease carried by common cockroaches is killing Manhattan children. In an effort to stop the epidemic an entomologist, Susan Tyler, creates a mutant breed of insect that secretes a fluid to kill the roaches. This mutant breed was engineered to die after one generation, but three years later Susan finds out that the species has survived and evolved into a large, gruesome monster that can mimic human form.",Guillermo del Toro,"Guillermo del Toro, Matthew Robbins",Released,English,30000000.0,25480490.0
1655984,https://www.themoviedb.org/movie/1655984-foul,Foul,46.0,2006-01-01,BD,Comedy,0.0,"A village gathers a lot of money to buy a TV to watch the 2006 FIFA World Cup, but there are people who are supporting different country groups and creating havoc between them",Iftakher Ahmed Fahmi,"Iftakher Ahmed Fahmi, Mostofa Sarwar Farooki",Released,Bengali,,
13483,https://www.themoviedb.org/movie/13483-awake,Awake,84.0,2007-11-30,US,"Thriller, Crime, Mystery",6.6,"While undergoing heart surgery, a man experiences a phenomenon called ‘anesthetic awareness’, which leaves him awake but paralyzed throughout the operation. As various obstacles present themselves, his wife must make life-altering decisions while wrestling with her own personal drama.",Joby Harold,Joby Harold,Released,English,86000000.0,14373825.0
904803,https://www.themoviedb.org/movie/904803,Берегите хулиганов,63.0,2021-11-26,RU,Documentary,0.0,"The film, written by Roman Super and Ivan Proskuryakov, tells about the only circus in the world where difficult teenagers learn circus art and become real artists. Using its example, the Uppsala Circus project shows how creativity can give children the opportunity to live more interesting and successful lives. The film makes it clear to teenagers that there are places where they will be welcomed, and people who are ready to understand and help.",Ivan Proskuryakov,,Released,Russian,,
336882,https://www.themoviedb.org/movie/336882-bolgen,The Wave,105.0,2016-07-13,KR,"Action, Thriller, Drama",6.7,"Although theorised, no one is really ready when a mountain pass above the scenic and narrow Geiranger fjord in Norway collapses and creates a tsunami over 300 feet high. A geologist is one of those caught in the middle of it.",Roar Uthaug,"John Kåre Raake, Harald Rosenløw-Eeg",Released,Norwegian,5904067.0,12975143.0
1064307,https://www.themoviedb.org/movie/1064307-spermageddon,Spermageddon,80.0,2024-12-28,NO,"Animation, Adventure, Fantasy, Comedy",6.5,"Two narrative threads: one is an emerging love story between awkward teens Jens and Lisa, who are having sex for the first time; the other, an eventful quest of Simon the Semen and his friends to reach the golden goal, the Egg.","Tommy Wirkola, Rasmus A. Sivertsen","Tommy Wirkola, Vegar Hoel, Jesper Sundnes",Released,Norwegian,3000000.0,1333332.0
88486,https://www.themoviedb.org/movie/88486-le-regine,Queens of Evil,90.0,1970-12-11,IT,"Fantasy, Horror",5.8,"A young hippie kills a man, and seeks refuge at the lakeside house of three beautiful sisters, who seem to be hiding a dark secret.",Tonino Cervi,"Tonino Cervi, Antonio Troiso, Raoul Katz",Released,Italian,,
93522,https://www.themoviedb.org/movie/93522-santana-greatest-hits-live-at-montreux-2011,Santana: Greatest Hits - Live at Montreux 2011,168.0,2012-02-21,US,Music,7.8,"Carlos and the band have been frequent visitors to Montreux over the years and in 2011 they presented a stunning concert of their greatest hits, classic album tracks and brilliant cover versions from their debut album right up to 2010's Guitar Heaven . This is the ultimate Santana live concert and absolutely not to be missed.",,,Released,English,,
1104370,https://www.themoviedb.org/movie/1104370-cafe-frio,Cold Coffee,,2023-03-30,BR,Drama,10.0,"Every morning, Pedro carefully prepares coffee for Tiago, but even with all his extraordinary efforts, he is unable to prevent the drink from getting cold.","Camille Silva, Eduarda Soares","Camille Silva, Eduarda Soares",Released,Portuguese,,
1045249,https://www.themoviedb.org/movie/1045249-la-invitada,No Darkness Last Forever,83.0,2023-12-21,AR,"Horror, Thriller",0.0,"Ana, a young orphan moves to the house in the forest where her only friend lives. The ambition of her friend's father to take over the nearby lands will awaken an old pagan cult that will use Ana as their only option to protect the place.",Facundo Escudero Salinas,Facundo Escudero Salinas,Released,Spanish; Castilian,,
2405,https://www.themoviedb.org/movie/2405-joseph,Joseph,185.0,1996-05-24,DE,"Adventure, Drama, TV Movie",8.2,"Joseph, favored son of Jacob and great-grandson of Abraham, is sold into slavery by his jealous brothers. Rising to become prime minister of Egypt. Joseph governed the country during a seven year famine, during which his brothers visit Egypt seeking grain, only to encounter their brother, presumed long dead.",Roger Young,"James Carrington, Lionel Chetwynd",Released,English,10000000.0,
1210442,https://www.themoviedb.org/movie/1210442-dear-allie,Dear Allie,10.0,2024-04-26,US,Drama,0.0,"DEAR ALLIE is a film set in the early 2000s about a college student who works through the abandonment of her sister through Polaroids in a story about relationships, memories, and hope.",Maile Wing,Maile Wing,Released,English,1650.0,
15720,https://www.themoviedb.org/movie/15720-the-man-from-elysian-fields,The Man from Elysian Fields,106.0,2001-09-13,US,"Drama, Romance",5.9,"A failed novelist's inability to pay the bills strains relations with his wife and leads him to work at an escort service, where he becomes entwined with a wealthy woman whose husband is a successful writer.",George Hickenlooper,Phillip Jayson Lasker,Released,English,6500000.0,2006391.0
718800,https://www.themoviedb.org/movie/718800-souffle-court,Shortness of Breath,5.0,2018-12-06,FR,Animation,0.0,"Approaching a Supercross competition, Thomas, a young driver, is under pressure from his father who projects great hopes in him.","Pierre-Marie Adnet, Guillaume Pochez, Vincent Rouziere, Alessandro Vergonnier, Jean-Luc Dessertaine, Tristan Poulain",,Released,French,,
274965,https://www.themoviedb.org/movie/274965-le-vent-du-sud,Wind from the South,99.0,1975-01-02,DZ,Drama,10.0,"Néfissa, a student in Algiers, returns to her village in the south in the summer. Her father wants her to marry the mayor but she wants to continue her studies. Confronting her father and the opinion of the villagers who do not understand her, she decides to flee to Algiers. The shepherd Rabah discovering her wounded and lost in the mountains, has her treated by her mother. In contact with Nefissa, Rabat becomes aware of his exploited condition and discovers the possibilities offered to him by the cooperatives of the agrarian revolution. The two young people will go through the decisive stage together which will allow them to escape obscurantism and exploitation. Based on the novel ""Le vent du sud"" by Abdelhamid Benahouga",Mohamed Slimane Riad,"Mohamed Slimane Riad, Abdelhamid Benhedouga",Released,Arabic,,
176983,https://www.themoviedb.org/movie/176983-one-piece-film-z,One Piece Film: Z,108.0,2013-03-21,KR,"Animation, Fantasy, Action, Adventure",7.5,"Zephyr, now known as Z, rides the seas with only one goal: Destroy all pirates and their dreams at becoming King of Pirates. When Luffy and his crew encounter him at sea, not only are they utterly defeated by the man with an arm made of Seastone, Nami, Robin, and Chopper are turned 10 years younger due to Z's minion Ain. Luffy is so determined to win against him that he does not even notice Z's master plan that could sacrifice thousands of lives.",Tatsuya Nagamine,Osamu Suzuki,Released,Japanese,,74223861.0
58736,https://www.themoviedb.org/movie/58736-la-vache-et-le-prisonnier,The Cow and I,118.0,1959-12-16,FR,"War, Comedy, Adventure",6.7,"In 1942, a French prisonner of war in Germany decide to escape to France using a cow hold by a lunge as a decoy. He cross all Germany in this way.",Henri Verneuil,"Henri Verneuil, Jacques Antoine, Henri Jeanson, Jean Manse",Released,French,,
1242937,https://www.themoviedb.org/movie/1242937-the-dreadful,The Dreadful,94.0,2026-02-20,US,Horror,6.1,"In medieval England, Anne and her domineering mother-in-law Morwen struggle to survive on the outskirts of society. But when a man from Anne's past returns from war, a curse begins to take shape through a mysterious knight and threatens to destroy them all.",Natasha Kermani,Natasha Kermani,Released,English,,
12104,https://www.themoviedb.org/movie/12104-pink-floyd-the-wall,Pink Floyd: The Wall,95.0,1999-05-22,KR,"Music, Drama",7.9,A troubled rock star descends into madness in the midst of his physical and social isolation from everyone.,Alan Parker,Roger Waters,Released,English,12000000.0,22244207.0
10860,https://www.themoviedb.org/movie/10860-steel-magnolias,Steel Magnolias,118.0,1989-11-15,US,"Comedy, Drama, Romance",7.2,"A young beautician, newly arrived in a small Louisiana town, finds work at the local salon, where a small group of women share a close bond of friendship and welcome her into the fold.",Herbert Ross,Robert Harling,Released,English,15000000.0,95904091.0
1073,https://www.themoviedb.org/movie/1073-arlington-road,Arlington Road,117.0,1999-10-16,KR,"Crime, Drama, Thriller, Mystery",7.0,"Bedraggled college professor Michael Faraday has been vexed — and increasingly paranoid — since his wife's accidental death in a botched FBI operation. When a seemingly all-American couple set up house next door, Michael begins to suspect there’s more to them than meets the eye.",Mark Pellington,Ehren Kruger,Released,English,31000000.0,41100000.0
267023,https://www.themoviedb.org/movie/267023-feketeorszag,BLACKland,143.0,2006-01-01,HU,Comedy,5.0,"The film is a stage play hybrid showcasing dark and absurd sketches based on contemporary Hungarian news of the 2000's with campy, senseless musical interludes in-between. Highly experimental in nature that - like Marmite - will split its' crowd into ones that'll love it and others that'll loathe it. There's no middle grounds here.  The topics included are: The Hungarian Olympians' doping scandal, political terrorism, the national elections... and more.",Árpád Schilling,Márton Ágh,Released,Hungarian,,
411301,https://www.themoviedb.org/movie/411301-el-rufian,The Ruffian,120.0,1961-09-07,AR,"Crime, Thriller",5.3,An amnesiac carnival psychic is haunted by the thought that a man is coming to kill her.,Daniel Tinayre,Eduardo Borrás,Released,Spanish; Castilian,,
359169,https://www.themoviedb.org/movie/359169,Underground Fragrance,75.0,2016-01-06,FR,Drama,5.3,The lives of three people entwine in Beijing's Underground City.,Peng Fei,"Peng Fei, Isabelle Mayor",Released,Chinese,,
1487116,https://www.themoviedb.org/movie/1487116-meo-con,Kitten,10.0,1966-06-01,VN,Animation,0.0,The story follows a young Kitten from the time it is small and innocent until it grows up and becomes strong enough to defeat the evil old Rat.,Ngô Mạnh Lân,,Released,Vietnamese,,
617283,https://www.themoviedb.org/movie/617283,Suntali,110.0,2014-10-06,KR,"Comedy, Drama",0.0,"As a powerful village matriarch prepares for her son’s wedding, the return of his former lover seeking revenge ignites a battle of power, pride, and long-buried secrets that threatens to divide the entire community.",Bhaskar Dhungana,Prawin Adhikari,Released,Nepali,,
339849,https://www.themoviedb.org/movie/339849-not-without-hope,Not Without Hope,119.0,2025-12-12,US,"Thriller, Drama",6.5,A group of friends' fishing boat capsizes off the coast of Mexico and they're left alone stranded at sea and struggling for survival.,Joe Carnahan,"Joe Carnahan, Jere Longman, Nick Schuyler, E. Nicholas Mariani",Released,English,18000000.0,
1614360,https://www.themoviedb.org/movie/1614360-jonni-driver,Jonni Driver,,2013-10-21,BR,Documentary,0.0,We don't have an overview translated in English. Help us expand our database by adding one.,Estevan Silveira,,Released,Portuguese,,
783675,https://www.themoviedb.org/movie/783675-the-first-slam-dunk,The First Slam Dunk,125.0,2023-01-04,KR,"Animation, Comedy, Drama",7.8,"Shohoku's “speedster” and point guard, Ryota Miyagi, always plays with brains and lightning speed, running circles around his opponents while feigning composure. In his second year of high school, Ryota plays with the Shohoku High School basketball team along with Sakuragi, Rukawa, Akagi, and Mitsui as they take the stage at the Inter-High School National Championship. And now, they are on the brink of challenging the reigning champions, Sannoh Kogyo High School.",Takehiko Inoue,Takehiko Inoue,Released,Japanese,,258000000.0
1323909,https://www.themoviedb.org/movie/1323909-red-riding,Red Riding,86.0,2026-03-07,GB,"Horror, Thriller",5.6,"After her mother's overdose, teen Red Riding moves from London to her estranged grandmother's Scottish estate, where dark family secrets, missing children, and a monstrous wolf blur reality, forcing her to fight for survival.",Craig Conway,Peter Stylianou,Released,English,635000.0,
129386,https://www.themoviedb.org/movie/129386-lowenzahn-die-reise-ins-abenteuer,Löwenzahn - Die Reise ins Abenteuer,68.0,2005-10-16,DE,Family,6.3,We don't have an overview translated in English. Help us expand our database by adding one.,Hannes Spring,,Released,German,,
1728870,https://www.themoviedb.org/movie/1728870-cenduai,Cenduai,,2023-01-01,MY,,0.0,This story is about the superstitious practice of using cenduai love oil which can make the face of the person who uses it become beautiful. Chalit was born with physical and facial deformities. The disability is believed to stem from a curse on his mother's lineage that has lasted for centuries. Midwife Esah is threatened to keep this condition secret.,Dato Jurey Latiff Rosli,,Released,English,,
283400,https://www.themoviedb.org/movie/283400-zwei-auf-der-strasse,Zwei auf der Straße,,1987-02-24,DE,Drama,10.0,We don't have an overview translated in English. Help us expand our database by adding one.,Erwin Keusch,,Released,German,,
458594,https://www.themoviedb.org/movie/458594-peppermint,Peppermint,102.0,2019-04-11,KR,"Action, Thriller",6.7,"A grieving mother transforms herself into a vigilante following the murders of her husband and daughter, eluding the authorities to deliver her own personal brand of justice.",Pierre Morel,Chad St. John,Released,English,25000000.0,53918723.0
457,https://www.themoviedb.org/movie/457-sissi,Sissi,102.0,1955-12-22,DE,"Comedy, Drama, Romance",7.3,"The young Bavarian princess Elisabeth, who all call Sissi, goes with her mother and older sister Néné to Austria where Néné will be wed to an emperor named Franz Joseph, Yet unexpectedly Franz runs into Sissi while out fishing and they fall in love.",Ernst Marischka,Ernst Marischka,Released,German,6000000.0,
301502,https://www.themoviedb.org/movie/301502-blonde,Blonde,167.0,2022-09-28,KR,Drama,5.9,"From her volatile childhood as Norma Jeane, through her rise to stardom and romantic entanglements, this reimagined fictional portrait of Hollywood legend Marilyn Monroe blurs the lines of fact and fiction to explore the widening split between her public and private selves.",Andrew Dominik,"Andrew Dominik, Joyce Carol Oates",Released,English,22000000.0,
1295722,https://www.themoviedb.org/movie/1295722-les-k-d-or,Les K d'Or,96.0,2026-03-11,FR,Comedy,4.2,"Noah, who grew up believing he’s Gaddafi’s secret son, is now a treasure hunter obsessed with finding the Libyan leader’s lost gold, scattered across the Sahel after his death. To reach it, he teams up with Zoulika—formerly Louise—an endearing, unpredictable firebrand freshly out of civic reintegration camp. Their cover: joining forces with Ryan, a 52-year-old conservative, visually impaired late bloomer determined to run the legendary Marathon des Sables. Noah wants his father’s gold, Zoulika wants to slip across the border, and Ryan wants to fulfill a childhood dream. Off they go, heading straight into the Sahel.",Jérémy Ferrari,"Jérémy Ferrari, Clément Peny, Saïd Belktibia",Released,French,,
1036860,https://www.themoviedb.org/movie/1036860-j-k,JK Slayer,60.0,2012-04-11,JP,"Action, Adventure",10.0,"Mikoto was once a warrior God who rebelled against the Lord of Hell. He banished Mikoto, inserting her soul into the body of a high school student, condemning her to live among humans exterminating demons.",Kanzo Matsuura,,Released,Japanese,,
1525373,https://www.themoviedb.org/movie/1525373-babel,Babel,11.0,2025-10-09,NL,,0.0,"In Chinatown, a woman wrestles with the immigration system to bring her 5-year-old daughter to the US. When a neighbor’s undocumented status threatens her case, she must decide if saving one family is worth sacrificing another.",Jaap Deinum,,Released,English,,
1564937,https://www.themoviedb.org/movie/1564937-mamasan,Mamasan,75.0,2026-05-08,KR,"Drama, Romance",6.0,"A seasoned woman and a budding one collide when passion ignites between them. Tanya, a mamasan, protects Pinky, the new girl in the bar, until she discovers her boyfriend Ador is having an affair with her.",Topel Lee,Frederick Castro,Released,Tagalog,,
9038,https://www.themoviedb.org/movie/9038-the-heartbreak-kid,The Heartbreak Kid,116.0,2008-02-27,KR,"Comedy, Romance",5.8,"Eddie, the 40-year-old confirmed bachelor finally says ""I do"" to the beautiful and sexy Lila. But during their honeymoon in Mexico, the woman of his dreams turns out to be a total nightmare, and the guy who could never pull the trigger realizes he’s jumped the gun.","Bobby Farrelly, Peter Farrelly","Bobby Farrelly, Peter Farrelly, Kevin Barnett, Leslie Dixon, Scot Armstrong",Released,English,60000000.0,128453183.0
8390,https://www.themoviedb.org/movie/8390-definitely-maybe,"Definitely, Maybe",112.0,2008-02-14,US,"Comedy, Romance",6.9,"When Will decides to tell his daughter the story of how he met her mother, he discovers that a second look at the past might also give him a second chance at the future.",Adam Brooks,Adam Brooks,Released,English,,55447968.0
285495,https://www.themoviedb.org/movie/285495-mort-d-un-president,Mort d'un président,,2011-04-12,FR,,5.5,We don't have an overview translated in English. Help us expand our database by adding one.,Pierre Aknine,,Released,French,,
300520,https://www.themoviedb.org/movie/300520-ejfelkor,At Midnight,90.0,1957-12-25,HU,Drama,7.0,"On New Year's Eve in 1956 the artist couple, the actor János and the dancer Viki are hastily packing. While they are waiting for the car, which is to take them across the border, their entire life is replayed in front of their eyes.",György Révész,"György Révész, Iván Boldizsár, László Bánk, Péter Szász",Released,Hungarian,,
1226281,https://www.themoviedb.org/movie/1226281-pantasya-ni-tami,Pantasya ni Tami,114.0,2024-12-13,KR,"Drama, Romance",4.0,"Tami, with the help of her fubu photographer, Ken, sells sexy photos of herself. When she meets her fan, Gelo, who loves her as she is, she is torn whether to leave cosplaying or leave Gelo.","Easy Ferrer, Topel Lee",Don Santella,Released,Tagalog,,
1396990,https://www.themoviedb.org/movie/1396990-spid-star,Спид Стар,92.0,2024-12-04,RU,Drama,0.0,"In 2009, the stallion Speed ​​Star is brought to Yakutsk from Moscow to take part in the races. At this time, childhood friends Egor and Kolya are working in a small stable. Egor has just dropped out of school, lives right in the stable and finds solace in communicating with horses. His parents and brothers do not understand him, believing that he is doing a worthless job. Ambitious and ambitious Kolya believes that in racing everything depends on the speed and agility of the horse, not considering it necessary to find a common language with them. Egor, on the contrary, always communicates with horses and sees the beauty of nature in them.",Alexey Ambrosyev,Alexey Ambrosyev,Released,Russian,,
387843,https://www.themoviedb.org/movie/387843,An Affair: A Dangerous Sexual Play,,2014-11-27,KR,"Drama, Romance",6.0,"Ga-eul is six years into her marriage but her trouble with her husband brings her to depend on alcohol. Hee-mang is a writer who lives next door but can't stand the fighting going on at Ga-eul's house and makes his way over there one day. Ever since then, Ga-eul goes over to Hee-mang's house to have sex everytime she fights with her husband. Hee-mang is confused at her behavior and gradually falls for her. Then Ga-eul slowly resolves things with her husband but Hee-mang asks to talk with the three of them...",Lee Min-hwan,,Released,Korean,,
533160,https://www.themoviedb.org/movie/533160-diplom-isi,Diploma Thesis,16.0,1979-01-01,SU,Comedy,0.0,"The sculptor Mahmud, an art student comes to his grandmother's village for vacation. He chooses his cousin Zumrad as a living model for his diploma work. When the work has finished, the relatives of Zumrad demand Mahmud to marry her. A young artist runs away. After all, he can't marry all the models he's working with...",Dzhakhangir Mekhdiev,"Dzhakhangir Mekhdiev, Aleksandr Ebanoidze, Asim Jalilov",Released,Azerbaijani,,
518727,https://www.themoviedb.org/movie/518727,Bad Bad Winter,84.0,2018-05-09,FR,"Drama, Thriller",4.7,"After the passing of her grandmother, a businessman's daughter goes back to her birthplace. After a little while, she receives the visit of her former classmates but their reunion take an unexpected turn. The guests tells her that they need some money to cover the murder they've committed.",Olga Korotko,Olga Korotko,Released,Russian,,
801688,https://www.themoviedb.org/movie/801688-2898,Kalki 2898-AD,176.0,2024-10-08,KR,"Drama, Action, Fantasy, Science Fiction",6.4,"In the year 2898 AD, around 6000 years after Kurukshetra war, Ashwatthama gears up for his final battle of redemption at the sign of hope in a dystopian world and Bhairava, a wisecracking and self-interested bounty hunter, tired of the perilous life becomes the hurdle in the process.",Nag Ashwin,Nag Ashwin,Released,Telugu,75000000.0,141000000.0
488108,https://www.themoviedb.org/movie/488108-el-tango-vuelve-a-paris,The Tango Returns to Paris,85.0,1948-01-16,AR,"Drama, Music",7.0,"Obsessed by a Mexican singer, an Argentine doctor arrives in Paris; Far from his land he begins to find his true identity transforming into a singer of tangos.",Manuel Romero,Manuel Romero,Released,Spanish; Castilian,,
1159758,https://www.themoviedb.org/movie/1159758-desencontro,DesEncontro,6.0,2023-07-12,BR,Comedy,0.0,Based on Luis Fernando Verissimos’s Grande Edgar,"Bruno Pontes, Luísa Santana, Fernanda Fernandes","Bruno Pontes, Luísa Santana, Fernanda Fernandes, Fernando Portella, Victor Selivon, Emili Araujo, Luanna Bravo",Released,Portuguese,,
365172,https://www.themoviedb.org/movie/365172-hajnali-laz,Fever at Dawn,110.0,2015-11-06,HU,Drama,6.5,"The story of a love born in the strangest of circumstances between two long-suffering survivors of the hell that was the Holocaust. Their love overcomes all obstacles in its path, including death – when it eventually comes. Set in the Swedish rehabilitation camps during the autumn and winter of 1945.",Péter Gárdos,Péter Gárdos,Released,Hungarian,,
570,https://www.themoviedb.org/movie/570-a-ma-soeur,Fat Girl,86.0,2004-08-20,KR,Drama,6.2,"Anaïs is twelve and bears the weight of the world on her shoulders. She watches her older sister, Elena, whom she both loves and hates. Elena is fifteen and devilishly beautiful. Neither more futile, nor more stupid than her younger sister, she cannot understand that she is merely an object of desire. And, as such, she can only be taken. Or had. Indeed, this is the subject: a girl's loss of virginity. And, that summer, it opens a door to tragedy.",Catherine Breillat,Catherine Breillat,Released,French,,766000.0
315008,https://www.themoviedb.org/movie/315008-snl-presents-a-very-gilly-christmas,SNL Presents: A Very Gilly Christmas,103.0,2009-12-17,US,"Comedy, TV Movie",7.4,"Holiday special including brand-new material with Alec Baldwin, Steve Martin, the infamous troublemaker ""Gilly,"" and others. The special also features favorite holiday-themed sketches from SNL's 35-year history.","Don Roy King, Akiva Schaffer, Paul Miller, David H. Brooks, John Solomon, Beth McCarthy-Miller, Chel White",,Released,English,,
1731122,https://www.themoviedb.org/movie/1731122-the-odyssemen,The Odyssemen,20.0,2026-07-17,US,"Fantasy, Music, Comedy, Drama, Action, Adventure",0.0,"After undergoing the split of Meiosis, meiosisters Orchis and Semes awaken as sperm in the ethereal land of Test, where the annual Testy Festy welcomes them to what seems like heaven. Things take a turn when Seed, a strange sperm donning a condom mask, claims that their paradise is a lie and calls for the start of the Great Jac, a taboo event prophesied to lead either to the Promised Unknown or to death. A sperm civil war breaks out as rebels and loyalists fight over whether their world is truly heaven or merely the prelude to something far greater...",Minh Ngô,Minh Ngô,Released,English,1500.0,
1705737,https://www.themoviedb.org/movie/1705737-redemptions,Redemptions,,2026-07-29,CA,"Drama, Thriller, Crime",0.0,"Marcel, a retired hitman, is forced back into action and commits two murders in Montreal. In doing so, he unwittingly sets in motion a chain of unforeseen events that will ultimately endanger the life of his own daughter in Paris.",Luc Picard,Luc Picard,Released,French,,
78980,https://www.themoviedb.org/movie/78980,Koyil Kaalai,,1993-01-14,IN,"Drama, Action",0.0,"Upili, a dedicated person towards serving the village temple, marries Arasaee who plans to embarrass him while joining hands with Sundaralingam, a fraudster.",Gangai Amaran,Gangai Amaran,Released,Tamil,,
602143,https://www.themoviedb.org/movie/602143,Unmaiyen Velicham,138.0,2019-05-10,IN,"Drama, Thriller",0.0,"A thriller film directed by PK Sivakumar, starring Kirthi Krishna, Nizhalgal Ravi and Vijay Aathik in the lead roles.",,,Released,Tamil,,
459187,https://www.themoviedb.org/movie/459187,Story of Taipei,118.0,2017-05-19,TW,"Comedy, Drama, Crime",5.0,"Limitless lies, betrayals and temptations revealed by an accidental car crash. A huge storm is about to happen in Taipei and we're all inside it!",Huang Ying-hsiung,Huang Ying-hsiung,Released,Chinese,,
875202,https://www.themoviedb.org/movie/875202-el-nido,The Nest,13.0,2020-10-12,PE,Drama,0.0,A boy hits a nest while playing around some trees. He asks for help to an older man whose intentions are different than the child imagined.,Gabriel Páucar Vásquez,Gabriel Páucar Vásquez,Released,Spanish; Castilian,,
10665,https://www.themoviedb.org/movie/10665-the-strangers,The Strangers,86.0,2008-07-02,KR,Horror,6.1,"After a 4 a.m. knock at the door and haunting voices, Kristen McKay and James Hoyt’s remote getaway becomes a psychological night of terror as three masked strangers invade. Now they must go far beyond what they thought themselves capable of if they hope to survive.",Bryan Bertino,Bryan Bertino,Released,English,9000000.0,83051676.0
1241750,https://www.themoviedb.org/movie/1241750-mapanukso,Mapanukso,95.0,2025-05-16,KR,Drama,5.9,Story about a group of five macho dancers navigating their own lives and the women who would do anything to keep them by their side.,Jose Abdel Langit,,Released,Tagalog,,
356549,https://www.themoviedb.org/movie/356549,Agnee,124.0,2014-02-14,BD,"Romance, Action, Adventure",5.0,An incognito serial killer in Thailand seeks out revenge on the crime lord that killed her family.,Iftakar Chowdhury,,Released,Bengali,31600.0,45000.0
164457,https://www.themoviedb.org/movie/164457-out-of-the-furnace,Out of the Furnace,116.0,2015-05-14,KR,"Thriller, Drama, Crime",6.6,"Two brothers live in the economically-depressed Rust Belt, when a cruel twist of fate lands one in prison. His brother is then lured into one of the most violent crime rings in the Northeast.",Scott Cooper,"Scott Cooper, Brad Ingelsby",Released,English,22000000.0,15400000.0
481551,https://www.themoviedb.org/movie/481551-nam-sau-con-l-i-v,Năm Sau Con Lại Về,,2014-01-18,VN,,0.0,We don't have an overview translated in English. Help us expand our database by adding one.,,,Released,Vietnamese,,
1254800,https://www.themoviedb.org/movie/1254800-le-cri-des-gardes,The Fence,107.0,2026-04-08,FR,Drama,5.5,"In a vast public works project in West Africa, Horn, the construction site manager, and Cal, a young engineer, share lodging behind the fences that envolve all the compound. Leone, Horn’s recent bride, comes to join them the same night that a man appears at the fence. His name is Alboury. He is determined to stay there until they return the body of his brother to him, who was killed on the site.",Claire Denis,"Claire Denis, Andrew Litvack, Suzanne Lindon",Released,French,,
1402281,https://www.themoviedb.org/movie/1402281-szemet-szemert,Szemet szemért,,1986-03-22,HU,"Drama, TV Movie, Crime",2.0,"Vilmos Gonda, a former bomb expert, wants revenge for the rape of his daughter Mari at a house party. Gonda even sheds human blood for this, but he has no idea that his daughter is also responsible for what happened, and she does not want to press charges. In fact, she feels it is more important to assert herself in this kind of friendship at any cost...","Csaba Damenija, Szinetár Gábor","Csaba Damenija, Szinetár Gábor, György Schwajda",Released,Hungarian,,
27064,https://www.themoviedb.org/movie/27064-mishima-a-life-in-four-chapters,Mishima: A Life in Four Chapters,121.0,1985-09-20,US,Drama,7.8,"A fictional account of the life of Japanese author Yukio Mishima, combining dramatizations of three of his novels and a depiction of the events of November 25th, 1970.",Paul Schrader,"Paul Schrader, Chieko Schrader, Yukio Mishima, Jun Shiragi, Leonard Schrader",Released,Japanese,5000000.0,502758.0
411873,https://www.themoviedb.org/movie/411873-the-little-hours,The Little Hours,90.0,2018-04-16,KR,Comedy,5.9,"Garfagnana, Italy, 1347. The handsome servant Masseto, fleeing from his vindictive master, takes shelter in a nunnery where three young nuns, Sister Alessandra, Sister Ginevra and Sister Fernanda, try unsuccessfully to find out what their purpose in life is, a conundrum that each of them faces in different ways.",Jeff Baena,"Jeff Baena, Giovanni Boccaccio",Released,English,,1647675.0
1211726,https://www.themoviedb.org/movie/1211726-krasnyy-shyolk,Red Silk,145.0,2026-05-13,KR,"Action, Adventure, Mystery",6.9,"1927. Trans-Siberian Express. Secret documents that will determine the future of the USSR and China are being transported across Russia. Under the guise of ordinary passengers, foreign intelligence officers and real thugs are hiding, ready to do anything for the sake of documents. A young Red Army soldier and a former Tsarist agent have to team up to uncover a common enemy.",Andrey Volgin,"Ilya Kozhukhar, Aleksey Kolmogorov, Mariya Nefyodova",Released,Russian,,
1093457,https://www.themoviedb.org/movie/1093457,Cupid and Demon,84.0,1994-01-01,UA,"Adventure, History",8.0,"The story is based on the true story of a Lviv antique collector who collaborated with the KGB in the postwar years in Western Ukraine. The property seized from the masters was deposited in his collection and, at his will, after the owner's death, was transferred to the Hermitage.",Mykola Fedyuk,"Mykola Fedyuk, Yuri Andrukhovych",Released,Ukrainian,,
256040,https://www.themoviedb.org/movie/256040,Bāhubali: The Beginning,159.0,2016-11-10,KR,"Action, Drama",7.6,"The young Shivudu is left as a foundling in a small village by his mother. By the time he’s grown up, it has become apparent that he possesses exceptional gifts. He meets the beautiful warrior princess Avanthika and learns that her queen has been held captive for the last 25 years. Shividu sets off to rescue her, discovering his own origins in the process.",S. S. Rajamouli,S. S. Rajamouli,Released,Telugu,25130430.0,90747520.0
1117272,https://www.themoviedb.org/movie/1117272-vice-news-presents-cult-of-elon,VICE News Presents: Cult of Elon,67.0,2023-04-24,US,Documentary,5.0,How Elon Musk became the most influential businessman in history by building a powerful cult of personality.,Arthur Randell,,Released,English,,
284427,https://www.themoviedb.org/movie/284427-who-am-i-kein-system-ist-sicher,Who Am I,105.0,2016-10-25,KR,Thriller,7.6,"Benjamin, a young German computer whiz, is invited to join a subversive hacker group that wants to be noticed on the world's stage.",Baran bo Odar,"Baran bo Odar, Jantje Friese",Released,German,,7700259.0
1109255,https://www.themoviedb.org/movie/1109255-parthenope,Parthenope,137.0,2025-09-24,KR,Drama,6.7,"Parthenope, born in the sea near Naples in 1950, is beautiful, enigmatic, and intelligent. She is shamelessly courted by many. However, beauty comes at a cost.",Paolo Sorrentino,Paolo Sorrentino,Released,Italian,32000000.0,10361110.0
1284301,https://www.themoviedb.org/movie/1284301-ame-coeur,Âme Cœur,70.0,2024-05-04,MU,Drama,0.0,"""Âme Cœur"" tells the story of Shayna, who spends her first four years in an orphanage in South Africa. Later, she is adopted by Veer, a 50-year-old widower of Mauritian origin living in Johannesburg. Shayna, an artist devoted to painting, writing, and social projects, sees her life take a drastic turn when she suffers a stroke after a music and dance performance. Plunged into a coma for several days at the clinic, she is eventually taken off life support following Veer's traumatic decision, with the support of Dr. Jimmie. Veer then fulfills his daughter's last wish: to donate her organs.",Daarka,Daarka,Released,English,,
283317,https://www.themoviedb.org/movie/283317-messi,Messi,93.0,2014-09-06,DK,Documentary,7.5,"His teachers, coaches, childhood friends and Barça teammates, together with journalists, writers and prominent figures from the history of football, come together in a restaurant to analyze and pick apart Messi's personality both on and off the field, and to look back at some of the most significant moments in his life. Viewed from Álex de la Iglesia's unique perspective, Messi recreates the player's childhood and teenage years, from his very first steps, with a football always at his feet, through to the decision to leave Rosario for Barcelona, the separation from his family, and the role played in his career by individuals such as Ronaldinho, Rijkaard, Rexach and Guardiola.",Álex de la Iglesia,Jorge Valdano,Released,Spanish; Castilian,,
488143,https://www.themoviedb.org/movie/488143-laboratory-conditions,Laboratory Conditions,16.0,2018-10-13,US,"Horror, Drama, Science Fiction",7.6,A physician investigating a missing body disrupts an unlawful experiment.,Jocelyn Stamat,Terry Rossio,Released,English,,
366672,https://www.themoviedb.org/movie/366672-paws-of-fury-the-legend-of-hank,Paws of Fury: The Legend of Hank,94.0,2022-09-28,KR,"Animation, Adventure, Comedy, Family, Action",6.6,"A hard-on-his-luck hound finds himself in a town full of cats in need of a hero to defend them from a ruthless villain's wicked plot to wipe their village off the map. With help from a reluctant mentor, our underdog must assume the role of town samurai and team up with the villagers to save the day.","Chris Bailey, Mark Koetsier, Rob Minkoff","Ed Stone, Nate Hopper",Released,English,45000000.0,42500000.0
830784,https://www.themoviedb.org/movie/830784-lyle-lyle-crocodile,"Lyle, Lyle, Crocodile",106.0,2023-01-18,KR,"Comedy, Family, Music",7.0,"When the Primm family moves to New York City, their young son Josh struggles to adapt to his new school and new friends. All of that changes when he discovers Lyle — a singing crocodile who loves baths, caviar and great music — living in the attic of his new home. But when Lyle’s existence is threatened by evil neighbor Mr. Grumps, the Primms must band together to show the world that family can come from the most unexpected places.","Josh Gordon, Will Speck",William Davies,Released,English,50000000.0,111080122.0
437542,https://www.themoviedb.org/movie/437542,I Don't Like Younger Men,82.0,2017-01-19,KR,Romance,4.2,"Won-gi lost his wife a long time ago and is running a pension outside of the city. Then one day, Won-gi's daughter and her friend Se-yeong stays in the pension during a break from their school in Seoul. However, Won-gi finds himself attracted to the friend who is so much like his dead wife. Then he crosses a line that he shouldn't have crossed...",Choi Woo-seong,,Released,Korean,,
338436,https://www.themoviedb.org/movie/338436-vagen-till-klockrike,The Road to Klockrike,102.0,1953-07-19,SE,Drama,4.3,Bolle gets tired of working at the cigar factory and because of his desire for freedom he takes to the road. He and the other hobos have only one problem and that is the mounted policemen chasing vagrants.,Gunnar Skoglund,"Gunnar Skoglund, Harry Martinson",Released,Swedish,,
241848,https://www.themoviedb.org/movie/241848-the-guest,The Guest,101.0,2015-09-25,KR,"Mystery, Thriller, Action",6.6,"A soldier introduces himself to the Peterson family, claiming to be a friend of their son who died in action. After the young man is welcomed into their home, a series of accidental deaths seem to be connected to his presence.",Adam Wingard,Simon Barrett,Released,English,5000000.0,2700051.0
10377,https://www.themoviedb.org/movie/10377-my-cousin-vinny,My Cousin Vinny,119.0,1992-11-07,KR,"Comedy, Drama",7.5,"Two carefree pals traveling through rural Alabama on their way back to college are mistakenly arrested and charged with murder. Fortunately, one of them has a cousin who's a lawyer - Vincent Gambini, a former auto mechanic from Brooklyn who has just passed his bar exam after his sixth try. When he arrives with his leather-clad girlfriend to try his first case, it's a real shock - for him and the Deep South!",Jonathan Lynn,Dale Launer,Released,English,11000000.0,64088552.0
384410,https://www.themoviedb.org/movie/384410-napfeny-a-jegen,Sunshine on the Ice,74.0,1961-08-17,HU,Comedy,7.0,"Klári, the dancer of the ice revue, is pursued by a mysterious admirer and his roses. Her husband, Rezső, is about to lose his wits with jealousy.",Frigyes Bán,"Frigyes Bán, Antal Lukács",Released,Hungarian,,
1621552,https://www.themoviedb.org/movie/1621552-la-captura,Facing El Chapo,91.0,2026-08-21,MX,"Crime, Thriller, Action",0.0,Two Mexican officers must survive the final hours of their shift after crossing a ruthless cartel boss.,Chava Cartas,Bernardo Esquinca,Post Production,Spanish; Castilian,,
467421,https://www.themoviedb.org/movie/467421-primer-amor-tres-anos-despues,Primer amor... tres años después,,2001-03-10,MX,"Drama, Romance",6.3,We don't have an overview translated in English. Help us expand our database by adding one.,"Luis Pardo, Eloy Ganuza",,Released,Spanish; Castilian,,
25676,https://www.themoviedb.org/movie/25676,Rob-B-Hood,136.0,2006-09-28,KR,"Drama, Action, Comedy",7.0,"For never-do-well compulsive gambler Fong, there's only one thing more fearsome than debtors at his doorstep - having to coax a crying baby. But what if the baby becomes his golden goose to fend off his debtors? Can he overcome his phobia of diapers, milk bottles, and cloying lullabies?",Benny Chan,"Benny Chan, Alan Yuen Kam-Lun, Jackie Chan",Released,Cantonese,,
79218,https://www.themoviedb.org/movie/79218-ice-age-a-mammoth-christmas,Ice Age: A Mammoth Christmas,26.0,2021-11-12,KR,"Animation, Family, TV Movie",6.4,"When Sid accidentally destroys Manny's heirloom Christmas rock and ends up on Santa's naughty list, he leads a hilarious quest to the North Pole to make things right and ends up making things much worse. Now it's up to Manny and his prehistoric posse to band together and save Christmas for the entire world!",Karen Disher,"Sam Harper, Mike Reiss",Released,English,,
816789,https://www.themoviedb.org/movie/816789,Ni guang,97.0,1982-01-01,CN,"Drama, Romance",8.0,"An poor shipyard worker falls in love with a girl from a cadre family, and their romance is strongly opposed by the older generation.",Ding Yinnan,,Released,Chinese,,
203833,https://www.themoviedb.org/movie/203833-the-book-thief,The Book Thief,131.0,2014-02-20,KR,Drama,7.5,"While subjected to the horrors of WWII Germany, young Liesel finds solace by stealing books and sharing them with others. Under the stairs in her home, a Jewish refugee is being sheltered by her adoptive parents.",Brian Percival,"Markus Zusak, Michael Petroni",Released,English,19000000.0,76586316.0
11697,https://www.themoviedb.org/movie/11697-the-man-who-shot-liberty-valance,The Man Who Shot Liberty Valance,123.0,1962-04-13,US,Western,7.8,"Questions arise when Senator Stoddard attends the funeral of a local man named Tom Doniphon in a small Western town. Flashing back, we learn Doniphon saved Stoddard, then a lawyer, when he was roughed up by a crew of outlaws terrorizing the town, led by Liberty Valance. As the territory's safety hung in the balance, Doniphon and Stoddard, two of the only people standing up to him, proved to be very important, but different, foes to Valance.",John Ford,"James Warner Bellah, Willis Goldbeck",Released,English,3200000.0,8000000.0
781966,https://www.themoviedb.org/movie/781966-outraged,Outraged,54.0,2020-12-23,GB,Documentary,0.0,"Paul Pogba, Moise Kean, Dejan Lovren, Nadia Nadim, Shanice van de Sanden and Guram Kashia share their personal experiences of discrimination and how these issues are affecting people in football. Their stories are supported by football greats like Megan Rapinoe, José Mourinho, Ruud Gullit, Olivier Giroud, Tyrone Mings, Kalidou Koulibaly, and Pernille Harder.",Simon Bisset,,Released,English,,
635731,https://www.themoviedb.org/movie/635731-pig,Pig,92.0,2022-02-23,KR,"Drama, Thriller, Mystery",6.6,A truffle hunter who lives alone in the Oregon wilderness must visit Portland to find the mysterious person who stole his beloved foraging pig.,Michael Sarnoski,Michael Sarnoski,Released,English,3000000.0,4638959.0
22383,https://www.themoviedb.org/movie/22383-the-professionals,The Professionals,117.0,1966-11-01,US,"Western, Adventure, Action",7.1,An arrogant Texas millionaire hires four adventurers to rescue his kidnapped wife from a notorious Mexican bandit.,Richard Brooks,"Richard Brooks, Frank O'Rourke",Released,English,,
570051,https://www.themoviedb.org/movie/570051,The House Built on Sand,85.0,1991-09-12,SU,"Drama, TV Movie",9.0,A slice of life among Russian intelligentsia on the eve of WWII. A haunting reminder of Stalin's psychotic purge of 1938 and the nightmarish German siege of Leningrad.,Nijole Adomenaite,Natalya Chepik,Released,Russian,,
1162240,https://www.themoviedb.org/movie/1162240,Chinese Erotic Movies,,1997-03-09,HK,Documentary,5.0,"A full length documentary on sexy Chinese movies (including sizzling scenes from EROTIC GHOST STORY, SEX AND ZEN, CONFESSIONS OF A CONCUBINE, SEX AND THE EMPEROR and many more.",,,Released,Chinese,,
207919,https://www.themoviedb.org/movie/207919,A Foreign Woman,74.0,1965-12-06,SU,"Family, Comedy, Adventure",5.5,"Hoping to receive compensation for the house belonging to her before the revolution, Madame Joubert comes to Odessa with her granddaughter Madeleine. While Madame is at war with enterprising Odessa citizens, her granddaughter meets Soviet peers and realizes the advantages of socialism.","Konstantin Zhuk, Aleksandr Sery",Aleksandr Voinov,Released,Russian,,
526,https://www.themoviedb.org/movie/526-ladyhawke,Ladyhawke,121.0,1986-06-14,KR,"Adventure, Comedy, Fantasy",7.0,"Captain Etienne Navarre is a man on whose shoulders lies a cruel curse. Punished for loving each other, Navarre must become a wolf by night whilst his lover, Lady Isabeau, takes the form of a hawk by day. Together, with the thief Philippe Gaston, they must try to overthrow the corrupt Bishop and in doing so break the spell.",Richard Donner,"Edward Khmara, Michael Thomas, Tom Mankiewicz, David Webb Peoples",Released,English,20000000.0,18432000.0
1731579,https://www.themoviedb.org/movie/1731579-cenduai,Cenduai,,2023-01-01,MY,,0.0,This story is about the superstitious practice of using cenduai love oil which can make the face of the person who uses it become beautiful. Chalit was born with physical and facial deformities. The disability is believed to stem from a curse on his mother's lineage that has lasted for centuries. Midwife Esah is threatened to keep this condition secret.,Dato Jurey Latiff Rosli,,Released,Malay,,
272057,https://www.themoviedb.org/movie/272057-bir-millet-uyaniyor,A Nation Awakens,,1966-01-01,TR,"History, War, Drama",5.2,Ertem Egilmez's period drama about National Forces in the Turkish War of Independence.,Ertem Eğilmez,"Nizamettin Nazif Tepedelenlioğlu, Sadık Şendil",Released,Turkish,55000.0,105000.0
701219,https://www.themoviedb.org/movie/701219-el-hombre-de-la-oficina,The office man,9.0,2019-08-15,MX,,0.0,"A man condemned to live in routine and who has the desire to escape from, he wins a vacation that he doesn't know how to take advantage of.",Aida Alonso Arechar,Aida Alonso Arechar,Released,Spanish; Castilian,,
6519,https://www.themoviedb.org/movie/6519-the-dukes-of-hazzard,The Dukes of Hazzard,104.0,2005-08-05,US,"Comedy, Adventure, Action",5.6,"Cousins, Bo and Luke Duke, with the help of their eye-catching cousin, Daisy and moonshine-running Uncle Jesse, try and save the family farm from being destroyed by Hazzard County's corrupt commissioner, Boss Hogg. Their efforts constantly find the 'Duke Boys' eluding authorities in 'The General Lee', their 1969 orange Dodge Charger that keeps them one step ahead of the dimwitted antics of the small southern town's Sheriff, Roscoe P. Coltrane.",Jay Chandrasekhar,John O'Brien,Released,English,50000000.0,110803676.0
578831,https://www.themoviedb.org/movie/578831-de-tierra,Out of Earth,17.0,2012-09-04,MX,Drama,3.5,"An incestuous relationship between to siblings after their mother's death, leads one of the characters to feel haunted by guilt. They try to forget their blood ties but they only become more evident and hard to manage.",Ilana Coleman,"Ilana Coleman, Israel León Fájer",Released,Spanish; Castilian,,
103731,https://www.themoviedb.org/movie/103731-mud,Mud,130.0,2013-11-28,KR,Drama,7.1,Two teenage boys find a fugitive hiding out on an island in the Mississippi River and help him reunite with his lover and escape an avenging family and their armed posse.,Jeff Nichols,Jeff Nichols,Released,English,10000000.0,32613173.0
355847,https://www.themoviedb.org/movie/355847-klapka-legio,Klapka-Legion,110.0,1983-08-23,HU,"History, Drama",0.0,"1866. The Habsburg monarchy fight a war against the Italians and the Prussians. General Klapka, who emigrated to England after the fall of the 1848-49 freedom fight of Hungary, exploits the situation and organises a Hungarian legion with the help of the Prussians, then attacking the Austrians in their back sets out to return to Hungary.",Miklós Hajdufy,Miklós Hajdufy,Released,English,,
269,https://www.themoviedb.org/movie/269-a-bout-de-souffle,Breathless,90.0,2026-01-14,KR,"Drama, Crime, Romance",7.5,"A small-time thief steals a car and impulsively murders a motorcycle policeman. Wanted by the authorities, he attempts to persuade a girl to run away to Italy with him.",Jean-Luc Godard,Jean-Luc Godard,Released,French,80000.0,
274957,https://www.themoviedb.org/movie/274957,Teri Yaad,,1948-08-07,PK,"Romance, Drama",8.5,"The year 1947 saw the independence of Pakistan. During this time, the Indian film industry was segregated and the only film production centre left in Pakistan was at Lahore. With the industry reeling in its infancy, it was hard to work on film productions that had been initiated before the independence as many of the working filmmakers and actors had left for or stayed back in India.",Daud Chand,Khadim Mohiudin,Released,Urdu,,
404009,https://www.themoviedb.org/movie/404009-una-storia-ambigua,Una storia ambigua,90.0,1986-05-15,IT,Comedy,4.4,"Countess Anna Guerrieri, a rich and provocative noblewoman, marries Romano, an important fascist who is very loyal to the party. Sadly his sexual performance is found very lacking by the Countess, and so frustrated, she decides to look elsewhere for satisfaction and ends up setting her sights on Stefano, a naive and inexperienced young nephew undergraduate who has recently arrived from the provinces.",Mario Bianchi,Piero Regnoli,Released,Italian,,
25793,https://www.themoviedb.org/movie/25793-precious-based-on-the-novel-push-by-sapphire,Precious: Based on the Novel 'Push' by Sapphire,110.0,2013-01-10,KR,Drama,7.3,"In Harlem in 1987, Claireece ""Precious"" Jones is a 16-year-old African American girl born into a life no one would want. She's pregnant for the second time by her absent father, and at home she must wait hand and foot on her mother, an angry woman who abuses her emotionally and physically. School is chaotic and Precious has reached the ninth grade with good marks and a secret – she can't read.",Lee Daniels,"Sapphire, Geoffrey S. Fletcher",Released,English,10000000.0,47536959.0
656958,https://www.themoviedb.org/movie/656958-2,Room Salon College Girls 2,76.0,2019-07-05,KR,"Drama, Romance",5.0,"Soo-jin and Jeong-hee are university students who start looking for a high paying part time job during vacation. They end up in a room salon and fall for a high down payment. The owner notices how naive they are and tells them they have to go for second rounds if they want to make big money. Meanwhile, the ace host girl, Yoon-jeong, comes back after a hiatus due to being sick. These girls begin an ego battle for getting the most customers.",Jo Tae-ho,,Released,Korean,,
183011,https://www.themoviedb.org/movie/183011-justice-league-the-flashpoint-paradox,Justice League: The Flashpoint Paradox,81.0,2013-07-30,US,"Animation, Action, Science Fiction",7.9,The Flash finds himself in a war-torn alternate timeline and teams up with alternate versions of his fellow heroes to restore the timeline.,Jay Oliva,Jim Krieg,Released,English,3500000.0,
344602,https://www.themoviedb.org/movie/344602-tendre-piege,Tendre piège,91.0,1996-05-10,FR,"Romance, Comedy",10.0,The engagement of a young couple is spoiled by the antics of their relatives.,Serge Moati,"Pierre Colin-Thibert, Jean-Claude Islert",Released,French,,
9542,https://www.themoviedb.org/movie/9542-the-hitcher,The Hitcher,98.0,1986-01-17,US,"Horror, Action, Thriller",7.0,"On a stormy night, young Jim, who transports a luxury car from Chicago to California to deliver it to its owner, feeling tired and sleepy, picks up a mysterious hitchhiker, who has appeared out of nowhere, thinking that a good conversation will help him not to fall asleep. He will have enough time to deeply regret such an unmeditated decision.",Robert Harmon,Eric Red,Released,English,6000000.0,5844868.0
192102,https://www.themoviedb.org/movie/192102-3-days-to-kill,3 Days to Kill,113.0,2014-04-03,KR,"Action, Drama, Thriller",6.1,"A dangerous international spy is determined to give up his high stakes life to finally build a closer relationship with his estranged wife and daughter. But first, he must complete one last mission - even if it means juggling the two toughest assignments yet: hunting down the world's most ruthless terrorist and looking after his teenage daughter for the first time in ten years, while his wife is out of town.",McG,"Luc Besson, Adi Hasak",Released,English,28000000.0,53260230.0
113094,https://www.themoviedb.org/movie/113094-the-final-odyssey,Ultraman Tiga: The Final Odyssey,98.0,2000-03-08,JP,"Action, Adventure, Family, Fantasy, Science Fiction",6.8,"Ultraman Tiga: The Final Oddysey was sort of an epilogue of the Ultraman Tiga series. Just when we thought that the world is safe, it's under attack again! A TPC excursion (including GUTS' Captain Megumi Iruma) headed to an old ruins and unintentionally woke up three evil ancient giants whom Daigo, later on, has visions of. What's so haunting about his visions is that they're not only three but four evil giants, including Ultraman Tiga in a very dark physique and a very evil aura. After a series of visions, Daigo was able to meet the three evils who beat him up and left the Black Spark Lens to him. Later on, the ultimate battle begins in the ancient ruins. Daigo as Ultraman Tiga, who is supposed to be the warrior of light, must use his powers, however dark, in order to defeat the three evils.",Hirochika Muraishi,Keiichi Hasegawa,Released,Japanese,,
15015,https://www.themoviedb.org/movie/15015-barbie-as-rapunzel,Barbie as Rapunzel,84.0,2002-10-01,US,"Animation, Family",7.0,"Barbie stars as Rapunzel, a young girl who is entrapped by a magical barrier by the wicked, Gothel. Rapunzel finds an escape where she finds a Prince and a feud between two kingdoms which goes back to the day she was kidnapped as a child.",Owen Hurley,"Elana Lesser, Cliff Ruby",Released,English,,
831946,https://www.themoviedb.org/movie/831946-interceptor,Interceptor,98.0,2022-06-03,KR,"Action, Thriller, Adventure",6.0,A U.S. Army Captain uses her years of tactical training to save humanity from sixteen nuclear missiles launched at the U.S. as a violent attack threatens her remote missile interceptor station.,Matthew Reilly,"Matthew Reilly, Stuart Beattie",Released,English,,
1650789,https://www.themoviedb.org/movie/1650789-the-story-of-everything,The Story of Everything,97.0,2026-04-30,US,Documentary,5.0,"The Story of Everything is a cinematic exploration of the cosmos that reveals the hidden hand behind our universe. From the precise laws that govern the stars to the intricate patterns found in every living cell, the film traces evidence of intentional design throughout nature. Whether examining distant star-forming clouds or the spiral structure of DNA, we discover a consistent signature woven into the fabric of existence.",Eric Esau,Stephen C. Meyer,Released,English,,
1733460,https://www.themoviedb.org/movie/1733460,Thangakkili,119.0,1993-06-04,IN,Drama,0.0,"Swathi, hailing from a rich family, falls in love with Raju, who is a salesman in a music store. But her father is against their alliance because of Raju's status and fixes her wedding with an NRI.",Rajavarman,Rajavarman,Released,Tamil,,
9279,https://www.themoviedb.org/movie/9279-jingle-all-the-way,Jingle All the Way,89.0,1996-12-07,KR,"Family, Adventure, Comedy",6.1,"Howard Langston, a salesman for a mattress company, is constantly kept busy at his job, disappointing his son. After he misses his son's karate exposition, Howard vows to make it up to him by buying an action figure of his son's favorite television hero for Christmas. Unfortunately for Howard, it is Christmas Eve, and every store is sold out of Turbo Man. Now, Howard must travel all over town and compete with everybody else to find a Turbo Man action figure.",Brian Levant,Randy Kornfield,Released,English,60000000.0,129832389.0
460031,https://www.themoviedb.org/movie/460031-sinfonia-para-ana,Sinfonía para Ana,119.0,2017-07-27,BR,"Drama, Romance",7.2,"Based on real events, the life and struggles of a student of the Buenos Aires National College during Argentina's worst dictatorship.","Ernesto Ardito, Virna Molina","Ernesto Ardito, Virna Molina",Released,Spanish; Castilian,,
271718,https://www.themoviedb.org/movie/271718-trainwreck,Trainwreck,125.0,2015-12-10,KR,"Comedy, Romance",5.8,"Ever since her father drilled into her head that monogamy isn't realistic, magazine writer Amy has made promiscuity her credo. As much as she enjoys an uninhibited life free of commitment, Amy is really in a rut. While writing a profile about charming and successful sports doctor Aaron Conners, she finds herself actually falling in love for the first time -- and what's more, Aaron seems to really like her too. Amy starts to wonder if it's time to clean up her act and face her fears.",Judd Apatow,Amy Schumer,Released,English,35000000.0,140795793.0
493617,https://www.themoviedb.org/movie/493617,Karkhana,116.0,2017-06-30,NP,Drama,10.0,"A woman makes a difficult choice in life, facing immense challenges as a result it challenges stereotypes surrounding womanhood.",Amardeep Sapkota,"Amardeep Sapkota, Dayaram Dahal",Released,Nepali,,
474412,https://www.themoviedb.org/movie/474412,To Her,90.0,2017-07-12,KR,"Drama, Romance",7.3,"Gwang-ho is bored except for the time he's taking off his girlfriend's underwear. He visits his Seoul home at the news that his grandfather is dying. Amidst the awkwardness, he remembers something. Ji-yoon is his cousin who has grown up to be a young lady. Gwang-ho is attracted to the fully grown woman and the same is said for Ji-yoon.",Yang Ho-yeol,,Released,Korean,,
325358,https://www.themoviedb.org/movie/325358-superfast,Superfast!,99.0,2015-04-03,US,"Comedy, Action",5.1,"Undercover cop Lucas White joins Vin Serento's gang of illegal street racers. They are fast and they are furious and they plan to double cross Los Angeles kingpin Juan Carlos de la Sol, who hides his cash in a downtown Taco Bell.","Jason Friedberg, Aaron Seltzer","Jason Friedberg, Aaron Seltzer",Released,English,20000000.0,
173842,https://www.themoviedb.org/movie/173842-show-business,Show Business,92.0,1944-05-10,US,"Romance, Comedy, Music",5.6,"Musical about vaudeville performers, from 1944.",Edwin L. Marin,"Dorothy Bennett, Joseph Quillan",Released,English,,
1186067,https://www.themoviedb.org/movie/1186067,Mr. Greenberg's Basement,99.0,2023-10-19,RU,"Crime, Thriller",3.5,"In a small provincial town, young girls began to disappear. The suspicion of the police was aroused by Arthur Greenberg, who was seen in a bar with the last missing girl. But is everything so simple and will the police be able to catch the criminal?",Andrey Payukov,Andrey Payukov,Released,Russian,,
382517,https://www.themoviedb.org/movie/382517-open-season-scared-silly,Open Season: Scared Silly,84.0,2016-02-25,KR,"Animation, Comedy, Family, Adventure, TV Movie",6.0,"The humans and animals believe a werewolf is on the loose, and former hunter Shaw uses the opportunity to re-open the season. Boog, Elliot, and Mr. Weenie have to face their fears and find the werewolf to get the season closed permanently.",David Feiss,Carlos Kotkin,Released,English,,1774429.0
1510019,https://www.themoviedb.org/movie/1510019-in-bloom,In Bloom,8.0,2025-06-01,US,Drama,10.0,"A young girl by the name of Bea struggles to express her musical voice as she wavers through her parent’s demands of enrolling into medical school and becoming a doctor. A rare opportunity comes along however, when a music festival shows up in town.",Lluvia Corona Villalpando,Krista Bae,Released,English,,
355830,https://www.themoviedb.org/movie/355830-diszmagyar,Gala-Suit,91.0,1949-08-23,HU,Comedy,7.0,"The only jacket owned by Rédey Lajos, a university student majoring in Italian language and literature, is pawned by his room-mate. The bracelet of Kitty, the daughter of general Gohrmann, which in the middle of a kiss during a lesson in Italian got accidentally unfastened, has been left in the pocket of the jacket. As a result of a still further incident, Rédey, - endeavouring to return the bracelet to Kitty - embarks upon getting the jacket back while wearing the Hungarian gala-suit owned by his landlady's elder brother. The station to which he finds his way while looking for the jacket is visited by the King of Italy, and he takes Lajos, dressed as he is in a Hungarian gala-suit, to be a Hungarian aristocrat, and Lajos must but receive His Majesty in Italian.",Viktor Gertler,,Released,Hungarian,,
576017,https://www.themoviedb.org/movie/576017-for-sama,For Sama,100.0,2020-01-23,KR,"Documentary, War",8.3,"A love letter from a young mother to her daughter, the film tells the story of Waad al-Kateab’s life through five years of the uprising in Aleppo, Syria as she falls in love, gets married and gives birth to Sama, all while cataclysmic conflict rises around her.  Her camera captures incredible stories of loss, laughter and survival as Waad wrestles with an impossible choice– whether or not to flee the city to protect her daughter’s life, when leaving means abandoning the struggle for freedom for which she has already sacrificed so much.","Edward Watts, Waad al-Kateab",,Released,English,,
281158,https://www.themoviedb.org/movie/281158-la-fora,Outside,107.0,2004-04-01,PT,Drama,6.0,"Laura works as a newscaster and José Maria as a stockbroker, and while they live in the same housing complex, their lives never cross directly. Nevertheless, he watches her from a distance, seeing all her movements without her knowledge. But their lives finally meet when he is invited onto her news program. From there, a romance begins which coincides with the desire of two beings who finally find a reason to seek love once again.",Fernando Lopes,"Fernando Lopes, João Lopes",Released,Portuguese,,
1476682,https://www.themoviedb.org/movie/1476682-gail-daughtry-and-the-celebrity-sex-pass,Gail Daughtry and the Celebrity Sex Pass,93.0,2026-07-10,US,Comedy,3.7,"Small-town Kansas hairdresser Gail Daughtry's fiancé uses his 'celebrity sex pass' on Jennifer Aniston, prompting Gail to travel to LA with her friend Otto to find her own pass, Jon Hamm, to even the score.",David Wain,"David Wain, Ken Marino",Released,English,3500000.0,875000.0
6878,https://www.themoviedb.org/movie/6878-homeward-bound-the-incredible-journey,Homeward Bound: The Incredible Journey,84.0,1994-09-07,KR,"Adventure, Comedy, Family",7.0,"Before the Seavers leave for a family vacation to San Francisco, they drop off their pets -- Chance, an adventurous American bulldog; Shadow, a wise golden retriever; and Sassy, a cautious cat -- at a friend's ranch. But when the animals start to worry that they've been left for good, the three embark together on a treacherous and thrilling journey to find their way back home through the California wilderness.",Duwayne Dunham,"Sheila Burnford, Caroline Thompson, Linda Woolverton",Released,English,24000000.0,57333324.0
1001414,https://www.themoviedb.org/movie/1001414-fear-street-prom-queen,Fear Street: Prom Queen,90.0,2025-05-23,KR,"Horror, Mystery",5.4,"Who will be voted queen at Shadyside High's 1988 prom? For underdog Lori, competition is cutthroat even before someone starts killing off the candidates.",Matt Palmer,"Matt Palmer, Donald McLeary",Released,English,,
1214314,https://www.themoviedb.org/movie/1214314-one-more-shot,One More Shot,102.0,2024-01-12,GB,"Action, Thriller",6.5,"Following the attack on the black site in Poland, Navy SEAL Jake Harris is ordered to escort terrorist suspect Amin Mansur to Washington D.C. for interrogation. Before the prisoner transfer process is complete, though, the airport is attacked by a group of heavily armed, well-trained mercenaries.",James Nunn,Jamie Russell,Released,English,,87850934.0
1588858,https://www.themoviedb.org/movie/1588858-aliwan-inn,Aliwan Inn,72.0,2025-12-26,PH,Drama,8.0,"A timid staff member secretly fantasizes about the motel's alluring regular guest, who is a known hooker. He finds himself realizing his wildest fantasies when one encounter with his dream girl leads to nights of passion in the town's most sinful inn.",Roman Perez Jr.,Quiel Dela Cruz,Released,Tagalog,,
86000,https://www.themoviedb.org/movie/86000,Always,108.0,2011-10-20,KR,"Romance, Drama",7.8,A former boxer turned parking lot attendant finds hope in the love of the blind telemarketer who walks into his booth one day.,Song Il-gon,"Song Il-gon, Roh Hong-jin",Released,Korean,,6941450.0
178,https://www.themoviedb.org/movie/178-blown-away,Blown Away,121.0,1994-12-03,KR,Action,6.2,"Blown Away tells the story of Jimmy Dove, who works for the Boston bomb squad. Shortly after Dove leaves the force, his partner is killed by a bomb that Dove thinks might have been made by someone he knows.",Stephen Hopkins,"Joe Batteer, John Rice",Released,English,28000000.0,30156002.0
1381185,https://www.themoviedb.org/movie/1381185-ali-primera,Alí Primera,126.0,2024-10-31,VE,Drama,0.0,"It tells the life of the Venezuelan singer-songwriter Alí Primera and the events that made him the voice most committed to his people's causes and the movement's leader for the necessary song. It is a story of great love, tragedies, and songs.",Daniel Yegres,"Daniel Yegres, Carlos Tabares, Juan Carlos Yegres",Released,Spanish; Castilian,,
1600502,https://www.themoviedb.org/movie/1600502-paaz,"Honestly, I'm Fine",110.0,2026-02-26,NL,Drama,6.8,"Emma is certain she's happy. She has a successful career, a loving boyfriend, wonderful parents, and is talented, funny, and smart. Until she unexpectedly and 'voluntarily' ends up in the psychiatric ward of a hospital. A short circuit? A burnout? She thinks this must be a huge mistake. Because she's a perfectly normal person. Right?",Anne de Clercq,"Anne de Clercq, Myrthe van der Meer, Lineke van den Boezem, Eva Aben",Released,Dutch; Flemish,,
10220,https://www.themoviedb.org/movie/10220-rounders,Rounders,121.0,1999-01-30,KR,"Drama, Crime",7.0,"Poker addict Mike McDermott knows the game inside out, but loses his money one night in a game to Russian-American gangster Teddy KGB. Promising his partner Jo he'll give up, he meets up with best friend Lester 'Worm' Murphy, just out of prison and owing lots of money to the wrong kind of people. McDermott becomes his co-guarantor and now there's only one way to raise the money, the pair have to get back into the game.",John Dahl,"David Levien, Brian Koppelman",Released,English,12000000.0,22912409.0
14168,https://www.themoviedb.org/movie/14168-3-10-to-yuma,3:10 to Yuma,92.0,1957-08-07,US,"Western, Drama, Thriller",7.3,"Dan Evans, a small time farmer, is hired to escort Ben Wade, a dangerous outlaw, to Yuma. As Evans and Wade wait for the 3:10 train to Yuma, Wade's gang is racing to free him.",Delmer Daves,Halsted Welles,Released,English,,1850000.0
1566141,https://www.themoviedb.org/movie/1566141-surface-tension,Surface Tension,17.0,2025-11-14,PH,Drama,0.0,Competitive swimmer Bulet finds herself drowning on the day of a small town wedding.,"Mariana Serrano, Gabriela Serrano","Mariana Serrano, Gabriela Serrano",Released,Tagalog,,
471334,https://www.themoviedb.org/movie/471334-amago,Âmago,,2017-04-24,BR,,0.0,We don't have an overview translated in English. Help us expand our database by adding one.,Édier William,Édier William,Released,Portuguese,,
21032,https://www.themoviedb.org/movie/21032-balto,Balto,78.0,1995-12-22,US,"Adventure, Animation, Drama, Family",7.3,"An outcast half-wolf risks his life to prevent a deadly epidemic from ravaging Nome, Alaska.",Simon Wells,"Elana Lesser, Cliff Ruby, Roger S.H. Schulman, David Steven Cohen",Released,English,31000000.0,11348324.0
305707,https://www.themoviedb.org/movie/305707-der-chef-wunscht-keine-zeugen,"No Survivors, Please",99.0,1964-04-23,DE,"Crime, Science Fiction",7.0,"Aliens attempt to take over the Earth by taking over the bodies of humans at the moment of their death, and using them as tools for their invasion plans.",Hans Albin,,Released,German,,
904270,https://www.themoviedb.org/movie/904270,The Truth Close-Up,10.0,1988-12-31,SU,Animation,9.0,An animated short film that deconstructs and exposes the exhausted Soviet cliches in search of truth which is traditional for glasnost and perestroika era.,Volodymyr Honcharov,Feliks Krivin,Released,Ukrainian,,
16523,https://www.themoviedb.org/movie/16523-where-the-wild-things-are,Where the Wild Things Are,101.0,2009-10-16,US,"Adventure, Drama, Family, Fantasy",6.5,"Max imagines running away from his mom and sailing to a far-off land where large talking beasts—Ira, Carol, Douglas, the Bull, Judith and Alexander—crown him as their king, play rumpus, build forts and discover secret hideaways.",Spike Jonze,"Spike Jonze, Dave Eggers",Released,English,100000000.0,100140916.0
1455712,https://www.themoviedb.org/movie/1455712-identidade,Identidade,40.0,2026-04-01,BR,"Drama, Comedy, Documentary",0.0,"During a screening of Oedipus Rex in a run-down movie theater in downtown Rio, three peculiar characters—a frustrated projectionist, his intern, and a wandering poet—decide to interrupt the film to discuss the death of cinema. The audience revolts. So does the film.",Cainã de Paulo,"Cainã de Paulo, Diego Assuf, Pedro Valle, Davi Almeida",Released,Portuguese,,
10010,https://www.themoviedb.org/movie/10010-brother-bear-2,Brother Bear 2,73.0,2006-07-19,KR,"Adventure, Animation, Family",6.7,"Kenai finds his childhood human friend Nita and the two embark on a journey to burn the amulet he gave to her before he was a bear, much to Koda's dismay.",Ben Gluck,"Rich Burns, Roger S.H. Schulman",Released,English,,
195733,https://www.themoviedb.org/movie/195733-120-as-tempo,120 Kilometers an Hour,79.0,1937-05-21,HU,Comedy,7.3,"Marianne, the daughter of Banker Turner, is a modern woman, driving her car - as well as through her life - with breathtaking speed.",László Kardos,"Mihály Szécsén, Armand Szántó",Released,Hungarian,,
9280,https://www.themoviedb.org/movie/9280-femme-fatale,Femme Fatale,114.0,2004-11-19,KR,"Mystery, Crime, Thriller",6.2,"A $10-million diamond rip-off, a stolen identity, a new life married to a diplomat. Laure Ash has risked big, won big. But then a tabloid shutterbug snaps her picture in Paris, and suddenly, enemies from Laure's secret past know who and where she is. And they all want their share of the diamond heist. Or her life. Or both.",Brian De Palma,Brian De Palma,Released,English,35000000.0,16800000.0
5492,https://www.themoviedb.org/movie/5492-gunner,Gunner,90.0,2025-04-10,KR,"Action, Thriller, Crime",5.3,"While on a camping trip in order to reconnect, war veteran Colonel Lee Gunner must save his two sons from a gang of violent bikers when they're kidnapped after accidentally stumbling upon to a massive drug operation.",Dimitri Logothetis,"Dimitri Logothetis, Gary Scott Thompson",Released,English,20000000.0,
11470,https://www.themoviedb.org/movie/11470-jason-x,Jason X,91.0,2002-04-26,US,"Horror, Science Fiction",4.8,"In the year 2455, Old Earth is now a contaminated planet abandoned for centuries -- a brown world of violent storms, toxic landmasses and poisonous seas. Yet humans have returned to the deadly place that they once fled, not to live, but to research the ancient, rusting artifacts of the long-gone civilizations. But it's not the harmful environment that could prove fatal to the intrepid, young explorers who have just landed on Old Earth. For them, it's Friday the 13th, and Jason lives!",James Isaac,Todd Farmer,Released,English,11000000.0,17077882.0
9885,https://www.themoviedb.org/movie/9885-wolf-creek,Wolf Creek,99.0,2005-10-06,AU,"Horror, Thriller",6.2,Three backpackers stranded in the Australian outback are plunged inside a hellish nightmare of insufferable torture by a sadistic psychopathic local.,Greg McLean,Greg McLean,Released,English,1000000.0,30894796.0
757725,https://www.themoviedb.org/movie/757725-shadow-force,Shadow Force,103.0,2026-04-01,KR,"Action, Thriller",6.4,"Kyrah and Isaac were once the leaders of a multinational special forces group called Shadow Force. They broke the rules by falling in love, and in order to protect their son, they go underground. With a large bounty on their heads, and the vengeful Shadow Force hot on their trail, one family's fight becomes all-out war.",Joe Carnahan,"Joe Carnahan, Leon Chills",Released,English,40000000.0,5416976.0
921,https://www.themoviedb.org/movie/921-cinderella-man,Cinderella Man,144.0,2005-09-15,KR,"Romance, Drama, History",7.6,"The true story of boxer Jim Braddock who, following his retirement in the 1930s, makes a surprise comeback in order to lift his family out of poverty.",Ron Howard,"Cliff Hollingsworth, Akiva Goldsman",Released,English,88000000.0,108539911.0
353642,https://www.themoviedb.org/movie/353642,All for Love,13.0,2014-05-22,MY,"Romance, Drama",5.7,"A girl sends her old SLR camera to a reclusive camera repair master. In the course of getting the camera to be fix, the girl develops a special relationship with the master.",James Lee,James Lee,Released,Chinese,,
9431,https://www.themoviedb.org/movie/9431-bordello-of-blood,Bordello of Blood,87.0,1996-08-16,US,"Horror, Comedy",6.0,"Private eye Rafe Guttman is hired by repressed, born-again Katherine to find her missing bad-boy brother. The trail leads him to a whorehouse run by a thousand-year-old vampire and secretly backed by Katherine's boss, televangelist Jimmy Current.",Gilbert Adler,"Gilbert Adler, A L Katz",Released,English,15000000.0,5600000.0
205,https://www.themoviedb.org/movie/205-hotel-rwanda,Hotel Rwanda,122.0,2006-09-07,KR,"Drama, History, War",7.7,"Inspired by true events, this film takes place in Rwanda in the 1990s when more than a million Tutsis were killed in a genocide that went mostly unnoticed by the rest of the world. Hotel owner Paul Rusesabagina houses over a thousand refuges in his hotel in attempt to save their lives.",Terry George,"Terry George, Keir Pearson",Released,English,17500000.0,38000000.0
373508,https://www.themoviedb.org/movie/373508-pour-se-frayer-un-chemin-dans-la-jungle-il-est-bon-de-frapper-avec-un-baton-pour-ecarter-les-dangers-invisibles,"Pour se frayer un chemin dans la jungle, il est bon de frapper avec un bâton pour écarter les dangers invisibles",25.0,2013-01-01,FR,,0.0,"This short film is part of the clandestine dialogues of the Nicolas Klotz and Élisabeth Perceval’s 2015 feature, “Ceremony”.","Elisabeth Perceval, Nicolas Klotz",,Released,French,,
409282,https://www.themoviedb.org/movie/409282,Taboo - New Sister,78.0,2016-06-16,KR,"Romance, Drama, Thriller",7.5,A movie about sexual love in which a woman gets remarried thinking of a new life but she schemes with her boyfriend to rip off her new family.,Kook Man-joong,Kook Man-joong,Released,Korean,,
290512,https://www.themoviedb.org/movie/290512-the-mountain-between-us,The Mountain Between Us,109.0,2017-11-28,KR,"Drama, Adventure, Romance",6.6,"Stranded on a mountain after a tragic plane crash, two strangers must work together to endure the extreme elements of the remote, snow-covered terrain. When they realize help is not coming, they embark on a perilous journey across hundreds of miles of wilderness, pushing each other to survive and discovering their inner strength.",Hany Abu-Assad,"Charles Martin, Chris Weitz, J. Mills Goodloe",Released,English,35000000.0,62832209.0
1079274,https://www.themoviedb.org/movie/1079274,Neela Mastarani,103.0,1996-12-30,IN,Drama,0.0,The village as a bastion of traditional values and the power of that tradition has over ordinary individuals caught up in the often unforseeable complexities of daily life.,Chakradhar Sahu,,Released,Oriya,,
339984,https://www.themoviedb.org/movie/339984-miracles-from-heaven,Miracles from Heaven,119.0,2016-05-25,KR,"Family, Drama",7.4,"When Christy discovers her 10-year-old daughter Anna has a rare, incurable disease, she becomes a ferocious advocate for her daughter’s healing as she searches for a solution. After Anna has a freak accident and falls three stories, a miracle unfolds in the wake of her dramatic rescue that leaves medical specialists mystified, her family restored and their community inspired.",Patricia Riggen,Randy Brown,Released,English,16000000.0,74000000.0
715881,https://www.themoviedb.org/movie/715881,Crazy Hunter,81.0,2020-06-09,CN,,0.0,"Luo Chuan was arrested in Jinmen City, but the only case he could prove was for a small amount of money, so he was sentenced to only six months in prison. Six months later, Luo Chuan is released from prison and is ready to make a big score with a tomb raider he met in prison, An Chai. Their target is the white jade from the city museum's collection of relics, the ""Yin and Yang Jade Pui"". Mr. Baron, the black market magnate in Jinmen City, offers an astronomical price for this jade. Guan Qi, the policewoman who let Luo Chuan escape under her nose before, learns that Luo Chuan has been released from prison and decides to investigate Luo Chuan privately",Chen Yongxu,Chen Yongxu,Released,Chinese,,
42384,https://www.themoviedb.org/movie/42384,A Tale of Legendary Libido,120.0,2008-04-30,KR,"Comedy, Fantasy, Drama",5.7,A monk gives an impaired man the secret to a strong arousal. The man had been teased and tortured until the travelling man decides to help him out.,Shin Han-sol,Shin Han-sol,Released,Korean,,
776148,https://www.themoviedb.org/movie/776148,The Flying Boy,6.0,2015-03-19,RU,Animation,7.0,"The story is about an unusual boy who, when he shouted, sang or laughed, took off.",Evgeniya Zhirkova,Yulia Aronova,Released,Russian,,
1359607,https://www.themoviedb.org/movie/1359607,Miss Kobayashi's Dragon Maid: A lonely dragon wants to be loved,105.0,2025-07-10,KR,"Animation, Comedy, Fantasy",8.9,"Miss Kobayashi, Tohru, Ilulu, and Kanna’s peaceful lives are shaken when Kanna’s father, Kimun Kamui, forces her to return to the Dragon World. As a war brews between the Chaos and Harmony factions, Kanna tries to unite the two worlds, torn between her friends and father. When dragons clash, Ilulu uncovers a hidden force manipulating the war. Can they stop the war before it consumes both worlds?",Tatsuya Ishihara,Yuka Yamada,Released,Japanese,,1332039.0
1483,https://www.themoviedb.org/movie/1483-begotten,Begotten,72.0,1991-06-05,US,"Fantasy, Horror",5.9,"Begotten is the creation myth brought to life, the story of no less than the violent death of God and the (re)birth of nature on a barren earth.",E. Elias Merhige,E. Elias Merhige,Released,English,33000.0,
58517,https://www.themoviedb.org/movie/58517-titas-a-vida-ate-parece-uma-festa,Titãs - A Vida Até Parece Uma Festa,100.0,2009-01-16,BR,Documentary,6.1,"Brazilian documentary that tells the story of Titãs, the most famous rock band in the country. The film was directed by one of the members, Branco Mello, using images recorded from the early 80's until the present day.","Branco Mello, Oscar Rodrigues Alves",,Released,Portuguese,,
247,https://www.themoviedb.org/movie/247-the-killing,The Killing,85.0,1956-06-06,US,"Crime, Thriller, Drama",7.6,"Career criminal Johnny Clay recruits a sharpshooter, a crooked police officer, a bartender and a betting teller named George, among others, for one last job before he goes straight and gets married. But when George tells his restless wife about the scheme to steal millions from the racetrack where he works, she hatches a plot of her own.",Stanley Kubrick,"Stanley Kubrick, Lionel White",Released,English,320000.0,
1628777,https://www.themoviedb.org/movie/1628777-trash-attack,Trash Attack,6.0,2026-02-11,US,"Horror, Comedy, Science Fiction",0.0,"A dysfunctional couple consisting of slob and a hardworker argue over who should take out the trash. The slob reluctantly dumps the trash at a nuclear waste site, causing dangerous consequences.","Tommy Bowers, Martin McGowan",Tommy Bowers,Released,English,,
1262815,https://www.themoviedb.org/movie/1262815-the-choral,The Choral,113.0,2026-02-18,KR,"Comedy, Drama, Music",6.4,"As World War I rages on, Dr. Henry Guthrie takes over a British choral society that's lost most of its men to the army. The community soon discovers that the best response to the chaos of war is to make beautiful music together.",Nicholas Hytner,Alan Bennett,Released,English,,
12201,https://www.themoviedb.org/movie/12201-edge-of-darkness,Edge of Darkness,117.0,2010-01-29,GB,"Crime, Drama, Mystery, Thriller",6.4,"As a seasoned homicide detective, Thomas Craven has seen the bleakest side of humanity. But nothing prepares him for the toughest investigation of his life: the search for his only daughter Emma's killer. Now, he is on a personal mission to uncover the disturbing secrets surrounding her murder, including corporate corruption, government collusion and Emma's own mysterious life.",Martin Campbell,"William Monahan, Andrew Bovell",Released,English,80000000.0,81126522.0
1535832,https://www.themoviedb.org/movie/1535832-potential,Potential,5.0,2024-07-17,AU,Drama,0.0,A former gifted child struggles with the harsh realities of adult life.,Olivia Staffieri,Olivia Staffieri,Released,English,1000.0,
496725,https://www.themoviedb.org/movie/496725-soins-intensifs,Soins intensifs,,2002-09-11,FR,Comedy,0.0,We don't have an overview translated in English. Help us expand our database by adding one.,Michel Roux,,Released,French,,
803934,https://www.themoviedb.org/movie/803934-partner,Partner,43.0,2020-12-12,BD,"Drama, TV Movie",0.0,A Bangla romantic drama starring Apurba and Mehazabien in the leads.,Md Mehedi Hasan Jony,Md Mehedi Hasan Jony,Released,Bengali,,
1721578,https://www.themoviedb.org/movie/1721578,Zameen Aasman (1994),134.0,1994-05-22,PK,"Action, Drama",0.0,Pakistani film,Hasnain,Bashir Niaz,Released,Urdu,,
1594548,https://www.themoviedb.org/movie/1594548-toy,Wedding,10.0,1978-03-30,AZ,Comedy,0.0,"The story takes place in a village. After returning from the army, Shamil (Kazim Abdullayev) learns that the girl he loves (Melahat Salmanova) has broken her promise and is marrying another man (Haji Ismailov). On the wedding day, he blocks the bridal procession with his tractor. And the condition is that the groom must fight him... The film is dedicated to the problem of moral purification.",Nijat Feyzullayev,Isa Huseynov,Released,Azerbaijani,,
11075,https://www.themoviedb.org/movie/11075,Audition,115.0,2023-04-19,KR,"Horror, Drama",7.1,"Seven years after the death of his wife, widower Shigeharu seeks advice on how to find a new wife from a colleague. Taking advantage of their position as a film company, they stage an audition. Interviewing a series of women, Shigeharu is enchanted by the quiet Asami. But soon things take a twisted turn as Asami isn’t what she seems to be.",Takashi Miike,"Ryū Murakami, Daisuke Tengan",Released,Japanese,250000.0,359853.0
515158,https://www.themoviedb.org/movie/515158-lily-bily,Lily Bily,115.0,2018-04-13,NP,"Drama, Romance",0.0,"Aabvash and Shrutee meet in Scotland. Despite their different backgrounds, they discover they are soulmates and, through their growing bond, learn to embrace and love themselves.",Milan Chams,Pradeep Bhardwaj,Released,Nepali,,
13969,https://www.themoviedb.org/movie/13969-first-daughter,First Daughter,105.0,2005-04-13,KR,"Family, Comedy, Drama, Romance",6.2,"Samantha MacKenzie, the daughter of the president of the United States, arrives at college with a group of Secret Service agents. Samantha, however, resents their presence and decides she wants to attend school just like a normal student.",Forest Whitaker,"Jessica Bendinger, Kate Kondell",Released,English,30000000.0,10592180.0
752417,https://www.themoviedb.org/movie/752417,Exit,21.0,2022-02-24,RU,Horror,6.5,"With their deadline looming, a small team of construction workers isn't too happy to find an anomaly in the house they're renovating. Especially one that breaks the laws of physics. But maybe there’s something to be gained from this? Like a finder's fee… Or nightmare fuel.",Ivan Basov,Ivan Basov,Released,Russian,,
359117,https://www.themoviedb.org/movie/359117-santa-monica,Santa Monica,70.0,2015-10-15,BR,Drama,2.0,"A young man is warned by his boyfriend that he is leaving. Melancholia becomes part of his life until his friends take him to parties, amid these adventures, he can finally rediscover happiness.",Felipe André Silva,Felipe André Silva,Released,Portuguese,150.0,
1613710,https://www.themoviedb.org/movie/1613710-qacaq-suleyman,Gachag Suleyman,94.0,1994-01-01,AZ,"History, TV Movie",0.0,We don't have an overview translated in English. Help us expand our database by adding one.,"Maharram Badirzadeh, Marahim Farzalibeyov",Ilyas Afandiyev,Released,Azerbaijani,,
64,https://www.themoviedb.org/movie/64-hable-con-ella,Talk to Her,112.0,2003-04-18,KR,"Drama, Romance",7.6,Two men share an odd friendship while they care for two women who are both in deep comas.,Pedro Almodóvar,Pedro Almodóvar,Released,Spanish; Castilian,6500000.0,64826117.0
1129104,https://www.themoviedb.org/movie/1129104-flavia,Flavia,92.0,2026-12-04,US,"Family, Adventure, Mystery, Comedy",6.2,"The adventures of 11-year-old Flavia de Luce, who is both an amateur detective and a master poisoner. When she discovers a dead body in her family’s decaying British manor house and her father is accused of the murder, Flavia launches her own investigation to uncover family secrets and bring the true murderer to justice.",Bharat Nalluri,"Alan Bradley, Susan Coyne",Released,English,,
7278,https://www.themoviedb.org/movie/7278-meet-the-spartans,Meet the Spartans,84.0,2008-01-24,US,"Comedy, Fantasy",4.1,"The heroic Leonidas, armed with nothing but leather underwear and a cape, leads a ragtag group of thirteen Spartans to defend their homeland against the invading Persians (whose ranks include Ghost Rider, Rocky Balboa, the Transformers, and a hunchbacked Paris Hilton). No one is safe when the Spartans take on the biggest icons in pop culture!","Jason Friedberg, Aaron Seltzer","Jason Friedberg, Aaron Seltzer",Released,English,30000000.0,85897593.0
833339,https://www.themoviedb.org/movie/833339-speak-no-evil,Speak No Evil,98.0,2022-07-10,KR,"Horror, Thriller, Drama",6.6,A Danish family visits a Dutch family they met on a holiday. What was supposed to be an idyllic weekend slowly starts unraveling as the Danes try to stay polite in the face of unpleasantness.,Christian Tafdrup,"Christian Tafdrup, Mads Tafdrup",Released,Danish,3200000.0,631249.0
9641,https://www.themoviedb.org/movie/9641-cheaper-by-the-dozen-2,Cheaper by the Dozen 2,94.0,2006-01-26,KR,"Comedy, Family, Adventure",6.2,"The Baker family, while on vacation, find themselves in competition with a rival family of eight children.",Adam Shankman,"Frank B. Gilbreth Jr., Ernestine Gilbreth Carey, Sam Harper",Released,English,60000000.0,129181830.0
8066,https://www.themoviedb.org/movie/8066-stay,Stay,99.0,2005-11-03,KR,"Mystery, Thriller, Drama",6.6,"Psychiatrist Sam Foster has a new patient, Henry Letham, who claims to be suicidal. In trying to diagnose him, Sam visits Henry's prior therapist and also finds Henry's mother -- even though Henry has said that he murdered both of his parents. As reality starts to contradict fact, Sam spirals into an unstable mental state. Then he finds a clue as to how and when Henry may try to kill himself, and races to try to stop him.",Marc Forster,David Benioff,Released,English,50000000.0,8342132.0
1297244,https://www.themoviedb.org/movie/1297244-2,School Ghosts 2,93.0,1996-08-09,JP,"Animation, Horror",4.0,A collection of 14 shorts ranging from animated to live-action. Released by Toei Video on VHS.,Shigeki Awai,Masatoshi Kimura,Released,Japanese,,
470044,https://www.themoviedb.org/movie/470044-the-hate-u-give,The Hate U Give,133.0,2018-10-19,US,"Crime, Drama",8.1,"Raised in a poverty-stricken slum, a 16-year-old girl named Starr now attends a suburban prep school. After she witnesses a police officer shoot her unarmed best friend, she's torn between her two very different worlds as she tries to speak her truth.",George Tillman Jr.,"Angie Thomas, Audrey Wells",Released,English,23000000.0,34934009.0
775996,https://www.themoviedb.org/movie/775996-outside-the-wire,Outside the Wire,116.0,2021-01-15,KR,"Thriller, Action, Science Fiction",6.4,"In the near future, a drone pilot is sent into a deadly militarized zone and must work with an android officer to locate a doomsday device.",Mikael Håfström,"Rob Yescombe, Rowan Athale",Released,English,,
714379,https://www.themoviedb.org/movie/714379,Land of Bears,52.0,2019-04-18,RU,Documentary,0.0,"The bear — a powerful and horrendous wild beast, a symbol of strength and might — now is under threat himself. Danger comes from poachers, who hunt for bear fur and bile, which is believed to heal. Danger comes from illegal hunting centers, enslaving baby animals for dog training. Yet a human becomes stronger not through a struggle or hunt — but… love. And care — for a bear. ‘’Land of Bears’’ is a film about the country, where love between a man and bear is mutual.",Darya Khrenova,Darya Khrenova,Released,Russian,,
81773,https://www.themoviedb.org/movie/81773-col-cuore-in-gola,Deadly Sweet,107.0,1967-11-16,IT,"Thriller, Mystery",5.4,"Bernard meets Jane in a Night Club, in London, and he likes her. Her father was killed in a car accident, but Jane thinks he has been killed because he was blackmailed for a picture of his second wife, Jane's mother in law. In the same Night Club Bernard finds the blackmailer corpse and Jane near him, but he believes she is innocent. So Bernard and Jane run away followed by a dwarf, the blackmailer's men, who believe Bernard killed their boss and of course, the Police. They believe that Jerome, Jane's brother, can help them to solve the case. But Jane doesn't know where he is, or so she says. Corpse after corpse, Bernard will find out the truth. But will the truth help him?",Tinto Brass,"Tinto Brass, Sergio Donati, Pierre Lévy-Corti, Francesca Longo",Released,Italian,,
77883,https://www.themoviedb.org/movie/77883-the-possession,The Possession,92.0,2013-09-05,KR,"Horror, Thriller",6.0,"A young girl buys an antique box at a yard sale, unaware that inside the collectible lives a malicious ancient spirit. The girl's father teams with his ex-wife to find a way to end the curse upon their child.",Ole Bornedal,"Stiles White, Juliet Snowden",Released,English,14000000.0,85446075.0
157386,https://www.themoviedb.org/movie/157386-the-spectacular-now,The Spectacular Now,95.0,2013-08-02,US,"Comedy, Drama, Romance",6.7,"Sutter, a popular party animal, unexpectedly meets the introverted Aimee after waking up on a stranger's lawn. As Sutter deals with the problems in his life and Aimee plans for her future beyond school, an unexpected romance blossoms between them.",James Ponsoldt,"Tim Tharp, Scott Neustadter, Michael H. Weber",Released,English,2500000.0,6854611.0
1628454,https://www.themoviedb.org/movie/1628454-bobs,Bobs,6.0,2026-03-09,ES,"Animation, Comedy, Drama",0.0,"While everyone seems to find their way into the adult world, Bob is somehow trapped in childhood. Terrified of being left behind, he'll do anything in his power to force his way into this new life phase. But little does he know that the adult world is nothing like he expected.",Júlia Marcó,"Júlia Marcó, Mariona Echarte",Released,Spanish; Castilian,15000.0,
1695800,https://www.themoviedb.org/movie/1695800-semente,Semente,,2026-07-03,BR,"Horror, Drama",10.0,We don't have an overview translated in English. Help us expand our database by adding one.,Trycia Mello,Renato Dutra,Released,Portuguese,,
615665,https://www.themoviedb.org/movie/615665-holidate,Holidate,104.0,2020-10-28,KR,"Comedy, Romance",7.0,"Fed up with being single on holidays, two strangers agree to be each other's platonic plus-ones all year long, only to catch real feelings along the way.",John Whitesell,Tiffany Paulsen,Released,English,,
266647,https://www.themoviedb.org/movie/266647-pan,Pan,111.0,2015-10-08,KR,"Fantasy, Adventure, Family, Action",6.0,"Living a bleak existence at a London orphanage, 12-year-old Peter finds himself whisked away to the fantastical world of Neverland. Adventure awaits as he meets new friend James Hook and the warrior Tiger Lily. They must band together to save Neverland from the ruthless pirate Blackbeard. Along the way, the rebellious and mischievous boy discovers his true destiny, becoming the hero forever known as Peter Pan.",Joe Wright,Jason Fuchs,Released,English,150000000.0,128388320.0
109443,https://www.themoviedb.org/movie/109443-anchorman-2-the-legend-continues,Anchorman 2: The Legend Continues,119.0,2014-08-22,KR,Comedy,6.1,"With the 70s behind him, San Diego's top rated newsman, Ron Burgundy, returns to take New York's first 24-hour news channel by storm.",Adam McKay,"Adam McKay, Will Ferrell",Released,English,50000000.0,173700000.0
680716,https://www.themoviedb.org/movie/680716,Sister's Diary,77.0,2020-02-20,KR,Romance,6.3,"Ga-eun and Su-ho grew up like brothers and sisters.  However, Su-ho never showed that he likes Ga-eun ever since they were young.  One day, Suho accidentally found Ga-eun's diary and found out that she also likes him.  Su-ho reveals his feelings to Ga-eun.  Ga-eun is not his real sibling, but to protect their parents, she rejects him...",Kim Tae-soo,,Released,Korean,,
82682,https://www.themoviedb.org/movie/82682-gangster-squad,Gangster Squad,113.0,2013-01-11,US,"Crime, Drama, Action, Thriller",6.4,"Los Angeles, 1949. Ruthless, Brooklyn-born mob king Mickey Cohen runs the show in this town, reaping the ill-gotten gains from the drugs, the guns, the prostitutes and — if he has his way — every wire bet placed west of Chicago. And he does it all with the protection of not only his own paid goons, but also the police and the politicians who are under his control. It’s enough to intimidate even the bravest, street-hardened cop… except, perhaps, for the small, secret crew of LAPD outsiders led by Sgt. John O’Mara and Jerry Wooters who come together to try to tear Cohen’s world apart.",Ruben Fleischer,"Paul Lieberman, Will Beall",Released,English,60000000.0,105200000.0
630484,https://www.themoviedb.org/movie/630484-el-alma-del-bandoneon,El alma del bandoneón,77.0,1935-02-02,AR,"Drama, Music",8.0,Two brilliant tango singers struggle to the top of their profession and cope with obstacles to their personal  romance.,Mario Soffici,"Mario Soffici, José A. Bugliot",Released,Spanish; Castilian,,
55341,https://www.themoviedb.org/movie/55341-jeepers-creepers-3,Jeepers Creepers 3,100.0,2017-09-26,US,Horror,4.9,"Taking place on the last day of the Creeper’s twenty-three-day feeding frenzy, as the skeptical Sergeant Tubbs teams up with a task force hellbent on destroying the Creeper for good. The Creeper fights back in gory glory as its enemies grow closer than ever before to learning the secret of its dark origins.",Victor Salva,Victor Salva,Released,English,6200000.0,4017852.0
316935,https://www.themoviedb.org/movie/316935,Sheng xia and her fiance,,1985-01-01,CN,Drama,6.0,We don't have an overview translated in English. Help us expand our database by adding one.,Qin Zhiyu,"Huo Zhuang, Xu Xiaoxing",Released,Chinese,,
204871,https://www.themoviedb.org/movie/204871,The Unforgettable,118.0,1967-08-30,SU,"War, Drama",5.3,"About hardships of the first years of War, which fell to the lot of ordinary people in Ukraine, who got under the yoke of fascist occupation, and heroic struggle against the invaders. A young Russian woman asks a Red Army soldier to spend the night with her in the wake of the Nazi invasion. Fearing she may soon perish, the woman hopes for one night of romance before what could be a horrible demise.",Yuliya Solntseva,Yuliya Solntseva,Released,Russian,,
550776,https://www.themoviedb.org/movie/550776-believe-me-the-abduction-of-lisa-mcvey,Believe Me: The Abduction of Lisa McVey,87.0,2018-09-30,US,"Drama, TV Movie, Crime",8.0,"On the night she plans on taking her own life, 17-year-old 'Lisa McVey' is kidnapped and finds herself fighting to stay alive and is raped. She manages to talk her attacker into releasing her, but when she returns home, no one believes her story except for one detective, who suspects she was abducted by a serial killer. Based on horrifying true events.",Jim Donovan,Christina Welsh,Released,English,,
455408,https://www.themoviedb.org/movie/455408-apres-la-neige,Après la neige,74.0,2012-09-21,CA,Drama,0.0,"When a divorced music video producer is forced to shut down his company, he attempts to rebuild his relationships with his father and estranged teenage son.",Paul Barbeau,Paul Barbeau,Released,French,,
1428299,https://www.themoviedb.org/movie/1428299-achilles-returns,Achilles Returns,50.0,2026-05-25,GR,"Fantasy, Action, Romance",6.7,"After many years, with help of Thetis and negotiations between Zeus and Hades, the Greek hero Achilles is released from the Underworld into the modern world.",George Tounas,George Tounas,Released,English,650000.0,
1010182,https://www.themoviedb.org/movie/1010182-refugio,Refúgio,,2022-05-18,BR,"Horror, Thriller",0.0,We don't have an overview translated in English. Help us expand our database by adding one.,Carol Duarte,Carol Duarte,Released,Portuguese,300.0,
32022,https://www.themoviedb.org/movie/32022,Case Closed: Countdown to Heaven,100.0,2009-07-22,KR,"Animation, Action, Crime, Mystery",7.4,"As a pair of towers in Tokyo are being prepared for their grand opening, there is a series of murders of people connected to the towers. Conan suspects that the mysterious Syndicate may also be involved.",Kenji Kodama,Kazunari Kouchi,Released,Japanese,,23895574.0
539537,https://www.themoviedb.org/movie/539537-fantasy-island,Fantasy Island,109.0,2020-05-06,KR,"Adventure, Fantasy, Horror, Mystery",5.8,"A group of contest winners arrive at an island hotel to live out their dreams, only to find themselves trapped in nightmare scenarios.",Jeff Wadlow,"Jeff Wadlow, Jillian Jacobs, Christopher Roach",Released,English,7000000.0,49447308.0
802663,https://www.themoviedb.org/movie/802663-the-bureau,The Bureau,25.0,2020-12-01,US,,0.0,"In a future dystopia, administration is left to AI. Following a recalculation of his family budget, Jules has to separate from one of his children. To challenge this decision, he will have to go to the Bureau, the administrative management center.",Sengthe Vanh Bouapha,,Released,French,,
341479,https://www.themoviedb.org/movie/341479-el-que-murio-de-amor,He Who Died of Love,86.0,1945-11-08,MX,"Comedy, Drama, Fantasy, Romance",5.7,Magicians transfers two peoples' souls (or whatever you want to call them) into each other's bodies.,Miguel Morayta,"Miguel Morayta, Carlos León, Tito Davison, Antonio Momplet",Released,Spanish; Castilian,,
41472,https://www.themoviedb.org/movie/41472,Flower & Snake,115.0,2004-03-13,JP,"Drama, Romance, Thriller, Horror, Mystery",5.7,"The wealthy president of a company has built up an unpayable debt to a local crime lord, and to escape punishment he sells his famous dancer wife to the lecherous old man figuring a 90 year old can’t do too much bad with her. Perhaps not, but others can while he watches. She’s put on stage in an underground BDSM sex show and begins a spiraling decent from strongly independent woman to submissive sex slave",Takashi Ishii,"Takashi Ishii, Oniroku Dan",Released,Japanese,,
781732,https://www.themoviedb.org/movie/781732-animal,Animal,201.0,2024-01-26,KR,"Action, Crime, Drama",6.1,The hardened son of a powerful industrialist returns home after years abroad and vows to take bloody revenge on those threatening his father's life.,Sandeep Reddy Vanga,"Sandeep Reddy Vanga, Suresh Bandaru, Pranay Reddy Vanga",Released,Hindi,13000000.0,108300000.0
379929,https://www.themoviedb.org/movie/379929-eine-alltagliche-geschichte,Eine alltägliche Geschichte,,1948-11-26,DE,Drama,7.0,We don't have an overview translated in English. Help us expand our database by adding one.,Günther Rittau,,Released,German,,
428493,https://www.themoviedb.org/movie/428493-god-s-own-country,God's Own Country,104.0,2017-09-01,GB,"Romance, Drama",7.7,"A young farmer in rural Yorkshire numbs his daily frustrations with binge drinking and casual sex, until the arrival of a Romanian migrant worker.",Francis Lee,Francis Lee,Released,English,,2559939.0
306397,https://www.themoviedb.org/movie/306397-hari-darshan,Hari Darshan,,1972-01-01,IN,Drama,8.0,"Film starring Randhawa, Saroja Devi B. and Satyajeet",Chandrakant Gaur,,Released,Hindi,,
4141,https://www.themoviedb.org/movie/4141-shoot-em-up,Shoot 'Em Up,86.0,2007-07-26,US,"Action, Thriller, Comedy, Crime",6.5,"A man named Mr. Smith delivers a woman's baby during a shootout, and is then called upon to protect the newborn from the army of gunmen.",Michael Davis,Michael Davis,Released,English,39000000.0,26800000.0
1142871,https://www.themoviedb.org/movie/1142871-kentavr,Centaur,101.0,2023-07-13,RU,"Drama, Crime, Thriller",7.5,"Liza works at night, a taxi ride for her is a moment of much-desired peace. The driver Sasha inspires confidence, he knows the approach to the most demanding client. There are many unexpected turns in the lights of the big city, behind each of which lies a terrible threat. And perhaps the main danger is closer than it seems.",Kirill Kemnits,Mikhail Zubko,Released,Russian,1300000.0,
2639,https://www.themoviedb.org/movie/2639-deconstructing-harry,Deconstructing Harry,96.0,1997-12-12,US,"Comedy, Drama",7.3,"Writer Harry Block draws inspiration from people he knows, and from events that happened to him, sometimes causing these people to become alienated from him as a result.",Woody Allen,Woody Allen,Released,English,20000000.0,10686841.0
1721833,https://www.themoviedb.org/movie/1721833-chiaroscuro,CHIAROSCURO,8.0,2023-09-20,TH,"Fantasy, Thriller",0.0,"A tale of vengeance spanning 1,689.39 kilometers.",Philip Wan,Philip Wan,Released,No Language,50000.0,
11824,https://www.themoviedb.org/movie/11824-teen-wolf,Teen Wolf,92.0,1985-08-23,US,"Comedy, Fantasy, Romance",6.2,When a shy teenager's new-found powers help him score at basketball - and with the popular girls - he has some pretty hairy decisions to make.,Rod Daniel,"Matthew Weisman, Jeph Loeb",Released,English,1200000.0,80000000.0
1386500,https://www.themoviedb.org/movie/1386500-tokyo-inn,Tokyo Inn,24.0,2024-06-29,TH,,0.0,"""Tonliew"" faces a difficult question when she can only write down one name as her best friend. Meanwhile, even the taste of her favorite snack, called 'Khanom Tokyo' has changed along with the relationship with her friend.",Preyaphach Promsing,Preyaphach Promsing,Released,Thai,,
1585926,https://www.themoviedb.org/movie/1585926-terreno,Terreno,180.0,2026-04-01,BR,Documentary,0.0,A portrait of the churches surrounding the Diocese of São José dos Pinhais.,Christofer Pallu,,Released,Portuguese,,
254302,https://www.themoviedb.org/movie/254302-high-rise,High-Rise,119.0,2016-03-30,KR,Drama,5.6,Life for the residents of a tower block begins to run out of control.,Ben Wheatley,"J.G. Ballard, Amy Jump",Released,English,,4289074.0
47931,https://www.themoviedb.org/movie/47931-tropa-de-elite-2,Elite Squad: The Enemy Within,115.0,2010-10-08,BR,"Drama, Action, Crime",7.8,"After a bloody invasion of the BOPE in the High-Security Penitentiary Bangu 1 in Rio de Janeiro to control a rebellion of interns, the Lieutenant-Colonel Roberto Nascimento and the second in command Captain André Matias are accused by the Human Right Aids member Diogo Fraga of execution of prisoners. Matias is transferred to the corrupted Military Police and Nascimento is exonerated from the BOPE by the Governor.",José Padilha,"José Padilha, Bráulio Mantovani",Released,Portuguese,,63027681.0
1511733,https://www.themoviedb.org/movie/1511733-anak-jerapah,Anak Jerapah,,2026-06-01,ID,"Family, Drama",0.0,We don't have an overview translated in English. Help us expand our database by adding one.,Ilham Bagus Mahendra,"Ilham Bagus Mahendra, Rianty Andjani",Released,Indonesian,1800.0,
508081,https://www.themoviedb.org/movie/508081,Young Mom,80.0,2017-02-28,KR,Drama,4.0,"A middle-aged man who lives with his song marries a sexy, young Korean-American woman. The son finds his father uncomfortable, but is drawn to his new step-mother.",Kye Jang-hyuk,,Released,Korean,,
1322443,https://www.themoviedb.org/movie/1322443-the-message,The Message,107.0,2024-12-06,US,"Crime, Thriller, Mystery",5.5,"Detective Andrea Oya and FBI agent Samantha Curry team up to solve a string of murders targeting Black women and children, leaving cryptic marks on the victims. As they face danger, they forge a powerful bond.",Benét Embry,Benét Embry,Released,English,,
513181,https://www.themoviedb.org/movie/513181,Puthu Vazhvu,,1957-03-08,IN,,0.0,"Vaikuntam is a lad who lives in a village. He is a good singer and in love with a lass Nagammal. But Nagammal's brother is against their love. One day he ties Vaikundam to a tree. Vaikundam was rescued by a rich woman who was passing that way. She takes Vaikundam to her city. When she came to know that Vaikundam is talented in singing, she promotes him as a singer. She renames him as Geethamani. He becomes famous and also rich. He neglects his parents and ill treats them. His lover Nagammal tries to commit suicide because of his behaviour. How Geethamani realises his delusion and reconciles with his parents and Nagammal forms the rest of the story.",M. K. Thyagaraja Bhagavathar,"Elangovan, A. K. Velan, Iraimudimani",Released,Tamil,,
814258,https://www.themoviedb.org/movie/814258-solo-climb-to-live,Solo: Climb to Live,47.0,2014-08-29,ES,,0.0,"In this climbing documentary we analyze the concepts of fear, death and life. Jordi Salas (Pelón) is a free solo climber. He performs alone without using any ropes, harnesses or other protective equipment, relying entirely on his ability instead. His mind controls everything. He continues to learn throughout his progression while getting up close with life, even though it may seem paradoxical.",Jordi Varela,,Released,English,,
334775,https://www.themoviedb.org/movie/334775-szepek-es-bolondok,On the Sideline,103.0,1976-04-06,HU,"Drama, Comedy",8.0,"The corpulent and ageing Ivicz, once an excellent baker, works as a deliverer now. He lives alone. At the weekends following the toilsome weekdays he is the boss. He regularly travels to the country, to work as the incorruptible referee of third class national soccer games.",Péter Szász,Péter Szász,Released,Hungarian,,
1725909,https://www.themoviedb.org/movie/1725909-asesino-perfecto,Asesino Perfecto,114.0,2026-07-24,MX,"Thriller, Crime, Drama, Mystery",0.0,"A peaceful town is gripped by fear when a series of mysterious murders leaves investigators with no witnesses, no evidence, and no clear suspect. As each new victim is discovered, Captain Rocio Cortes and Detective Soto race to stop a killer who always seems one step ahead. Their investigation uncovers hidden secrets, broken family ties, and painful events from the past that connect several lives in unexpected ways. As suspicion shifts from one person to another, two brothers, Leo and Elias, find themselves at the center of a mystery that will test their loyalty and force them to confront the truth. With fear spreading throughout the community and trust quickly fading, the search for justice becomes a dangerous race against time in this suspenseful Mexican crime thriller filled with mystery, psychological tension, and unexpected twists.",Daniel Alvarez,Daniel Alvarez,Released,English,,
778683,https://www.themoviedb.org/movie/778683,Bell Chamber,85.0,2019-08-09,CN,"Horror, Thriller",0.0,"Based on a Thai ghost story of Kuman Thong, the film revolves around a woman who has caused the death of her young brother a long time ago. When she returns to the old house where they lived before, she finds herself haunted by the spirit of her young brother wanting to take revenge for his death.",Liu Ning,Liu Ning,Released,Chinese,,
839,https://www.themoviedb.org/movie/839-duel,Duel,74.0,1983-04-22,US,"Action, Thriller, TV Movie",7.4,"Traveling businessman David Mann angers the driver of a rusty tanker while crossing the California desert. A simple trip turns deadly, as Mann struggles to stay on the road while the tanker plays cat and mouse with his life.",Steven Spielberg,Richard Matheson,Released,English,450000.0,2544.0
5289,https://www.themoviedb.org/movie/5289-chaos,Chaos,106.0,2009-03-26,KR,"Drama, Action, Crime",6.3,"In Seattle, detective Quentin Conners is unfairly suspended and his partner Jason York leaves the police force after a tragic shooting on Pearl Street Bridge, when the hostage and the criminal die. During a bank heist with a hostage situation, Conners is assigned in charge of the operation with the rookie Shane Dekker as his partner. The thieves, lead by Lorenz, apparently do not steal a penny from the bank. While chasing the gangsters, the police team disclose that they planted a virus in the system, stealing one billion dollars from the different accounts, using the principle of the Chaos Theory. Further, they find that Lorenz is killing his accomplices.",Tony Giglio,Tony Giglio,Released,English,30000000.0,7000000.0
446333,https://www.themoviedb.org/movie/446333,Monday Begins on Saturday,63.0,1965-01-01,SU,"Science Fiction, TV Movie, Fantasy, Comedy",4.3,"Set in a fictional town in northern Russia, where highly classified research in magic occurs, the novel is a satire of Soviet scientific research institutes, complete with an inept administration, a dishonest, show-horse professor, and numerous equipment failures. It offers an idealistic view of the scientific work ethic, as reflected in the title which suggests that the scientists' weekends are nonexistent. (Wikipedia)",Aleksandr Belinsky,"Arkadiy Strugatskiy, Boris Strugatskiy",Released,Russian,,
676680,https://www.themoviedb.org/movie/676680,Drowning in Holy Water,85.0,2020-10-27,KR,Drama,4.7,"Rona and Hamed are two young Afghans who are in love with each other. Searching for a better life, they have decided to immigrate to Europe but they have to make a big decision to make it happen, a decision that relates to their religion and beliefs.",Navid Mahmoudi,Navid Mahmoudi,Released,Persian,,
455577,https://www.themoviedb.org/movie/455577-a-megfelelo-ember,The Right Man,85.0,1960-01-21,HU,Comedy,8.0,"This is a satirical comedy poking fun at favouritism. Kis Jenő proposes to Malvinka each year, but in vain, as the mother of his beloved considers him hopelessly unfortunate.",György Révész,"György Révész, István Kállai",Released,Hungarian,,
39102,https://www.themoviedb.org/movie/39102,Dragon Ball Z: Lord Slug,52.0,2014-04-23,KR,"Action, Animation, Science Fiction",6.5,A Super Namekian named Slug comes to invade Earth. But the Z Warriors do their best to stop Slug and his gang.,Mitsuo Hashimoto,,Released,Japanese,,15218214.0
1623125,https://www.themoviedb.org/movie/1623125-a-gorilla-story-told-by-david-attenborough,A Gorilla Story: Told by David Attenborough,78.0,2026-04-17,KR,Documentary,7.7,"Veteran naturalist Sir David Attenborough tells the story of a remarkable group of gorillas, from his first encounter in the '70s to the present day.",James Reed,"James Reed, Callum Webster",Released,English,,
19918,https://www.themoviedb.org/movie/19918-spread,Spread,98.0,2009-09-17,KR,"Comedy, Romance",5.6,A gigolo must contend with the prospect that he has found true love.,David Mackenzie,Jason Hall,Released,English,,12035862.0
338238,https://www.themoviedb.org/movie/338238,Ivanna,91.0,1960-04-14,SU,Drama,8.0,"The film tells the story of the tragic fate of a young girl - the daughter of a clergyman, the Soviet partisan. The action takes place in Lviv on the eve of and during World War II.",Viktor Ivchenko,Vladimir Belyayev,Released,Ukrainian,,
244663,https://www.themoviedb.org/movie/244663-mat-mat-tiga-suku,Mat ¾ (Mat Tiga Suku),115.0,1964-01-01,MY,Comedy,7.3,"”Tiga suku”, which literally translates into “three quarters”, is a Malay term used in the context of describing crazy, whacky or oddball-like behaviour; of being mentally “not quite there”. And “Mat Tiga Suku” is indeed an eccentric film that seeks to subvert our usual sense of logic, decorum and good taste. In this film, Mat Sentul is a poor and helpless man, lives in a house that talks to him, and daydreams about wealth and pretty princesses. It is an episodic adventure that follows the slapstick antics of Mat Sentul who, among many pranks, moves the bus-stop at his will, halts an aeroplane that does not give way, and pretends to be an office worker, a barber and a doctor.",Mat Sentol,,Released,Malay,,
18767,https://www.themoviedb.org/movie/18767,Island of Fire,124.0,1991-07-06,KR,"Action, Crime, Drama",6.3,Someone in a prison run by a corrupt warden fakes the deaths of convicts to later use them as expendable assassins. A police officer is sent into the prison to gather evidence of the corruption.,Kevin Chu,"Yip Wan-Chiu, Fu Li",Released,Cantonese,,
1706950,https://www.themoviedb.org/movie/1706950-fotbollsaret-2024,Fotbollsåret 2024,63.0,2024-12-25,SE,Documentary,0.0,"In Football Year 2024, we get access to the Swedish national teams like never before. With an emotionally charged insider perspective, we get all the way into the locker room, at the player hotel and during match briefings. We also offer personal meetings with some of Sweden's greatest and most sought-after athletes.",,,Released,Swedish,,
263737,https://www.themoviedb.org/movie/263737,Naam,,1953-03-02,IN,Drama,0.0,We don't have an overview translated in English. Help us expand our database by adding one.,A. Kasilingam,,Released,Tamil,,
471586,https://www.themoviedb.org/movie/471586-sob-aguas-claras-e-inocentes,Under Clear and Innocent Waters,18.0,2016-08-19,BR,,0.0,"The last moments of someone in a city that no longer accepts who we are. Lonely and irrelevant, the person says goodbye to loved ones and finds redemption and rebirth in the neverending night.",Emiliano Cunha,,Released,Portuguese,,
14306,https://www.themoviedb.org/movie/14306-marley-me,Marley & Me,115.0,2008-12-25,US,"Comedy, Family",7.2,"A newly married couple, in the process of starting a family, learn many of life's important lessons from their trouble-loving retriever, Marley. Packed with plenty of laughs to lighten the load, the film explores the highs and lows of marriage, maturity and confronting one's own mortality, as seen through the lens of family life with a dog.",David Frankel,"Don Roos, Scott Frank",Released,English,60000000.0,255700000.0
1419968,https://www.themoviedb.org/movie/1419968-fratrum,Fratrum,,2025-02-04,HU,Drama,0.0,Two orphaned brothers from a marginalised segment of society have to face separation.,Edit Nagyistók,Edit Nagyistók,Released,Hungarian,,
16094,https://www.themoviedb.org/movie/16094-house-party,House Party,104.0,1990-01-20,US,Comedy,6.4,"Young Kid has been invited to a party at his friend Play's house. But after a fight at school, Kid's father grounds him. None the less, Kid sneaks out when his father falls asleep. But Kid doesn't know that three of the thugs at school have decided to give him a lesson in behavior.",Reginald Hudlin,Reginald Hudlin,Released,English,2500000.0,26385628.0
1499984,https://www.themoviedb.org/movie/1499984-gladiator-underground,Gladiator Underground,91.0,2026-05-07,KR,Action,7.6,"Two brothers compete in the world's deadliest underground fighting tournament, where they must decide whether to play by the rules or to cast their honor aside and team up to bring down the dark syndicate running the tournament.",Chaya Supannarat,Ariel Bleiberg,Released,English,,
478730,https://www.themoviedb.org/movie/478730-rote-muhle,Rote Mühle,101.0,1940-01-11,DE,Comedy,10.0,"A respectable woman in her 50s inherits a local night club from her husband in a divorce settlement, provided that she shows up there every night at 10:00pm for a month. In spite of eny and provocation, she manages to meet the terms.",Jürgen von Alten,,Released,German,,
1497614,https://www.themoviedb.org/movie/1497614-nuzhnyy-chelovek,The Right Person,,1967-12-19,SU,Comedy,0.0,We don't have an overview translated in English. Help us expand our database by adding one.,Boris Dolinov,"Vladimir Alekseyev, Mikhail Tabachnikov",Released,Russian,,
13078,https://www.themoviedb.org/movie/13078-the-babysitters,The Babysitters,88.0,2008-05-09,US,Drama,6.0,"Seventeen-year-old Shirley is a good student who works as a babysitter in order to make money for college. One night Michael, a father Shirley works for, confesses he's unhappy with married life. Shirley has a crush on Michael, and seizes this moment to kiss him. Michael is so happy he presents Shirley with a big tip, which gives her an idea. Shirley plans to make extra money by setting up her teenage friends with other unhappy fathers.",David Ross,David Ross,Released,English,,44852.0
809461,https://www.themoviedb.org/movie/809461-os-sertoes-o-homem-ii-da-re-volta-ao-trans-homem,Os Sertões: O Homem II — da Re-volta ao Trans-homem,345.0,2003-11-15,BR,,0.0,"Dedicated to ""the creation of an heroic and anti-heroic attitude of those that go to war and say: Farewell Man!,"" the theatrical version of the second movement of the second part of Os Sertões presents the passage from the re-volted man to the trans-man, creator of an alternate possibility for human adventure on Earth. From the story of Antônio Conselheiro, all theater relives its seminal death: a common man who, out of love, transmutes into an anti-messianic leader, gathering a legion of ""sertanejos,"" roots of solidarity in the inlands of Bahia who, in a community effort, raise dams, churchs, and cemiteries. The community had at one point 25 thousand inhabitants, in its days the second largest city of Bahia. Capuchin Friars attempted to disperse the people of Canudos ""diplomatically."" Their denial to obey the official religious order led the Evangelist Friar to damn the followers of Antônio Conselheiro in the name of Jesus. The City prepares for war.","José Celso Martinez Corrêa, Gabriel Fernandes, Henrique Palazzo","José Celso Martinez Corrêa, Euclides da Cunha",Released,Portuguese,,
14003,https://www.themoviedb.org/movie/14003,Fullmetal Alchemist the Movie: Conqueror of Shamballa,105.0,2005-07-21,JP,"Action, Adventure, Animation, Drama",7.3,"Munich, Germany, 1923. Two years have passed since Edward Elric was dragged from his own world to ours, leaving behind his country, his friends and his younger brother, Alphonse. Stripped of his alchemical powers, he has been all this time researching rocketry together with Alphonse Heiderich, a young man who resembles his own brother, hoping to one day find a way back home. His efforts so far had proven fruitless, but after lending a hand to a troubled gipsy girl, Edward is thrown in a series of events that can wreak havoc in both worlds. Meanwhile, at his own world, Alphonse Elric ventures deeper into the mysteries of alchemy in search for a way to reunite with his older brother.",Seiji Mizushima,Sho Aikawa,Released,Japanese,,10197984.0
149039,https://www.themoviedb.org/movie/149039-los-baneros-mas-locos-del-mundo,Part-Time Lifeguards,82.0,1987-02-05,AR,Comedy,6.5,"This time, the Brigada Z gang, take a little vacation in Mar del Plata but their money is stolen. In order to enjoy their vacation, they become lifeguards and accidentally discover a band of thieves that robs Casinos. Emilio, Gino, Berugo and Alberto don't forget they're cops so they decide to investigate.",Carlos Galettini,Salvador Valverde Calvo,Released,Spanish; Castilian,,
9396,https://www.themoviedb.org/movie/9396-crocodile-dundee-ii,Crocodile Dundee II,111.0,1989-02-23,AU,"Adventure, Comedy",5.9,Australian outback expert protects his New York love from gangsters who've followed her down under.,John Cornell,"Paul Hogan, Brett Hogan",Released,English,14000000.0,239606210.0
747600,https://www.themoviedb.org/movie/747600-jamgyrdan-kiin,After the Rain,115.0,2019-09-26,KG,"Drama, Family",10.0,"Suyun, the beloved, youngest daughter of the Sultanbekova family, mysteriously goes missing one afternoon. A devastating phone call reveals that she has been kidnapped by an unknown man to be his sudden bride. As Suyun is driven further away from her family’s grasp, the Sultanbekovs must now face against all odds—come trial or shame—to bring her back.",Chingiz Narynov,Eugenia Chung,Released,Kirghiz; Kyrgyz,,
331527,https://www.themoviedb.org/movie/331527,Aame Katha,,1977-11-18,IN,Drama,7.0,We don't have an overview translated in English. Help us expand our database by adding one.,K Raghavendra Rao,,Released,Telugu,,
405960,https://www.themoviedb.org/movie/405960-obito,Óbito,,2010-02-25,PR,Horror,0.0,"Five friends stay in an abandoned house in the countryside. Strange things start to occur when, one by one, they begin to kill themselves. The only thing the deaths have in common is the influence of a foreigner.",Federico Torres Fernández,Maritere Ysern,Released,Spanish; Castilian,,
122314,https://www.themoviedb.org/movie/122314-serrat-sabina-dos-pajaros-de-un-tiro,Serrat & Sabina - Dos Pájaros De Un Tiro,,2008-06-27,ES,Music,6.0,The first time ever 2 great Spanish artist join together on an international stage,,,Released,Spanish; Castilian,,
1147710,https://www.themoviedb.org/movie/1147710,Hijack 1971,100.0,2024-06-21,KR,"Action, Thriller, Crime",6.7,"In the year 1971, former Korean Air Force fighter pilot Tae-In (Ha Jung-Woo) works as a pilot for a commercial airline. He faces a crisis inside a hijacked flight with the passengers, including Yong-Dae (Yeo Jin-Goo), and his crew members, including Captain Kyu-Sik (Sung Dong-Il) and Flight Attendant Ok-Soon (Chae Soo-Bin).",Kim Sung-han,Kim Kyung-chan,Released,Korean,,14602614.0
12610,https://www.themoviedb.org/movie/12610-osmosis-jones,Osmosis Jones,95.0,2001-08-10,US,"Action, Adventure, Animation, Comedy, Family, Science Fiction",6.5,"A white blood cell policeman, with the help of a cold pill, must stop a deadly virus from destroying the human they live in, Frank.","Bobby Farrelly, Peter Farrelly",Marc Hyman,Released,English,75000000.0,13596911.0
560723,https://www.themoviedb.org/movie/560723-tian-das-geheimnis-der-schmuckstrasse,Tian - Das Geheimnis der Schmuckstraße,,2018-09-13,DE,Thriller,2.3,We don't have an overview translated in English. Help us expand our database by adding one.,Damian Schipporeit,"Stefan Gieren, Georg Tiefenbach",Released,German,,
938150,https://www.themoviedb.org/movie/938150-wardriver,Wardriver,93.0,2026-03-20,US,"Thriller, Crime",7.3,"He’s a Wardriver: a hacker who steals from banks, not people—until he’s noticed. Now the money turns violent, and the woman caught in it could save him or kill them both.",Rebecca Thomas,Daniel Casey,Released,English,,59225.0
273641,https://www.themoviedb.org/movie/273641-jackass-presents-bad-grandpa-5,Jackass Presents: Bad Grandpa .5,86.0,2014-06-03,US,"Comedy, Documentary",5.9,"Bad Grandpa .5 gives you a whole new perspective on the world of Irving Zisman with bonus scenes and pranks also featuring Spike Jonze as ""Gloria"" and Catherine Keener as Irving's wife ""Ellie"", plus a look at the evolution of Johnny Knoxville's naughty alter-ego, the makeup effects, and a behind-the-scenes peek at the idiocy it takes to make a hidden camera movie in public.",Jeff Tremaine,"Jeff Tremaine, Spike Jonze, Johnny Knoxville",Released,English,,
466386,https://www.themoviedb.org/movie/466386-todliches-schweigen,Deadly Silence,90.0,1997-05-03,DE,Drama,4.0,A gay man's return to his family in East Germany begins a series of tragic events.,Bernd Böhlich,,Released,German,,
562461,https://www.themoviedb.org/movie/562461,So Busy,,1937-11-16,CN,Drama,0.0,We don't have an overview translated in English. Help us expand our database by adding one.,Ouyang Yuqian,Ouyang Yuqian,Released,Chinese,,
268710,https://www.themoviedb.org/movie/268710-wasser-fur-canitoga,Water for Canitoga,119.0,1939-03-10,DE,"Western, Adventure, Drama",6.9,"In the spring of 1905, the water conduit project in the Canadian city of Canitoga is set to be completed. For years, the completion had been marred by sabotage. Engineer Oliver Montstuart commands the last blasting operation. But again, the explosive charge is too large and thus, further construction is forestalled again. When Montstuart confronts foreman Westbrook, the foreman threatens him with a knife. In self-defence, Montstuart shoots him. Now, he has to flee.",Herbert Selpin,"Peter Francke, Emil Burri, Walter Zerlett-Olfenius",Released,German,,
1536559,https://www.themoviedb.org/movie/1536559,Double Happiness,130.0,2026-02-17,TW,Drama,6.4,"Tim Kao, the meticulous head chef of a five-star hotel in Taiwan, is set to marry his Hong Kong fiance Daisy Wu. But Tim’s divorced parents refuse to attend the same ceremony, and each insists on hosting their own. To complicate things further, the Feng Shui master chooses the same auspicious date for both events. Tim, Daisy, their wedding planner Regina, and the best man Tsai must orchestrate two weddings simultaneously in the same hotel, without either parent finding out. Surrounded by a strict father, a demanding mother, and a cast of sharp-tongued relatives, Tim must confront the traumas of his upbringing and ask himself: is he truly ready to start a new family of his own?",Joseph Hsu,"Joseph Hsu, Hsieh Pei-ju",Released,Chinese,,
49021,https://www.themoviedb.org/movie/49021-killer-elite,Killer Elite,116.0,2011-09-22,KR,"Action, Adventure, Thriller",6.3,"Based on a shocking true story, Killer Elite pits two of the world’s most elite operatives—Danny, an ex-special ops agent and Hunter, his longtime mentor—against the cunning leader of a secret military society. Covering the globe from Australia to Paris, London and the Middle East, Danny and Hunter are plunged into a highly dangerous game of cat and mouse—where the predators become the prey.",Gary McKendry,"Gary McKendry, Ranulph Fiennes",Released,English,66000000.0,57777106.0
367762,https://www.themoviedb.org/movie/367762-rozsaszin-sajt,Camembert Rose,93.0,2009-09-10,HU,"Drama, Comedy",6.0,"19-year old Dani Papp lives with his father Tibor, a sex-obsessed and hedonistic gynecologist who pushes his young son to follow in his footsteps. Dani is his exact opposite, shy and romantic, looking for true love instead of sex. A trip to France to visit his musician uncle helps him to understand his own personality and his relationship to his father.",Barnabás Tóth,Barnabás Tóth,Released,Hungarian,,
455568,https://www.themoviedb.org/movie/455568-voros-tinta,Red Ink,88.0,1960-01-07,HU,"Drama, Romance",8.2,"Most of her colleagues take Mária, the new teacher to be a communist party-worker, only Irma and the drawing teacher Zoli treat her kindly. Mária starts working with great enthusiasm, and her class learns to love her in a short time.",Viktor Gertler,Magda Szabó,Released,Hungarian,,
610892,https://www.themoviedb.org/movie/610892,Violet Evergarden: Eternity and the Auto Memory Doll,90.0,2020-03-26,KR,"Drama, Fantasy, Animation",8.1,"Violet Evergarden, a former soldier returned from war, comes to teach at a women's academy and changes a young girl's life.",Haruka Fujita,"Kana Akatsuki, Takaaki Suzuki, Tatsuhiko Urahata",Released,Japanese,,10841702.0
9869,https://www.themoviedb.org/movie/9869-patriot-games,Patriot Games,117.0,1992-06-04,US,"Drama, Action, Thriller, Crime",6.7,"When CIA Analyst Jack Ryan interferes with an IRA assassination, a renegade faction targets Jack and his family as revenge.",Phillip Noyce,"Tom Clancy, Donald E. Stewart, W. Peter Iliff",Released,English,45000000.0,178051587.0
1163258,https://www.themoviedb.org/movie/1163258-12,12th Fail,146.0,2024-03-01,KR,Drama,7.9,"Based on the true story of IPS officer Manoj Kumar Sharma, 12th Fail sheds limelight on fearlessly embracing the idea of restarting the academic journey despite the setbacks and challenges and reclaiming one's destiny at a place where millions of students attempt the world's toughest competitive exam: UPSC.",Vidhu Vinod Chopra,"Vidhu Vinod Chopra, Anurag Pathak, Jaskunwar Kohli",Released,Hindi,2400000.0,37231.0
11003,https://www.themoviedb.org/movie/11003-the-wedding-singer,The Wedding Singer,97.0,1998-05-02,KR,"Romance, Comedy",6.8,"Robbie, a local rock star turned wedding singer, is dumped on the day of his wedding. Meanwhile, waitress Julia finally sets a wedding date with her fiancée Glenn. When Julia and Robbie meet and hit it off, they find that things are more complicated than anybody thought.",Frank Coraci,Tim Herlihy,Released,English,18000000.0,123306987.0
1699859,https://www.themoviedb.org/movie/1699859-la-pegaso,La Pegaso,,2026-05-02,DE,Drama,0.0,Katrina and Bruno plunge into a wild night of strobe lights and deafening music… until a brutal conflict shatters the fun and ruins the party forever.,María Martos,María Martos,Released,Spanish; Castilian,,
41961,https://www.themoviedb.org/movie/41961,Little Vera,128.0,1988-10-01,SU,"Drama, Romance",5.9,"Vera is a troubled teenager fresh out of school feeling trapped in her provincial port town during the turbulent times of perestroika. Her days and nights are filled with drinking, sex, and family dysfunction.",Vasili Pichul,Mariya Khmelik,Released,Russian,,
1635710,https://www.themoviedb.org/movie/1635710-shabnam,Shabnam,,2008-07-09,UZ,"Romance, Drama",0.0,We don't have an overview translated in English. Help us expand our database by adding one.,Mirmaqsud Oxunov,Yalkin Tuychiev,Released,Uzbek,,
894169,https://www.themoviedb.org/movie/894169-vendetta,Vendetta,96.0,2023-01-20,KR,Action,6.1,"When his daughter is murdered, William Duncan takes the law into his own hands, setting out on a quest for retribution. After killing the street thug responsible for her death, he finds himself in the middle of a war with the thug's brother, father, and their gang, who are equally hell-bent on getting even. What ensues is a tense back-and-forth game of vengeance. By the end, William comes to find that the quest for revenge never has a winner.",Jared Cohn,Jared Cohn,Released,English,,
326501,https://www.themoviedb.org/movie/326501-sabado-a-noite,Sábado À Noite,62.0,2007-01-05,BR,Documentary,0.0,A documentary following random people at a Saturday night in Fortaleza.,Ivo Lopes Araújo,Ivo Lopes Araújo,Released,Portuguese,,
290764,https://www.themoviedb.org/movie/290764-tracers,Tracers,94.0,2015-03-19,KR,Action,6.0,"Wanted by the mafia, a New York City bike messenger escapes into the world of parkour after meeting a beautiful stranger.",Daniel Benmayor,Matt Johnson,Released,English,11000000.0,593683.0
133121,https://www.themoviedb.org/movie/133121,Resident Evil: Damnation,100.0,2021-04-12,KR,"Action, Animation, Science Fiction, Horror",6.9,"U.S. federal agent Leon S. Kennedy sneaks into the ""East Slavic Republic"" to verify rumors that Bio-Organic Weapons (BOWs) are being used in the country's civil war, which the U.S. and Russia are making preparations to jointly intervene in. Right after his infiltration, the U.S. government orders him to leave immediately. Determined to uncover the truth, Leon ignores the order and enters the battlefield to end the chain of tragedies caused by the BOWs.",Makoto Kamiya,Shoutarou Suga,Released,Japanese,,2325035.0
5123,https://www.themoviedb.org/movie/5123-august-rush,August Rush,114.0,2007-11-29,KR,"Family, Drama, Music",7.4,"Evan, a musically gifted orphan, runs away from his orphanage and searches New York City for his birth parents. On his journey, he's taken under the wing of the Wizard, a homeless man who lives in an abandoned theater. After discovering his talent, the Wizard gives Evan the name ""August Rush"" and devises a plan to profit from his talent. Little does Evan know that his parents, Lyla and Louis, are searching for him too.",Kirsten Sheridan,"Nick Castle, James V. Hart",Released,English,25000000.0,66122026.0
776069,https://www.themoviedb.org/movie/776069,And Now Shut Your Eyes,12.0,2020-12-10,IL,Comedy,6.0,"A young woman attends an art opening, desperately trying to fit in. She puts on audio-guide headphones and observes the exhibit. Suddenly, the narrator starts giving her wild instructions until she does the unspeakable.",Tom Nesher,Tom Nesher,Released,Hebrew,,
1087973,https://www.themoviedb.org/movie/1087973,Mama Weds Papa,,2023-02-17,IN,"Family, Drama, Comedy",0.0,A kid tries to bring her parents together and organize their marriage.,Appu Kanungo,Appu Kanungo,Released,Oriya,,
1583581,https://www.themoviedb.org/movie/1583581-hai-cu,Portrait of a Foreman,67.0,1986-01-01,VN,Drama,0.0,"Hai Cũ, a notorious outlaw robbing from the rich to give to the poor, writes to Hồ Chí Minh hoping to secure pardon for his subordinates and is then sent to work as a foreman for a military company. The company's officer turns out to be the student who has accidentally helped him to escape the police many years ago.",Lam Sơn,Trần Bạch Đằng,Released,Vietnamese,,
860521,https://www.themoviedb.org/movie/860521-les-petites-saintes-y-touchent,Young Girls in Ecstasy,83.0,1974-12-04,FR,"Comedy, Romance",4.5,"The friends who attended the same boarding school meet and take turns telling their recent romantic experiences. These turn out to be as varied as they are crisp, from the initiation of a student by a teacher to the misunderstanding in the company of a lord, through the false English but true seducer, the swimmer obsessed with his physical condition and, obviously, love in a group (Le Chat Qui Fume).",Michel Lemoine,Michel Lemoine,Released,French,,
157772,https://www.themoviedb.org/movie/157772-31-dias,31 Days,92.0,2013-01-11,MX,"Comedy, Romance",4.8,"31 Dias (31 Days) is the story of Eva (Irán Castillo), a young and beautiful psychologist and author of a series of self-help books about modern women and their love relationships. For her next bestseller she has decided to prove her most daring theory: After the first 30 days together love ends, so the only way to have a meaningful relationship in this new millennium is when the couple part ways after the first month. At a magazine's photo session Eva meets Adam (Lorenzo Balducci), an attractive Italian photographer, and she decides he's perfect as her study subject. She will live a very intense relationship with Adam during 31 days, in order to prove her theory is right. However, what she is not aware of is that Adam is using her own advice from her books in order to make her fall in love with him and teach her a lesson. What neither of them suspects is that they'll come to learn that love has no rules.",Erika Grediaga,Erika Grediaga,Released,English,,
175574,https://www.themoviedb.org/movie/175574-free-birds,Free Birds,91.0,2014-07-31,KR,"Animation, Comedy, Family",5.9,Two turkeys from opposite sides of the tracks must put aside their differences and team up to travel back in time to change the course of history—and get turkey off the holiday menu for good.,Jimmy Hayward,"Jimmy Hayward, Scott Mosier",Released,English,55000000.0,110000000.0
791853,https://www.themoviedb.org/movie/791853,The Adventures of Tin Liao,90.0,2013-04-17,CN,,0.0,"Tin Liao, who loves the adventures of Tin Tin, is sent to live with his aunt and uncle in the countryside. He suspects two visiting botanists are really thieves and together with a new friend, attempts to stop them from stealing a local legendary treasure.",Chen Jing,,Released,Chinese,,
399360,https://www.themoviedb.org/movie/399360-alpha,Alpha,97.0,2018-11-13,KR,"Adventure, Drama",6.6,"In the prehistoric past, Keda, a young and inexperienced hunter, struggles to return home after being separated from his tribe when bison hunting goes awry. On his way back he will find an unexpected ally.",Albert Hughes,Dan Wiedenhaupt,Released,English,51000000.0,99630675.0
1077337,https://www.themoviedb.org/movie/1077337-four-vol-1,FOUR: Vol. 1,65.0,2022-01-28,IN,"Crime, Mystery, Thriller",0.0,A suspenseful & mysterious journey of 8 people where secrets and crimes get dirtier. FOUR is an anthology of different stories with extraordinary and unique concepts.,Abhishek Swain,Abhishek Swain,Released,Oriya,,
501190,https://www.themoviedb.org/movie/501190-god-sex-and-truth,"God, Sex and Truth",19.0,2018-01-27,US,Romance,5.7,"'God, Sex and Truth' delves into the world of sex where it digs out and projects the deepest dignity, divinity of the act and a women's true purpose of her sexuality.",Ram Gopal Varma,Ram Gopal Varma,Released,English,,
1451281,https://www.themoviedb.org/movie/1451281-el-trompo,El trompo,15.0,2005-01-01,AR,Drama,0.0,"During the 2003 flood in the province of Santa Fe, a boy and his grandfather were taken to an evacuation center, where hundreds of families were waiting to return to their homes. The boy lived through unforgettable experiences. The only thing that mattered was friendship, love, and dreams... until the spinning top stopped.","Alejandro Carreras, Gastón del Porto","Alejandro Carreras, Gastón del Porto",Released,Spanish; Castilian,,
10234,https://www.themoviedb.org/movie/10234-funny-games,Funny Games,109.0,1997-11-15,KR,"Drama, Horror, Thriller",7.3,"Two psychotic young men take a mother, father, and son hostage in their vacation cabin and force them to play sadistic ""games"" with one another for their own amusement.",Michael Haneke,Michael Haneke,Released,German,,2506.0
10437,https://www.themoviedb.org/movie/10437-the-muppet-christmas-carol,The Muppet Christmas Carol,89.0,2021-08-03,KR,"Music, Comedy, Family, Fantasy, Drama",7.4,"A retelling of the classic Dickens tale of Ebenezer Scrooge, miser extraordinaire. He is held accountable for his dastardly ways during nighttime visitations by the Ghosts of Christmas Past, Present and Future.",Brian Henson,"Charles Dickens, Jerry Juhl",Released,English,12000000.0,34524312.0
567646,https://www.themoviedb.org/movie/567646,Extreme Job,111.0,2019-01-23,KR,"Action, Comedy, Crime",7.2,"A drug squad attempts to take down a criminal organization and they must go undercover to do so, so they begin working at a chicken restaurant, that becomes famous for its delicious chicken. Due to the unexpected popularity, the detectives find themselves in a situation they never expected.",Lee Byeong-heon,Moon Chung-il,Released,Korean,8120000.0,124652206.0
1146750,https://www.themoviedb.org/movie/1146750-africa,África,16.0,2023-07-27,MX,Documentary,0.0,"Africa, a trans woman dedicated to musical representation and comic entertainment on Facebook exhibits her daily life through live broadcasts, having success and a large influx of viewers. This while she is getting ready for her special program in honor of her best friend Vicenta de Loris, since a year has passed since her life was taken from her.",Salvador Santana II,Salvador Santana II,Released,Spanish; Castilian,,
370964,https://www.themoviedb.org/movie/370964,I Am Dragon,110.0,2017-03-07,KR,"Fantasy, Romance",7.2,"In the midst of the wedding princess Miroslava is kidnapped by a dragon and carried away into his castle on the remote island. Mira left everything behind in the past - family, friends and groom. Now the only things she had were a stone cage and a mysterious young man named Arman ... but who is he and what is he doing on that island? Miroslava will know the truth too late: loving a dragon will reveal the bitter truth - love is scary.",Indar Dzhendubaev,"Indar Dzhendubaev, Serhiy Dyachenko, Aleksey Arsenev, Marina Dyachenko",Released,Russian,18000000.0,10495305.0
1731594,https://www.themoviedb.org/movie/1731594-how-do-you-remember-the-matrix,How Do You Remember The Matrix?,8.0,2026-06-27,AU,"Science Fiction, Drama",0.0,"In the year 2073, where all copies of films have been lost in a sea of AI-generated replicas, two detectives seek out the original copy of 'The Matrix'.","Nathan Martin, Reuben Stone","Nathan Martin, Reuben Stone",Released,English,,
1180931,https://www.themoviedb.org/movie/1180931-silencio,Silencio,12.0,2024-03-13,ES,"Horror, Drama, Fantasy",8.4,A medieval peasant suffering from the plague encounters the spirit of his dead wife as he wanders into the forest.,Ivan Dimitrov,,Released,No Language,2500.0,
439709,https://www.themoviedb.org/movie/439709,The Adventures of Baby Hippopo,9.0,1974-02-04,SU,"Animation, Family",0.0,"An evil hunter kidnaps the mother of a small hippopotamus, but a little girl comes to his aid, and with the help of a policeman, they free the captive.",Volodymyr Honcharov,Svitlana Kutsenko,Released,Ukrainian,,
70818,https://www.themoviedb.org/movie/70818,Highway,,2007-01-01,IN,,0.0,Highway is the first film for Manoj in tollywood. It's a racy and engrossing entertainer.,Manoj Kumar V.,,Released,Telugu,,
27324,https://www.themoviedb.org/movie/27324,Pulse,119.0,2005-07-24,KR,"Horror, Thriller, Mystery",6.7,"In the immense city of Tokyo, the darkness of the afterlife lures some of its inhabitants desperately trying to escape the sadness and isolation of the modern world.",Kiyoshi Kurosawa,Kiyoshi Kurosawa,Released,Japanese,25000000.0,318451.0
560732,https://www.themoviedb.org/movie/560732,Hello Arsi,97.0,2018-11-28,EE,Drama,4.4,"Sudden industrialization and big scale mining activities in central-eastern India, in the twentyfirst century, has affected the socio-economic fabric of society which was earlier dependent on agriculture. People felt alienated due to the shift. A new meaning in life has to emerge. In this backdrop, a young man and a young woman cross each other's path accidentally, each searching for his/her identity. Their journey starts on the ever expanding ROAD.",Sambit Mohanty,Sambit Mohanty,Released,Oriya,,
324670,https://www.themoviedb.org/movie/324670-spectral,Spectral,109.0,2016-12-09,US,"Science Fiction, Thriller, Action",6.6,A special-ops team is dispatched to fight supernatural beings that have taken over a European city.,Nic Mathieu,George Nolfi,Released,English,70000000.0,
1392469,https://www.themoviedb.org/movie/1392469,Cocktail 2,149.0,2026-06-19,IN,"Romance, Comedy",5.8,"After a decade together, Diya and Kunal's relationship is shaken when Ally, an old friend, re-enters their lives. What begins as a plan between two women spirals into chaos, triggering hilarious, emotional rollercoaster none of them saw coming.",Homi Adajania,"Tarun Jain, Luv Ranjan",Released,Hindi,15872640.0,12947333.0
14191,https://www.themoviedb.org/movie/14191-aquamarine,Aquamarine,103.0,2006-06-30,KR,"Fantasy, Romance, Family, Comedy",6.5,"Two teenage girls discover that mermaids really do exist after a violent storm washes one ashore. The mermaid, a sassy creature named Aquamarine, is determined to prove to her father that real love exists, and enlists the girls' help in winning the heart of a handsome lifeguard.",Elizabeth Allen Rosenbaum,"Alice Hoffman, Jessica Bendinger, John Quaintance",Released,English,12000000.0,23006849.0
9504,https://www.themoviedb.org/movie/9504-glengarry-glen-ross,Glengarry Glen Ross,100.0,1992-09-28,US,"Crime, Drama, Mystery",7.3,"Times are tough at Premiere Properties. Shelley ""the machine"" Levene and Dave Moss are veteran salesmen, but only Ricky Roma is on a hot streak. The new Glengarry sales leads could turn everything around, but the front office is holding them back until these ""losers"" prove themselves. Then someone decides to take matters into his own hands, stealing the Glengarry leads and leaving everyone wondering who did it.",James Foley,David Mamet,Released,English,12500000.0,10725228.0
468919,https://www.themoviedb.org/movie/468919-macbeth-xxi,Macbeth XXI,,2016-10-06,BR,Thriller,0.0,We don't have an overview translated in English. Help us expand our database by adding one.,Vanessa Leal,Vito Damasio,Released,English,160.0,
281301,https://www.themoviedb.org/movie/281301-a-banya-titka,The Secret of the Mine,100.0,1918-12-01,HU,Drama,7.5,"Éva, an orphaned mine heiress, is on the verge of gaining her inheritance from Count Rudolf. In order to retain control, Rudolf aims to provoke a worker's revolt against her. Éva then meets Jura, one of the miners, who claims he was raised from birth within the mine by a mysterious witch named Anna.",Ödön Uher ifj.,"Ödön Uher ifj., Max Pemberton, Max Pemberton",Released,Hungarian,,
17581,https://www.themoviedb.org/movie/17581-naruto,Naruto Shippuden the Movie: Bonds,90.0,2013-05-09,KR,"Fantasy, Animation, Action",7.3,"A mysterious group of ninjas makes a surprise attack on the Konohagakure, which takes great damage. The nightmare of another Shinobi World War could become a reality. Sasuke, who was still a missing nin from Konoha trying to kill his brother, Itachi, appears for the second time in front of Naruto at an unknown location to prevent it from happening.",Hajime Kamegaki,Junki Takegami,Released,Japanese,,10642859.0
420070,https://www.themoviedb.org/movie/420070,A Man in a Green Kimono,72.0,1992-02-11,UA,"Action, Mystery, Crime",9.0,"Tamu, karate black belt returned to his hometown, with the aim to open a karate school. Someone Sedoy, who has opened an existing school in the city, helps Tamu in achieving his objectives, requiring instead the subordination to it.","Tamerlan Kargaev, Boris Kantemirov",Murat Dzhusoyty,Released,Russian,,
410554,https://www.themoviedb.org/movie/410554-first-kill,First Kill,97.0,2017-07-21,US,"Action, Thriller, Crime",5.6,A police chief tries to solve a kidnapping that involves a bank robber holding a young boy hostage.,Steven C. Miller,Nick Gordon,Released,English,10000000.0,
287075,https://www.themoviedb.org/movie/287075-double-mama,Double Mama,67.0,2013-02-27,NG,Comedy,6.2,Double mama has a reputation for indiscriminately tackling anyone who dares to cross her. This allows her mischievous son to freely terrorise the villagers.,Andy Chukwu,Andy Chukwu,Released,English,,
1152354,https://www.themoviedb.org/movie/1152354-za-palycha,Za Palycha!,90.0,2023-07-27,RU,"War, Comedy",7.7,"About the life of a major guy who ends up in the army, rethinks his life and helps his grandfather save his house.",Andrey Bogatyrev,"Andrey Bogatyrev, Aleksey Chadov, Maxim Boev, Georgy Afanasyev",Released,Russian,,
1299537,https://www.themoviedb.org/movie/1299537,Successor,133.0,2024-07-13,CN,Comedy,6.9,"Ma Chenggang, a wealthy man in Xihong City, worries that his eldest son is too spoiled to succeed him. Determined to raise a capable successor, he takes an unconventional approach. They conceal their wealth, moving the family to a dilapidated neighborhood, and maintain an illusion of poverty, so that his son could develop qualities such as hard work, knowledge, careful budgeting, physical fitness, and perseverance.","Yan Fei, Peng Damo","Yan Fei, Peng Damo, Lin Bingbao",Released,Chinese,,422307398.0
886887,https://www.themoviedb.org/movie/886887,昆仑兄弟,,2019-04-26,CN,"Drama, Western",8.0,We don't have an overview translated in English. Help us expand our database by adding one.,"Hong Jiang, Abdukerim Abliz","Mushi Li, Qi Gao",Released,Chinese,,2341461.0
414087,https://www.themoviedb.org/movie/414087-vong-eo-56,Queen of Bikini,97.0,2016-04-06,VN,Drama,5.8,"Biographical film about Ngoc Trinh, a very famous model known as ""Queen of the bikini"" in Vietnam, played by herself.",Vũ Ngọc Đãng,,Released,Vietnamese,,
1260951,https://www.themoviedb.org/movie/1260951,Her Story,123.0,2026-07-09,KR,"Drama, Romance",7.5,"Wang Tiemei, a single mother, loses her job and moves, befriending neighbor Xiaoye who appears cheerful but is depressed. Their bond grows as Tiemei navigates relationships with her ex-husband causing trouble.",Shao Yihui,Shao Yihui,Released,Chinese,,97375772.0
89644,https://www.themoviedb.org/movie/89644-elsa-fraulein-ss,Captive Women 4,90.0,1977-09-26,FR,"Thriller, Horror, War",4.9,"To improve the morale of the German officers, a train with beautiful girls is arranged to entertain them when on leave.",Patrice Rhomm,Victor Hadria,Released,French,,
795231,https://www.themoviedb.org/movie/795231,The Second Handshake,123.0,1980-01-01,CN,Drama,0.0,Movie adaptation of a wildly popular hand-copied unpublished novel by Zhang Yang during the Cultural Revolution that was later rehabilitated and officially published in 1979.,Dong Kena,"Dong Kena, Shuolong Cao",Released,Chinese,,
526811,https://www.themoviedb.org/movie/526811-passion-simple,Simple Passion,99.0,2023-02-01,KR,"Romance, Drama",5.8,"A man and a woman are brought together by chance for several months. He is younger than she is, married, Russian, officially a diplomat stationed in Paris. She is a beautiful teacher and researcher, with her feet firmly on the ground. The film follows the evolution of their love, from the beginning to end.",Danielle Arbid,Annie Ernaux,Released,French,,75167.0
458670,https://www.themoviedb.org/movie/458670,The Flaming Rocks Treasure,80.0,1969-08-18,SU,"Adventure, Family",5.0,"A very creative young boy Fedka is telling o his friends the story - with everything in it: pirates, exotic islands and a lot of adventures...",Evgeniy Sherstobitov,"Evgeniy Sherstobitov, Gertzel Novogrudsky",Released,Russian,,
1151008,https://www.themoviedb.org/movie/1151008-universo,Universe,11.0,2015-08-27,BR,Drama,0.0,"""Do you think we will be able to be apart from each other?""",Nicolas Thomé Zetune,Nicolas Thomé Zetune,Released,Portuguese,,
394591,https://www.themoviedb.org/movie/394591-nos-parecia-importante,Nos parecía importante,60.0,2016-09-30,ES,Drama,5.0,Marcos and Sofia are two thirty something friends from Barcelona that plans to make a film. But they don't have a penny and everyday life isn't glamorous at all. Marcos falls in love with a mysterious man he saw in the street.,Marc Ferrer,,Released,Spanish; Castilian,,
67343,https://www.themoviedb.org/movie/67343,Mr. Vampire II,89.0,1986-08-15,HK,"Horror, Action, Comedy",5.9,"Chaos ensues after a team of archaeologists accidentally breaks the seals of a sleeping vampire family, which prevent them from waking up.",Ricky Lau,Barry Wong Ping-Yiu,Released,Cantonese,,
322391,https://www.themoviedb.org/movie/322391,Sivagangai Seemai,160.0,1959-05-19,IN,"History, Drama",10.0,"After Kattabomman's execution at Kayattar, his brother, Oomadurai, becomes the ruler of the town Sivaganga. Seeing this as an opportunity, the British attack and invade the town with a powerful army.",K. Shankar,Kannadasan,Released,Tamil,,
10735,https://www.themoviedb.org/movie/10735-what-a-girl-wants,What a Girl Wants,105.0,2003-08-22,KR,"Family, Comedy, Drama, Romance",6.3,"American Daphne Reynolds heads to Europe in search of the father she's never met. But instead of finding a British version of her boho mother, she learns the love of her mom's life is an uptight politician. The only problem now is that her long-lost father is engaged to a fiercely territorial social climber with a daughter who makes Daphne's life miserable.",Dennie Gordon,"Jenny Bicks, Elizabeth Chandler, William Douglas-Home",Released,English,20000000.0,50700000.0
1103738,https://www.themoviedb.org/movie/1103738,Ranger,98.0,2000-01-01,IR,"Action, War",0.0,"Morteza, an Iranian ranger is taken hostage in the midst of a combat against Iraqi soldiers",Ahmad Morad Pour,Behzad Behzadpour,Released,Persian,,
545712,https://www.themoviedb.org/movie/545712-kthimi,The Return,81.0,2017-11-28,MK,Drama,0.0,A young Albanian immigrant and his French fiance decide to pay a surprise visit to his native village. Their surprise turns sour when his family learns the true reasons behind their son's return.,Kastriot Abdyli,Kastriot Abdyli,Released,Albanian,,
1098720,https://www.themoviedb.org/movie/1098720,Suhaga Sindura,,1996-01-05,IN,Drama,0.0,"Circumstance compel Gita to marry Raju. But the marriage is a contact one for one year. After the contract elapses Raju left Gita. But He can't forget Geeta's Love & sacrifice and wants reunite, but Gita refuses.",Hara Patnaik,"Hara Patnaik, Dr. Subodh Pattanaik",Released,Oriya,,
261756,https://www.themoviedb.org/movie/261756,Irumbu Thirai,,1960-09-01,IN,Drama,9.0,"Two brothers find themselves against each other when the younger one decides to form a union to oppose the unfair means used by the mill owner, whom the elder brother supports.",S. S. Vasan,,Released,Tamil,,
10495,https://www.themoviedb.org/movie/10495-the-karate-kid-part-iii,The Karate Kid Part III,112.0,1989-06-29,US,"Action, Family, Drama, Adventure",5.9,"Despondent over the closing of his karate school, Cobra Kai teacher John Kreese joins a ruthless businessman and martial artist to get revenge on Daniel and Mr. Miyagi.",John G. Avildsen,Robert Mark Kamen,Released,English,12500000.0,38956288.0
1705869,https://www.themoviedb.org/movie/1705869-agua-salgada,Água Salgada,18.0,2026-06-03,BR,Drama,0.0,"With her partner lost at sea, a young woman begins to question her perception of reality and identity.","Carolina Kury, Maressa Coutinho","Carolina Kury, Maressa Coutinho",Released,English,,
384412,https://www.themoviedb.org/movie/384412-auto,The Car,74.0,1975-02-24,HU,Comedy,7.5,"This sour satire records how narrow-minded, perishable and prejudiced human relations are. Lili, an open, good-hearted, but clumsy girl gets a rusty Renault Gordini from her uncle living in France. She wants to learn driving, but makes horrible and perilous mistakes behind the wheel.",Géza Böszörményi,"Géza Böszörményi, Lívia Gyarmathy",Released,Hungarian,,
1077285,https://www.themoviedb.org/movie/1077285,The Muscovite-Sorcerer,76.0,1995-01-01,UA,"Comedy, Music",5.5,"Tatyana’s husband left for the business trip. And right away the local ladies’ men begin to put the moves towards a young woman. At first she fights back, but under the pressure of good words and love-making she is ready to put up hands. But the husband’s returning makes allowances in the plans of all characters.Based on  Ivan Kotliarevsky` vaudeville The Muscovite-Sorcerer, that, together with operetta Natalka Poltavka (Natalka from Poltava), was landmarks in the development of Ukrainian theater.",Nikolay Zaseev-Rudenko,Nikolay Zaseev-Rudenko,Released,Ukrainian,,
22897,https://www.themoviedb.org/movie/22897-it-s-complicated,It's Complicated,121.0,2010-03-11,KR,"Comedy, Romance",6.5,"Ten years after their divorce, Jane and Jake Adler unite for their son's college graduation and unexpectedly end up sleeping together. But Jake is married, and Jane is embarking on a new romance with her architect. Now, she has to sort out her life—just when she thought she had it all figured out.",Nancy Meyers,Nancy Meyers,Released,English,85000000.0,219103655.0
455839,https://www.themoviedb.org/movie/455839-time-trap,Time Trap,87.0,2017-05-19,US,"Science Fiction, Adventure",6.3,A group of students become trapped inside a mysterious cave where they discover time passes differently underground than on the surface.,"Mark Dennis, Ben Foster",Mark Dennis,Released,English,,
3980,https://www.themoviedb.org/movie/3980-critters,Critters,86.0,1986-04-11,US,"Comedy, Horror, Science Fiction",6.5,"Carnivorous aliens arrive unannounced at a Kansas family farm; two intergalactic bounty hunters soon follow, determined to blow them off the planet.",Stephen Herek,"Stephen Herek, Domonic Muir",Released,English,2000000.0,13167232.0
14741,https://www.themoviedb.org/movie/14741-the-goodbye-girl,The Goodbye Girl,111.0,1977-11-27,US,"Comedy, Drama, Romance",6.9,"After being dumped by her live-in boyfriend, an unemployed dancer and her 10-year-old daughter are reluctantly forced to live with a struggling off-Broadway actor.",Herbert Ross,Neil Simon,Released,English,,102000000.0
591538,https://www.themoviedb.org/movie/591538-the-tragedy-of-macbeth,The Tragedy of Macbeth,105.0,2022-01-14,KR,Drama,6.9,"Macbeth, the Thane of Glamis, receives a prophecy from a trio of witches that one day he will become King of Scotland. Consumed by ambition and spurred to action by his wife, Macbeth murders his king and takes the throne for himself.",Joel Coen,Joel Coen,Released,English,,176248.0
1021679,https://www.themoviedb.org/movie/1021679,The Rose of Versailles,113.0,2025-04-30,KR,"Animation, Romance, Drama, History",7.1,"In an age of revolution, Marie Antoinette and her protector Oscar François de Jarjayes face tough choices as women growing into their distinct roles.",Ai Yoshimura,Tomoko Konparu,Released,Japanese,,1489577.0
50321,https://www.themoviedb.org/movie/50321-mars-needs-moms,Mars Needs Moms,88.0,2011-03-11,US,"Adventure, Animation, Family",6.0,"When Martians suddenly abduct his mom, mischievous Milo rushes to the rescue and discovers why all moms are so special.",Simon Wells,"Simon Wells, Wendy Wells",Released,English,150000000.0,39000000.0
510794,https://www.themoviedb.org/movie/510794,Tu Mo Hero,170.0,2017-10-20,IN,Romance,0.0,"Khushi falls in love with Prem due to his personality. However, her father is against their relationship and tries to do whatever it takes to keep them apart.",S. Dilip Panda,,Released,Oriya,,
452832,https://www.themoviedb.org/movie/452832-serenity,Serenity,102.0,2020-02-24,KR,"Thriller, Mystery, Drama",5.5,"The quiet life of Baker Dill, a fishing boat captain who lives on the isolated Plymouth Island, where he spends his days obsessed with capturing an elusive tuna while fighting his personal demons, is interrupted when someone from his past comes to him searching for help.",Steven Knight,Steven Knight,Released,English,25000000.0,14500000.0
14249,https://www.themoviedb.org/movie/14249-revenge,Revenge,123.0,1990-02-16,US,"Thriller, Romance, Drama",6.5,"Michael ‘Jay’ Cochran has just left the Navy after 12 years and he's not quite sure what he's going to do, except that he knows he wants a holiday. He decides to visit Tiburon Mendez, a powerful but shady Mexican businessman who he once flew to Alaska for a hunting trip. Arriving at the Mendez mansion in Mexico, he is immediately surprised by the beauty and youth of Mendez’s wife, Miryea.",Tony Scott,"Jim Harrison, Jeffrey Alan Fiskin",Released,English,,15645616.0
1241693,https://www.themoviedb.org/movie/1241693,Do Deewane Seher Mein,137.0,2026-02-20,IN,"Romance, Drama, Comedy",6.4,"Two socially awkward millennials in Mumbai find love while struggling with self-acceptance. As they battle insecurities and societal pressure, their journey takes them from city chaos to mountain serenity.",Ravi Udyawar,Abhiruchi Chand,Released,Hindi,,
2395,https://www.themoviedb.org/movie/2395-asterix-aux-jeux-olympiques,Asterix at the Olympic Games,116.0,2008-01-30,FR,"Fantasy, Adventure, Comedy, Family",5.2,"Astérix and Obélix have to win the Olympic Games in order to help their friend Alafolix marry Princess Irina. Brutus uses every trick in the book to have his own team win the game, and get rid of his father Julius Caesar in the process.","Thomas Langmann, Frédéric Forestier","Thomas Langmann, Alexandre Charlot, Olivier Dazat, Franck Magnier",Released,French,97250400.0,131856927.0
878361,https://www.themoviedb.org/movie/878361-big-george-foreman,Big George Foreman,129.0,2023-07-13,KR,"History, Drama",7.6,"Fueled by an impoverished childhood, George Foreman channeled his anger into becoming an Olympic Gold medalist and World Heavyweight Champion, followed by a near-death experience that took him from the boxing ring to the pulpit. But when he sees his community struggling spiritually and financially, Foreman returns to the ring and makes history by reclaiming his title, becoming the oldest and most improbable World Heavyweight Boxing Champion ever.",George Tillman Jr.,"George Tillman Jr., Frank Baldwin",Released,English,32000000.0,3800000.0
1729394,https://www.themoviedb.org/movie/1729394-kasih-abang,Kasih Abang,,2022-01-01,MY,,0.0,"The encounter between Adam, a street painter, and Wani, a wealthy man's daughter, helps unravel the search for his younger brother, Idris, since they were separated 18 years ago. The separation occurred when their mother, who was forced to become a drug mule to pay off their late father's debts, refused to continue with the illegal work and was subsequently killed like their father. Adam hid Idris away and then returned home to save their mother, but his attempt failed.",Amie Maziah Abdul Rahman,,Released,English,,
535366,https://www.themoviedb.org/movie/535366-jango,Jango,,2017-10-19,BR,Western,0.0,A mother finally has a chance to avenge her son.,Thiago Henrique Sena,Thiago Henrique Sena,Released,Portuguese,,
856395,https://www.themoviedb.org/movie/856395,Ah Fu Looks for Treasure,,1957-01-01,CN,,0.0,We don't have an overview translated in English. Help us expand our database by adding one.,Xu Suling,,Released,Chinese,,
423696,https://www.themoviedb.org/movie/423696-kismaszat-es-a-gezenguzok,The Baby and the Rascals,74.0,1984-10-31,HU,"Adventure, Comedy, Family",7.0,A group of Hungarian children and a taxicab driver try to return a lost baby to his sightseeing Swedish parents.,Miklós Markos,"Miklós Markos, Miklós Rónaszegi",Released,Hungarian,,
1562668,https://www.themoviedb.org/movie/1562668-madame-lola,Madame Lola,,2025-10-16,ES,"Comedy, Drama, Documentary",0.0,"A film composed of archival material and excerpts from an interview conducted in 1999 for the unfinished film “The True Story of Madame L.” After a decade out of the public eye, a group of film students manages to interview the woman who was once the most famous psychic on the Spanish scene. The political fortune teller, the snake charmer, the master of ceremonies, the ultimate charlatan: Madame Lola.",Marco Araujo,"Marco Araujo, Marcos Cabrera",Released,Spanish; Castilian,,
1618321,https://www.themoviedb.org/movie/1618321-bau-v-t-tr-i-cho,A Gift From Heaven,124.0,2026-02-17,VN,"Comedy, Family, Romance",6.0,"BÁU VẬT TRỜI CHO is an emotionally rich, heartwarming film that celebrates family bonds for Tết 2026. Ngọc (Phương Anh Đào), a single mother who conceived her child through donor insemination, takes a seaside getaway to escape her past. There, she and her son Tô unexpectedly encounter Hồng (Tuấn Trần), a free-spirited fisherman who happens to be the donor behind Tô’s birth. This awkward reunion draws three strangers into a series of humorous yet tense situations as everything spirals beyond control. Is this “heaven-sent” father a destined gift, or merely life’s cruel twist of fate?",Lê Thanh Sơn,,Released,Vietnamese,,
10951,https://www.themoviedb.org/movie/10951,Gorgeous,121.0,1999-02-13,KR,"Adventure, Action, Comedy, Romance",6.5,"When Ah Bu, a girl from a small fishing town in Taiwan, finds a glass bottle with a romantic message, she travels to Hong Kong to find her prince charming. As it turns out, her prince charming, Albert, happens to be gay. But all is not lost when Ah Bu meets the dashing Chi Wu. Meanwhile, Ah Bu's boyfriend from Taiwan comes looking for her, as the action and romance follow Ah Bu back to Taiwan.",Vincent Kok Tak-Chiu,"Vincent Kok Tak-Chiu, Law Yiu-Fai, Jackie Chan",Released,Cantonese,,5169925.0
1465288,https://www.themoviedb.org/movie/1465288-bear,Bear,3.0,2025-04-18,US,,0.0,"After the rush of growing up, a woman stumbles upon her lost teddy bear, awakening memories that slow her world and remind her of the magic of the moment.",Ella Daniel,Ella Daniel,Released,English,,
1957,https://www.themoviedb.org/movie/1957-enough,Enough,114.0,2002-11-14,KR,"Drama, Thriller",6.6,"Working-class waitress Slim thought she was entering a life of domestic bliss when she married Mitch, the man of her dreams. After the arrival of their first child, her picture perfect life is shattered when she discovers Mitch's hidden possessive dark side, a controlling and abusive alter ego that can turn trust, love and tranquility into terror. Terrified for her child's safety, Slim flees with her daughter. Relentless in his pursuit and enlisting the aid of lethal henchmen, Mitch continually stalks the prey that was once his family.",Michael Apted,Nicholas Kazan,Released,English,38000000.0,51800000.0
964935,https://www.themoviedb.org/movie/964935-echappe,échappé,17.0,2020-05-08,US,,0.0,"When presented with the opportunity to be cast in a lead role, an aging dancer must determine if her personal integrity outweighs her professional ambitions after experiencing a choreographer's unwanted sexual advances.",Rebecca Walters,,Released,English,6000.0,
396148,https://www.themoviedb.org/movie/396148-drei-vater-sind-besser-als-keiner,Drei Väter sind besser als keiner,90.0,2016-05-05,DE,"Family, Comedy",5.1,"Jasper finally wants to meet his dad! To fulfill his wish, Mother Maike first has to find out who that is. Three teenage acquaintances come into question: a farmer, a car screwdriver and the village's former heartthrob. With the eleven-year-old and his little sister Luise in the luggage, the lone parent drives to her hometown Füdrum, where she once turned her back as a pregnant woman. While Grandma Inge immediately closes her grandson's heart, old wounds soon break open on Maike's part.",Till Franzen,,Released,German,,
10028,https://www.themoviedb.org/movie/10028-honey,Honey,94.0,2004-03-26,KR,"Music, Drama, Romance",6.4,"Honey Daniels dreams of making a name for herself as a hip-hop choreographer. When she's not busy hitting downtown clubs with her friends, she teaches dance classes at a nearby community center in Harlem, N.Y., as a way to keep kids off the streets. Honey thinks she's hit the jackpot when she meets a hotshot director casts her in one of his music videos. But, when he starts demanding sexual favors from her, Honey makes a decision that will change her life.",Bille Woodruff,"Alonzo Brown, Kim Watson",Released,English,18000000.0,62646763.0
588814,https://www.themoviedb.org/movie/588814-kao-ptica,Like a Bird,11.0,2019-03-07,FI,Drama,0.0,"A young woman works at a textil factory, where she secretly hides her daughter. After defending a young co- worker from the supervisor, she puts herself in danger.",Michaela Kezele,Michaela Kezele,Released,Serbian,,
1001865,https://www.themoviedb.org/movie/1001865-scrooge-a-christmas-carol,Scrooge: A Christmas Carol,97.0,2022-12-02,KR,"Animation, Family, Fantasy",6.8,"On a cold Christmas Eve, selfish miser Ebenezer Scrooge has one night left to face his past — and change the future — before time runs out.",Stephen Donnelly,"Stephen Donnelly, Leslie Bricusse, Charles Dickens",Released,English,,
705861,https://www.themoviedb.org/movie/705861-hustle,Hustle,117.0,2022-06-08,KR,"Drama, Comedy",7.7,"After discovering a once-in-a-lifetime player with a rocky past abroad, a down on his luck basketball scout takes it upon himself to bring the phenom to the States without his team's approval. Against the odds, they have one final shot to prove they have what it takes to make it in the NBA.",Jeremiah Zagar,"Taylor Materne, Will Fetters",Released,English,21000000.0,
2023,https://www.themoviedb.org/movie/2023-hidalgo,Hidalgo,136.0,2004-03-19,KR,"Western, Adventure",6.9,"Set in 1890, this is the story of a Pony Express courier who travels to Arabia to compete with his horse, Hidalgo, in a dangerous race for a massive contest prize, in an adventure that sends the pair around the world...",Joe Johnston,John Fusco,Released,English,100000000.0,108103450.0
511010,https://www.themoviedb.org/movie/511010-golden-malibu,Golden Malibu,,2018-03-09,MX,Adventure,0.0,A girl accompanies his older brother on a night of drug dealing.,Natalia Bermúdez,Natalia Bermúdez,Released,Spanish; Castilian,,
248104,https://www.themoviedb.org/movie/248104-davana-vientulai-sievietei,Gift for a Single Woman,69.0,1973-01-04,SU,Comedy,3.8,"To catch a couple of car thieves, a policewoman goes undercover as an old woman that recently has gotten a luxury car ""Volga"" - a plan that is bound to attract the criminals. For how hard can it be to steal a car from an old woman?",Ēriks Lācis,Laimonis Vāczemnieks,Released,Latvian,,
10017,https://www.themoviedb.org/movie/10017-the-wraith,The Wraith,93.0,1986-11-21,US,"Action, Science Fiction",6.4,"Packard Walsh and his motorized gang control and terrorize an Arizona desert town where they force drivers to drag-race so they can 'win' their vehicles. After Walsh beats the decent teenager Jamie Hankins to death after finding him with his girlfriend, a mysterious power creates Jake Kesey, an extremely cool motor-biker who has a car which is invincible. Jake befriends Jamie's girlfriend Keri Johnson, takes Jamie's sweet brother Bill under his wing and manages what Sheriff Loomis couldn't; eliminate Packard's criminal gang the hard way...",Mike Marvin,Mike Marvin,Released,English,2700000.0,3500000.0
15016,https://www.themoviedb.org/movie/15016-barbie-of-swan-lake,Barbie of Swan Lake,83.0,2003-09-29,US,"Animation, Family",7.0,"Barbie as Odette, the young daughter of a baker, follows a unicorn into the Enchanted Forest and is transformed into a swan by an evil wizard intent on defeating the Fairy Queen.",Owen Hurley,"Cliff Ruby, Elana Lesser",Released,English,,
962,https://www.themoviedb.org/movie/962-the-gold-rush,The Gold Rush,95.0,2023-08-16,KR,"Adventure, Comedy, Drama",8.0,A gold prospector in Alaska struggles to survive the elements and win the heart of a dance hall girl.,Charlie Chaplin,Charlie Chaplin,Released,English,923000.0,4000000.0
66806,https://www.themoviedb.org/movie/66806-la-nuit-sacree,La nuit sacrée,110.0,1993-06-23,FR,Drama,4.3,"A rich Moroccan who belongs to the better circles has seven daughters. Whatever happens, the eighth offspring must be a son. It is a girl again, but she is given a male name, Ahmed and grows up like a boy. When Ahmed is 21, he is in an identity crisis: he wants to shave, leave a mustache and take his niece to wife. In the meantime, Ahmed's father is dying and wants to sail to heaven. He calls to Ahmed and calls her a female name Zahra and gives her freedom so that she can go out.",Nicolas Klotz,"Tahar Ben Jelloun, Elisabeth Perceval",Released,French,,
668047,https://www.themoviedb.org/movie/668047-press-play,Press Play,85.0,2022-09-13,KR,"Music, Romance, Science Fiction",6.5,"Laura and Harrison have the picture-perfect romance built on the foundation of a shared love of music. After a deadly accident, Laura gets the chance to save the love of her life when she discovers that their mixtape can transport her back in time.",Greg Björkman,"Greg Björkman, James Bachelor",Released,English,,
81529,https://www.themoviedb.org/movie/81529-linda,The Story of Linda,81.0,1981-09-27,ES,"Adventure, Crime, Drama",4.9,"Betsy Norman is a happy assistant at a luxurious Spanish hotel. Shiela, the hotel owner, caters for all wishes of her clientele with another lucrative business, the brothel ""Rio Amore"" where clients from all over the world come to relax with the girls and watch the sado-masochistic shows. Linda, Betsy's sister, is drugged and forced to work as a prostitute there.",Jesús Franco,Erich Tomek,Released,Spanish; Castilian,,
447362,https://www.themoviedb.org/movie/447362-life-in-a-year,Life in a Year,107.0,2020-11-27,US,"Drama, Romance",8.2,"A 17 year old finds out that his girlfriend is dying, so he sets out to give her an entire life, in the last year she has left.",Mitja Okorn,"Jeffrey Addiss, Will Matthews",Released,English,,
544401,https://www.themoviedb.org/movie/544401-cherry,Cherry,142.0,2021-11-04,KR,"Drama, Crime",7.3,"Cherry drifts from college dropout to army medic in Iraq—anchored only by his one true love, Emily. But after returning from the war with PTSD, his life spirals into drugs and crime as he struggles to find his place in the world.","Joe Russo, Anthony Russo","Nico Walker, Jessica Goldberg, Angela Russo-Otstot",Released,English,40000000.0,
264406,https://www.themoviedb.org/movie/264406,Lalon,140.0,2004-12-31,BD,"Music, Drama",7.7,"The story of the life of Lalon Fakir, a great mystical saint, poet and folk singer, who is legendary in his native Bangladesh.",Tanvir Mokammel,Tanvir Mokammel,Released,Bengali,,
1147758,https://www.themoviedb.org/movie/1147758-negu-hurbilak,Negu hurbilak,93.0,2023-12-21,ES,Drama,0.0,"Basque Country, Spain, 2011. A young woman who intends to flee to France due to the turbulent political situation stops in Zubieta, a border town where ancient myths and modern problems converge.","Ekain Albite, Adrià Roca, Mikel Ibarguren, Nicolau Mallofré","Ekain Albite, Adrià Roca, Mikel Ibarguren, Nicolau Mallofré, Xalba Ramirez",Released,Basque,,
57737,https://www.themoviedb.org/movie/57737-barbie-a-fairy-secret,Barbie: A Fairy Secret,72.0,2011-03-15,US,"Animation, Family, Fantasy",6.9,"Barbie realises that fairies secretly surround everybody. She, along with the help of her friends, Taylor and Carrie, sets out to rescue Ken. He is taken to the secret fairy city, Gloss Angeles.","William Lau, Terry Klassen",Elise Allen,Released,English,,
1429744,https://www.themoviedb.org/movie/1429744,Ziam,96.0,2025-07-09,KR,"Horror, Thriller, Action",6.8,"In a fight for survival against a horrifying army of zombies, a former Muay Thai fighter must use skill, speed and grit to save his girlfriend.",Kulp Kaljareuk,"Kulp Kaljareuk, Weerasu Worrapot, Nut Nualpang, Vathanyu Ingkawiwat, Chonnatee Pimnan",Released,Thai,,
1852,https://www.themoviedb.org/movie/1852-world-trade-center,World Trade Center,129.0,2006-10-12,KR,"Drama, History, Thriller",6.1,"Two police officers struggle to survive when they become trapped beneath the rubble of the World Trade Center on September 11, 2001.",Oliver Stone,Andrea Berloff,Released,English,65000000.0,163200000.0
464889,https://www.themoviedb.org/movie/464889-sniper-ultimate-kill,Sniper: Ultimate Kill,93.0,2017-10-03,US,Action,6.4,"For the first time, Brandon Beckett, Richard Miller and Sgt. Thomas Beckett join forces in Colombia to take down a brutal drug cartel. When a deadly sniper with advanced, never-before-seen weaponry targets local Special Agent Kate Estrada, our elite team is in for the ultimate battle in this explosive, game-changing action thriller.",Claudio Fäh,Chris Hauty,Released,English,,
1167271,https://www.themoviedb.org/movie/1167271-weekend-in-taipei,Weekend in Taipei,101.0,2025-04-11,KR,"Action, Adventure, Thriller",6.5,"A former DEA agent and a former undercover operative revisit their romance during a fateful weekend in Taipei, unaware of the dangerous consequences of their past.",George Huang,"George Huang, Luc Besson",Released,English,30000000.0,2826064.0
627725,https://www.themoviedb.org/movie/627725-the-banker,The Banker,120.0,2021-11-04,KR,Drama,7.6,"In the 1960s, two entrepreneurs hatch an ingenious business plan to fight for housing integration—and equal access to the American Dream.",George Nolfi,"George Nolfi, David Lewis Smith, Niceole R. Levy, Stan Younger",Released,English,,
210408,https://www.themoviedb.org/movie/210408-ask-kirmizi,Aşk Kırmızı,114.0,2013-03-15,TR,"Drama, Romance",3.7,"The film asks the question would have been triple love. Ferhat and Zeynep is a happily married couple. Karlıdağ outside of marriage appears happy couple, the first love of life remained in the years ahead will be turned upside down with the introduction of the Euphrates Nazlıgül again. Zeynep even a night encounter with the former love of her husband Nazlıgül powdery mildew that can not bear to be separated , and that is the love in his heart can not prevent the re-ignition.",Osman Sınav,Osman Sınav,Released,Turkish,,
86914,https://www.themoviedb.org/movie/86914-hans-majestat-far-vanta,Hans Majestät får vänta,91.0,1945-07-02,SE,Comedy,5.3,"The chamberlain Carl Johan Stjärna is a poor aristocrat who has to resort to borrowing money from his manservant Frans to afford champagne and restaurant visits. Frans has told his fiance Irene that he is an aristocrat which leads to some complications, not least because Irene has told Frans she is a rich land owner's daughter, although she is in a housemaid.",Gustaf Edgren,"Gustaf Edgren, Oscar Rydqvist",Released,Swedish,,
865078,https://www.themoviedb.org/movie/865078,Drug Girl,97.0,1995-01-01,CN,"Crime, Drama",0.0,"The sad Xiao Dan seeks help from his classmate Zhou Jian (played by Chen Zhijian), but Zhou Jian also has a lot of troubles at home, and he is powerless.  　　 Under the temptation of big sister Hu Li (played by Pu Chaoying), Zhou Jian was contaminated with drugs and was out of control. Gradually, Zhou Jian and Xiao Dan began to help Hu Li with drug trafficking, and the two got deeper and deeper. Xiaodan became a showgirl in the karaoke bar run by Hu Li. In the end, Xiao Dan still became addicted to drugs. Xiong Jian abandoned her. Xiao Dan could only raise money to take drugs by selling himself. The desperate Xiao Dan felt that life was better than death, but still could not resist the call and temptation of drugs.",Zhang Liang,"Zhang Liang, Wang Jingzhu",Released,Chinese,,
638449,https://www.themoviedb.org/movie/638449-the-last-letter-from-your-lover,The Last Letter from Your Lover,110.0,2021-08-06,GB,"Drama, Romance",7.3,A young journalist in London becomes obsessed with a series of letters she discovers that recounts an intense star-crossed love affair from the 1960s.,Augustine Frizzell,"Jojo Moyes, Esta Spalding, Nick Payne",Released,English,,1451974.0
460019,https://www.themoviedb.org/movie/460019-truth-or-dare,Truth or Dare,101.0,2018-05-22,KR,"Thriller, Horror",5.9,"A harmless game of ""Truth or Dare"" among friends turns deadly when someone—or something—begins to punish those who tell a lie—or refuse the dare.",Jeff Wadlow,"Jeff Wadlow, Michael Reisz, Jillian Jacobs, Christopher Roach",Released,English,3500000.0,95330493.0
144644,https://www.themoviedb.org/movie/144644,The Women Warriors of Kingmen,90.0,1983-08-20,TW,"Adventure, War, Action",9.0,Action-war from Taiwan.,Yang Chia-Yun,Chang Yung-hsiang,Released,Chinese,,
856388,https://www.themoviedb.org/movie/856388,Melancholy Hatred,115.0,1938-01-01,CN,"Drama, Romance, Music",0.0,We don't have an overview translated in English. Help us expand our database by adding one.,Wu Yonggang,,Released,Chinese,,
1000836,https://www.themoviedb.org/movie/1000836,沙家店粮站,,1954-12-01,CN,"War, Drama",0.0,We don't have an overview translated in English. Help us expand our database by adding one.,Gan Xuewei,,Released,Chinese,,
484457,https://www.themoviedb.org/movie/484457-aos-si,Aos Sí,119.0,2017-10-30,US,Horror,0.0,Kinet's Halloween Omnibus feature.,"Miguel Mantecon, Gina Telaroli, Ry O’Toole, Ostin Fam, Kellen Jackson, Karen Zolo, Monica Cheema, Jessica Johnson, Raya Martin, Alexa Harrington, Sophy Romvari, Neil Bahadur, Kristen Yoonsoo Kim, Nadine E. Smith, Kerr Holden, Emily Brown, Matt Gottesfeld",,Released,English,,
1731283,https://www.themoviedb.org/movie/1731283-sinopsis-28-hari-mencari-cinta,Sinopsis 28 Hari Mencari Cinta,,2021-01-01,MY,,0.0,"Faisal (Aiman Hakim Ridza) has his own podcast and aspires to expand his wings abroad to test his abilities as a radio broadcaster. For Faisal, what he seeks is happiness and success in his life. However, one thing Faisal cannot forget is his first love with Saleha, who possesses all the qualities of a girl he desires. Faisal does not know why they suddenly separated. Saleha left him without reason and has not been traceable until now. Saleha (Hannah Delisha), meanwhile, continues her life as a financial planner at a private company because she is not interested in working at her father's company, Mr. Rahmat. Saleha wants to be independent and does not want to rely on the comfort her father provides. Saleha is engaged to Danial (Ameerul Asyraf) at Mr. Rahmat's insistence. Saleha dislikes Danial's extravagant ways, but Mr. Rahmat often praises Danial, whom he hopes will help drive his business to a global level.",Ng Ken Kin,,Released,English,,
910390,https://www.themoviedb.org/movie/910390,Lived and Drank,9.0,1985-01-01,UA,Animation,0.0,Agitational social animation for adults dedicated to the fight against drunkenness.,Tadeush Pavlenko,"Volodymyr Vaskovtsev, Volodymyr Kapustian",Released,Russian,,
875450,https://www.themoviedb.org/movie/875450,Adhkhana Bhalo Chele Adha Mostaan,70.0,2021-09-23,BD,"Music, Documentary",0.0,"Adhkhana Bhalo Chele Adha Mostaan is a film that explores the duality of an artist told through chats between the Director and Arnob about life, battling our demons and overcoming them. Essentially we're all Adhkhana Bhalo, Adha Mostaan and it's learning to embrace both that sets us free. This film is a self- realisation trip and I hope we can all connect to it through stories of love, loss and human connection.",Abrar Athar,,Released,Bengali,,
188222,https://www.themoviedb.org/movie/188222-entourage,Entourage,104.0,2015-11-05,KR,"Comedy, Drama",6.2,"Movie star Vincent Chase, together with his boys, Eric, Turtle and Johnny, are back…and back in business with super agent-turned-studio head Ari Gold. Some of their ambitions have changed, but the bond between them remains strong as they navigate the capricious and often cutthroat world of Hollywood.",Doug Ellin,Doug Ellin,Released,English,30000000.0,49263404.0
310981,https://www.themoviedb.org/movie/310981-sao-ho-n-i-day-gi-ng,Mars in the Well,30.0,2014-12-04,SG,,0.0,"In 2053, Saigon, Vietnam is submerged in water. People have to move to the higher places for survival. The Vietnamese government has tried more than once to carry people to Mars, but their attempt turns out to be just a bitter failure.","Freddy Nadolny Poustochkine, Trương Minh Quý",,Released,Vietnamese,,
307663,https://www.themoviedb.org/movie/307663-vice,Vice,96.0,2017-12-28,KR,"Thriller, Science Fiction, Action, Adventure",4.4,"Julian Michaels has designed the ultimate resort: VICE, where anything goes and the customers can play out their wildest fantasies with artificial inhabitants who look, think and feel like humans. When an artificial becomes self-aware and escapes, she finds herself caught in the crossfire between Julian's mercenaries and a cop who is hell-bent on shutting down Vice, and stopping the violence once and for all.",Brian A. Miller,"Andre Fabrizio, Jeremy Passmore",Released,English,10000000.0,
2977,https://www.themoviedb.org/movie/2977-becoming-jane,Becoming Jane,120.0,2007-10-11,KR,"Romance, Drama",7.3,"Though young Jane Austen's financially strapped parents expect her to marry the nephew of wealthy Lady Gresham, Jane herself knows that such a union will destroy her creativity and sense of self-worth. Instead, she becomes involved with Tom Lefroy, a charming but penniless apprentice lawyer who gives her the knowledge of the heart she needs for her future career as a novelist.",Julian Jarrold,"Kevin Hood, Sarah Williams",Released,English,16500000.0,39380831.0
734635,https://www.themoviedb.org/movie/734635-desconforto-entre-os-dedos,Discomfort Between The Fingers,17.0,2017-03-01,BR,Documentary,0.0,"In Curitiba, the group that leads music label Meia-Vida is responsible for a secret portion of the city, hidden behind secluded apartments, dimly lit rooms and crooked, labyrinthine songs, responsible for one of the most fascinating musical movements in the country.","Pedro Monte Kling, Thayana Andreatta, Higor Casagrande",,Released,Portuguese,,
55846,https://www.themoviedb.org/movie/55846-blitz,Blitz,97.0,2011-05-20,GB,"Crime, Action, Thriller",6.2,A tough cop is dispatched to take down a serial killer who has been targeting police officers.,Elliott Lester,"Ken Bruen, Nathan Parker",Released,English,15774948.0,15800000.0
1451303,https://www.themoviedb.org/movie/1451303-10-segundos,10 segundos,26.0,2004-09-01,AR,Science Fiction,0.0,"Four friends discover software that gives them the ability to see 10 seconds into their future. Something strange forces one of them to flee, escaping their destiny, their friends, their future... Will they be able to do it?","Alejandro Carreras, Gastón del Porto","Alejandro Carreras, Gastón del Porto",Released,Spanish; Castilian,,
543746,https://www.themoviedb.org/movie/543746-filme-b-entre-mortos-e-vivos,Filme B - Entre Mortos e Vivos,,2017-05-20,BR,Comedy,5.0,We don't have an overview translated in English. Help us expand our database by adding one.,"Beto Ribeiro, Carla Albuquerque",Beto Ribeiro,Released,Portuguese,,
1139195,https://www.themoviedb.org/movie/1139195,Lagila Ranga Golapi Golapi,132.0,2023-06-09,IN,"Drama, Romance",0.0,Aditya's family are looking for a suitable bride for him but he rejects them. He finally gets married to Sweta and soon decides to get divorced. The court asks them to live together for a few days. Will they go through with it or decide to stay married?,Mrutyunjaya Sahu,Nirmal Nayak,Released,Oriya,,
944047,https://www.themoviedb.org/movie/944047,Resume behind the confession,69.0,1998-01-01,JP,,0.0,Pinku film released in 1998,,,Released,Japanese,,
5070,https://www.themoviedb.org/movie/5070-combien-tu-m-aimes,How Much Do You Love Me?,95.0,2005-10-26,FR,"Comedy, Drama",5.9,"After winning the lottery, François goes to a bar in Pigalle and offers one hundred thousand Euros per month to a prostitute named Daniela to live with him as his wife until his money runs out.",Bertrand Blier,Bertrand Blier,Released,French,,
358898,https://www.themoviedb.org/movie/358898,Meghmallar,92.0,2014-12-12,BD,"Drama, War",6.0,A touching story of a simple man caught up in the terror of 1971 Bangladesh.,Zahidur Rahim Anjan,Zahidur Rahim Anjan,Released,Bengali,,
407608,https://www.themoviedb.org/movie/407608-luis-munoz-marin-un-hombre-un-pueblo-un-proposito,"Luis Muñoz Marín: un hombre, un pueblo, un propósito",45.0,1985-01-02,PR,Documentary,0.0,"This documentary analyzes the life and political legacy of Puerto Rico’s first elected governor, Luis Muñoz Marín, covering his early career in the late 30’s through the 1960’s.",Luis Molina Casanova,"Eneida Molina, Luis Agrait",Released,Spanish; Castilian,,
7978,https://www.themoviedb.org/movie/7978-the-wolfman,The Wolfman,103.0,2010-02-11,KR,Horror,5.9,"Lawrence Talbot, an American man on a visit to Victorian London to make amends with his estranged father, gets bitten by a werewolf and, after a moonlight transformation, leaves him with a savage hunger for flesh.",Joe Johnston,"Andrew Kevin Walker, David Self",Released,English,150000000.0,140700000.0
1099975,https://www.themoviedb.org/movie/1099975,Mana Museum,146.0,2023-03-24,IN,"Romance, Drama",0.0,"Pati was a cinematographer, who visited his village for a shoot, purchased a house to make it a museum to hide collections of Manis memoirs. Will Pati and Manis love have a magical ending or a tragic one?",Dhrubananda Panda,Bharadwaj Panda,Released,Oriya,96880.0,
263738,https://www.themoviedb.org/movie/263738,Gulebagavali,,1955-07-29,IN,Drama,6.0,"A king has two wives. He banishes his first wife as an astrologer told him that he would lose his vision because of her son. The mother and son live in the woods and when he meets his father without knowing his identity, the king loses his sight. When the son gets to know about the sad tale from his mother, he sets out to bring a rare flower from Bakavali, which would restore the king's sight. To achieve it, he undergoes many adventures — enters into a debate with a queen and wins the battle of wits, challenges a woman held captive by a crook in a fake dice contest, and rescues a slave dancer of a tribal chief. The hero wins them all and succeeds in getting the flower along with the three women who turn out to be princesses and siblings! Meanwhile, his stepbrothers try to steal the flower, but are exposed.",T. R. Ramanna,,Released,Tamil,,
23742,https://www.themoviedb.org/movie/23742-cop-out,Cop Out,107.0,2010-02-26,US,"Action, Comedy, Crime",5.6,"Detectives Jimmy and Paul, despite nine years as partners, can still sometimes seem like polar opposites—especially when Paul's unpredictable antics get them suspended without pay. Already strapped for cash and trying to pay for his daughter's wedding, Jimmy decides to sell a rare baseball card that's worth tens of thousands. Unfortunately, when the collector's shop is robbed and the card vanishes with the crook, Paul and Jimmy end up going rogue, tracking down the card and the drug ring behind its theft, all on their own time and without any backup—except for each other.",Kevin Smith,"Robb Cullen, Mark Cullen",Released,English,30000000.0,55600000.0
547565,https://www.themoviedb.org/movie/547565-the-night-house,The Night House,107.0,2022-01-26,KR,"Horror, Mystery",6.6,"Reeling from the unexpected death of her husband, Beth is left alone in the lakeside home he built for her. Soon she begins to uncover her recently deceased husband's disturbing secrets.",David Bruckner,"Ben Collins, Luke Piotrowski",Released,English,12000000.0,15437703.0
1581067,https://www.themoviedb.org/movie/1581067-immer,Immer,25.0,2021-06-13,HK,Drama,6.0,"People may say the wedding vow of having and holding each other “in sickness and in health”, but commitment is often tested. Emma takes her husband Ivan who is suffering from brain disorder to a distant beachside. Under the facade of camping, she contemplates something sinister, but is overwhelmed by memories of the husband before the illness kicked in, the sanctity of life, and the merits of mercy killing. Torn by emotions, she doubts her own intention.",Benson Ng Ka Wai,Benson Ng Ka Wai,Released,English,,
6520,https://www.themoviedb.org/movie/6520-first-knight,First Knight,134.0,1995-07-22,KR,"Action, Adventure, Drama, Romance",6.1,"The timeless tale of King Arthur and the legend of Camelot are retold in this passionate period drama. Arthur is reluctant to hand the crown to Lancelot, and Guinevere is torn between her loyalty to her husband and her growing love for his rival. But Lancelot must balance his loyalty to the throne with the rewards of true love.",Jerry Zucker,William Nicholson,Released,English,55000000.0,127600435.0
2926,https://www.themoviedb.org/movie/2926-the-three-musketeers,The Three Musketeers,107.0,1973-12-20,ES,"Action, Adventure, Romance",6.7,"In 17th century France, young D'Artagnan wants to join the King's Musketeers, but instead befriends three legendary musketeers—Athos, Porthos, and Aramis—and together, they become embroiled in the political intrigue surrounding King Louis XIII and his adversaries, particularly the powerful Cardinal Richelieu.",Richard Lester,"Alexandre Dumas, George MacDonald Fraser",Released,English,4500000.0,22018000.0
1472425,https://www.themoviedb.org/movie/1472425-dermatophagia,Dermatophagia,12.0,2025-06-12,US,"Thriller, Horror, Drama",0.0,"Fearing that his relationships are crumbling, a troubled young man takes magic mushrooms at his birthday party. But as the night spirals into hallucination and horror, he must decide whether his friends are betraying him or trying to save him from himself.",Michael Anthony Kurtz,Michael Anthony Kurtz,Released,English,2000.0,
15575,https://www.themoviedb.org/movie/15575-bleach-memories-of-nobody,Bleach the Movie: Memories of Nobody,87.0,2016-07-30,KR,"Fantasy, Animation, Science Fiction",6.9,"In Karakura Town, unidentifiable spirits begin appearing en mases. While attempting to deal with these strange souls, Ichigo Kurosaki and Rukia Kuchiki meet Senna, a mysterious shinigami who wipes out most of them. Senna refuses to answer any questions, so Ichigo is forced to follow her while Rukia tries to find out what's going on.",Noriyuki Abe,Masashi Sogo,Released,Japanese,,1238072.0
1146723,https://www.themoviedb.org/movie/1146723,"Sex, Medicated, Rock’n’Roll",10.0,2013-11-02,UA,"Drama, Music",0.0,"The film is a story of love, but also the consequences of revealing cultural and social prejudices. The main protagonist tries to show to a couple of observers the variety of interpersonal relationships. Their attitude, to start with – mocking, gradually becomes reflective. The title of the work alludes to Ian Dury’s cult song Sex&Drugs & Rock&Roll. The artist draws attention to the different possible meanings of the word ‘drugs’– a means of intoxication but also a curative treatment.",Anatoliy Belov,Anatoliy Belov,Released,Ukrainian,,
39324,https://www.themoviedb.org/movie/39324-z,Dragon Ball Z: The History of Trunks,48.0,2022-07-26,KR,"Animation, Action, Science Fiction",7.6,It has been thirteen years since the Androids began their killing rampage and Son Gohan is the only person fighting back. He takes Bulma's son Trunks as a student and even gives his own life to save Trunks's. Now Trunks must figure out a way to change this apocalyptic future,Yoshihiro Ueda,Hiroshi Toda,Released,Japanese,,
14202,https://www.themoviedb.org/movie/14202-the-painted-veil,The Painted Veil,125.0,2007-03-14,KR,"Romance, Drama",7.3,"A British medical doctor fights a cholera outbreak in a small Chinese village, while also being trapped at home in a loveless marriage to an unfaithful wife.",John Curran,"W. Somerset Maugham, Ron Nyswaner",Released,English,19400000.0,26910847.0
11929,https://www.themoviedb.org/movie/11929-dolores-claiborne,Dolores Claiborne,132.0,1995-12-23,KR,"Crime, Drama, Mystery",7.3,"Dolores Claiborne was accused of killing her abusive husband twenty years ago, but the court's findings were inconclusive and she was allowed to walk free. Now she has been accused of killing her employer, Vera Donovan, and this time there is a witness who can place her at the scene of the crime. Things look bad for Dolores when her daughter Selena, a successful Manhattan magazine writer, returns to cover the story.",Taylor Hackford,"Stephen King, Tony Gilroy",Released,English,13000000.0,46400000.0
1242743,https://www.themoviedb.org/movie/1242743-memories-unforgotten,Memories Unforgotten,124.0,2022-10-20,NG,"Drama, Romance",0.0,"Strong willed, Buchi and Lara reluctantly find themselves falling in love with each other. Can they each overcome their own pride and prejudice?",Emma Anyaka,Kikelomo Jacob,Released,English,,
605886,https://www.themoviedb.org/movie/605886-to-catch-a-killer,To Catch a Killer,119.0,2023-04-21,US,"Thriller, Crime, Drama",6.9,Baltimore. New Year's Eve. A talented but troubled police officer is recruited by the FBI's chief investigator to help profile and track down a mass murderer.,Damián Szifron,"Damián Szifron, Jonathan Wakeham",Released,English,,3138750.0
11647,https://www.themoviedb.org/movie/11647-ii,Infernal Affairs II,119.0,2003-12-05,KR,"Action, Thriller, Crime",7.3,"In this prequel to the original, a bloody power struggle among the Triads coincides with the 1997 handover of Hong Kong, setting up the events of the first film.","Alan Mak Siu-Fai, Andrew Lau Wai-Keung","Alan Mak Siu-Fai, Felix Chong Man-Keung",Released,Cantonese,125000.0,3208262.0
1380415,https://www.themoviedb.org/movie/1380415-the-last-supper,The Last Supper,114.0,2026-06-04,KR,Drama,7.0,"In the days leading to betrayal, a gathering of disciples unravels into a web of secrets and hidden motives. As tensions simmer beneath the surface, trust is tested, and loyalty is questioned. The Last Supper becomes a night where nothing is as it seems, and every glance hides a deeper truth.",Mauro Borrelli,"Mauro Borrelli, John Collins",Released,English,8000000.0,6254291.0
1401052,https://www.themoviedb.org/movie/1401052-tenung-by-risa-saraswati-dimasta,Tenung,92.0,2025-06-05,ID,"Horror, Drama",5.4,"Ira lives with her mother, Linda. One day, without any rational explanation, a mystical incident causes Linda to behave like a madwoman—suffering physically and frequently hallucinating. Unable to cope with her mother's condition, Ira asks her siblings, Ara and Ari, to come home and help take care of their mother. Unfortunately, fate has other plans, and Linda eventually passes away.",Rizal Mantovani,"Dimas Tri Aditiyo, Risa Saraswati, Widi Lestari, Alim Sudio",Released,Indonesian,,
9975,https://www.themoviedb.org/movie/9975-curious-george,Curious George,87.0,2006-02-10,US,"Adventure, Animation, Comedy, Family",6.5,"When The Man in the Yellow Hat befriends Curious George in the jungle, they set off on a non-stop, fun-filled journey through the wonders of the big city toward the warmth of true friendship.",Matthew O'Callaghan,Ken Kaufman,Released,English,50000000.0,69834815.0
708442,https://www.themoviedb.org/movie/708442-operacion-dalila,Operation Delilah,87.0,1967-08-21,ES,Comedy,7.5,A couple try to help the residents of a small Caribbean island overthrow a dictator.,Luis de los Arcos,Luis de los Arcos,Released,Spanish; Castilian,,
10669,https://www.themoviedb.org/movie/10669-deliverance,Deliverance,109.0,2023-01-01,KR,"Drama, Adventure, Thriller",7.3,"Intent on seeing the Cahulawassee River before it's turned into one huge lake, outdoor fanatic Lewis Medlock takes his friends on a river-rafting trip they'll never forget into the dangerous American back-country.",John Boorman,James Dickey,Released,English,2000000.0,46122355.0
