movie_id,url,title,runtime,release_date,release_country,genres,user_score,overview,director,writer,status,original_language,budget,revenue
1368337,https://www.themoviedb.org/movie/1368337-the-odyssey,The Odyssey,173.0,2026-08-05,KR,"Adventure, Action, Fantasy",8.0,"Odysseus, the legendary King of Ithaca, embarks on a long and perilous journey home following the Trojan War. Throughout his voyage, he is forced to confront the whims of gods, mythological monsters, and trials that stretch both his cunning and his humanity to the breaking point.",Christopher Nolan,Christopher Nolan,Released,English,250000000.0,639631800.0
1275779,https://www.themoviedb.org/movie/1275779-disclosure-day,Disclosure Day,146.0,2026-06-10,KR,"Science Fiction, Thriller",7.4,"A cybersecurity expert becomes a whistleblower after uncovering secrets about aliens, putting him on the run from a corporation. Meanwhile, a meteorologist experiencing strange phenomena joins forces with him to prove there's life beyond our understanding.",Steven Spielberg,David Koepp,Released,English,115000000.0,239022890.0
454639,https://www.themoviedb.org/movie/454639-masters-of-the-universe,Masters of the Universe,141.0,2026-06-05,KR,"Action, Fantasy, Science Fiction",7.3,"After being separated for 15 years, the Sword of Power leads Prince Adam back to Eternia, where he discovers his home shattered under the fiendish rule of Skeletor. To save his family and his world, Adam must join forces with his closest allies, Teela and Duncan/Man-At-Arms, and embrace his true destiny as He-Man — the most powerful man in the universe.",Travis Knight,"Aaron Nee, Adam Nee, Chris Butler, David Callaham",Released,English,200000000.0,113749618.0
1108427,https://www.themoviedb.org/movie/1108427-moana,Moana,115.0,2026-07-08,KR,"Family, Fantasy, Comedy, Adventure",5.9,"Teenage Moana answers the Ocean's call and, for the first time, voyages beyond the reef of her island of Motunui with infamous demigod Maui on an unforgettable journey to restore prosperity to her people.",Thomas Kail,"Dana Ledoux Miller, Jared Bush",Released,English,250000000.0,191381653.0
1081003,https://www.themoviedb.org/movie/1081003-supergirl,Supergirl,108.0,2026-06-24,KR,"Action, Adventure, Science Fiction",6.6,"When an unexpected and ruthless adversary strikes too close to home, Kara Zor-El, aka Supergirl, reluctantly joins forces with an unlikely companion on an epic, interstellar journey of vengeance and justice.",Craig Gillespie,Ana Nogueira,Released,English,175000000.0,124626570.0
1339713,https://www.themoviedb.org/movie/1339713-obsession,Obsession,109.0,2026-09-02,KR,"Horror, Thriller",8.3,"After breaking the mysterious ""One Wish Willow"" to win his crush's heart, a hopeless romantic finds himself getting exactly what he asked for but soon discovers that some desires come at a dark, sinister price.",Curry Barker,Curry Barker,Released,English,750000.0,458642700.0
1084244,https://www.themoviedb.org/movie/1084244-toy-story-5,Toy Story 5,102.0,2026-06-17,KR,"Animation, Family, Comedy, Adventure",7.4,"When Bonnie receives a Lilypad tablet as a gift and becomes obsessed, Buzz, Woody, Jessie and the rest of the gang's jobs become exponentially harder when they have to go head to head with the all-new threat to playtime.",Andrew Stanton,"Andrew Stanton, Kenna Harris",Released,English,250000000.0,1022055658.0
1083381,https://www.themoviedb.org/movie/1083381-backrooms,Backrooms,111.0,2026-05-27,KR,"Horror, Mystery, Science Fiction",7.1,A strange doorway appears in the basement of a furniture showroom.,Kane Parsons,Will Soodik,Released,English,10000000.0,389741657.0
1315772,https://www.themoviedb.org/movie/1315772-minions-monsters,Minions & Monsters,90.0,2026-07-15,KR,"Adventure, Animation, Comedy, Family, Fantasy",6.4,"This is the rambunctious, ridiculous and totally true story of how the Minions conquered Hollywood, became movie stars, lost everything, unleashed monsters onto the world and then banded together to try and save the planet from the mayhem they had just created.",Pierre Coffin,"Pierre Coffin, Brian Lynch",Released,English,85000000.0,411863350.0
969681,https://www.themoviedb.org/movie/969681-spider-man-brand-new-day,Spider-Man: Brand New Day,145.0,2026-07-29,KR,"Science Fiction, Action, Adventure",8.2,Fighting crime full-time as Spider-Man in a world that doesn't remember him—and the pressure of seeing his old friends move on without him—sparks a change in Peter Parker he may not have the power to control. But that transformation might also be the only thing that can stop a shocking new threat to the city and those he loves - a powerful villain no one can even see.,Destin Daniel Cretton,"Erik Sommers, Chris McKenna",Released,English,275000000.0,
1727780,https://www.themoviedb.org/movie/1727780-borderline,Borderline,94.0,2026-07-17,US,Thriller,7.7,"Convinced they are our secret saviors, rogue U.S. operatives abduct Mexican gang members and seed them across major American cities, unleashing criminal chaos, swaying voters by playing on nativist prejudices, and forcing law enforcement into a race to expose the plot as the escalating carnage threatens democracy itself.",Ryan Jordan,Jeff Cohen,Released,English,,
1284465,https://www.themoviedb.org/movie/1284465-the-death-of-robin-hood,The Death of Robin Hood,123.0,2026-06-19,US,"Adventure, Drama, Thriller, Action",6.7,"Grappling with his past after a life of crime and murder, Robin Hood finds himself gravely injured after a battle he thought would be his last. In the hands of a mysterious woman, he is offered a chance at salvation.",Michael Sarnoski,Michael Sarnoski,Released,English,25000000.0,3200000.0
1668364,https://www.themoviedb.org/movie/1668364-deseo,Desire,97.0,2026-07-17,KR,"Mystery, Drama",6.8,"Lucero’s life appears immaculate: a wealthy household, a devoted husband, and two children who embody the promise of a perfect family. Yet beneath this surface simmers a quiet dissatisfaction. When Matías, a young swimming coach hired by her husband, enters their lives, Lucero finds herself pulled into a risky and consuming relationship. As secrecy, desire, and jealousy tighten their grip, the boundaries within the family begin to collapse, placing mother and daughter in a dangerous emotional triangle that threatens to shatter everything Lucero has built.",Teresa Simone,"Giulia Cardamone, Vanessa Miklos",Released,Spanish; Castilian,,
1273221,https://www.themoviedb.org/movie/1273221-scary-movie,Scary Movie,96.0,2026-07-01,KR,Comedy,6.5,"Twenty-six years after outrunning a suspiciously familiar masked killer, the Core Four are back in the killer's crosshairs and no horror movie IP is safe.",Michael Tiddes,"Marlon Wayans, Shawn Wayans, Keenen Ivory Wayans, Rick Alvarez, Craig Wayans",Released,English,30000000.0,231229179.0
980431,https://www.themoviedb.org/movie/980431-avatar-aang-the-last-airbender,Avatar Aang: The Last Airbender,99.0,2026-07-24,US,"Animation, Action, Adventure, Fantasy",9.4,"Avatar Aang, the world's last Airbender, learns of an ancient power that could save his culture from extinction. With the help of his friends, he embarks on a global quest to find it before it falls into the wrong hands and threatens to upend the peace they sacrificed everything to achieve.",Lauren Montgomery,"Tim Hedrick, Christopher L. Yost",Released,English,,
1630409,https://www.themoviedb.org/movie/1630409,The Debt Collector,134.0,2026-07-20,TH,"Action, Thriller, Crime",6.6,"Tormented by past mistakes and a terminal diagnosis, an ex-debt collector returns to the underworld to protect the victims of a violent organization.",Surapong Ploensang,"Surapong Ploensang, Ornusa Donsawai, Pun Homchuen",Released,Thai,,
1228710,https://www.themoviedb.org/movie/1228710-the-mandalorian-and-grogu,The Mandalorian and Grogu,132.0,2026-05-27,KR,"Action, Adventure, Science Fiction",7.3,"The evil Empire has fallen, and Imperial warlords remain scattered throughout the galaxy. As the fledgling New Republic works to protect everything the Rebellion fought for, they have enlisted the help of legendary Mandalorian bounty hunter Din Djarin and his young apprentice Grogu.",Jon Favreau,"Jon Favreau, Noah Kloor, Dave Filoni",Released,English,165000000.0,344955995.0
687163,https://www.themoviedb.org/movie/687163-project-hail-mary,Project Hail Mary,157.0,2026-03-18,KR,"Science Fiction, Adventure",8.7,"Science teacher Ryland Grace wakes up on a spaceship light years from home with no recollection of who he is or how he got there. As his memory returns, he begins to uncover his mission: solve the riddle of the mysterious substance causing the sun to die out. He must call on his scientific knowledge and unorthodox ideas to save everything on Earth from extinction.","Christopher Miller, Phil Lord","Andy Weir, Drew Goddard",Released,English,200000000.0,684117347.0
1110034,https://www.themoviedb.org/movie/1110034-kraken,Kraken,94.0,2026-07-30,KR,"Horror, Action, Thriller",6.4,"A marine biologist is doing research on a fish farm when she encounters several strange occurrences. Along with the brutal deaths of two teenagers, all signs point to the deep fjord; can there be more to the depths than the eye can see?",Pål Øie,"Kjersti Helen Rasmussen, Vilde Eide, Natasha Arthur",Released,Norwegian,1000000.0,14329678.0
1375646,https://www.themoviedb.org/movie/1375646,Colony,123.0,2026-05-21,KR,"Action, Horror, Science Fiction",7.9,"Professor Se-jeong is thrust into a bloody nightmare when a rapidly mutating virus is released during a biotech conference causing authorities to seal the facility. Trapped inside with no escape, Se-jeong along with a small group of survivors must fight to stay alive while the infected undergo horrific transformations.",Yeon Sang-ho,"Yeon Sang-ho, Choi Gyu-seok",Released,Korean,,
1523145,https://www.themoviedb.org/movie/1523145,Your Heart Will Be Broken,134.0,2026-03-26,RU,Romance,7.1,"High school student Polina is saved from bullying at her new school and makes a deal with the main bully Bars: he must pretend to be her boyfriend and protect her, and she must do everything he says. During this game, the couple develops real feelings, but her family and classmates have reasons to separate the lovers.",Mikhail Vaynberg,Anna Jane,Released,Russian,3716000.0,7578000.0
1314481,https://www.themoviedb.org/movie/1314481-the-devil-wears-prada-2,The Devil Wears Prada 2,119.0,2026-04-29,KR,"Comedy, Drama",7.2,"Andy Sachs returns to Runway as Miranda Priestly navigates a new media landscape and Runway's position within. The duo reconnect with former assistant Emily Charlton, now the head of a luxury brand that possesses funding which could ensure Runway's survival.",David Frankel,Aline Brosh McKenna,Released,English,100000000.0,689469075.0
1127384,https://www.themoviedb.org/movie/1127384-deep-water,Deep Water,107.0,2026-05-01,US,"Horror, Thriller",7.3,A group of international passengers on a flight from Los Angeles to Shanghai is forced to make an emergency landing in shark-infested waters. The terrified group is forced to work together and overcome their differences if they hope to escape their sinking plane and the frenzy of sharks drawn to the wreckage.,Renny Harlin,"S.P. Krause, Shayne Armstrong, Dan Luo, Damien Power, John Kim, Pete Bridges",Released,English,,2286163.0
1318621,https://www.themoviedb.org/movie/1318621-descendants-wicked-wonderland,Descendants: Wicked Wonderland,98.0,2026-07-16,US,"Fantasy, Family, TV Movie, Adventure",7.6,"Now that the Queen of Hearts is nice and Cinderella is safe, things seem perfect for Red and Chloe… But little do they know that changing the past created a new villain — Maddox Hatter. When Maddox captures the Queen of Hearts, Red and Chloe must work alongside Red’s new sister Pink, Luisa Madrigal’s son Luis, and Maddox’s son Max to save her and Wonderland.",Kimmy Gatewood,"Tamara Chestna, Dan Frey, Russell Sommer",Released,English,,
200066,https://www.themoviedb.org/movie/200066-il-frullo-del-passero,The Sparrow's Fluttering,95.0,1988-01-01,IT,"Drama, Romance",4.2,"A woman, who has been the mistress of a man who has just died, thinks about leaving the little Italian village where they lived and moving to another place. An old and rich man offers her a place in his house, however, she will have to listen to him telling his past love stories.",Gianfranco Mingozzi,"Gianfranco Mingozzi, Tonino Guerra, Roberto Roversi",Released,Italian,,
931285,https://www.themoviedb.org/movie/931285-mortal-kombat-ii,Mortal Kombat II,116.0,2026-05-06,KR,"Action, Fantasy, Adventure",7.9,"The fan favorite champions—now joined by Johnny Cage himself—are pitted against one another in the ultimate, no-holds barred, gory battle to defeat the dark rule of Shao Kahn that threatens the very existence of the Earthrealm and its defenders.",Simon McQuoid,Jeremy Slater,Released,English,80000000.0,129470110.0
936075,https://www.themoviedb.org/movie/936075-michael,Michael,128.0,2026-05-13,KR,"Music, Drama",8.7,"The story of Michael Jackson, one of the most influential artists the world has ever known, and his life beyond the music. His journey from the discovery of his extraordinary talent as the lead of the Jackson Five, to the visionary artist whose creative ambition fueled a relentless pursuit to become the biggest entertainer in the world, highlighting both his life off-stage and some of the most iconic performances from his early solo career.",Antoine Fuqua,John Logan,Released,English,250000000.0,1010218278.0
634649,https://www.themoviedb.org/movie/634649-spider-man-no-way-home,Spider-Man: No Way Home,148.0,2021-12-15,KR,"Action, Adventure, Science Fiction",7.9,"Peter Parker is unmasked and no longer able to separate his normal life from the high-stakes of being a super-hero. When he asks for help from Doctor Strange the stakes become even more dangerous, forcing him to discover what it truly means to be Spider-Man.",Jon Watts,"Chris McKenna, Erik Sommers",Released,English,200000000.0,1921206586.0
83533,https://www.themoviedb.org/movie/83533-avatar-fire-and-ash,Avatar: Fire and Ash,198.0,2025-12-17,KR,"Science Fiction, Adventure, Fantasy",7.6,"In the wake of the devastating war against the RDA and the loss of their eldest son, Jake Sully and Neytiri face a new threat on Pandora: the Ash People, a violent and power-hungry Na'vi tribe led by the ruthless Varang. Jake's family must fight for their survival and the future of Pandora in a conflict that pushes them to their emotional and physical limits.",James Cameron,"James Cameron, Rick Jaffa, Amanda Silver",Released,English,350000000.0,1490477656.0
1280738,https://www.themoviedb.org/movie/1280738,The Furious,113.0,2025-09-20,KR,"Action, Crime, Thriller",7.3,"After a criminal network kidnaps Wang Wei's daughter and the corrupt police refuse to assist him, Wei sets out on his own to locate her. Navin, a tenacious journalist whose wife has mysteriously vanished, is his only ally. In this explosive martial arts showdown, the unlikely duo fights the kidnappers ruthlessly driven by a furious vengeance.",Kenji Tanigaki,"Mak Tin-Shu, Lei Zhilong, Frank Hui, Shum Kwan-Sin",Released,Chinese,20000000.0,36653413.0
949838,https://www.themoviedb.org/movie/949838-72-hours,72 HOURS,102.0,2026-07-24,KR,"Comedy, Crime",6.7,"To save his career, a 40-year-old ad exec joins a crew of twentysomethings for a wild Miami bachelor party after they mistakenly add him to a group chat.",Tim Story,"Hayden Schlossberg, Jon Hurwitz, Matt Mider, Kevin Burrows",Released,English,,
1226863,https://www.themoviedb.org/movie/1226863-the-super-mario-galaxy-movie,The Super Mario Galaxy Movie,98.0,2026-04-29,KR,"Family, Comedy, Adventure, Fantasy, Animation",8.3,"Having thwarted Bowser's previous plot to marry Princess Peach, Mario and Luigi now face a fresh threat in Bowser Jr., who is determined to liberate his father from captivity and restore the family legacy. Alongside companions new and old, the brothers travel across the stars to stop the young heir's crusade.","Aaron Horvath, Michael Jelenic",Matthew Fogel,Released,English,110000000.0,1011157101.0
1304313,https://www.themoviedb.org/movie/1304313-lee-cronin-s-the-mummy,Lee Cronin's The Mummy,133.0,2026-04-22,KR,"Horror, Mystery",8.0,"The young daughter of a journalist disappears into the desert without a trace—eight years later, the broken family is shocked when she is returned to them, as what should be a joyful reunion turns into a living nightmare.",Lee Cronin,Lee Cronin,Released,English,22000000.0,90552113.0
1698856,https://www.themoviedb.org/movie/1698856-master-of-the-universe,Master of the Universe,81.0,2026-05-22,US,"Science Fiction, Action",4.8,"A young man must use his untapped powers to fight back against an evil alien and their army, who will stop at nothing to take over Earth and then the universe.",Marcel Walz,Marc Gottlieb,Released,English,,
278,https://www.themoviedb.org/movie/278-the-shawshank-redemption,The Shawshank Redemption,142.0,1995-01-28,KR,"Drama, Crime",8.7,"Imprisoned in the 1940s for the double murder of his wife and her lover, upstanding banker Andy Dufresne begins a new life at the Shawshank prison, where he puts his accounting skills to work for an amoral warden. During his long stretch in prison, Dufresne comes to be admired by the other inmates -- including an older prisoner named Red -- for his integrity and unquenchable sense of hope.",Frank Darabont,"Frank Darabont, Stephen King",Released,English,25000000.0,28341469.0
47612,https://www.themoviedb.org/movie/47612-au-bonheur-des-dames,Au Bonheur des Dames,95.0,1930-07-03,FR,"Drama, Romance",6.3,"Denise, an orphaned girl, moves to Paris where she hopes to find work at her uncle's store. But the glamorous department store 'Aux Bonheur des Dames' across the street crushes all the little businesses around. She finds a position there.",Julien Duvivier,Émile Zola,Released,French,,
1003596,https://www.themoviedb.org/movie/1003596-avengers-doomsday,Avengers: Doomsday,165.0,2026-12-16,KR,"Science Fiction, Action, Adventure",0.0,Beloved heroes from three distinct universes are set on a deadly collision course and face an existential threat unlike anything they've ever encountered.,"Anthony Russo, Joe Russo","Stephen McFeely, Michael Waldron",Post Production,English,,
1413976,https://www.themoviedb.org/movie/1413976-citizen-vigilante,Citizen Vigilante,89.0,2026-06-19,US,"Thriller, Action, Crime",6.3,"A man takes justice into his own hands, hunting down criminals. His vigilante crusade makes him a social media star but puts him at odds with the local police chief.",Uwe Boll,Uwe Boll,Released,English,,
1443894,https://www.themoviedb.org/movie/1443894-forgive-us-all,Forgive Us All,93.0,2025-05-08,NZ,"Horror, Western, Thriller, Action",5.5,"In a post-apocalyptic world, a virus has transformed humans into violently deranged cannibals. A bereaved mother has lost everything and takes refuge in an isolated mountain cabin, until a desperate wounded stranger arrives with a story of hope.",Jordana Stott,"Jordana Stott, Lance Giles, Alex Makauskas",Released,English,,
1235877,https://www.themoviedb.org/movie/1235877,Jana Nayagan,183.0,2026-07-23,IN,"Action, Drama",6.0,"A clash of ideologies. One stands for the people, the other feeds on control. Their paths collided once before. Years later, a child’s silent fear ignites the past, drawing a former police officer into a battle far bigger than personal revenge.",H. Vinoth,H. Vinoth,Released,Tamil,,
1368314,https://www.themoviedb.org/movie/1368314-passenger,Passenger,94.0,2026-06-24,KR,"Horror, Thriller",7.3,"After a young couple witnesses a gruesome highway accident, they soon realize they did not leave the crash scene alone, as a demonic presence called the Passenger that won't stop until it claims them both turns their van life adventure into a nightmare.",André Øvredal,"Zachary Donohue, T. W. Burgess",Released,English,,31620508.0
1311031,https://www.themoviedb.org/movie/1311031,Demon Slayer: Kimetsu no Yaiba Infinity Castle,156.0,2025-08-22,KR,"Animation, Action, Fantasy",7.7,"The Demon Slayer Corps are drawn into the Infinity Castle, where Tanjiro, Nezuko, and the Hashira face terrifying Upper Rank demons in a desperate fight as the final battle against Muzan Kibutsuji begins.",Haruo Sotozaki,"Hikaru Kondô, Koyoharu Gotouge",Released,Japanese,20000000.0,733030221.0
64439,https://www.themoviedb.org/movie/64439-une-flamme-dans-mon-coeur,A Flame in My Heart,106.0,1987-06-03,FR,Drama,6.1,"Mércedès, an actress from Paris attempts to break off a difficult relationship with the jealous and possessive stalker Johnny. She meets newspaper writer Pierre and goes with him for an afternoon fling. Before the sweat even dries, she finds herself hopelessly in love with him. But soon after their affair begins, he is called off on a business trip leaving the suddenly distraught Mércedès alone. Though preparing for a new play, she is unable to concentrate and barely able to function. Mércedès quits the production, locks herself in Pierre's apartment and quietly begins falling apart, collapsing into a bleak, reclusive madness until his return.",Alain Tanner,"Alain Tanner, Myriam Mézières",Released,French,,
1728704,https://www.themoviedb.org/movie/1728704-siping,Siping,70.0,2026-07-10,PH,Drama,4.0,A gripping story about a woman wagered in a high-stakes card game. But the stakes get even hotter when she’s won by the man who’s long been obsessed with her.,Christopher Novabos,Christopher Novabos,Released,Tagalog,,
157336,https://www.themoviedb.org/movie/157336-interstellar,Interstellar,169.0,2014-11-06,KR,"Adventure, Drama, Science Fiction",8.5,The adventures of a group of explorers who make use of a newly discovered wormhole to surpass the limitations on human space travel and conquer the vast distances involved in an interstellar voyage.,Christopher Nolan,"Christopher Nolan, Jonathan Nolan",Released,English,165000000.0,746606706.0
1430698,https://www.themoviedb.org/movie/1430698-the-bay,The Bay,87.0,2026-07-17,US,"Thriller, Horror",6.0,"Best friends Emma and Lani, attending a destination wedding in Thailand, find themselves trapped on a sinking tour boat in the heart of a tiger shark sanctuary.",Phil Volken,Phil Volken,Released,English,,
1285366,https://www.themoviedb.org/movie/1285366,Shape of My Heart,91.0,2024-07-06,JP,Romance,6.3,"A romance about a man and a woman who, due to an unexpected event, end up switching bodies. Despite coming from completely different backgrounds and environments, the two try to overcome the various difficulties that arise from their body swap.",Shinji Imaoka,Shinji Imaoka,Released,Japanese,,
976912,https://www.themoviedb.org/movie/976912-graphic-desires,Graphic Desires,90.0,2023-08-31,KR,"Thriller, Crime",7.1,"When reclusive Franklin cheats on his partner with a mysterious girl he meets on a dating app, it becomes the start of a deadly obsession.",Andy Edwards,Andy Edwards,Released,English,,
1361774,https://www.themoviedb.org/movie/1361774-the-dink,The Dink,103.0,2026-07-24,KR,Comedy,6.3,"Desperate to save a struggling country club and earn his father's respect, a washed-up tennis pro is compelled to break a sacred vow and do the unthinkable: play pickleball.",Josh Greenbaum,Sean Clements,Released,English,,
1290821,https://www.themoviedb.org/movie/1290821-shelter,Shelter,107.0,2026-04-15,KR,"Action, Crime, Thriller",7.8,"A man living in self-imposed exile on a remote island rescues a young girl from a violent storm, setting off a chain of events that forces him out of seclusion to protect her from enemies tied to his past.",Ric Roman Waugh,Ward Parry,Released,English,50000000.0,53933639.0
151024,https://www.themoviedb.org/movie/151024-la-soldatessa-alle-grandi-manovre,The Soldier with Great Maneuvers,96.0,1978-12-07,IT,Comedy,5.0,Doctor Eva Marini takes up a position at an army base to investigate the sexual behavior of the Italian male soldier and soon finds out she's taken on more than she bargained for.,Nando Cicero,"Nando Cicero, Annie Albert, Fiorenzo Fiorentini",Released,Italian,,
1007757,https://www.themoviedb.org/movie/1007757-swapped,Swapped,102.0,2026-05-01,KR,"Adventure, Animation, Family, Fantasy",8.9,"A small woodland creature and a majestic bird, two natural sworn enemies of the Valley, magically trade places and set off on an adventure of a lifetime to switch back. Their journey soon uncovers a greater threat—one that could endanger not only their species, but the entire valley they call home.",Nathan Greno,"Christian Magalhaes, John Whittington, Robert Snow",Released,English,7.0,7.0
585534,https://www.themoviedb.org/movie/585534,Morning Moon Is Cruel,98.0,1981-06-21,JP,Drama,4.3,"A small-time gofer gets his dream car while running hush money for his boss's counterfeit empire, picks up a jilted singer at the airport along the way, and ends up the last man standing in everyone's love life but his own.",Masanori Watanabe,Tatsuo Kobayashi,Released,Japanese,,
1382832,https://www.themoviedb.org/movie/1382832-hungry,Hungry,93.0,2026-06-03,US,"Thriller, Horror",7.0,A group of holidaymakers must fight for their lives against a rampaging hippo on the loose after becoming lost in the Louisiana swamplands.,James Nunn,James Nunn,Released,English,,
1439930,https://www.themoviedb.org/movie/1439930-the-punisher-one-last-kill,The Punisher: One Last Kill,51.0,2026-05-13,KR,"Action, Drama, Crime",8.3,"As Frank Castle searches for meaning beyond revenge, an unexpected force pulls him back into the fight.",Reinaldo Marcus Green,"Reinaldo Marcus Green, Jon Bernthal",Released,English,,
1631506,https://www.themoviedb.org/movie/1631506-la-ahorcada,The Hanged Woman,91.0,2026-04-22,ES,Horror,5.2,"Rosa Martín, a singer-songwriter known as La Ahorcada, takes her own life in the garden of the man she loved, Fran, who treated her as nothing more than a sexual object. The ghost of La Ahorcada remains in Fran's mansion, refusing to be ignored and determined to teach him a lesson. Her obsession will end up turning the lives of Fran and his family into a living hell.",Miguel Ángel Lamata,Mayte Navales,Released,Spanish; Castilian,,
1487861,https://www.themoviedb.org/movie/1487861-elize-sombras-de-uma-mulher,Elize: Shadows of a Woman,93.0,2026-07-22,KR,"Thriller, Crime, Drama",6.8,"In this retelling of a real case, a former escort discovers her wealthy husband's infidelity and struggles to cope as betrayal poisons their marriage.",Vellas,"Raphael Montes, Mariana Torres",Released,Portuguese,,
1419406,https://www.themoviedb.org/movie/1419406,The Shadow's Edge,142.0,2025-09-20,KR,"Action, Crime, Drama, Thriller",7.9,Macau Police brings the tracking expert police officer out of retirement to help catch a dangerous group of professional thieves.,Larry Yang,Larry Yang,Released,Chinese,,174400000.0
27205,https://www.themoviedb.org/movie/27205-inception,Inception,148.0,2010-07-21,KR,"Action, Science Fiction, Adventure",8.4,"Cobb, a skilled thief who commits corporate espionage by infiltrating the subconscious of his targets is offered a chance to regain his old life as payment for a task considered to be impossible: ""inception"", the implantation of another person's idea into a target's subconscious.",Christopher Nolan,Christopher Nolan,Released,English,160000000.0,839030630.0
755898,https://www.themoviedb.org/movie/755898-war-of-the-worlds,War of the Worlds,91.0,2025-07-30,KR,"Science Fiction, Thriller",4.1,"Will Radford is a top analyst for Homeland Security who tracks potential threats through a mass surveillance program, until one day an attack by an unknown entity leads him to question whether the government is hiding something from him... and from the rest of the world.",Rich Lee,"H. G. Wells, Kenny Golde, Marc Hyman",Released,English,10000000.0,
1491920,https://www.themoviedb.org/movie/1491920,Kung Fu Soccer,106.0,2026-07-11,CN,"Drama, Comedy, Action",5.9,"The ""Supreme Invincible Cup"" is about to begin, and a host of top teams are about to engage in an unprecedented showdown! But the Kung Fu Women's Soccer Team has been dealt a hellish script right from the start?! Their opponents are all highly skilled, and external pressure is mounting. The schemes on the field are one after another... Can they use their kung fu to turn the tide on the green field?",Stephen Chow,"Stephen Chow, Hunny Ho",Released,Chinese,,
1327819,https://www.themoviedb.org/movie/1327819-hoppers,Hoppers,105.0,2026-03-04,KR,"Adventure, Animation, Comedy, Family, Science Fiction",8.2,"Scientists have discovered how to 'hop' human consciousness into lifelike robotic animals, allowing people to communicate with animals as animals. Animal lover Mabel seizes an opportunity to use the technology, uncovering mysteries within the animal world beyond anything she could have imagined.",Daniel Chong,Jesse Andrews,Released,English,150000000.0,389547783.0
1318447,https://www.themoviedb.org/movie/1318447-apex,Apex,96.0,2026-04-24,KR,"Action, Thriller",6.9,A grieving woman pushing her limits on a solo adventure in the Australian wild is ensnared in a twisted game with a cunning killer who thinks she's prey.,Baltasar Kormákur,Jeremy Robbins,Released,English,,
652,https://www.themoviedb.org/movie/652-troy,Troy,163.0,2004-05-21,KR,"War, Action, History",7.2,"In year 1250 B.C. during the late Bronze age, two emerging nations begin to clash. Paris, the Trojan prince, convinces Helen, Queen of Sparta, to leave her husband Menelaus, and sail with him back to Troy. After Menelaus finds out that his wife was taken by the Trojans, he asks his brother Agamemnon to help him get her back. Agamemnon sees this as an opportunity for power. They set off with 1,000 ships holding 50,000 Greeks to Troy.",Wolfgang Petersen,"Homer, David Benioff",Released,English,175000000.0,497409852.0
19995,https://www.themoviedb.org/movie/19995-avatar,Avatar,162.0,2009-12-17,KR,"Action, Science Fiction, Adventure",7.6,"In the 22nd century, a paraplegic Marine is dispatched to the moon Pandora on a unique mission, but becomes torn between following orders and protecting an alien civilization.",James Cameron,James Cameron,Released,English,237000000.0,2923706026.0
1595852,https://www.themoviedb.org/movie/1595852-boulevard,Boulevard,113.0,2026-04-10,ES,"Romance, Drama",7.6,"New city, new life, and an unexpected encounter with Luke-a boy fueled by adrenaline and haunted by demons. Despite the warnings, Hasley can't stay away. In their 'boulevard,' they find a raw, liberating love. But as his past threatens to destroy them both, Hasley faces a heartbreaking choice: can you save someone who isn't ready to be rescued?",Sonia Méndez,"Flor M. Salvador, Javier Ruescas",Released,Spanish; Castilian,,
261639,https://www.themoviedb.org/movie/261639,Affair at the Nuns' Temple: Paradise Sex,59.0,1998-02-06,JP,,3.4,Japanese nunsplitation movie from 1998,Yukio Kitazawa,,Released,Japanese,,
1175942,https://www.themoviedb.org/movie/1175942-the-bad-guys-2,The Bad Guys 2,104.0,2025-07-30,KR,"Family, Comedy, Crime, Adventure, Animation",7.6,"The now-reformed Bad Guys are trying (very, very hard) to be good, but instead find themselves hijacked into a high-stakes, globe-trotting heist, masterminded by a new team of criminals they never saw coming: The Bad Girls.",Pierre Perifel,"Etan Cohen, Yoni Brenner",Released,English,80000000.0,239676236.0
299536,https://www.themoviedb.org/movie/299536-avengers-infinity-war,Avengers: Infinity War,149.0,2018-04-26,KR,"Adventure, Action, Science Fiction",8.2,"As the Avengers and their allies have continued to protect the world from threats too large for any one hero to handle, a new danger has emerged from the cosmic shadows: Thanos. A despot of intergalactic infamy, his goal is to collect all six Infinity Stones, artifacts of unimaginable power, and use them to inflict his twisted will on all of reality. Everything the Avengers have fought for has led up to this moment - the fate of Earth and existence itself has never been more uncertain.","Anthony Russo, Joe Russo","Christopher Markus, Stephen McFeely",Released,English,300000000.0,2052415039.0
1301421,https://www.themoviedb.org/movie/1301421-the-sheep-detectives,The Sheep Detectives,109.0,2026-05-08,GB,"Comedy, Family, Mystery",7.9,"George Hardy is a shepherd who reads detective novels to his beloved sheep every night, assuming they can't possibly understand. But when a mysterious incident disrupts life on the farm, the sheep realize they must become the detectives. As they follow the clues and investigate human suspects, they prove that even sheep can be brilliant crime-solvers.",Kyle Balda,"Leonie Swann, Craig Mazin",Released,English,75000000.0,131550648.0
155,https://www.themoviedb.org/movie/155-the-dark-knight,The Dark Knight,152.0,2008-08-06,KR,"Action, Crime, Thriller",8.5,"Batman raises the stakes in his war on crime. With the help of Lt. Jim Gordon and District Attorney Harvey Dent, Batman sets out to dismantle the remaining criminal organizations that plague the streets. The partnership proves to be effective, but they soon find themselves prey to a reign of chaos unleashed by a rising criminal mastermind known to the terrified citizens of Gotham as the Joker.",Christopher Nolan,"Christopher Nolan, Jonathan Nolan",Released,English,185000000.0,1004558444.0
1307247,https://www.themoviedb.org/movie/1307247-2,OK! Madam: Bon Voyage,109.0,2026-08-12,KR,"Action, Comedy",0.0,"A family fresh off a daring high-altitude plane rescue gets mysteriously invited onto a luxury cruise, only to find themselves trapped in a wild, unpredictable new crisis.",Lee Cheol-ha,Cha Su-hyeon,Post Production,Korean,,
1337148,https://www.themoviedb.org/movie/1337148,Aisha Can't Fly Away,131.0,2026-05-24,KR,"Horror, Drama",5.5,"Aisha, a 26-year-old Sudanese woman, lives in Ain-Shams, a neighborhood in Cairo with a large African migrant community. The authorities’ indifference to the violent tensions between Egyptians and various African nationalities, has allowed different gangs to seize control of the neighborhood. The situation quickly turns sour after one of them offers Aisha security in exchange for a favor.",Murad Mustafa,"Murad Mustafa, Mohammad Abdulqader, Sawsan Yusuf",Released,Arabic,,
1234821,https://www.themoviedb.org/movie/1234821-jurassic-world-rebirth,Jurassic World Rebirth,134.0,2025-07-02,KR,"Science Fiction, Adventure, Action",6.3,"Five years after the events of Jurassic World Dominion, covert operations expert Zora Bennett is contracted to lead a skilled team on a top-secret mission to secure genetic material from the world's three most massive dinosaurs. When Zora's operation intersects with a civilian family whose boating expedition was capsized, they all find themselves stranded on an island where they come face-to-face with a sinister, shocking discovery that's been hidden from the world for decades.",Gareth Edwards,David Koepp,Released,English,180000000.0,869146189.0
24428,https://www.themoviedb.org/movie/24428-the-avengers,The Avengers,143.0,2012-04-26,KR,"Science Fiction, Action, Adventure",8.1,"When an unexpected enemy emerges and threatens global safety and security, Nick Fury, director of the international peacekeeping agency known as S.H.I.E.L.D., finds himself in need of a team to pull the world back from the brink of disaster. Spanning the globe, a daring recruitment effort begins!",Joss Whedon,Joss Whedon,Released,English,220000000.0,1518815515.0
1321008,https://www.themoviedb.org/movie/1321008-black-box,Black Box,85.0,2026-07-07,US,"Horror, Thriller",6.3,"A routine domestic flight turns into the flight from hell through a series of inexplicable phenomena and raw terror. Surreal encounters blur the boundaries between reality and nightmare. Passengers fight against all the odds in an attempt to survive while combating bizarre technological malfunctions, accelerating supernatural events and alien influences.",Steven Quale,Stephen Susco,Released,English,1000000.0,224611.0
1659155,https://www.themoviedb.org/movie/1659155-los-creyentes,The Truthers,106.0,2026-07-24,ES,"Thriller, Drama, Mystery",6.1,"After her mother's sudden death, Ruth returns to her hometown and reunites with her father, whose odd behavior makes her question what really happened.",Roger Gual,"Carlos Montero, Darío Madrona",Released,Spanish; Castilian,,
1301310,https://www.themoviedb.org/movie/1301310-zombies-of-the-third-reich,Zombies of the Third Reich,75.0,2025-06-10,US,"Horror, History",4.1,"During WW2, a group of assembled allied forces are sent to a secret nuclear bunker occupied by Nazi Germany to  uncover the operations of what's been occurring there. But when they discover the bunker is infested with rabid, zombie, super-humans in a nuclear testing operation gone wrong, they must destroy every last one in hopes of survival.",David Gregory,Sam P. Green,Released,English,,
238,https://www.themoviedb.org/movie/238-the-godfather,The Godfather,175.0,1972-12-27,KR,"Drama, Crime",8.7,"Spanning the years 1945 to 1955, a chronicle of the fictional Italian-American Corleone crime family. When organized crime family patriarch, Vito Corleone barely survives an attempt on his life, his youngest son, Michael steps in to take care of the would-be killers, launching a campaign of bloody revenge.",Francis Ford Coppola,"Francis Ford Coppola, Mario Puzo",Released,English,6000000.0,245066411.0
1368166,https://www.themoviedb.org/movie/1368166-the-housemaid,The Housemaid,131.0,2026-01-28,KR,"Mystery, Thriller",7.3,"Trying to escape her past, Millie Calloway accepts a job as a live-in housemaid for the wealthy Nina and Andrew Winchester. But what begins as a dream job quickly unravels into something far more dangerous—a sexy, seductive game of secrets, scandal, and power.",Paul Feig,Rebecca Sonnenshine,Released,English,35000000.0,399644671.0
1212763,https://www.themoviedb.org/movie/1212763-evil-dead-burn,Evil Dead Burn,110.0,2026-07-10,US,Horror,6.8,"After her husband's abrupt death, Alice seeks solace with his remaining family — descendants of a leading researcher on demonic possession. As her in-laws transform one by one into creatures that feed on fear, she comes to discover that the vows she took in life survive even in death.",Sébastien Vaniček,"Sébastien Vaniček, Florent Bernard",Released,English,20000000.0,63576642.0
1567187,https://www.themoviedb.org/movie/1567187-memoria-de-una-madre,A Mother's Recall,84.0,2026-04-16,AR,Horror,0.0,"A married couple welcomes young Genaro into their home through adoption. Upon his arrival, he meets his new siblings, Nuria and Samuel. But it doesn't take long for Genaro to sense that something is deeply wrong within the household. The family seems trapped under a suffocating veil of fear and despair, haunted by an unseen force. As Nuria, a troubled teenager, begins to uncover the terrifying secrets hidden within her family, she forms a powerful bond with Genaro. Together, they must face an evil presence that grows stronger each day, unleashing a chain of sinister and unsettling events.",Mauro Iván Ojeda,Mauro Iván Ojeda,Released,Spanish; Castilian,,
1122573,https://www.themoviedb.org/movie/1122573-in-the-grey,In the Grey,97.0,2026-05-15,US,"Action, Thriller",7.6,"A covert team of elite operatives are living in the shadows. When a ruthless despot steals a billion-dollar fortune, they're sent to take it back—an impossible heist that erupts into a deadly game of strategy, deception and survival.",Guy Ritchie,Guy Ritchie,Released,English,70000000.0,27117528.0
557,https://www.themoviedb.org/movie/557-spider-man,Spider-Man,121.0,2002-05-03,KR,"Action, Science Fiction",7.3,"After being bitten by a genetically altered spider at Oscorp, nerdy but endearing high school student Peter Parker is endowed with amazing powers to become the superhero known as Spider-Man.",Sam Raimi,David Koepp,Released,English,139000000.0,821708551.0
299710,https://www.themoviedb.org/movie/299710-a-14-ans,Being 14,90.0,2015-02-25,FR,Drama,4.1,"The lives and turbulent adventures of a bunch of fourteen-year-old teenagers, through the eyes of three young girls - Sarah, Jade and Louise - with one last year to go before high school.",Hélène Zimmer,Hélène Zimmer,Released,French,,
5721,https://www.themoviedb.org/movie/5721-vixen,Vixen!,72.0,1968-10-15,US,Drama,5.5,"In a Canadian mountain resort, Vixen Palmer resides with her naive pilot husband Tom. While he's away flying in tourists, she sleeps with practically everybody including a husband and his wife, and even her biker brother. However, the only one she won't bed is her brother's friend... who is Black.",Russ Meyer,Robert Rudelson,Released,English,73000.0,8000000.0
599335,https://www.themoviedb.org/movie/599335,OK! Madam,100.0,2020-08-12,KR,"Comedy, Action",7.1,"A working class family wins a free vacation to Hawaii. But when their plane takes flight, it gets hijacked by terrorists. To save her family and the other passengers, the wife must reveal her secret past and fight back.",Lee Cheol-ha,Shin Hyun-sung,Released,Korean,,9341543.0
11770,https://www.themoviedb.org/movie/11770,Shaolin Soccer,113.0,2002-05-16,KR,"Action, Comedy",7.2,A young Shaolin follower reunites with his discouraged brothers to form a soccer team using their martial art skills to their advantage.,Stephen Chow,"Stephen Chow, Tsang Kan-Cheong, Steven Fung Min-Hang, Andrew Fung Chih-Chiang, Lo Mei",Released,Cantonese,10000005.0,42776760.0
1656061,https://www.themoviedb.org/movie/1656061-immortal-combat,Immortal Combat,88.0,2026-04-24,US,"Action, Science Fiction, Adventure",5.0,"History's greatest warriors, including Genghis Khan and Joan of Arc, are summoned by a shadowy organization to fight in a battle to the death. But unknown to their captors, the fighters have been plotting to turn the tables and dismantle the deadly enterprise from within.",Monroe Robertson,Jacob David Smith,Released,English,,
671,https://www.themoviedb.org/movie/671-harry-potter-and-the-philosopher-s-stone,Harry Potter and the Philosopher's Stone,152.0,2001-12-14,KR,"Adventure, Fantasy",7.9,"Harry Potter has lived under the stairs at his aunt and uncle's house his whole life. But on his 11th birthday, he learns he's a powerful wizard—with a place waiting for him at the Hogwarts School of Witchcraft and Wizardry. As he learns to harness his newfound powers with the help of the school's kindly headmaster, Harry uncovers the truth about his parents' deaths—and about the villain who's to blame.",Chris Columbus,"J.K. Rowling, Steve Kloves",Released,English,125000000.0,976475550.0
872585,https://www.themoviedb.org/movie/872585-oppenheimer,Oppenheimer,181.0,2023-08-15,KR,"Drama, History",8.0,The story of J. Robert Oppenheimer's role in the development of the atomic bomb during World War II.,Christopher Nolan,Christopher Nolan,Released,English,100000000.0,952000000.0
122,https://www.themoviedb.org/movie/122-the-lord-of-the-rings-the-return-of-the-king,The Lord of the Rings: The Return of the King,201.0,2003-12-17,KR,"Adventure, Fantasy, Action",8.5,"As armies mass for a final battle that will decide the fate of the world--and powerful, ancient forces of Light and Dark compete to determine the outcome--one member of the Fellowship of the Ring is revealed as the noble heir to the throne of the Kings of Men. Yet, the sole hope for triumph over evil lies with a brave hobbit, Frodo, who, accompanied by his loyal friend Sam and the hideous, wretched Gollum, ventures deep into the very dark heart of Mordor on his seemingly impossible quest to destroy the Ring of Power.​",Peter Jackson,"Peter Jackson, J. R. R. Tolkien, Fran Walsh, Philippa Boyens",Released,English,94000000.0,1118888979.0
1305672,https://www.themoviedb.org/movie/1305672,I Know Who You Are,142.0,2026-06-19,CN,"History, Drama",6.2,"On 1949 October 1, the day of the founding ceremony of the People's Republic of China, Xiao Dali enters the city and is reorganized as the director of the public security police station. He finds that primary school teacher Feng Jingbo is full of doubts. With the high vigilance of a soldier and the sense of responsibility of a public security official, Dali insists on partnering with Feng and becomes his neighbor. He then spends his whole life carrying out a nearly four-decade pursuit without regrets.",Feng Xiaogang,"Zhang Ce, Shi Jianquan",Released,Chinese,12000000.0,16300000.0
44980,https://www.themoviedb.org/movie/44980-zero-woman,Zero Woman 2,99.0,1995-09-13,JP,"Action, Thriller",5.0,"When a valuable suitcase is stolen, the mob, petty criminals, and a beautiful agent from the Elite Zero division are pulled into a battle to settle the score.",Daisuke Gotô,"Daisuke Gotô, Chiaki Hashiba",Released,Japanese,,
617126,https://www.themoviedb.org/movie/617126-the-fantastic-4-first-steps,The Fantastic 4: First Steps,115.0,2025-07-24,KR,"Science Fiction, Adventure, Action",7.0,"Against the vibrant backdrop of a 1960s-inspired, retro-futuristic world, Marvel's First Family is forced to balance their roles as heroes with the strength of their family bond, while defending Earth from a ravenous space god called Galactus and his enigmatic Herald, Silver Surfer.",Matt Shakman,"Ian Springer, Jeff Kaplan, Eric Pearson, Josh Friedman",Released,English,200000000.0,521858728.0
329505,https://www.themoviedb.org/movie/329505-il-peccato-di-lola,Lola's Secret,88.0,1984-05-04,IT,"Drama, Comedy, Horror",7.0,A young man's dreams come true when the sexy new maid seduces him. But she has a secret that leads to trouble.,Bruno Gaburro,Piero Regnoli,Released,Italian,,
1723013,https://www.themoviedb.org/movie/1723013-hibla-2,Hibla 2,80.0,2026-06-30,PH,Drama,3.0,"Two VMX queens, Aliya Raymundo and Margaret Diaz, play reunited childhood friends who share a memorable past and a complicated present: one is a liberated city girl, the other a sheltered country virgin, and both are surrounded by men eager to get a taste of their youth.",Topel Lee,Erick Castro,Released,Tagalog,,
120,https://www.themoviedb.org/movie/120-the-lord-of-the-rings-the-fellowship-of-the-ring,The Lord of the Rings: The Fellowship of the Ring,179.0,2001-12-31,KR,"Adventure, Fantasy, Action",8.4,"Young hobbit Frodo Baggins, after inheriting a mysterious ring from his uncle Bilbo, must leave his home in order to keep it from falling into the hands of its evil creator. Along the way, a fellowship is formed to protect the ringbearer and make sure that the ring arrives at its final destination: Mt. Doom, the only place where it can be destroyed.",Peter Jackson,"Peter Jackson, J. R. R. Tolkien, Fran Walsh, Philippa Boyens",Released,English,93000000.0,871368364.0
840464,https://www.themoviedb.org/movie/840464-greenland-2-migration,Greenland 2: Migration,98.0,2026-07-01,KR,"Adventure, Thriller, Science Fiction",6.4,"Having found the safety of the Greenland bunker after the comet Clarke decimated the Earth, the Garrity family must now risk everything to embark on a perilous journey across the wasteland of Europe to find a new home.",Ric Roman Waugh,"Chris Sparling, Mitchell LaFortune",Released,English,90000000.0,44856736.0
1380291,https://www.themoviedb.org/movie/1380291-tom-clancy-s-jack-ryan-ghost-war,Tom Clancy's Jack Ryan: Ghost War,107.0,2026-05-20,US,"Action, Thriller",7.0,"Jack Ryan is reluctantly pulled back into espionage when an international covert mission unravels a deadly conspiracy. Racing against time, he joins CIA allies Mike November & James Greer and sharp MI6 officer Emma Marlowe to battle a rogue black-ops unit in a high-stakes, deeply personal fight.",Andrew Bernstein,"John Krasinski, Aaron Rabin",Released,English,,
533535,https://www.themoviedb.org/movie/533535-deadpool-wolverine,Deadpool & Wolverine,128.0,2024-07-24,KR,"Action, Comedy, Science Fiction",7.6,"A listless Wade Wilson toils away in civilian life with his days as the morally flexible mercenary, Deadpool, behind him. But when his homeworld faces an existential threat, Wade must reluctantly suit-up again with an even more reluctant Wolverine.",Shawn Levy,"Shawn Levy, Zeb Wells, Paul Wernick, Ryan Reynolds, Rhett Reese",Released,English,200000000.0,1338073645.0
315635,https://www.themoviedb.org/movie/315635-spider-man-homecoming,Spider-Man: Homecoming,133.0,2017-07-05,KR,"Action, Adventure, Science Fiction",7.3,"Following the events of Captain America: Civil War, Peter Parker, with the help of his mentor Tony Stark, tries to balance his life as an ordinary high school student in Queens, New York City, with fighting crime as his superhero alter ego Spider-Man as a new threat, the Vulture, emerges.",Jon Watts,"Jon Watts, Christopher Ford, Chris McKenna, Erik Sommers, John Francis Daley, Jonathan Goldstein",Released,English,175000000.0,880978185.0
1297842,https://www.themoviedb.org/movie/1297842-goat,GOAT,100.0,2026-04-17,KR,"Animation, Comedy, Family",8.1,"A small goat with big dreams gets a once-in-a-lifetime shot to join the pros and play roarball, a high-intensity, co-ed, full-contact sport dominated by the fastest, fiercest animals in the world.",Tyree Dillihay,"Teddy Riley, Aaron Buchsbaum",Released,English,90000000.0,193566330.0
424711,https://www.themoviedb.org/movie/424711-le-calde-notti-di-poppea,Poppea's Hot Nights,94.0,1969-01-01,IT,Comedy,4.7,Poppea's Hot Nights (Italian: Le calde notti di Poppea) is a 1969 Italian comedy film set in Ancient Rome. It was written and directed by Guido Malatesta and stars Olga Schoberová (credited as Olinka Berova) and Brad Harris in the main roles.,Guido Malatesta,"Guido Malatesta, Gianfranco Clerici",Released,Italian,,
11012,https://www.themoviedb.org/movie/11012-damage,Damage,111.0,1994-12-17,KR,"Drama, Romance",6.6,The life of a respected British politician at the height of his career crumbles when he becomes obsessed with his son's lover.,Louis Malle,"Josephine Hart, David Hare",Released,English,11000000.0,31000000.0
1321491,https://www.themoviedb.org/movie/1321491-the-banished,The Banished,97.0,2025-07-18,US,Horror,4.8,Grace has nowhere to turn when she finds herself lost in the wilderness with a dark presence threatening to consume her in this twisted folk horror.,Joseph Sims-Dennett,Joseph Sims-Dennett,Released,English,,
603,https://www.themoviedb.org/movie/603-the-matrix,The Matrix,136.0,1999-05-15,KR,"Action, Science Fiction",8.3,"Set in the 22nd century, The Matrix tells the story of a computer hacker who joins a group of underground insurgents fighting the vast and powerful computers who now rule the earth.","Lana Wachowski, Lilly Wachowski","Lana Wachowski, Lilly Wachowski",Released,English,63000000.0,463517383.0
1241982,https://www.themoviedb.org/movie/1241982-moana-2,Moana 2,100.0,2024-11-27,KR,"Adventure, Animation, Comedy, Family, Fantasy",7.0,"After receiving an unexpected call from her wayfinding ancestors, Moana journeys alongside Maui and a new crew to the far seas of Oceania and into dangerous, long-lost waters for an adventure unlike anything she's ever faced.","Dana Ledoux Miller, David G. Derrick Jr., Jason Hand","Dana Ledoux Miller, Jared Bush",Released,English,150000000.0,1059242164.0
89657,https://www.themoviedb.org/movie/89657-country-hooker,Country Hooker,75.0,1974-10-04,US,Drama,4.2,"A couple of musicians are on their way to a show at a country bar. Along the way, they pick up a couple of sexy hitchhiking ladies and decide to pull over for a pitstop. Eventually, they make it to the bar and uncover that the deep voiced country singer that also plays there is also a pimp who uses the ""waitresses"" to make him some extra cash. It is up to our musician heroes to put an end to the singer and his operation.",Lew Guinn,,Released,English,,
687259,https://www.themoviedb.org/movie/687259,Ghost Stories,80.0,1982-01-01,TW,Horror,6.2,We don't have an overview translated in English. Help us expand our database by adding one.,Hsin Yen,,Released,Chinese,,
1305781,https://www.themoviedb.org/movie/1305781,Blades of the Guardians,126.0,2026-07-02,KR,"Action, Adventure",7.8,"Dao Ma, the ""second most wanted fugitive,"" is entrusted by his benefactor, the chief of Mo family clan, to take on a mysterious escort mission-escorting the ""most wanted fugitive"" to Chang'an.",Yuen Woo-ping,"Larry Yang, Yu Baimei, Chan Tai-Lee, Su Chaobin",Released,Chinese,123000000.0,203356793.0
862,https://www.themoviedb.org/movie/862-toy-story,Toy Story,81.0,1995-12-30,KR,"Family, Comedy, Animation, Adventure",8.0,"Led by Woody, Andy's toys live happily in his room until Andy's birthday brings Buzz Lightyear onto the scene. Afraid of losing his place in Andy's heart, Woody plots against Buzz. But when circumstances separate Buzz and Woody from their owner, the duo eventually learns to put aside their differences.",John Lasseter,"Alec Sokolow, Joel Cohen, Joss Whedon, Andrew Stanton",Released,English,30000000.0,962301978.0
1084242,https://www.themoviedb.org/movie/1084242-zootopia-2,Zootopia 2,108.0,2025-11-26,KR,"Animation, Adventure, Comedy, Mystery, Family",7.7,"After cracking the biggest case in Zootopia's history, rookie cops Judy Hopps and Nick Wilde find themselves on the twisting trail of a great mystery when Gary De'Snake arrives and turns the animal metropolis upside down. To crack the case, Judy and Nick must go undercover to unexpected new parts of town, where their growing partnership is tested like never before.","Jared Bush, Byron Howard",Jared Bush,Released,English,150000000.0,1868208796.0
550,https://www.themoviedb.org/movie/550-fight-club,Fight Club,139.0,1999-11-13,KR,"Drama, Thriller",8.4,"A ticking-time-bomb insomniac and a slippery soap salesman channel primal male aggression into a shocking new form of therapy. Their concept catches on, with underground ""fight clubs"" forming in every town, until an eccentric gets in the way and ignites an out-of-control spiral toward oblivion.",David Fincher,"Chuck Palahniuk, Jim Uhls",Released,English,63000000.0,100853753.0
1645603,https://www.themoviedb.org/movie/1645603-night-of-the-living-dead,Night of the Living Dead,87.0,2026-07-03,ES,Horror,5.1,A ragtag group barricade themselves in an old Pennsylvania farmhouse to remain safe from a horde of flesh-eating ghouls ravaging the Northeast.,Christopher Ray,Jared Cohn,Released,English,,
803796,https://www.themoviedb.org/movie/803796-kpop-demon-hunters,KPop Demon Hunters,96.0,2025-10-31,KR,"Fantasy, Music, Comedy, Animation",8.0,"When K-pop superstars Rumi, Mira and Zoey aren't selling out stadiums, they're using their secret powers to protect their fans from supernatural threats.","Maggie Kang, Chris Appelhans","Maggie Kang, Chris Appelhans, Hannah McMechan, Danya Jimenez",Released,English,100000000.0,24619953.0
1184918,https://www.themoviedb.org/movie/1184918-the-wild-robot,The Wild Robot,102.0,2024-10-01,KR,"Family, Animation, Science Fiction, Adventure",8.3,"After a shipwreck, an intelligent robot called Roz is stranded on an uninhabited island. To survive the harsh environment, Roz bonds with the island's animals and cares for an orphaned baby goose.",Chris Sanders,Chris Sanders,Released,English,78000000.0,331982078.0
1468683,https://www.themoviedb.org/movie/1468683-heartstopper-forever,Heartstopper Forever,110.0,2026-07-17,KR,"Romance, Drama",7.2,"It's a new school year for the Truham-Higgs gang. As Nick and Charlie's relationship deepens, their thoughts turn to life after the last bell rings.",Wash Westmoreland,Alice Oseman,Released,English,,
1325734,https://www.themoviedb.org/movie/1325734-the-drama,The Drama,105.0,2026-04-03,US,"Romance, Comedy, Drama",6.9,A happily engaged couple is put to the test when an unexpected turn sends their wedding week off the rails.,Kristoffer Borgli,Kristoffer Borgli,Released,English,28000000.0,132227793.0
597,https://www.themoviedb.org/movie/597-titanic,Titanic,194.0,1999-03-13,KR,"Drama, Romance",7.9,"101-year-old Rose DeWitt Bukater tells the story of her life aboard the Titanic, 84 years later. A young Rose boards the ship with her mother and fiancé. Meanwhile, Jack Dawson and Fabrizio De Rossi win third-class tickets aboard the ship. Rose tells the whole story from Titanic's departure through to its death—on its first and last voyage—on April 15, 1912.",James Cameron,James Cameron,Released,English,200000000.0,2264162353.0
1198994,https://www.themoviedb.org/movie/1198994-send-help,Send Help,113.0,2026-01-28,KR,"Horror, Thriller, Comedy",7.0,"Two colleagues become stranded on a deserted island, the only survivors of a plane crash. On the island, they must overcome past grievances and work together to survive, but ultimately, it's a battle of wills and wits to make it out alive.",Sam Raimi,"Mark Swift, Damian Shannon",Released,English,40000000.0,94041481.0
614945,https://www.themoviedb.org/movie/614945-voicemails-for-isabelle,Voicemails for Isabelle,119.0,2026-06-19,KR,"Romance, Comedy, Drama",8.4,"A young woman's hilariously confessional voicemails to her late sister are unknowingly redirected to a stranger, who begins to fall in love from afar.",Leah McKendrick,Leah McKendrick,Released,English,,
713704,https://www.themoviedb.org/movie/713704-evil-dead-rise,Evil Dead Rise,96.0,2023-06-30,KR,"Horror, Thriller",7.0,"A reunion between two estranged sisters gets cut short by the rise of flesh-possessing demons, thrusting them into a primal battle for survival as they face the most nightmarish version of family imaginable.",Lee Cronin,Lee Cronin,Released,English,15000000.0,147256372.0
1265609,https://www.themoviedb.org/movie/1265609-war-machine,War Machine,110.0,2026-03-06,KR,"Action, Science Fiction, Thriller",7.4,"On one last grueling mission during Army Ranger training, a combat engineer must lead his unit in a fight against a giant otherworldly killing machine.",Patrick Hughes,"Patrick Hughes, James Beaufort",Released,English,73000000.0,
324857,https://www.themoviedb.org/movie/324857-spider-man-into-the-spider-verse,Spider-Man: Into the Spider-Verse,117.0,2018-12-12,KR,"Animation, Action, Adventure, Science Fiction",8.4,"Struggling to find his place in the world while juggling school and family, Brooklyn teenager Miles Morales is unexpectedly bitten by a radioactive spider and develops unfathomable powers just like the one and only Spider-Man. While wrestling with the implications of his new abilities, Miles discovers a super collider created by the madman Wilson ""Kingpin"" Fisk, causing others from across the Spider-Verse to be inadvertently transported to his dimension.","Rodney Rothman, Bob Persichetti, Peter Ramsey","Rodney Rothman, Phil Lord",Released,English,90000000.0,394884133.0
1408170,https://www.themoviedb.org/movie/1408170,Lenin,156.0,2026-07-10,IN,"Action, Drama, Romance",7.7,"Young, urban-raised Lenin's peaceful romance with Bharathi inadvertently sparks a violent, large-scale village conflict.",Murali Kishor Abburu,Murali Kishor Abburu,Released,Telugu,,
14836,https://www.themoviedb.org/movie/14836-coraline,Coraline,100.0,2009-05-21,KR,"Animation, Family, Fantasy",7.9,"Wandering her rambling old house in her boring new town, 11-year-old Coraline discovers a hidden door to a strangely idealized version of her life. In order to stay in the fantasy, she must make a frighteningly real sacrifice.",Henry Selick,Henry Selick,Released,English,60000000.0,185860104.0
680,https://www.themoviedb.org/movie/680-pulp-fiction,Pulp Fiction,154.0,1994-09-10,KR,"Thriller, Crime, Comedy",8.5,"A burger-loving hit man, his philosophical partner, a drug-addled gangster's moll and a washed-up boxer converge in this sprawling, comedic crime caper. Their adventures unfurl in three stories that ingeniously trip back and forth in time.",Quentin Tarantino,Quentin Tarantino,Released,English,8000000.0,213928762.0
299534,https://www.themoviedb.org/movie/299534-avengers-endgame,Avengers: Endgame,181.0,2019-04-24,KR,"Adventure, Science Fiction, Action",8.2,"After the devastating events of Avengers: Infinity War, the universe is in ruins due to the efforts of the Mad Titan, Thanos. With the help of remaining allies, the Avengers must assemble once more in order to undo Thanos' actions and restore order to the universe once and for all, no matter what consequences may be in store.","Joe Russo, Anthony Russo","Stephen McFeely, Christopher Markus",Released,English,356000000.0,2799439100.0
1930,https://www.themoviedb.org/movie/1930-the-amazing-spider-man,The Amazing Spider-Man,136.0,2012-06-28,KR,"Action, Adventure, Science Fiction",6.7,A teenage Peter Parker grapples with both high school and amazing super-human crises as his alter-ego Spider-Man.,Marc Webb,"James Vanderbilt, Alvin Sargent, Steve Kloves",Released,English,215000000.0,758725893.0
822119,https://www.themoviedb.org/movie/822119-captain-america-brave-new-world,Captain America: Brave New World,119.0,2025-02-12,KR,"Action, Thriller, Science Fiction",6.0,"After meeting with newly elected U.S. President Thaddeus Ross, Sam finds himself in the middle of an international incident. He must discover the reason behind a nefarious global plot before the true mastermind has the entire world seeing red.",Julius Onah,"Julius Onah, Rob Edwards, Malcolm Spellman, Dalan Musson, Peter Glanz",Released,English,180000000.0,415101577.0
1656220,https://www.themoviedb.org/movie/1656220-23-000-leben,23 000 Lives,,2026-07-17,KR,Drama,5.5,A group of young people sets sail for the Mediterranean to save the lives of refugees — a mission that puts their ideas of law and justice to the test.,Markus Goller,"Oliver Ziegenbalg, Michele Cinque",Released,German,,
1541560,https://www.themoviedb.org/movie/1541560-stop-that-train,Stop! That! Train!,90.0,2026-06-12,US,"Action, Comedy",5.1,"Best friends and train stewardesses Tess and DeeDee trade their dreary shifts on the Stank Rail for the glitzy Glamazonian Express. However, when a catastrophic Stormaganza threatens to crash the high-speed train into Celebration, Florida, the duo in coach must join forces with the snobby first-class attendants, a hot but dimwitted co-conductor, and fabulous US President Judy Gagwell to save the day.",Adam Shankman,"Christina Friel, Connor Wright",Released,English,20000000.0,3992733.0
1279493,https://www.themoviedb.org/movie/1279493-the-get-out,The Get Out,111.0,2026-06-26,US,"Action, Thriller",6.4,"A nightclub owner is on the verge of leaving his dangerous past behind for retirement with his girlfriend. When masked gunmen rob him and he finds himself squeezed by ruthless cartels, a mysterious newcomer arrives with an interest in buying the business. With danger closing in from all sides, he must navigate a deadly web of deception, power, and survival  -  where escape may no longer be an option.",Derrick Borte,"Derrick Borte, Thomas Perry, Daniel Forte",Released,English,,
497,https://www.themoviedb.org/movie/497-the-green-mile,The Green Mile,189.0,2000-03-04,KR,"Fantasy, Drama, Crime",8.5,"A supernatural tale set on death row in a Southern prison, where gentle giant John Coffey possesses the mysterious power to heal people's ailments. When the cell block's head guard, Paul Edgecomb, recognizes Coffey's miraculous gift, he tries desperately to help stave off the condemned man's execution.",Frank Darabont,"Frank Darabont, Stephen King",Released,English,60000000.0,286801374.0
1227241,https://www.themoviedb.org/movie/1227241,Maa Inti Bangaram,158.0,2026-06-19,IN,"Action, Thriller, Drama",7.1,"Through both her moments of fear and bravery, a woman discovers that embracing her vulnerabilities is as vital to her inner strength as facing challenges head-on.",B. V. Nandini Reddy,"Prahaas Boppudi, Shantharuban Gnanasekaran, Vasanth Maringanti, Sita Menon, Raj Nidimoru",Released,Telugu,,
429617,https://www.themoviedb.org/movie/429617-spider-man-far-from-home,Spider-Man: Far From Home,129.0,2019-07-02,KR,"Action, Adventure, Science Fiction",7.4,"Peter Parker and his friends go on a summer trip to Europe. However, they will hardly be able to rest - Peter will have to agree to help Nick Fury uncover the mystery of creatures that cause natural disasters and destruction throughout the continent.",Jon Watts,"Erik Sommers, Chris McKenna",Released,English,160000000.0,1132723226.0
11,https://www.themoviedb.org/movie/11-star-wars,Star Wars,121.0,1978-06-01,KR,"Adventure, Action, Science Fiction",8.2,Princess Leia is captured and held hostage by the evil Imperial forces in their effort to take over the galactic Empire. Venturesome Luke Skywalker and dashing captain Han Solo team together with the loveable robot duo R2-D2 and C-3PO to rescue the beautiful princess and restore peace and justice in the Empire.,George Lucas,George Lucas,Released,English,11000000.0,775398007.0
1061474,https://www.themoviedb.org/movie/1061474-superman,Superman,130.0,2025-07-09,KR,"Science Fiction, Adventure, Action",7.3,"Superman, a journalist in Metropolis, embarks on a journey to reconcile his Kryptonian heritage with his human upbringing as Clark Kent.",James Gunn,James Gunn,Released,English,225000000.0,618723803.0
1010581,https://www.themoviedb.org/movie/1010581-culpa-mia,My Fault,116.0,2023-06-08,ES,"Drama, Romance, Thriller",7.7,"Noah must leave her city, boyfriend, and friends to move into William Leister's mansion, the flashy and wealthy husband of her mother Rafaela. As a proud and independent 17 year old, Noah resists living in a mansion surrounded by luxury. However, it is there where she meets Nick, her new stepbrother, and the clash of their strong personalities becomes evident from the very beginning.",Domingo González,"Domingo González, Mercedes Ron",Released,Spanish; Castilian,,
98,https://www.themoviedb.org/movie/98-gladiator,Gladiator,155.0,2000-06-03,KR,"Action, Drama, Adventure",8.2,"After the death of Emperor Marcus Aurelius, his devious son takes power and demotes Maximus, one of Rome's most capable generals who Marcus preferred. Eventually, Maximus is forced to become a gladiator and battle to the death against other men for the amusement of paying audiences.",Ridley Scott,"David Franzoni, John Logan, William Nicholson",Released,English,103000000.0,465516248.0
13,https://www.themoviedb.org/movie/13-forrest-gump,Forrest Gump,142.0,1994-10-15,KR,"Comedy, Drama, Romance",8.5,"A man with a low IQ has accomplished great things in his life and been present during significant historic events—in each case, far exceeding what anyone imagined he could do. But despite all he has achieved, his one true love eludes him.",Robert Zemeckis,"Winston Groom, Eric Roth",Released,English,55000000.0,677387716.0
448772,https://www.themoviedb.org/movie/448772-un-grande-amore,A Great Love,82.0,1995-01-01,IT,"Drama, Comedy",5.0,Two couples meet at a spa when they realize their respective suites share a bathroom.,Ninì Grassia,Ninì Grassia,Released,Italian,,
385687,https://www.themoviedb.org/movie/385687-fast-x,Fast X,142.0,2023-05-17,KR,"Action, Crime, Thriller",7.0,"Over many missions and against impossible odds, Dom Toretto and his family have outsmarted, out-nerved and outdriven every foe in their path. Now, they confront the most lethal opponent they've ever faced: A terrifying threat emerging from the shadows of the past who's fueled by blood revenge, and who is determined to shatter this family and destroy everything—and everyone—that Dom loves, forever.",Louis Leterrier,"Dan Mazeau, Justin Lin",Released,English,340000000.0,704709660.0
121,https://www.themoviedb.org/movie/121-the-lord-of-the-rings-the-two-towers,The Lord of the Rings: The Two Towers,179.0,2002-12-19,KR,"Adventure, Fantasy, Action",8.4,"Frodo Baggins and the other members of the Fellowship continue on their sacred quest to destroy the One Ring--but on separate paths. Their destinies lie at two towers--Orthanc Tower in Isengard, where the corrupt wizard Saruman awaits, and Sauron's fortress at Barad-dur, deep within the dark lands of Mordor. Frodo and Sam are trekking to Mordor to destroy the One Ring of Power while Gimli, Legolas and Aragorn search for the orc-captured Merry and Pippin. All along, nefarious wizard Saruman awaits the Fellowship members at the Orthanc Tower in Isengard.",Peter Jackson,"Peter Jackson, J. R. R. Tolkien, Philippa Boyens, Stephen Sinclair, Fran Walsh",Released,English,79000000.0,926287400.0
76600,https://www.themoviedb.org/movie/76600-avatar-the-way-of-water,Avatar: The Way of Water,192.0,2022-12-14,KR,"Action, Adventure, Science Fiction",7.6,"Set more than a decade after the events of the first film, learn the story of the Sully family (Jake, Neytiri, and their kids), the trouble that follows them, the lengths they go to keep each other safe, the battles they fight to stay alive, and the tragedies they endure.",James Cameron,"James Cameron, Rick Jaffa, Amanda Silver",Released,English,460000000.0,2334484620.0
361743,https://www.themoviedb.org/movie/361743-top-gun-maverick,Top Gun: Maverick,131.0,2022-06-22,KR,"Action, Drama",8.2,"After more than thirty years of service as one of the Navy’s top aviators, and dodging the advancement in rank that would ground him, Pete “Maverick” Mitchell finds himself training a detachment of TOP GUN graduates for a specialized mission the likes of which no living pilot has ever seen.",Joseph Kosinski,"Ehren Kruger, Eric Warren Singer, Christopher McQuarrie",Released,English,170000000.0,1488732821.0
1233413,https://www.themoviedb.org/movie/1233413-sinners,Sinners,138.0,2025-05-28,KR,"Horror, Action, Thriller",7.5,"Trying to leave their troubled lives behind, twin brothers return to their hometown to start again, only to discover that an even greater evil is waiting to welcome them back.",Ryan Coogler,Ryan Coogler,Released,English,100000000.0,371368759.0
1272837,https://www.themoviedb.org/movie/1272837-28-years-later-the-bone-temple,28 Years Later: The Bone Temple,109.0,2026-02-27,KR,"Horror, Thriller, Science Fiction",7.1,Dr. Kelson finds himself in a shocking new relationship - with consequences that could change the world as they know it - and Spike's encounter with Jimmy Crystal becomes a nightmare he can't escape.,Nia DaCosta,Alex Garland,Released,English,63000000.0,58522222.0
1242898,https://www.themoviedb.org/movie/1242898-predator-badlands,Predator: Badlands,107.0,2025-11-05,KR,"Action, Science Fiction, Adventure",7.8,"Cast out from his clan, a young Predator finds an unlikely ally in a damaged android and embarks on a treacherous journey in search of the ultimate adversary.",Dan Trachtenberg,Patrick Aison,Released,English,105000000.0,184500000.0
10681,https://www.themoviedb.org/movie/10681-wall-e,WALL·E,98.0,2008-08-06,KR,"Animation, Family, Science Fiction",8.1,"After hundreds of years doing what he was built for, WALL•E— a robot designed to clean up the earth—discovers a new purpose in life when he meets a sleek search robot named EVE. EVE comes to realize that WALL•E has inadvertently stumbled upon the key to the planet's future, and races back to space to report to the humans. Meanwhile, WALL•E chases EVE across the galaxy and sets into motion one of the most imaginative adventures ever brought to the big screen.",Andrew Stanton,"Andrew Stanton, Jim Reardon",Released,English,180000000.0,521311860.0
950028,https://www.themoviedb.org/movie/950028-the-invite,The Invite,107.0,2026-06-26,US,"Drama, Comedy, Romance",7.8,"Joe and Angela's marriage is on thin ice. When they invite their enigmatic upstairs neighbors for a dinner party, the night spirals into unexpected places.",Olivia Wilde,"Will McCormack, Rashida Jones",Released,English,,15980022.0
350,https://www.themoviedb.org/movie/350-the-devil-wears-prada,The Devil Wears Prada,109.0,2006-10-26,KR,"Drama, Comedy",7.4,"A young woman from the Midwest gets more than she bargained for when she moves to New York to become a writer and ends up as the assistant to the tyrannical, larger-than-life editor-in-chief of a major fashion magazine.",David Frankel,"Lauren Weisberger, Aline Brosh McKenna",Released,English,35000000.0,326588371.0
496243,https://www.themoviedb.org/movie/496243,Parasite,133.0,2019-05-30,KR,"Comedy, Thriller, Drama",8.5,"All unemployed, Ki-taek's family takes peculiar interest in the wealthy and glamorous Parks for their livelihood until they get entangled in an unexpected incident.",Bong Joon Ho,"Bong Joon Ho, Han Jin-won",Released,Korean,11363000.0,257591776.0
569094,https://www.themoviedb.org/movie/569094-spider-man-across-the-spider-verse,Spider-Man: Across the Spider-Verse,140.0,2023-06-21,KR,"Animation, Action, Adventure, Science Fiction",8.3,"After reuniting with Gwen Stacy, Brooklyn’s full-time, friendly neighborhood Spider-Man is catapulted across the Multiverse, where he encounters the Spider Society, a team of Spider-People charged with protecting the Multiverse's very existence. But when the heroes clash on how to handle a new threat, Miles finds himself pitted against the other Spiders and must set out on his own to save those he loves most.","Joaquim Dos Santos, Kemp Powers, Justin K. Thompson","Phil Lord, Christopher Miller, David Callaham",Released,English,100000000.0,690897910.0
1641319,https://www.themoviedb.org/movie/1641319-sniper-no-nation,Sniper: No Nation,96.0,2026-03-13,KR,"Action, Thriller",6.6,Brandon Beckett and Agent Zero lead a rescue mission in Costa Verde when their friends are taken hostage.,Trevor Calverley,Sean Wathen,Released,English,,
694,https://www.themoviedb.org/movie/694-the-shining,The Shining,144.0,2023-06-28,KR,"Horror, Thriller",8.2,"Jack Torrance accepts a caretaker job at the Overlook Hotel, where he, along with his wife Wendy and their son Danny, must live isolated from the rest of the world for the winter. But they aren't prepared for the madness that lurks within.",Stanley Kubrick,"Stanley Kubrick, Stephen King, Diane Johnson",Released,English,19000000.0,44781695.0
911430,https://www.themoviedb.org/movie/911430-f1,F1,156.0,2025-06-25,KR,"Action, Drama",7.8,Racing legend Sonny Hayes is coaxed out of retirement to lead a struggling Formula 1 team—and mentor a young hotshot driver—while chasing one more chance at glory.,Joseph Kosinski,Ehren Kruger,Released,English,300000000.0,634142436.0
438631,https://www.themoviedb.org/movie/438631-dune,Dune,155.0,2021-10-20,KR,"Science Fiction, Adventure",7.8,"Paul Atreides, a brilliant and gifted young man born into a great destiny beyond his understanding, must travel to the most dangerous planet in the universe to ensure the future of his family and his people. As malevolent forces explode into conflict over the planet's exclusive supply of the most precious resource in existence - a commodity capable of unlocking humanity's greatest potential - only those who can conquer their fear will survive.",Denis Villeneuve,"Denis Villeneuve, Frank Herbert, Eric Roth, Jon Spaihts",Released,English,165000000.0,410668500.0
1430077,https://www.themoviedb.org/movie/1430077-hokum,Hokum,108.0,2026-07-22,KR,Horror,6.9,"When novelist Ohm Bauman retreats to a remote inn to scatter his parents' ashes, he is consumed by tales of a witch haunting the honeymoon suite. Disturbing visions and a shocking disappearance forces him to confront dark corners of his past.",Damian McCarthy,Damian McCarthy,Released,English,5000000.0,24071317.0
1202033,https://www.themoviedb.org/movie/1202033-enola-holmes-3,Enola Holmes 3,109.0,2026-07-01,KR,"Adventure, Crime, Mystery",6.9,"Adventure follows detective Enola Holmes to Malta, where her plans to tie the knot unravel when Sherlock's disappearance plunges her into a perilous case.",Philip Barantini,Jack Thorne,Released,English,,
393392,https://www.themoviedb.org/movie/393392,Modori River,137.0,1983-04-16,JP,"Crime, Drama, Romance",5.7,"The story of Takeha, a free-spirited genius poet who lived through Taisho Romanticism, and the women who gave themselves over to his ambitions.",Tatsumi Kumashiro,"Mikihiko Renjo, Haruhiko Arai",Released,Japanese,,
1292748,https://www.themoviedb.org/movie/1292748,Stainless Night,56.0,1995-12-22,JP,"Animation, Romance, Science Fiction",0.0,"After ten years of dormancy, Linea awakes from a capsule in the countryside of Japan. Without any memories, she wanders into a small research center staffed by three beautiful women. One of the researchers, Sayako, is entranced by the strange woman and leaves her present lover. Sayako takes Linea to bed, and finds that her abilities are beyond that of any ordinary woman.",Naohito Takahashi,,Released,Japanese,,
986056,https://www.themoviedb.org/movie/986056-thunderbolts,Thunderbolts*,127.0,2025-04-30,KR,"Action, Science Fiction, Adventure",7.3,"After finding themselves ensnared in a death trap, seven disillusioned castoffs must embark on a dangerous mission that will force them to confront the darkest corners of their pasts.",Jake Schreier,"Eric Pearson, Joanna Calo",Released,English,180000000.0,382436917.0
1171145,https://www.themoviedb.org/movie/1171145-crime-101,Crime 101,141.0,2026-04-08,KR,"Crime, Thriller",7.0,"When an elusive thief whose high-stakes heists unfold along the iconic 101 freeway in Los Angeles eyes the score of a lifetime, with hopes of this being his final job, his path collides with a disillusioned insurance broker who is facing her own crossroads. Determined to crack the case, a relentless detective closes in on the operation, raising the stakes even higher.",Bart Layton,"Bart Layton, Don Winslow",Released,English,90000000.0,72900246.0
718833,https://www.themoviedb.org/movie/718833-bokshi,Bokshi,142.0,2026-01-31,IN,"Horror, Drama",6.0,"Anahita, traumatised by the brutal disappearance of her mother, finds comfort in Shalini, her history teacher. On an unconventional school excursion to a mysterious prehistoric site, she confronts her terrifying destiny.",Bhargav Saikia,Harsh Vaibhav,Released,Hindi,,
271110,https://www.themoviedb.org/movie/271110-captain-america-civil-war,Captain America: Civil War,147.0,2016-04-27,KR,"Adventure, Action, Science Fiction",7.5,"Following the events of Age of Ultron, the collective governments of the world pass an act designed to regulate all superhuman activity. This polarizes opinion amongst the Avengers, causing two factions to side with Iron Man or Captain America, which causes an epic battle between former allies.","Joe Russo, Anthony Russo","Stephen McFeely, Christopher Markus",Released,English,250000000.0,1155046416.0
950387,https://www.themoviedb.org/movie/950387-a-minecraft-movie,A Minecraft Movie,101.0,2025-04-26,KR,"Family, Fantasy, Comedy, Adventure",6.3,"Four misfits find themselves struggling with ordinary problems when they are suddenly pulled through a mysterious portal into the Overworld: a bizarre, cubic wonderland that thrives on imagination. To get back home, they'll have to master this world while embarking on a magical quest with an unexpected, expert crafter, Steve.",Jared Hess,"Hubbel Palmer, Chris Bowman, Chris Galletta, Gavin James, Neil Widener",Released,English,150000000.0,960387780.0
1288341,https://www.themoviedb.org/movie/1288341-seven-snipers,Seven Snipers,87.0,2026-04-30,AU,"Action, Thriller",6.1,"When a former elite sniper is hunted down by the ruthless warlord who once held her captive, she must fight to the death to protect the daughter she has raised in hiding, on a remote Australian farm.",Sandra Sciberras,Andrew O'Keefe,Released,English,,
1726,https://www.themoviedb.org/movie/1726-iron-man,Iron Man,126.0,2008-04-30,KR,"Action, Science Fiction, Adventure",7.7,"After being held captive in an Afghan cave, billionaire engineer Tony Stark creates a unique weaponized suit of armor to fight evil.",Jon Favreau,"Hawk Ostby, Art Marcum, Mark Fergus, Matt Holloway",Released,English,140000000.0,585174222.0
26466,https://www.themoviedb.org/movie/26466-triangle,Triangle,99.0,2009-11-19,KR,Horror,6.9,"When Jess sets sail on a yacht with a group of friends, she cannot shake the feeling that there is something wrong.",Christopher Smith,Christopher Smith,Released,English,12000000.0,1594955.0
1432631,https://www.themoviedb.org/movie/1432631,Idhayam Murali,164.0,2026-07-10,IN,"Romance, Comedy, Drama",7.7,"A young man navigates the complexities of unrequited love, finding that even as years pass and life takes unexpected turns, certain emotions remain deeply embedded in his heart.",Aakash Baskaran,"Aakash Baskaran, Ramana Girivasan",Released,Tamil,,
12445,https://www.themoviedb.org/movie/12445-harry-potter-and-the-deathly-hallows-part-2,Harry Potter and the Deathly Hallows: Part 2,130.0,2011-07-13,KR,"Adventure, Fantasy",8.1,"Harry, Ron and Hermione continue their quest to vanquish the evil Voldemort once and for all. Just as things begin to look hopeless for the young wizards, Harry discovers a trio of magical objects that endow him with powers to rival Voldemort's formidable skills.",David Yates,"J.K. Rowling, Steve Kloves",Released,English,125000000.0,1341511219.0
1330021,https://www.themoviedb.org/movie/1330021-remarkably-bright-creatures,Remarkably Bright Creatures,114.0,2026-05-08,KR,"Drama, Mystery",8.5,"Through unlikely bonds formed during night shifts at a local aquarium, Tova, an elderly widow, learns of a life-changing discovery that may bring her joy and wonder once again.",Olivia Newman,"Olivia Newman, John Whittington",Released,English,,
1632181,https://www.themoviedb.org/movie/1632181-socias-por-accidente,Accidental Partners,110.0,2026-03-12,MX,"Comedy, Romance",9.0,Two women discover they were both scammed by the same man (who also got them pregnant). They form an alliance to take revenge.,Ihtzi Hurtado,"Ihtzi Hurtado, Paulina Barros, Mariana Palos, Carmen Castro, Carlos Tobías Gambia, Miguel García Moreno",Released,Spanish; Castilian,,
12444,https://www.themoviedb.org/movie/12444-harry-potter-and-the-deathly-hallows-part-1,Harry Potter and the Deathly Hallows: Part 1,146.0,2010-12-15,KR,"Adventure, Fantasy",7.7,"Harry, Ron and Hermione walk away from their last year at Hogwarts to find and destroy the remaining Horcruxes, putting an end to Voldemort's bid for immortality. But with Harry's beloved Dumbledore dead and Voldemort's unscrupulous Death Eaters on the loose, the world is more dangerous than ever.",David Yates,"J.K. Rowling, Steve Kloves",Released,English,250000000.0,954305868.0
102382,https://www.themoviedb.org/movie/102382-the-amazing-spider-man-2,The Amazing Spider-Man 2,141.0,2014-04-23,KR,"Action, Adventure, Science Fiction",6.5,"For Peter Parker, life is busy. Between taking out the bad guys as Spider-Man and spending time with the person he loves, Gwen Stacy, high school graduation cannot come quickly enough. Peter has not forgotten about the promise he made to Gwen’s father to protect her by staying away, but that is a promise he cannot keep. Things will change for Peter when a new villain, Electro, emerges, an old friend, Harry Osborn, returns, and Peter uncovers new clues about his past.",Marc Webb,"Jeff Pinkner, Roberto Orci, Alex Kurtzman",Released,English,200000000.0,716934779.0
672,https://www.themoviedb.org/movie/672-harry-potter-and-the-chamber-of-secrets,Harry Potter and the Chamber of Secrets,161.0,2002-12-13,KR,"Adventure, Fantasy",7.7,"Cars fly, trees fight back, and a mysterious house-elf comes to warn Harry Potter at the start of his second year at Hogwarts. Adventure and danger await when bloody writing on a wall announces: The Chamber Of Secrets Has Been Opened. To save Hogwarts will require all of Harry, Ron and Hermione's magical abilities and courage.",Chris Columbus,"J.K. Rowling, Steve Kloves",Released,English,100000000.0,876688482.0
129,https://www.themoviedb.org/movie/129,Spirited Away,125.0,2002-06-28,KR,"Animation, Family, Fantasy",8.5,"A young girl, Chihiro, becomes trapped in a strange new world of spirits. When her parents undergo a mysterious transformation, she must call upon the courage she never knew she had to free her family.",Hayao Miyazaki,Hayao Miyazaki,Released,Japanese,19000000.0,274925095.0
1087192,https://www.themoviedb.org/movie/1087192-how-to-train-your-dragon,How to Train Your Dragon,125.0,2025-06-06,KR,"Fantasy, Family, Action, Adventure",7.9,"On the rugged isle of Berk, where Vikings and dragons have been bitter enemies for generations, Hiccup stands apart, defying centuries of tradition when he befriends Toothless, a feared Night Fury dragon. Their unlikely bond reveals the true nature of dragons, challenging the very foundations of Viking society.",Dean DeBlois,Dean DeBlois,Released,English,150000000.0,636351148.0
1620682,https://www.themoviedb.org/movie/1620682,Love in Slow Motion,93.0,2026-07-27,KW,"Romance, Comedy",4.4,"When Haya's best friend Jawad gets engaged, her chronically-single world unravels — because who knew true love could be hiding in the friend zone?",Elie El Semaan,Eiad Saleh,Released,Arabic,,
1022789,https://www.themoviedb.org/movie/1022789-inside-out-2,Inside Out 2,97.0,2024-06-12,KR,"Animation, Adventure, Comedy, Family",7.5,"Teenager Riley's mind headquarters is undergoing a sudden demolition to make room for something entirely unexpected: new Emotions! Joy, Sadness, Anger, Fear and Disgust, who’ve long been running a successful operation by all accounts, aren’t sure how to feel when Anxiety shows up. And it looks like she’s not alone.",Kelsey Mann,"Meg LeFauve, Dave Holstein",Released,English,200000000.0,1698863816.0
77338,https://www.themoviedb.org/movie/77338-intouchables,The Intouchables,113.0,2012-03-22,KR,"Drama, Comedy",8.3,A true story of two men who should never have met – a quadriplegic aristocrat who was injured in a paragliding accident and a young man from the projects.,"Éric Toledano, Olivier Nakache","Éric Toledano, Olivier Nakache, Philippe Pozzo di Borgo",Released,French,13000000.0,426590315.0
99861,https://www.themoviedb.org/movie/99861-avengers-age-of-ultron,Avengers: Age of Ultron,141.0,2015-04-23,KR,"Action, Adventure, Science Fiction",7.3,"When Tony Stark tries to jumpstart a dormant peacekeeping program, things go awry and Earth’s Mightiest Heroes are put to the ultimate test as the fate of the planet hangs in the balance. As the villainous Ultron emerges, it is up to The Avengers to stop him from enacting his terrible plans, and soon uneasy alliances and unexpected action pave the way for an epic and unique global adventure.",Joss Whedon,Joss Whedon,Released,English,235000000.0,1405403694.0
975511,https://www.themoviedb.org/movie/975511-the-return,The Return,116.0,2025-06-18,FR,"History, Drama, Adventure",6.5,"After twenty years away, Odysseus washes up on the shores of Ithaca, haggard and unrecognizable. The king has finally returned home, but much has changed in his kingdom since he left to fight in the Trojan war.",Uberto Pasolini,"Uberto Pasolini, Edward Bond, John Collee",Released,English,20000000.0,3300444.0
641284,https://www.themoviedb.org/movie/641284-excitation-au-soleil,Carnal Excitation,87.0,1978-03-22,FR,,4.0,"A couple prepares to welcome a friend and his new fiancée, but when an unexpected guest arrives ahead of them, a case of mistaken identity sets everything in motion. As assumptions blur and boundaries loosen, the household quickly slips into a web of flirtation, confusion, and shifting dynamics. When the real fiancée finally appears, nothing is quite as it seems.. and the evening takes a series of surprising turns.",Michel Lemoine,,Released,French,,
76341,https://www.themoviedb.org/movie/76341-mad-max-fury-road,Mad Max: Fury Road,121.0,2015-05-14,KR,"Action, Adventure, Science Fiction",7.6,"An apocalyptic story set in the furthest reaches of our planet, in a stark desert landscape where humanity is broken, and most everyone is crazed fighting for the necessities of life. Within this world exist two rebels on the run who just might be able to restore order.",George Miller,"George Miller, Nico Lathouris, Brendan McCarthy",Released,English,150000000.0,378858340.0
943315,https://www.themoviedb.org/movie/943315,Taste of shellfish,,2021-11-21,US,,4.0,"Myung-soo, who opened a new karaoke room. She promotes the store by giving rice cakes to her local aunts.  In order to take over the strong-looking Myeongsu, the pretty neighborhood ladies start a meat attack. Myung-soo inherits her stamina and leaves the shop to her junior Yoon-il, and Yoon-il is happy at first at the attack of her aunts...",,,Released,Korean,,
101,https://www.themoviedb.org/movie/101-leon,Léon: The Professional,111.0,1995-02-18,KR,"Crime, Drama, Action",8.3,"Léon, the top hit man in New York, has earned a rep as an effective ""cleaner"". But when his next-door neighbors are wiped out by a loose-cannon DEA agent, he becomes the unwilling custodian of 12-year-old Mathilda. Before long, Mathilda's thoughts turn to revenge, and she considers following in Léon's footsteps.",Luc Besson,Luc Besson,Released,French,16000000.0,20330788.0
240,https://www.themoviedb.org/movie/240-the-godfather-part-ii,The Godfather Part II,202.0,1978-04-20,KR,"Drama, Crime",8.6,"In the continuing saga of the Corleone crime family, a young Vito Corleone grows up in Sicily and in 1910s New York. In the 1950s, Michael Corleone attempts to expand the family business into Las Vegas, Hollywood and Cuba.",Francis Ford Coppola,"Francis Ford Coppola, Mario Puzo",Released,English,13000000.0,102600000.0
950396,https://www.themoviedb.org/movie/950396-the-gorge,The Gorge,128.0,2025-02-14,KR,"Romance, Science Fiction, Thriller",7.7,"Two highly trained operatives grow close from a distance after being sent to guard opposite sides of a mysterious gorge. When an evil below emerges, they must work together to survive what lies within.",Scott Derrickson,Zach Dean,Released,English,70000000.0,
933260,https://www.themoviedb.org/movie/933260-the-substance,The Substance,141.0,2024-12-11,KR,"Horror, Science Fiction, Thriller",7.1,"A fading celebrity decides to use a black market drug, a cell-replicating substance that temporarily creates a younger, better version of herself.",Coralie Fargeat,Coralie Fargeat,Released,English,17500000.0,77316812.0
122917,https://www.themoviedb.org/movie/122917-the-hobbit-the-battle-of-the-five-armies,The Hobbit: The Battle of the Five Armies,144.0,2014-12-17,KR,"Action, Adventure, Fantasy",7.3,"Following Smaug's attack on Laketown, Bilbo and the dwarves try to defend Erebor's mountain of treasure from others who claim it: the men of the ruined Laketown and the elves of Mirkwood. Meanwhile an army of Orcs led by Azog the Defiler is marching on Erebor, fueled by the rise of the dark lord Sauron. Dwarves, elves and men must unite, and the hope for Middle-Earth falls into Bilbo's hands.",Peter Jackson,"Peter Jackson, J. R. R. Tolkien, Guillermo del Toro, Fran Walsh, Philippa Boyens",Released,English,250000000.0,956019788.0
1309083,https://www.themoviedb.org/movie/1309083-dolly,Dolly,83.0,2026-07-09,KR,Horror,5.9,"Young Macy is abducted by a deranged, monstrous figure who wants to raise her as its child.",Rod Blackhurst,"Rod Blackhurst, Brandon Weavil",Released,English,,1062322.0
1725116,https://www.themoviedb.org/movie/1725116-simpsley,Simpsley,24.0,2026-07-03,KR,"Animation, Comedy, Crime",7.9,"When penniless con-artist Marge Bouvier is sent to Italy to convince wealthy sap Seymour Skinner to come home, she’s tempted by the trappings of his affluent lifestyle. But there’s a big fat fly in the ointment: Skinner’s clingy, dim-witted mooch of a houseguest, Homer Simpsley. Lies, lust and Italian lira are abound.",Debbie Bruce Mahan,Cesar Mazariegos,Released,English,,
674,https://www.themoviedb.org/movie/674-harry-potter-and-the-goblet-of-fire,Harry Potter and the Goblet of Fire,157.0,2005-12-01,KR,"Adventure, Fantasy",7.8,"When his name emerges from the Goblet of Fire, Harry Potter becomes a competitor in a grueling battle for glory among three wizarding schools. Signs of Voldemort's return emerge as Harry's friends help him prepare for the Triwizard Tournament.",Mike Newell,"J.K. Rowling, Steve Kloves",Released,English,150000000.0,895921036.0
1613798,https://www.themoviedb.org/movie/1613798-venganza,Vengeance,103.0,2026-04-17,US,"Action, Thriller",7.6,"The brutal murder of the wife of “Toro,” a military hero in the special forces, turns him into a man with a single purpose: revenge. After a stroke of fate makes him a millionaire, Carlos transforms his fortune into an arsenal and, together with his closest soldiers, sets out to hunt down those responsible.",Rodrigo Valdes,Daniel Krauze,Released,Spanish; Castilian,,
1363387,https://www.themoviedb.org/movie/1363387-saccharine,Saccharine,113.0,2026-07-05,KR,Horror,6.7,"After succumbing to an obscure weight-loss craze involving the eating of human ashes, lovelorn medical student Hana finds herself haunted by the ghost of the person she's eating.",Natalie Erika James,Natalie Erika James,Released,English,,
414906,https://www.themoviedb.org/movie/414906-the-batman,The Batman,177.0,2022-03-01,KR,"Crime, Mystery, Thriller",7.7,"In his second year of fighting crime, Batman uncovers corruption in Gotham City that connects to his own family while facing a serial killer known as the Riddler.",Matt Reeves,"Matt Reeves, Peter Craig",Released,English,185000000.0,772775278.0
1318413,https://www.themoviedb.org/movie/1318413-pressure,Pressure,101.0,2026-09-09,GB,"Thriller, History, War",7.7,"In the tense 72 hours before D-Day, and the fate of the free world hanging in the balance, General Dwight D. Eisenhower and Captain James Stagg face an impossible choice—launch the largest and most dangerous seaborne invasion in history or risk losing the war altogether.",Anthony Maras,"Anthony Maras, David Haig",Released,English,30000000.0,18338606.0
453395,https://www.themoviedb.org/movie/453395-doctor-strange-in-the-multiverse-of-madness,Doctor Strange in the Multiverse of Madness,126.0,2022-05-04,KR,"Fantasy, Action, Adventure",7.2,"Doctor Strange, with the help of mystical allies both old and new, traverses the mind-bending and dangerous alternate realities of the Multiverse to confront a mysterious new adversary.",Sam Raimi,Michael Waldron,Released,English,295400000.0,955775804.0
1451078,https://www.themoviedb.org/movie/1451078,Raakaasa,130.0,2026-05-01,KR,"Fantasy, Comedy",6.5,"Returning home after a decade, an NRI chasing romance inadvertently awakens an ancient darkness long feared by his village. As the threat intensifies, love turns deadly and life hangs in the balance.",Manasa Sharma,Manasa Sharma,Released,Telugu,,
244786,https://www.themoviedb.org/movie/244786-whiplash,Whiplash,107.0,2015-03-12,KR,"Drama, Music, Thriller",8.4,"Under the direction of a ruthless instructor, a talented young drummer begins to pursue perfection at any cost, even his humanity.",Damien Chazelle,Damien Chazelle,Released,English,3300000.0,50307484.0
1397385,https://www.themoviedb.org/movie/1397385-little-brother,Little Brother,101.0,2026-06-26,KR,Comedy,6.4,"A tightly wound realtor's picture-perfect life gets an extreme makeover when his lovably chaotic ""little brother"" suddenly reappears.",Matt Spicer,"Jarrad Paul, Andrew Mogel",Released,English,,
673,https://www.themoviedb.org/movie/673-harry-potter-and-the-prisoner-of-azkaban,Harry Potter and the Prisoner of Azkaban,141.0,2004-07-16,KR,"Adventure, Fantasy",8.0,Harry Potter's life is in danger once more as dangerous wizard Sirius Black has escaped from Azkaban Prison and is heading to Hogwarts.,Alfonso Cuarón,"J.K. Rowling, Steve Kloves",Released,English,130000000.0,789804554.0
354912,https://www.themoviedb.org/movie/354912-coco,Coco,105.0,2018-01-11,KR,"Family, Animation, Music, Adventure",8.2,"Despite his family’s baffling generations-old ban on music, Miguel dreams of becoming an accomplished musician like his idol, Ernesto de la Cruz. Desperate to prove his talent, Miguel finds himself in the stunning and colorful Land of the Dead following a mysterious chain of events. Along the way, he meets charming trickster Hector, and together, they set off on an extraordinary journey to unlock the real story behind Miguel's family history.",Lee Unkrich,"Matthew Aldrich, Adrian Molina",Released,English,175000000.0,814641172.0
1156594,https://www.themoviedb.org/movie/1156594-culpa-nuestra,Our Fault,110.0,2025-10-16,ES,"Romance, Drama",7.4,"Jenna and Lion's wedding brings about the long-awaited reunion between Noah and Nick after their breakup. Nick's inability to forgive Noah stands as an insurmountable barrier. He, heir to his grandfather's businesses, and she, starting her professional life, resist fueling a flame that's still alive. But now that their paths have crossed again, will love be stronger than resentment?",Domingo González,"Domingo González, Mercedes Ron, Sofía Cuenca",Released,Spanish; Castilian,,
49026,https://www.themoviedb.org/movie/49026-the-dark-knight-rises,The Dark Knight Rises,165.0,2012-07-19,KR,"Action, Crime, Drama, Thriller",7.8,"Following the death of District Attorney Harvey Dent, Batman assumes responsibility for Dent's crimes to protect the late attorney's reputation and is subsequently hunted by the Gotham City Police Department. Eight years later, Batman encounters the mysterious Selina Kyle and the villainous Bane, a new terrorist leader who overwhelms Gotham's finest. The Dark Knight resurfaces to protect a city that has branded him an enemy.",Christopher Nolan,"Christopher Nolan, Jonathan Nolan",Released,English,250000000.0,1081041287.0
1442396,https://www.themoviedb.org/movie/1442396,Nagabandham: The Secret Treasure,196.0,2026-07-03,IN,"Drama, Fantasy, Action",2.7,"A chosen warrior protects a mystical, serpent-bound Himalayan temple from those seeking to steal the power of the Brahma Kamalam, a divine relic.",Abhishek Nama,Abhishek Nama,Released,Telugu,,
1711175,https://www.themoviedb.org/movie/1711175-summerween,Summerween,87.0,2026-06-26,US,"Horror, Thriller",5.7,"A former circus clown escapes a mental institution on the tenth anniversary of his first kills. Now, as unsuspecting high schoolers throw a Summerween party at the clown’s abandoned mansion, a police officer and father to one of the party goers must rescue his daughter before the clown kills again.",Ryan Ebert,Ryan Ebert,Released,English,,
424,https://www.themoviedb.org/movie/424-schindler-s-list,Schindler's List,195.0,1994-03-05,KR,"Drama, History, War",8.6,The true story of how businessman Oskar Schindler saved over a thousand Jewish lives from the Nazis while they worked as slaves in his factory during World War II.,Steven Spielberg,"Thomas Keneally, Steven Zaillian",Released,English,22000000.0,321365567.0
1054867,https://www.themoviedb.org/movie/1054867-one-battle-after-another,One Battle After Another,162.0,2025-10-01,KR,"Thriller, Crime, Comedy",7.3,"Washed-up revolutionary Bob exists in a state of stoned paranoia, surviving off-grid with his spirited, self-reliant daughter, Willa. When his evil nemesis resurfaces after 16 years and she goes missing, the former radical scrambles to find her, father and daughter both battling the consequences of his past.",Paul Thomas Anderson,"Paul Thomas Anderson, Thomas Pynchon",Released,English,175000000.0,209377100.0
1029529,https://www.themoviedb.org/movie/1029529,Powerless King,95.0,1981-08-29,JP,,6.5,"Set in the neon heartbeat of Yokohama, this film ignites an outrageously erotic 17-hour odyssey of desire that unleashes from a lazy Sunday afternoon to a feverish Monday dawn. A sultry fertile female college student meets a band of insatiable young men, sparking a frenzy of scintillating passion that blurs every sexual boundary. Every moment throbs with wild, uninhibited lust—a dizzying climax of youthful ardor and raw, intense, unfettered ecstasy. This cinematic explosion catapults desire into an endless flight of erotic fantasy, transforming ordinary encounters into a delirious, sensual inferno.",Kenji Ishiguro,Chiaki Watanabe,Released,Japanese,,
105,https://www.themoviedb.org/movie/105-back-to-the-future,Back to the Future,116.0,1987-07-17,KR,"Adventure, Comedy, Science Fiction",8.3,"Eighties teenager Marty McFly is accidentally sent back in time to 1955, inadvertently disrupting his parents' first meeting and attracting his mother's romantic interest. Marty must repair the damage to history by rekindling his parents' romance and - with the help of his eccentric inventor friend Doc Brown - return to 1985.",Robert Zemeckis,"Robert Zemeckis, Bob Gale",Released,English,19000000.0,381109762.0
2062,https://www.themoviedb.org/movie/2062-ratatouille,Ratatouille,111.0,2007-07-25,KR,"Animation, Comedy, Family, Fantasy",7.8,"Remy, a rat, possesses a palate far more refined than that of his fellow comrades. He aspires to become a chef, one who creates rather than scavenges. When fate leads him beneath one of Paris's finest restaurants, he forms an unusual alliance with a young kitchen worker to pursue his culinary ambitions. As his double life unfolds, Remy must navigate the suspicions of the calculating Head Chef Skinner, the disapproval of Remy’s own colony, and the foreboding presence of renowned food critic Anton Ego, whose judgment can make or break a chef's legacy.",Brad Bird,Brad Bird,Released,English,150000000.0,623726000.0
8587,https://www.themoviedb.org/movie/8587-the-lion-king,The Lion King,89.0,1994-07-02,KR,"Animation, Family, Drama",8.3,"Young lion prince Simba, eager to one day become king of the Pride Lands, grows up under the watchful eye of his father Mufasa; all the while his villainous uncle Scar conspires to take the throne for himself. Amid betrayal and tragedy, Simba must confront his past and find his rightful place in the Circle of Life.","Rob Minkoff, Roger Allers","Jonathan Roberts, Irene Mecchi, Linda Woolverton",Released,English,45000000.0,763455561.0
693134,https://www.themoviedb.org/movie/693134-dune-part-two,Dune: Part Two,167.0,2024-02-28,KR,"Science Fiction, Adventure",8.1,"Follow the mythic journey of Paul Atreides as he unites with Chani and the Fremen while on a path of revenge against the conspirators who destroyed his family. Facing a choice between the love of his life and the fate of the known universe, Paul endeavors to prevent a terrible future only he can foresee.",Denis Villeneuve,"Denis Villeneuve, Frank Herbert, Jon Spaihts",Released,English,190000000.0,714844358.0
575265,https://www.themoviedb.org/movie/575265-mission-impossible-the-final-reckoning,Mission: Impossible - The Final Reckoning,170.0,2025-05-17,KR,"Action, Thriller, Adventure",7.2,"Ethan Hunt and team continue their search for the terrifying AI known as the Entity — which has infiltrated intelligence networks all over the globe — with the world's governments and a mysterious ghost from Hunt's past on their trail. Joined by new allies and armed with the means to shut the Entity down for good, Hunt is in a race against time to prevent the world as we know it from changing forever.",Christopher McQuarrie,"Christopher McQuarrie, Erik Jendresen",Released,English,400000000.0,598767057.0
432279,https://www.themoviedb.org/movie/432279-melancoly-baby,Melancoly Baby,96.0,1979-08-29,FR,"Romance, Drama",6.3,"Olga is married to Laurent, who is devoted to his career and often leaves Olga at home alone when he travels away for work.  Whilst she is rich and wants for nothing, she is terribly bored with life.  When Laurent is working away she meets up with his colleague Pierre and through him meets Claude, who is unemployed and fed up of his situation.  Can Olga and Claude help each other to get their lives back on track?",Clarisse Gabus,"Clarisse Gabus, Daniel Jouanisson, André Puig",Released,French,,
585,https://www.themoviedb.org/movie/585-monsters-inc,"Monsters, Inc.",92.0,2001-12-21,KR,"Animation, Comedy, Family, Fantasy",7.9,"Lovable Sulley and his wisecracking sidekick Mike Wazowski are the top scare team at Monsters, Inc., the scream-processing factory in Monstropolis. When a little girl named Boo wanders into their world, it's the monsters who are scared silly, and it's up to Sulley and Mike to keep her out of sight and get her back home.",Pete Docter,"Andrew Stanton, Daniel Gerson",Released,English,115000000.0,579700000.0
1440050,https://www.themoviedb.org/movie/1440050-the-breadwinner,The Breadwinner,100.0,2026-05-29,US,"Comedy, Family",7.5,After his wife Katie lands a once-in-a-lifetime deal on Shark Tank that takes her on a prolonged business trip - lifelong breadwinner Nate Wilcox now has to fend for his family as a first-time stay-at-home dad.,Eric Appel,"Dan Lagana, Nate Bargatze",Released,English,25000000.0,20247080.0
68726,https://www.themoviedb.org/movie/68726-pacific-rim,Pacific Rim,131.0,2013-07-11,KR,"Action, Science Fiction, Adventure",6.9,"Using massive piloted robots to combat the alien threat, earth's survivors take the fight to the invading alien force lurking in the depths of the Pacific Ocean. Nearly defenseless in the face of the relentless enemy, the forces of mankind have no choice but to turn to two unlikely heroes who now stand as earth's final hope against the mounting apocalypse.",Guillermo del Toro,"Guillermo del Toro, Travis Beacham",Released,English,180000000.0,411000000.0
301528,https://www.themoviedb.org/movie/301528-toy-story-4,Toy Story 4,100.0,2019-06-20,KR,"Family, Comedy, Animation, Adventure",7.5,"Woody has always been confident about his place in the world, devoted to taking care of his kid—whether that's Andy or Bonnie. But after Bonnie creates a reluctant new toy called ""Forky"", a road trip adventure alongside old and new friends challenges everything Woody believes about loyalty, purpose, and what it truly means to be a toy.",Josh Cooley,"Andrew Stanton, Stephany Folsom",Released,English,175000000.0,1073841394.0
1057265,https://www.themoviedb.org/movie/1057265,Peddi,189.0,2026-07-09,KR,"Action, Drama",5.9,"In a village that doesn't officially exist, a laborer's unmatched athletic talent becomes his weapon to fight for his people's right to be recognized.",Buchi Babu Sana,Buchi Babu Sana,Released,Telugu,36500000.0,35700000.0
1141970,https://www.themoviedb.org/movie/1141970,Morte Cucina,96.0,2025-11-12,TW,"Thriller, Drama",3.8,"Sao, a talented cook, accidentally meets the man who took advantage of her in the past. She sets her revenge plan in motion using her cooking skill to achieve a rather unexpected result.",Pen-Ek Ratanaruang,"Pen-Ek Ratanaruang, Kongdej Jaturanrasmee",Released,Thai,,
807,https://www.themoviedb.org/movie/807-se7en,Se7en,127.0,1995-11-11,KR,"Crime, Mystery, Thriller",8.4,"Two homicide detectives are on a desperate hunt for a serial killer whose crimes are based on the ""seven deadly sins"" in this dark and haunting film that takes viewers from the tortured remains of one victim to the next. The seasoned Det. Somerset researches each sin in an effort to get inside the killer's mind, while his novice partner, Mills, scoffs at his efforts to unravel the case.",David Fincher,Andrew Kevin Walker,Released,English,33000000.0,327311859.0
1124,https://www.themoviedb.org/movie/1124-the-prestige,The Prestige,130.0,2006-11-02,KR,"Drama, Mystery, Science Fiction",8.2,"A mysterious story of two magicians whose intense rivalry leads them on a life-long battle for supremacy -- full of obsession, deceit and jealousy with dangerous and deadly consequences.",Christopher Nolan,"Christopher Nolan, Christopher Priest, Jonathan Nolan",Released,English,40000000.0,109676311.0
106646,https://www.themoviedb.org/movie/106646-the-wolf-of-wall-street,The Wolf of Wall Street,180.0,2014-01-09,KR,"Crime, Drama, Comedy",8.0,"A New York stockbroker refuses to cooperate in a large securities fraud case involving corruption on Wall Street, corporate banking world and mob infiltration. Based on Jordan Belfort's autobiography.",Martin Scorsese,Terence Winter,Released,English,100000000.0,407038432.0
863,https://www.themoviedb.org/movie/863-toy-story-2,Toy Story 2,92.0,1999-12-18,KR,"Animation, Comedy, Family",7.6,"Andy heads off to Cowboy Camp, leaving his toys to their own devices. Things shift into high gear when an obsessive toy collector named Al McWhiggen, owner of Al's Toy Barn kidnaps Woody. Andy's toys mount a daring rescue mission, Buzz Lightyear meets his match and Woody has to decide where he and his heart truly belong.",John Lasseter,"Andrew Stanton, Rita Hsiao, Chris Webb, Doug Chamberlin",Released,English,90000000.0,497375404.0
22,https://www.themoviedb.org/movie/22-pirates-of-the-caribbean-the-curse-of-the-black-pearl,Pirates of the Caribbean: The Curse of the Black Pearl,143.0,2003-09-10,KR,"Adventure, Fantasy, Action",7.8,"When wily pirate Captain Barbossa seizes Jack Sparrow’s beloved ship, the Black Pearl, and kidnaps the governor’s daughter, Elizabeth Swann, blacksmith Will Turner reluctantly teams up with the unpredictable pirate Jack to rescue her—only to uncover a terrifying curse that turns Barbossa’s crew into the undead.",Gore Verbinski,"Terry Rossio, Ted Elliott",Released,English,140000000.0,655011224.0
177572,https://www.themoviedb.org/movie/177572-big-hero-6,Big Hero 6,102.0,2015-01-21,KR,"Adventure, Family, Animation, Action, Comedy",7.7,"A special bond develops between plus-sized inflatable robot Baymax, and prodigy Hiro Hamada, who team up with a group of friends to form a band of high-tech heroes.","Don Hall, Chris Williams","Robert L. Baird, Daniel Gerson, Jordan Roberts",Released,English,165000000.0,657870525.0
11324,https://www.themoviedb.org/movie/11324-shutter-island,Shutter Island,138.0,2010-03-18,KR,"Drama, Thriller, Mystery",8.2,"World War II soldier-turned-U.S. Marshal Teddy Daniels investigates the disappearance of a patient from a hospital for the criminally insane, but his efforts are compromised by troubling visions and a mysterious doctor.",Martin Scorsese,"Dennis Lehane, Laeta Kalogridis",Released,English,80000000.0,294804195.0
335984,https://www.themoviedb.org/movie/335984-blade-runner-2049,Blade Runner 2049,164.0,2017-10-12,KR,"Science Fiction, Drama",7.6,"Thirty years after the events of the first film, a new blade runner, LAPD Officer K, unearths a long-buried secret that has the potential to plunge what's left of society into chaos. K's discovery leads him on a quest to find Rick Deckard, a former LAPD blade runner who has been missing for 30 years.",Denis Villeneuve,"Hampton Fancher, Michael Green",Released,English,150000000.0,259239658.0
76768,https://www.themoviedb.org/movie/76768-il-diavolo-nella-carne,The Devil In The Flesh,84.0,1991-06-11,IT,"Thriller, Drama, Romance",2.8,"Dough-crazed mercenaries Sammy and Klaus are on a mission to escort the seriously ill prime minister of a South American country that has just been taken over by the rebels to his buddies over the border. Chased by the rebels, and with the politician's health rapidly deteriorating, they stumble onto an infirmary staffed by a quartet of nurses and take them hostage, forcing them to cure the prime minister, and fast. After an initial rape, romantic feelings begin to emerge as Helga has it off with Klaus, Katrin with Sammy, and Sophie with Hellen...until a squadron of rebels drops in.",Joe D'Amato,Steve Morelli,Released,English,,
1306368,https://www.themoviedb.org/movie/1306368-the-rip,The Rip,113.0,2026-01-16,KR,"Action, Thriller, Crime",7.1,"Trust frays when a team of Miami cops discovers millions in cash inside a run-down stash house, calling everyone — and everything — into question.",Joe Carnahan,Joe Carnahan,Released,English,100000000.0,
1078605,https://www.themoviedb.org/movie/1078605-weapons,Weapons,129.0,2025-10-15,KR,"Horror, Mystery",7.3,"When all but one child from the same class mysteriously vanish on the same night at exactly the same time, a community is left questioning who or what is behind their disappearance.",Zach Cregger,Zach Cregger,Released,English,38000000.0,269972492.0
489,https://www.themoviedb.org/movie/489-good-will-hunting,Good Will Hunting,127.0,1998-03-21,KR,Drama,8.2,"Will Hunting is a headstrong, working-class genius who is failing the lessons of life. After one too many run-ins with the law, Will's last chance is a psychology professor, who might be the only man who can reach him.",Gus Van Sant,"Matt Damon, Ben Affleck",Released,English,10000000.0,225933435.0
502356,https://www.themoviedb.org/movie/502356-the-super-mario-bros-movie,The Super Mario Bros. Movie,93.0,2023-04-26,KR,"Family, Comedy, Adventure, Fantasy, Animation",7.6,"While working underground to fix a water main, Brooklyn plumbers—and brothers—Mario and Luigi are transported down a mysterious pipe and wander into a magical new world. But when the brothers are separated, Mario embarks on an epic quest to find Luigi.","Michael Jelenic, Aaron Horvath",Matthew Fogel,Released,English,100000000.0,1360879735.0
767,https://www.themoviedb.org/movie/767-harry-potter-and-the-half-blood-prince,Harry Potter and the Half-Blood Prince,153.0,2009-07-15,KR,"Adventure, Fantasy",7.7,Dumbledore tries to prepare Harry for the final battle with Voldemort while Death Eaters wreak havoc in both Muggle and Wizard worlds.,David Yates,"J.K. Rowling, Steve Kloves",Released,English,250000000.0,933959197.0
475557,https://www.themoviedb.org/movie/475557-joker,Joker,122.0,2019-10-02,KR,"Crime, Thriller, Drama",8.1,"During the 1980s, a failed stand-up comedian is driven insane and turns to a life of crime and chaos in Gotham City while becoming an infamous psychopathic crime figure.",Todd Phillips,"Todd Phillips, Scott Silver",Released,English,55000000.0,1078958629.0
226674,https://www.themoviedb.org/movie/226674-l-adolescente,The Adolescent,90.0,1979-01-24,FR,Drama,4.7,"In the summer of 1939, 13-year-old Marie goes with her parents to visit her grandparents in a small town near Avignon. Marie discovers her femininity and falls for a young Jewish doctor, but he prefers Eva, Marie's mother.",Jeanne Moreau,"Jeanne Moreau, Henriette Jelinek",Released,French,,
744,https://www.themoviedb.org/movie/744-top-gun,Top Gun,110.0,1987-12-09,KR,"Action, Drama, Romance",7.1,"For Lieutenant Pete 'Maverick' Mitchell and his friend and co-pilot Nick 'Goose' Bradshaw, being accepted into an elite training school for fighter pilots is a dream come true. But a tragedy, as well as personal demons, will threaten Pete's dreams of becoming an ace pilot.",Tony Scott,"Jack Epps Jr., Jim Cash",Released,English,15000000.0,356830601.0
12153,https://www.themoviedb.org/movie/12153-white-chicks,White Chicks,109.0,2004-11-17,KR,"Comedy, Crime",7.0,"Two FBI agent brothers, Marcus and Kevin Copeland, accidentally foil a drug bust. To avoid being fired they accept a mission escorting a pair of socialites to the Hamptons--but when the girls are disfigured in a car accident, they refuse to go. Left without options, Marcus and Kevin decide to pose as the sisters, transforming themselves from black men into rich European-American women.",Keenen Ivory Wayans,"Keenen Ivory Wayans, Marlon Wayans, Shawn Wayans, Andrew McElfresh, Michael Anthony Snowden, Xavier Cook",Released,English,37000000.0,113100000.0
857,https://www.themoviedb.org/movie/857-saving-private-ryan,Saving Private Ryan,169.0,1998-09-12,KR,"War, Drama, History",8.2,"As U.S. troops storm the beaches of Normandy, three brothers lie dead on the battlefield, with a fourth trapped behind enemy lines. Ranger captain John Miller and seven men are tasked with penetrating German-held territory and bringing the boy home.",Steven Spielberg,Robert Rodat,Released,English,70000000.0,481840909.0
572802,https://www.themoviedb.org/movie/572802-aquaman-and-the-lost-kingdom,Aquaman and the Lost Kingdom,124.0,2023-12-20,KR,"Action, Adventure, Fantasy",6.5,"Black Manta seeks revenge on Aquaman for his father's death. Wielding the Black Trident's power, he becomes a formidable foe. To defend Atlantis, Arthur (Aquaman) forges an alliance with his imprisoned brother. They must protect the kingdom.",James Wan,David Leslie Johnson-McGoldrick,Released,English,205000000.0,440181226.0
10193,https://www.themoviedb.org/movie/10193-toy-story-3,Toy Story 3,103.0,2010-08-05,KR,"Animation, Family, Comedy",7.8,"Woody, Buzz, and the rest of Andy's toys haven't been played with in years. With Andy about to go to college, the gang find themselves accidentally left at a nefarious day care center. The toys must band together to escape and return home to Andy.",Lee Unkrich,Michael Arndt,Released,English,200000000.0,1067316101.0
559,https://www.themoviedb.org/movie/559-spider-man-3,Spider-Man 3,139.0,2007-05-01,KR,"Action, Adventure, Science Fiction",6.5,"The seemingly invincible Spider-Man goes up against an all-new crop of villains—including the shape-shifting Sandman. While Spider-Man’s superpowers are altered by an alien organism, his alter ego, Peter Parker, deals with nemesis Eddie Brock and also gets caught up in a love triangle.",Sam Raimi,"Sam Raimi, Ivan Raimi, Alvin Sargent",Released,English,258000000.0,894983373.0
1218925,https://www.themoviedb.org/movie/1218925,Chainsaw Man - The Movie: Reze Arc,100.0,2025-09-24,KR,"Animation, Action, Romance, Fantasy",8.5,"In a brutal war between devils, hunters, and secret enemies, a mysterious girl named Reze has stepped into Denji's world, and he faces his deadliest battle yet, fueled by love in a world where survival knows no rules.",Tatsuya Yoshihara,Hiroshi Seko,Released,Japanese,4100000.0,191400000.0
1168190,https://www.themoviedb.org/movie/1168190-the-wrecking-crew,The Wrecking Crew,125.0,2026-01-28,US,"Action, Comedy, Crime, Mystery",7.1,"Estranged half-brothers Jonny and James reunite after their father's mysterious death. As they search for the truth, buried secrets reveal a conspiracy threatening to tear their family apart.",Ángel Manuel Soto,Jonathan Tropper,Released,English,78500000.0,89000000.0
798645,https://www.themoviedb.org/movie/798645-the-running-man,The Running Man,133.0,2025-12-10,KR,"Action, Thriller, Science Fiction",6.8,"Desperate to save his sick daughter, working-class Ben Richards is convinced by The Running Man's charming but ruthless producer to enter the deadly competition game as a last resort. But Ben's defiance, instincts, and grit turn him into an unexpected fan favorite — and a threat to the entire system. As ratings skyrocket, so does the danger, and Ben must outwit not just the Hunters, but a nation addicted to watching him fall.",Edgar Wright,"Edgar Wright, Stephen King, Michael Bacall",Released,English,110000000.0,69000000.0
552524,https://www.themoviedb.org/movie/552524-lilo-stitch,Lilo & Stitch,108.0,2025-05-21,KR,"Family, Science Fiction, Comedy",7.2,The wildly funny and touching story of a lonely Hawaiian girl and the fugitive alien who helps to mend her broken family.,Dean Fleischer Camp,"Mike Van Waes, Chris Kekaniokalani Bright",Released,English,100000000.0,1038027526.0
109428,https://www.themoviedb.org/movie/109428-evil-dead,Evil Dead,91.0,2013-06-27,KR,Horror,6.6,"Mia, a drug addict, is determined to kick the habit. To that end, she asks her brother, David, his girlfriend, Natalie and their friends Olivia and Eric to accompany her to their family's remote forest cabin to help her through withdrawal. Eric finds a mysterious Book of the Dead at the cabin and reads aloud from it, awakening an ancient demon. All hell breaks loose when the malevolent entity possesses Mia.",Fede Álvarez,"Fede Álvarez, Rodo Sayagues",Released,English,17000000.0,99010045.0
324786,https://www.themoviedb.org/movie/324786-hacksaw-ridge,Hacksaw Ridge,139.0,2017-02-22,KR,"Drama, History, War",8.2,"WWII American Army Medic Desmond T. Doss, who served during the Battle of Okinawa, refuses to kill people and becomes the first Conscientious Objector in American history to receive the Congressional Medal of Honor.",Mel Gibson,"Andrew Knight, Robert Schenkkan",Released,English,40000000.0,175302354.0
769,https://www.themoviedb.org/movie/769-goodfellas,GoodFellas,145.0,1991-02-14,KR,"Drama, Crime",8.5,"The true story of Henry Hill, a half-Irish, half-Sicilian Brooklyn kid who is adopted by neighbourhood gangsters at an early age and climbs the ranks of a Mafia family under the guidance of Jimmy Conway.",Martin Scorsese,"Martin Scorsese, Nicholas Pileggi",Released,English,25000000.0,47072327.0
675,https://www.themoviedb.org/movie/675-harry-potter-and-the-order-of-the-phoenix,Harry Potter and the Order of the Phoenix,138.0,2007-07-11,KR,"Adventure, Fantasy",7.7,"When a new professor's methods leave Hogwarts unprepared to fight the rising tide of evil, Harry teaches students how to defend against the dark arts.",David Yates,"J.K. Rowling, Michael Goldenberg",Released,English,150000000.0,938212738.0
1367220,https://www.themoviedb.org/movie/1367220,Karuppu,152.0,2026-05-15,IN,"Action, Fantasy",6.8,"In a world where justice falters, guardian deity Vettai Karuppu takes the guise of a lawyer to battle a corrupt legal system preying on the powerless.",RJ Balaji,"RJ Balaji, Ashwin Ravichandran, T. S. Gopi Krishnan, Rahul Raj, Karan Aravind Kumar",Released,Tamil,16000000.0,3345079.0
574475,https://www.themoviedb.org/movie/574475-final-destination-bloodlines,Final Destination Bloodlines,110.0,2025-05-14,KR,"Horror, Mystery",7.0,"Plagued by a violent recurring nightmare, college student Stefanie heads home to track down the one person who might be able to break the cycle and save her family from the grisly demise that inevitably awaits them all.","Zach Lipovsky, Adam Stein","Lori Evans Taylor, Guy Busick",Released,English,50000000.0,317854739.0
39254,https://www.themoviedb.org/movie/39254-real-steel,Real Steel,127.0,2011-10-12,KR,"Action, Science Fiction, Drama",7.1,"Charlie Kenton is a washed-up fighter who retired from the ring when robots took over the sport. After his robot is trashed, he reluctantly teams up with his estranged son to rebuild and train an unlikely contender.",Shawn Levy,John Gatins,Released,English,110000000.0,299300000.0
425274,https://www.themoviedb.org/movie/425274-now-you-see-me-now-you-don-t,Now You See Me: Now You Don't,112.0,2025-11-12,KR,"Crime, Thriller",6.5,"The original Four Horsemen reunite with a new generation of illusionists to take on powerful diamond heiress Veronika Vanderberg, who leads a criminal empire built on money laundering and trafficking. The new and old magicians must overcome their differences to work together on their most ambitious heist yet.",Ruben Fleischer,"Michael Lesslie, Paul Wernick, Rhett Reese, Seth Grahame-Smith",Released,English,90000000.0,243700000.0
1341041,https://www.themoviedb.org/movie/1341041,A Haunted Romance,88.0,1985-05-24,HK,Horror,10.0,Hong Kong horror movie from 1985.,Luk Ching,Luk Ching,Released,Cantonese,,
150540,https://www.themoviedb.org/movie/150540-inside-out,Inside Out,95.0,2015-07-09,KR,"Animation, Family, Adventure, Drama, Comedy",7.9,"When 11-year-old Riley moves to a new city, her Emotions team up to help her through the transition. Joy, Fear, Anger, Disgust and Sadness work together, but when Joy and Sadness get lost, they must journey through unfamiliar places to get back home.",Pete Docter,"Pete Docter, Meg LeFauve, Josh Cooley",Released,English,175000000.0,857611174.0
1062722,https://www.themoviedb.org/movie/1062722-frankenstein,Frankenstein,150.0,2025-10-22,KR,"Drama, Fantasy, Horror",7.6,"Dr. Victor Frankenstein, a brilliant but egotistical scientist, brings a creature to life in a monstrous experiment that ultimately leads to the undoing of both the creator and his tragic creation.",Guillermo del Toro,"Guillermo del Toro, Mary Shelley",Released,English,120000000.0,480678.0
218,https://www.themoviedb.org/movie/218-the-terminator,The Terminator,108.0,1984-12-22,KR,"Action, Thriller, Science Fiction",7.7,"In the post-apocalyptic future, reigning tyrannical supercomputers teleport a cyborg assassin known as the ""Terminator"" back to 1984 to kill Sarah Connor, whose unborn son is destined to lead insurgents against 21st century mechanical hegemony. Meanwhile, the human-resistance movement dispatches a lone warrior to safeguard Sarah. Can he stop the virtually indestructible killing machine?",James Cameron,"James Cameron, Gale Anne Hurd",Released,English,6400000.0,78371200.0
545611,https://www.themoviedb.org/movie/545611-everything-everywhere-all-at-once,Everything Everywhere All at Once,140.0,2022-10-12,KR,"Action, Adventure, Science Fiction",7.7,"An aging Chinese immigrant is swept up in an insane adventure, where she alone can save what's important to her by connecting with the lives she could have led in other universes.","Daniel Scheinert, Daniel Kwan","Daniel Scheinert, Daniel Kwan",Released,English,25000000.0,139200000.0
564,https://www.themoviedb.org/movie/564-the-mummy,The Mummy,124.0,1999-07-10,KR,"Adventure, Action, Fantasy",7.0,Dashing legionnaire Rick O'Connell stumbles upon the hidden ruins of Hamunaptra while in the midst of a battle to claim the area in 1920s Egypt. It has been over three thousand years since former High Priest Imhotep suffered a fate worse than death as a punishment for a forbidden love—along with a curse that guarantees eternal doom upon the world if he is ever awoken.,Stephen Sommers,Stephen Sommers,Released,English,80000000.0,415885488.0
284054,https://www.themoviedb.org/movie/284054-black-panther,Black Panther,135.0,2018-02-14,KR,"Action, Adventure, Science Fiction",7.4,"King T'Challa returns home to the reclusive, technologically advanced African nation of Wakanda to serve as his country's new leader. However, T'Challa soon finds that he is challenged for the throne by factions within his own country as well as without. Using powers reserved to Wakandan kings, T'Challa assumes the Black Panther mantle to join with ex-girlfriend Nakia, the queen-mother, his princess-kid sister, members of the Dora Milaje (the Wakandan 'special forces') and an American secret agent, to prevent Wakanda from being dragged into a world war.",Ryan Coogler,"Ryan Coogler, Joe Robert Cole",Released,English,200000000.0,1349926083.0
1266127,https://www.themoviedb.org/movie/1266127-ready-or-not-here-i-come,Ready or Not: Here I Come,108.0,2026-07-01,KR,"Thriller, Horror, Comedy",7.6,"Moments after surviving an all-out attack from the Le Domas family, Grace discovers she’s reached the next level of the nightmarish game — and this time with her estranged sister Faith at her side. Grace has one chance to survive, keep her sister alive, and claim the High Seat of the Council that controls the world. Four rival families are hunting her for the throne, and whoever wins rules it all.","Tyler Gillett, Matt Bettinelli-Olpin","Guy Busick, R. Christopher Murphy",Released,English,14000000.0,42212563.0
1292415,https://www.themoviedb.org/movie/1292415-beast,Beast,115.0,2026-04-10,US,"Action, Drama",6.3,"MMA legend Patton James, now a commercial fisherman, is pulled back into the cage when his brother is in danger. Reuniting with his old coach Sammy, he commits to one final fight in one championship against the brutal champion Xavier Grau.",Tyler Atkins,David Frigerio,Released,English,,
284053,https://www.themoviedb.org/movie/284053-thor-ragnarok,Thor: Ragnarok,131.0,2017-10-25,KR,"Action, Science Fiction, Comedy",7.6,"Thor is imprisoned on the other side of the universe and finds himself in a race against time to get back to Asgard to stop Ragnarok, the destruction of his home-world and the end of Asgardian civilization, at the hands of a powerful new threat, the ruthless Hela.",Taika Waititi,"Christopher L. Yost, Eric Pearson, Craig Kyle",Released,English,180000000.0,855301806.0
1716513,https://www.themoviedb.org/movie/1716513-extreme-makeover-homer-edition,Extreme Makeover: Homer Edition,48.0,2026-06-17,KR,"Animation, Comedy, Family",7.4,"Homer and Marge's fun couples' date night goes off the rails when Marge learns Homer left the kids unsupervised with only the doorbell camera as a babysitter. Frustrated with her imperfect husband, a tipsy Marge stirs up a trilogy of fantasies of a different Homer.","Matthew Nastuk, Timothy Bailey","Nick Dahan, Michael Price",Released,English,,
11036,https://www.themoviedb.org/movie/11036-the-notebook,The Notebook,123.0,2004-11-26,KR,"Romance, Drama",7.9,"An epic love story centered around an older man who reads aloud to a woman with Alzheimer's. From a faded notebook, the old man's words bring to life the story about a couple who is separated by World War II, and is then passionately reunited, seven years later, after they have taken different paths.",Nick Cassavetes,"Nicholas Sparks, Jan Sardi, Jeremy Leven",Released,English,29000000.0,115600000.0
1159559,https://www.themoviedb.org/movie/1159559-scream-7,Scream 7,114.0,2026-04-01,KR,"Horror, Mystery, Crime",6.2,"When a new Ghostface killer emerges in the quiet town where Sidney Prescott has built a new life, her darkest fears are realized as her daughter becomes the next target. Determined to protect her family, Sidney must face the horrors of her past to put an end to the bloodshed once and for all.",Kevin Williamson,"Kevin Williamson, Guy Busick",Released,English,45000000.0,207999405.0
1477317,https://www.themoviedb.org/movie/1477317-your-fault-london,Your Fault: London,123.0,2026-06-17,ES,"Romance, Drama",7.5,"Nick and Noah are both embarking on life-changing adventures that are threatening to pull them apart—Nick in business with his father and Noah starting a fresh chapter at Oxford University. Now living separate lives, and meeting new people, they find themselves entangled in temptations, rivalries, and betrayals and their bond is tested like never before. As secrets unravel and temptation rises, they must fight to hold onto each other—or risk losing everything.","Dani Girdwood, Charlotte Fassler",Mercedes Ron,Released,English,,
1038392,https://www.themoviedb.org/movie/1038392-the-conjuring-last-rites,The Conjuring: Last Rites,136.0,2025-09-03,KR,Horror,7.0,Paranormal investigators Ed and Lorraine Warren take on one last terrifying case involving mysterious entities they must confront.,Michael Chaves,"David Leslie Johnson-McGoldrick, Richard Naing, Ian B. Goldberg",Released,English,55000000.0,499256445.0
10138,https://www.themoviedb.org/movie/10138-iron-man-2,Iron Man 2,124.0,2010-04-29,KR,"Adventure, Action, Science Fiction",6.9,"With the world now aware of his dual life as the armored superhero Iron Man, billionaire inventor Tony Stark faces pressure from the government, the press and the public to share his technology with the military. Unwilling to let go of his invention, Stark, with Pepper Potts and James 'Rhodey' Rhodes at his side, must forge new alliances – and confront powerful enemies.",Jon Favreau,Justin Theroux,Released,English,200000000.0,623933331.0
12,https://www.themoviedb.org/movie/12-finding-nemo,Finding Nemo,100.0,2003-06-06,KR,"Animation, Family, Adventure",7.8,"Nemo, an adventurous young clownfish, is unexpectedly taken from his Great Barrier Reef home to a dentist's office aquarium. It's up to his worrisome father Marlin and a friendly but forgetful fish Dory to bring Nemo home -- meeting vegetarian sharks, surfer dude turtles, hypnotic jellyfish, hungry seagulls, and more along the way.",Andrew Stanton,"Andrew Stanton, David Reynolds, Bob Peterson",Released,English,94000000.0,940335536.0
939243,https://www.themoviedb.org/movie/939243-sonic-the-hedgehog-3,Sonic the Hedgehog 3,110.0,2025-01-01,KR,"Action, Science Fiction, Comedy, Family",7.6,"Sonic, Knuckles, and Tails reunite against a powerful new adversary, Shadow, a mysterious villain with powers unlike anything they have faced before. With their abilities outmatched in every way, Team Sonic must seek out an unlikely alliance in hopes of stopping Shadow and protecting the planet.",Jeff Fowler,"Pat Casey, Josh Miller, John Whittington",Released,English,122000000.0,492162604.0
269149,https://www.themoviedb.org/movie/269149-zootopia,Zootopia,109.0,2016-02-17,KR,"Animation, Adventure, Family, Comedy",7.8,"Determined to prove herself, Officer Judy Hopps, the first bunny on Zootopia's police force, jumps at the chance to crack her first case - even if it means partnering with scam-artist fox Nick Wilde to solve the mystery.","Rich Moore, Byron Howard","Phil Johnston, Jared Bush",Released,English,150000000.0,1025521689.0
808,https://www.themoviedb.org/movie/808-shrek,Shrek,90.0,2001-07-06,KR,"Animation, Comedy, Fantasy, Adventure, Family",7.8,"It ain't easy bein' green -- especially if you're a likable (albeit smelly) ogre named Shrek. On a mission to retrieve a gorgeous princess from the clutches of a fire-breathing dragon, Shrek teams up with an unlikely compatriot -- a wisecracking donkey.","Vicky Jenson, Andrew Adamson","Joe Stillman, Roger S.H. Schulman, Ted Elliott, Terry Rossio",Released,English,60000000.0,489676241.0
1489931,https://www.themoviedb.org/movie/1489931-suzzanna-santet-dosa-di-atas-dosa,Suzzanna: Witchcraft,135.0,2026-03-18,ID,"Drama, Horror, Fantasy, Thriller",7.2,"Suzzanna is determined to exact revenge on Bisman, the cruel village ruler who killed her father with black magic. To achieve this, she learns black magic, but realizes Bisman's power is immense. In the midst of her efforts, Suzzanna falls in love with Pramuja, a religious man who doesn't know her secret, forcing her to choose between pursuing her revenge or sacrificing him for love.",Azhar Kinoi Lubis,"Jujur Prananto, Ferry Lesmana, Sunil Soraya",Released,Indonesian,,
1101383,https://www.themoviedb.org/movie/1101383-the-end-of-oak-street,The End of Oak Street,100.0,2026-08-26,KR,"Science Fiction, Mystery, Thriller",0.0,"After a mysterious cosmic event rips Oak Street from suburbia and transports their neighborhood to someplace unknown, the Platt family soon discovers that their very survival depends on them sticking together as they navigate their now unrecognizable surroundings.",David Robert Mitchell,David Robert Mitchell,Post Production,English,85000000.0,
228150,https://www.themoviedb.org/movie/228150-fury,Fury,135.0,2014-11-20,KR,"War, Drama, Action",7.5,"April, 1945. As the Allies make their final push in the European Theatre, a battle-hardened army sergeant named Wardaddy commands a Sherman tank and her five-man crew on a deadly mission behind enemy lines. Outnumbered and outgunned, and with a rookie soldier thrust into their platoon, Wardaddy and his men face overwhelming odds in their heroic attempts to strike at the heart of Nazi Germany.",David Ayer,David Ayer,Released,English,68000000.0,211817906.0
959894,https://www.themoviedb.org/movie/959894,Pallichattambi,128.0,2026-04-15,IN,"Action, Drama",4.7,"Set in the politically turbulent late 1950s, Krishnan Pillai, a playful ruffian chosen by the Church to lead a defensive force, the Christopher Sena. His mission to resist the Communist government takes a detour when he experiences an ideological awakening and falls in love with a comrade, sparking an epic tale of rebellion against feudal power and oppression.",Dijo Jose Antony,Suresh Babu,Released,Malayalam,,
389,https://www.themoviedb.org/movie/389-12-angry-men,12 Angry Men,97.0,1957-04-10,US,Drama,8.6,"The defense and the prosecution have rested and the jury is filing into the jury room to decide if a young Spanish-American is guilty or innocent of murdering his father. What begins as an open and shut case soon becomes a mini-drama of each of the jurors' prejudices and preconceptions about the trial, the accused, and each other.",Sidney Lumet,Reginald Rose,Released,English,397751.0,4360000.0
1632812,https://www.themoviedb.org/movie/1632812-nada-entre-los-dos,Nothing Between Us,90.0,2026-05-21,AR,"Romance, Comedy",5.5,"Living in Mexico City, Guillermo and Mechi, in Buenos Aires, are separated by over 4,000 miles and their marriages, both having structured family lives. Working for the same multinational food manufacturer they meet by chance at a corporate offsite. The attraction between them proves immediate and irresistible. The sudden spark makes them face their own desires and changes them in deeper ways than they thought possible.",Juan Taratuto,"Juan Taratuto, Matías Scartascini",Released,Spanish; Castilian,,
181808,https://www.themoviedb.org/movie/181808-star-wars-the-last-jedi,Star Wars: The Last Jedi,152.0,2017-12-14,KR,"Adventure, Action, Science Fiction",6.7,"Rey develops her newly discovered abilities with the guidance of Luke Skywalker, who is unsettled by the strength of her powers. Meanwhile, the Resistance prepares to do battle with the First Order.",Rian Johnson,Rian Johnson,Released,English,300000000.0,1334407706.0
1058424,https://www.themoviedb.org/movie/1058424,Hope,157.0,2026-07-15,KR,"Science Fiction, Mystery, Action",7.9,"In the remote South Korean village of Hope Harbor, police chief Bum-seok and officer Sung-ae are called to investigate a mysterious creature wreaking havoc on the community. But all is not as it seems, and perceptions can be misleading. What begins as ignorance plants the seed of disaster, escalating through human conflict into a tragedy of cosmic proportions.",Na Hong-jin,Na Hong-jin,Released,Korean,40000000.0,
1633056,https://www.themoviedb.org/movie/1633056,All Wishes Come True!,144.0,2026-07-10,CN,"Comedy, Animation, Fantasy, Adventure",8.3,"Eight grassroot mortals use their street smarts and hilarious schemes to defy powerful gods, earning their title as the ""Eight Immortals.""",Mu Zhengyang,Mu Zhengyang,Released,Chinese,,
945961,https://www.themoviedb.org/movie/945961-alien-romulus,Alien: Romulus,119.0,2024-08-14,KR,"Horror, Science Fiction",7.2,"While scavenging the deep ends of a derelict space station, a group of young space colonizers come face to face with the most terrifying life form in the universe.",Fede Álvarez,"Fede Álvarez, Rodo Sayagues",Released,English,80000000.0,350865342.0
1242332,https://www.themoviedb.org/movie/1242332-normal,Normal,91.0,2026-04-17,KR,"Action, Crime, Thriller",7.1,"An unassuming substitute sheriff with a troubled past responds to a bank robbery in a small, sleepy town and unknowingly uncovers something far more explosive.",Ben Wheatley,Derek Kolstad,Released,English,10000000.0,6068324.0
1472951,https://www.themoviedb.org/movie/1472951-infiltrate,Infiltrate,93.0,2026-06-04,KR,"Action, Thriller",0.0,"In a city overrun by crime, government Agent Lily Chen is forced to choose between her duty and her family when her husband is kidnapped, and she’s blackmailed into assassinating high-level criminals to save him. As she delves deeper into the criminal underworld, Lily’s relentless pursuit of justice unravels a web of corruption, leading to a final, life-altering decision that will change her world forever.",James Mark,James Mark,Released,English,,
1100988,https://www.themoviedb.org/movie/1100988-28-years-later,28 Years Later,115.0,2025-06-19,KR,"Horror, Thriller, Science Fiction",6.6,"Twenty-eight years after the Rage virus outbreak, a heavily-defended island survives connected to the mainland by a single causeway. When one of the group leaves the island into the dark heart of the mainland, he discovers secrets, wonders, and horrors that have mutated not only the infected but other survivors as well.",Danny Boyle,Alex Garland,Released,English,60000000.0,151308832.0
216919,https://www.themoviedb.org/movie/216919-deseo,Deseo,97.0,2013-09-13,MX,Drama,6.5,"Eight short stories of seduction and illicit encounters between lovers, filled with humor and eroticism, which use a circular structure located in the cosmopolitan atmosphere of a colonial city of Mexico.",Antonio Zavala Kugler,"Antonio Zavala Kugler, Arthur Schnitzler",Released,Spanish; Castilian,,
87513,https://www.themoviedb.org/movie/87513-motor-city,Motor City,103.0,2026-07-24,US,"Action, Thriller, Crime",5.4,"In 1970s Detroit, John Miller falls for a local gangster's girl and lands in prison for a crime he didn't commit. With his life ruined, Miller plots revenge against the man who took his girl away.",Potsy Ponciroli,Chad St. John,Released,English,30000000.0,
980477,https://www.themoviedb.org/movie/980477,Ne Zha 2,144.0,2026-02-25,KR,"Animation, Action, Fantasy, Adventure",8.2,"After a catastrophic event leaves their bodies destroyed, Ne Zha and Ao Bing are granted a fragile second chance at life. As tensions rise between the dragon clans and celestial forces, the two must undergo a series of perilous trials that will test their bond, challenge their identities, and decide the fate of both mortals and immortals.",Jiao Zi,Jiao Zi,Released,Chinese,80000000.0,2259822417.0
1422,https://www.themoviedb.org/movie/1422-the-departed,The Departed,151.0,2006-11-23,KR,"Drama, Thriller, Crime",8.2,"To take down South Boston's Irish Mafia, the police send in one of their own to infiltrate the underworld, not realizing the syndicate has done likewise. While an undercover cop curries favor with the mob kingpin, a career criminal rises through the police ranks. But both sides soon discover there's a mole among them.",Martin Scorsese,William Monahan,Released,English,90000000.0,291465000.0
16869,https://www.themoviedb.org/movie/16869-inglourious-basterds,Inglourious Basterds,153.0,2009-10-28,KR,"Drama, Thriller, War",8.2,"In Nazi-occupied France during World War II, a group of Jewish-American soldiers known as ""The Basterds"" are chosen specifically to spread fear throughout the Third Reich by scalping and brutally killing Nazis. The Basterds, lead by Lt. Aldo Raine soon cross paths with a French-Jewish teenage girl who runs a movie theater in Paris which is targeted by the soldiers.",Quentin Tarantino,Quentin Tarantino,Released,English,70000000.0,321457747.0
77,https://www.themoviedb.org/movie/77-memento,Memento,113.0,2001-08-25,KR,"Mystery, Thriller",8.2,"Leonard Shelby is tracking down the man who raped and murdered his wife. The difficulty of locating his wife's killer, however, is compounded by the fact that he suffers from a rare, untreatable form of short-term memory loss. Although he can recall details of life before his accident, Leonard cannot remember what happened fifteen minutes ago, where he's going, or why.",Christopher Nolan,Christopher Nolan,Released,English,9000000.0,40060108.0
138843,https://www.themoviedb.org/movie/138843-the-conjuring,The Conjuring,112.0,2013-09-17,KR,"Horror, Thriller",7.5,"Paranormal investigators Ed and Lorraine Warren work to help a family terrorized by a dark presence in their farmhouse. Forced to confront a powerful entity, the Warrens find themselves caught in the most terrifying case of their lives.",James Wan,"Carey Hayes, Chad Hayes",Released,English,13000000.0,321293998.0
272,https://www.themoviedb.org/movie/272-batman-begins,Batman Begins,140.0,2005-06-24,KR,"Drama, Crime, Action",7.7,"Driven by tragedy, billionaire Bruce Wayne dedicates his life to uncovering and defeating the corruption that plagues his home, Gotham City.  Unable to work within the system, he instead creates a new identity, a symbol of fear for the criminal underworld - The Batman.",Christopher Nolan,"Christopher Nolan, David S. Goyer",Released,English,150000000.0,374218673.0
532794,https://www.themoviedb.org/movie/532794-17-17,Sex Plate 17,121.0,2017-11-13,KR,"Comedy, Drama, Romance",6.2,A woman who can make all of one man’s fantasies come true moves in next door .,Song Eun-joo,Lee Yoon-hyung,Released,Korean,,
280,https://www.themoviedb.org/movie/280-terminator-2-judgment-day,Terminator 2: Judgment Day,137.0,1991-07-06,KR,"Action, Thriller, Science Fiction",8.2,"Ten years after the events of the original, a reprogrammed T-800 is sent back in time to protect young John Connor from the shape-shifting T-1000. Together with his mother Sarah, he fights to stop Skynet from triggering a nuclear apocalypse.",James Cameron,"James Cameron, William Wisher",Released,English,102000000.0,517778573.0
283995,https://www.themoviedb.org/movie/283995-guardians-of-the-galaxy-vol-2,Guardians of the Galaxy Vol. 2,137.0,2017-05-02,KR,"Science Fiction, Adventure, Action",7.6,The Guardians must fight to keep their newfound family together as they unravel the mysteries of Peter Quill's true parentage.,James Gunn,James Gunn,Released,English,200000000.0,863756051.0
49013,https://www.themoviedb.org/movie/49013-cars-2,Cars 2,106.0,2011-07-20,KR,"Animation, Family, Adventure, Comedy",6.2,Star race car Lightning McQueen and his pal Mater head overseas to compete in the World Grand Prix race. But the road to the championship becomes rocky as Mater gets caught up in an intriguing adventure of his own: international espionage.,John Lasseter,Ben Queen,Released,English,200000000.0,559852396.0
198663,https://www.themoviedb.org/movie/198663-the-maze-runner,The Maze Runner,113.0,2014-09-18,KR,"Action, Mystery, Science Fiction, Thriller",7.2,"A teenager with no memory of his past finds himself among a group of boys living in a walled enclosure surrounded by a massive, ever-changing maze. As he struggles to adapt to their rules and society, he begins to uncover clues that may lead to escape and the truth behind their confinement.",Wes Ball,"James Dashner, T.S. Nowlin, Grant Pierce Myers, Noah Oppenheim",Released,English,34000000.0,348319861.0
372058,https://www.themoviedb.org/movie/372058,Your Name.,106.0,2017-01-04,KR,"Animation, Romance, Drama",8.5,"High schoolers Mitsuha and Taki are complete strangers living separate lives. But one night, they suddenly switch places. Mitsuha wakes up in Taki’s body, and he in hers. This bizarre occurrence continues to happen randomly, and the two must adjust their lives around each other.",Makoto Shinkai,Makoto Shinkai,Released,Japanese,7500000.0,405320132.0
952079,https://www.themoviedb.org/movie/952079-2,Invited Delivery Man 2,83.0,2022-03-11,KR,Romance,7.0,An erotic love film depicting a couple with sexual problems due to the muscular delivery man's erectile dysfunction and a female urologist.,Lee Sang-soo,,Released,Korean,,
1236153,https://www.themoviedb.org/movie/1236153-mercy,Mercy,100.0,2026-02-04,KR,"Science Fiction, Action, Thriller",7.1,"In the near future, a detective stands on trial accused of murdering his wife. He has ninety minutes to prove his innocence to the advanced AI Judge he once championed, before it determines his fate.",Timur Bekmambetov,Marco van Belle,Released,English,60000000.0,54708061.0
293660,https://www.themoviedb.org/movie/293660-deadpool,Deadpool,108.0,2016-02-17,KR,"Action, Adventure, Comedy",7.6,"The origin story of former Special Forces operative turned mercenary Wade Wilson, who, after being subjected to a rogue experiment that leaves him with accelerated healing powers, adopts the alter ego Deadpool. Armed with his new abilities and a dark, twisted sense of humor, Deadpool hunts down the man who nearly destroyed his life.",Tim Miller,"Paul Wernick, Rhett Reese",Released,English,58000000.0,782837347.0
447365,https://www.themoviedb.org/movie/447365-guardians-of-the-galaxy-vol-3,Guardians of the Galaxy Vol. 3,150.0,2023-05-03,KR,"Science Fiction, Adventure, Action",7.9,"Peter Quill, still reeling from the loss of Gamora, must rally his team around him to defend the universe along with protecting one of their own. A mission that, if not completed successfully, could quite possibly lead to the end of the Guardians as we know them.",James Gunn,James Gunn,Released,English,250000000.0,845550000.0
315162,https://www.themoviedb.org/movie/315162-puss-in-boots-the-last-wish,Puss in Boots: The Last Wish,103.0,2023-01-04,KR,"Animation, Adventure, Fantasy, Comedy, Family",8.2,"Puss in Boots discovers that his passion for adventure has taken its toll: He has burned through eight of his nine lives, leaving him with only one life left. Puss sets out on an epic journey to find the mythical Last Wish and restore his nine lives.",Joel Crawford,"Tommy Swerdlow, Paul Fisher",Released,English,90000000.0,484700000.0
39688,https://www.themoviedb.org/movie/39688-comme-un-frere,Like a Brother,54.0,2005-04-17,FR,"Drama, Romance",4.2,"Sebastien is a small town boy who moves to Paris and begins to explore the gay night life there. When a friend from back home calls to announce he's coming to Paris, Sebastien confronts some unrequited feelings.","Bernard Alapetite, Cyril Legann","Bernard Alapetite, Cyril Legann",Released,French,,
269955,https://www.themoviedb.org/movie/269955,Obsessed,132.0,2014-05-14,KR,"Drama, Romance",6.6,"A secret, passionate affair happens in the summer of 1969 between Colonel Jin Pyeong, trapped in a loveless marriage with Soo Jin, and Jong Ga Heun, the Chinese-Korean wife of Captain Kyung Woo Jin.",Kim Dae-woo,"Kim Dae-woo, Oh Tae-kyung",Released,Korean,,
858024,https://www.themoviedb.org/movie/858024-hamnet,Hamnet,125.0,2026-02-25,KR,"Drama, Romance",7.7,"The powerful story of love and loss that inspired the creation of Shakespeare's timeless masterpiece, Hamlet.",Chloé Zhao,"Chloé Zhao, Maggie O'Farrell",Released,English,30000000.0,107756183.0
284052,https://www.themoviedb.org/movie/284052-doctor-strange,Doctor Strange,115.0,2016-10-26,KR,"Fantasy, Adventure, Action",7.4,"After his career is destroyed, a brilliant but arrogant surgeon gets a new lease on life when a sorcerer takes him under her wing and trains him to defend the world against evil.",Scott Derrickson,"Scott Derrickson, Jon Spaihts, C. Robert Cargill",Released,English,180000000.0,676343174.0
616037,https://www.themoviedb.org/movie/616037-thor-love-and-thunder,Thor: Love and Thunder,119.0,2022-07-06,KR,"Fantasy, Action, Comedy",6.4,"After his retirement is interrupted by Gorr the God Butcher, a galactic killer who seeks the extinction of the gods, Thor Odinson enlists the help of King Valkyrie, Korg, and ex-girlfriend Jane Foster, who now wields Mjolnir as the Mighty Thor. Together they embark upon a harrowing cosmic adventure to uncover the mystery of the God Butcher’s vengeance and stop him before it’s too late.",Taika Waititi,"Taika Waititi, Jennifer Kaytin Robinson",Released,English,250000000.0,760928081.0
337167,https://www.themoviedb.org/movie/337167-fifty-shades-freed,Fifty Shades Freed,105.0,2018-02-21,KR,"Drama, Romance",6.7,"Believing they have left behind shadowy figures from their past, newlyweds Christian and Ana fully embrace an inextricable connection and shared life of luxury. But just as she steps into her role as Mrs. Grey and he relaxes into an unfamiliar stability, new threats could jeopardize their happy ending before it even begins.",James Foley,"E.L. James, Niall Leonard",Released,English,55000000.0,371985018.0
37165,https://www.themoviedb.org/movie/37165-the-truman-show,The Truman Show,103.0,1998-10-24,KR,"Comedy, Drama",8.2,"In a picture-perfect seaside town, an insurance salesman begins to realize that his entire existence may be staged and observed by a vast unseen audience as part of a long-running real-time reality TV show.",Peter Weir,Andrew Niccol,Released,English,60000000.0,264118712.0
278986,https://www.themoviedb.org/movie/278986,Gangor,92.0,2011-03-11,IT,Drama,5.5,"Sent to cover a story on the exploitation of tribal people, Upin meets a woman he believes is the epitome of Indian beauty. His pictures of her change both of their lives forever.",Italo Spinelli,"Italo Spinelli, Antonio Falduto",Released,Bengali,,
411,https://www.themoviedb.org/movie/411-the-chronicles-of-narnia-the-lion-the-witch-and-the-wardrobe,"The Chronicles of Narnia: The Lion, the Witch and the Wardrobe",143.0,2005-12-29,KR,"Adventure, Family, Fantasy",7.1,"Siblings Lucy, Edmund, Susan and Peter step through a magical wardrobe and find the land of Narnia. There, they discover a charming, once peaceful kingdom that has been plunged into eternal winter by the evil White Witch, Jadis. Aided by the wise and magnificent lion, Aslan, the children lead Narnia into a spectacular, climactic battle to be free of the Witch's glacial powers forever.",Andrew Adamson,"Andrew Adamson, C. S. Lewis, Christopher Markus, Ann Peacock, Stephen McFeely",Released,English,180000000.0,745013115.0
10195,https://www.themoviedb.org/movie/10195-thor,Thor,115.0,2011-04-28,KR,"Adventure, Fantasy, Action",6.8,"Against his father Odin's will, The Mighty Thor - a powerful but arrogant warrior god - recklessly reignites an ancient war. Thor is cast down to Earth and forced to live among humans as punishment. Once here, Thor learns what it takes to be a true hero when the most dangerous villain of his world sends the darkest forces of Asgard to invade Earth.",Kenneth Branagh,"Don Payne, Ashley Miller, Zack Stentz",Released,English,150000000.0,449326618.0
5082,https://www.themoviedb.org/movie/5082-la-compagna-di-viaggio,The Traveling Companion,94.0,1981-01-03,IT,Comedy,4.6,A  ruined noble decides to organize a robbery on a luxury train. He decides to get help from a busty starlet that should distract passengers ...,Ferdinando Baldi,Ferdinando Baldi,Released,Italian,,103411.0
505642,https://www.themoviedb.org/movie/505642-black-panther-wakanda-forever,Black Panther: Wakanda Forever,162.0,2022-11-09,KR,"Action, Adventure, Science Fiction",7.0,"Queen Ramonda, Shuri, M’Baku, Okoye and the Dora Milaje fight to protect their nation from intervening world powers in the wake of King T’Challa’s death.  As the Wakandans strive to embrace their next chapter, the heroes must band together with the help of War Dog Nakia and Everett Ross and forge a new path for the kingdom of Wakanda.",Ryan Coogler,"Ryan Coogler, Joe Robert Cole",Released,English,250000000.0,859102154.0
1383731,https://www.themoviedb.org/movie/1383731-protector,Protector,90.0,2026-03-25,KR,"Action, Thriller",8.5,"Nikki's life is shattered when her daughter is kidnapped. Thrust into the criminal underworld while hunted by cops and military, she must fight to rescue her child.",Adrian Grünberg,Mun-Bong Seub,Released,English,,1.0
762509,https://www.themoviedb.org/movie/762509-mufasa-the-lion-king,Mufasa: The Lion King,118.0,2024-12-18,KR,"Adventure, Family, Animation",7.3,"Mufasa, a cub lost and alone, meets a sympathetic lion named Taka, the heir to a royal bloodline. The chance meeting sets in motion an expansive journey of a group of misfits searching for their destiny.",Barry Jenkins,Jeff Nathanson,Released,English,200000000.0,722631756.0
346698,https://www.themoviedb.org/movie/346698-barbie,Barbie,114.0,2023-07-19,KR,"Comedy, Adventure, Fantasy",6.9,"Barbie and Ken are having the time of their lives in the colorful and seemingly perfect world of Barbie Land. However, when they get a chance to go to the real world, they soon discover the joys and perils of living among humans.",Greta Gerwig,"Greta Gerwig, Noah Baumbach",Released,English,145000000.0,1447138421.0
18,https://www.themoviedb.org/movie/18-le-cinqui-me-l-ment,The Fifth Element,126.0,1997-07-17,KR,"Science Fiction, Action, Adventure",7.6,"In 2257, a taxi driver is unintentionally given the task of saving a young girl who is part of the key that will ensure the survival of humanity.",Luc Besson,"Luc Besson, Robert Mark Kamen",Released,French,90000000.0,263920180.0
519182,https://www.themoviedb.org/movie/519182-despicable-me-4,Despicable Me 4,94.0,2024-07-24,KR,"Animation, Comedy, Action, Science Fiction, Family",7.0,"Gru and Lucy and their girls—Margo, Edith and Agnes—welcome a new member to the Gru family, Gru Jr., who is intent on tormenting his dad. Gru also faces a new nemesis in Maxime Le Mal and his femme fatale girlfriend Valentina, forcing the family to go on the run.",Chris Renaud,"Mike White, Ken Daurio",Released,English,100000000.0,972021410.0
425,https://www.themoviedb.org/movie/425-ice-age,Ice Age,81.0,2002-08-09,KR,"Animation, Comedy, Family, Adventure",7.4,"Manny the mammoth, Sid the loquacious sloth, and Diego the sabre-toothed tiger go on a comical quest to return a human baby back to his father, across a world on the brink of an ice age.",Chris Wedge,"Michael J. Wilson, Peter Ackerman, Michael Berg",Released,English,59000000.0,383257136.0
28322,https://www.themoviedb.org/movie/28322-vacanze-per-un-massacro,Madness,89.0,1980-03-20,IT,"Thriller, Action, Crime",5.3,"An escaped convicted murderer invades the cottage of a man, his wife and the wife's sister, whereupon he proceeds to torment this already dysfunctional trio with rape and violence.",Fernando Di Leo,Fernando Di Leo,Released,Italian,,
1480387,https://www.themoviedb.org/movie/1480387-undertone,undertone,94.0,2026-07-11,KR,"Horror, Mystery",6.2,The host of a popular paranormal podcast becomes haunted by terrifying recordings mysteriously sent her way.,Ian Tuason,Ian Tuason,Released,English,500000.0,21610797.0
270303,https://www.themoviedb.org/movie/270303-it-follows,It Follows,101.0,2015-04-02,KR,"Horror, Mystery",6.6,A young woman is followed by an unknown supernatural force after a sexual encounter.,David Robert Mitchell,David Robert Mitchell,Released,English,2300000.0,23374076.0
539972,https://www.themoviedb.org/movie/539972-kraven-the-hunter,Kraven the Hunter,127.0,2025-03-12,KR,"Action, Adventure, Thriller",6.4,"Kraven Kravinoff's complex relationship with his ruthless gangster father, Nikolai, starts him down a path of vengeance with brutal consequences, motivating him to become not only the greatest hunter in the world, but also one of its most feared.",J.C. Chandor,"Richard Wenk, Art Marcum, Matt Holloway",Released,English,130000000.0,62076533.0
1232569,https://www.themoviedb.org/movie/1232569-pinocchio-unstrung,Pinocchio: Unstrung,82.0,2026-07-24,GB,"Horror, Fantasy, Mystery",8.0,"Influenced by a sinister Cricket and created by Geppetto, Pinocchio launches a violent crusade to carve himself into a real boy like his brother James, one piece at a time.",Rhys Frake-Waterfield,"Rhys Frake-Waterfield, Carlo Collodi",Released,English,500000.0,386467.0
1402,https://www.themoviedb.org/movie/1402-the-pursuit-of-happyness,The Pursuit of Happyness,117.0,2007-02-28,KR,Drama,7.9,A struggling salesman takes custody of his son as he's poised to begin a life-changing professional career.,Gabriele Muccino,Steven Conrad,Released,English,55000000.0,307077295.0
1397485,https://www.themoviedb.org/movie/1397485-girls-like-girls,Girls Like Girls,95.0,2026-06-19,US,"Romance, Drama",7.3,"Coley, 17, from rural Oregon, navigates intimacy after her mother's passing. Meeting Sonya sparks new feelings, but self-doubt hinders their connection. Sonya, unfamiliar with dating girls, is uncertain. They learn to embrace emotions.",Hayley Kiyoko,"Hayley Kiyoko, Stefanie Scott",Released,English,,1913765.0
1381027,https://www.themoviedb.org/movie/1381027-good-boy,Good Boy,110.0,2026-03-06,PL,"Thriller, Drama, Mystery",7.1,"Tommy, a volatile 19-year-old, revels in drugs, parties and violence. After getting separated from his friends on a drunken bender, he is abducted by a shadowy figure. He wakes to find himself imprisoned in the basement of a remote Yorkshire house, inhabited by a very strange family. But what unfolds is not what he could possibly expect.",Jan Komasa,"Naqqash Khalid, Bartek Bartosik",Released,English,,
587807,https://www.themoviedb.org/movie/587807-tom-jerry,Tom & Jerry,101.0,2021-02-24,KR,"Comedy, Family, Animation",6.7,"Tom the cat and Jerry the mouse get kicked out of their home and relocate to a fancy New York hotel, where a scrappy employee named Kayla will lose her job if she can’t evict Jerry before a high-class wedding at the hotel. Her solution? Hiring Tom to get rid of the pesky mouse.",Tim Story,Kevin Costello,Released,English,50000000.0,136536687.0
286217,https://www.themoviedb.org/movie/286217-the-martian,The Martian,141.0,2015-10-08,KR,"Science Fiction, Drama, Adventure",7.7,"During a manned mission to Mars, Astronaut Mark Watney is presumed dead after a fierce storm and left behind by his crew. But Watney has survived and finds himself stranded and alone on the hostile planet. With only meager supplies, he must draw upon his ingenuity, wit and spirit to subsist and find a way to signal to Earth that he is alive.",Ridley Scott,"Andy Weir, Drew Goddard",Released,English,108000000.0,631058917.0
558449,https://www.themoviedb.org/movie/558449-gladiator-ii,Gladiator II,148.0,2024-11-13,KR,"Action, Adventure, Drama",6.6,"Years after witnessing the death of the revered hero Maximus at the hands of his uncle, Lucius is forced to enter the Colosseum after his home is conquered by the tyrannical Emperors who now lead Rome with an iron fist. With rage in his heart and the future of the Empire at stake, Lucius must look to his past to find strength and honor to return the glory of Rome to its people.",Ridley Scott,David Scarpa,Released,English,310000000.0,462180717.0
912649,https://www.themoviedb.org/movie/912649-venom-the-last-dance,Venom: The Last Dance,109.0,2024-10-23,KR,"Science Fiction, Action, Adventure",6.7,"Eddie and Venom are on the run. Hunted by both of their worlds and with the net closing in, the duo are forced into a devastating decision that will bring the curtains down on Venom and Eddie's last dance.",Kelly Marcel,Kelly Marcel,Released,English,120000000.0,478937618.0
1197306,https://www.themoviedb.org/movie/1197306-a-working-man,A Working Man,116.0,2025-10-01,KR,"Action, Crime, Thriller",6.7,"Levon Cade left behind a decorated military career in the black ops to live a simple life working construction. But when his boss's daughter, who is like family to him, is taken by human traffickers, his search to bring her home uncovers a world of corruption far greater than he ever could have imagined.",David Ayer,"David Ayer, Chuck Dixon, Sylvester Stallone",Released,English,40000000.0,89400711.0
77429,https://www.themoviedb.org/movie/77429-chechu-y-familia,Chechu and Family,81.0,1992-06-25,ES,Comedy,5.4,"Chechu is a 13 year old boy who lives surrounded by peculiar people: his grandfather, his uncle, and two maids. He falls in love with one of them.",Álvaro Sáenz de Heredia,Rafael Azcona,Released,Spanish; Castilian,,264432.0
716273,https://www.themoviedb.org/movie/716273,Just A Bite,70.0,2020-06-11,KR,Romance,0.0,"Arang doesn't have a quick match with her husband Chan-jun. I live by satisfying my needs through masturbation. Meanwhile, Chan Joon is tired of Arang, who is not satisfied with his sex life. I secretly enjoyed affair with Arang's friend Bora.",Choi Sung-eun,,Released,Korean,,
1292695,https://www.themoviedb.org/movie/1292695-they-will-kill-you,They Will Kill You,95.0,2026-03-27,US,"Action, Comedy, Horror",7.0,"A woman answers a help wanted ad to be a housekeeper in a mysterious New York City high-rise, unaware that she is entering a community that has seen a number of disappearances over the years and may be under the grip of a Satanic cult.",Kirill Sokolov,"Kirill Sokolov, Alex Litvak",Released,English,20000000.0,19382152.0
991494,https://www.themoviedb.org/movie/991494-the-spongebob-movie-search-for-squarepants,The SpongeBob Movie: Search for SquarePants,88.0,2026-01-01,KR,"Adventure, Animation, Comedy, Family, Fantasy",6.8,"Desperate to be a big guy, SpongeBob sets out to prove his bravery to Mr. Krabs by following The Flying Dutchman – a mysterious swashbuckling ghost pirate – on a seafaring adventure that takes him to the deepest depths of the deep sea, where no Sponge has gone before.",Derek Drymon,"Pam Brady, Matt Lieberman",Released,English,64000000.0,163197450.0
68718,https://www.themoviedb.org/movie/68718-django-unchained,Django Unchained,165.0,2013-03-21,KR,"Drama, Western",8.2,"With the help of a German bounty hunter, a freed slave sets out to rescue his wife from a brutal Mississippi plantation owner.",Quentin Tarantino,Quentin Tarantino,Released,English,100000000.0,425368238.0
466272,https://www.themoviedb.org/movie/466272-once-upon-a-time-in-hollywood,Once Upon a Time... in Hollywood,162.0,2019-09-25,KR,"Comedy, Drama, Thriller",7.4,"Los Angeles, 1969. TV star Rick Dalton, a struggling actor specializing in westerns, and stuntman Cliff Booth, his best friend, try to survive in a constantly changing movie industry. Dalton is the neighbor of the young and promising actress and model Sharon Tate, who has just married the prestigious Polish director Roman Polanski…",Quentin Tarantino,Quentin Tarantino,Released,English,95000000.0,393869691.0
111,https://www.themoviedb.org/movie/111-scarface,Scarface,170.0,1984-12-08,KR,"Action, Crime, Drama",8.2,"After getting a green card in exchange for assassinating a Cuban government official, Tony Montana stakes a claim on the drug trade in Miami. Viciously murdering anyone who stands in his way, Tony eventually becomes the biggest drug lord in the state, controlling nearly all the cocaine that comes through Miami. But increased pressure from the police, wars with Colombian drug cartels and his own drug-fueled paranoia serve to fuel the flames of his eventual downfall.",Brian De Palma,Oliver Stone,Released,English,25000000.0,66023329.0
1531018,https://www.themoviedb.org/movie/1531018-sa-gabing-mainit,Hot Night,73.0,2026-01-16,KR,Drama,7.0,"Nica, nursing a broken heart, heads to Camp Haraya with her friends Ellen and Tony. There, she crosses paths with birthday celebrant Ralph and his group of friends. As emotions ignite and passions unfold, Nica must discover whether Ralph can help her find the spark she thought she lost.",Topel Lee,,Released,Tagalog,,
823219,https://www.themoviedb.org/movie/823219-straume,Flow,85.0,2025-03-19,KR,"Adventure, Animation, Family, Fantasy",8.1,"A solitary cat, displaced by a great flood, finds refuge on a boat with various species and must navigate the challenges of adapting to a transformed world together.",Gints Zilbalodis,"Gints Zilbalodis, Matīss Kaža",Released,Latvian,3700000.0,17660107.0
18785,https://www.themoviedb.org/movie/18785-the-hangover,The Hangover,100.0,2013-02-26,KR,Comedy,7.3,"When three friends finally come to after a raucous night of bachelor-party revelry, they find a baby in the closet and a tiger in the bathroom. But they can't seem to locate their best friend, Doug – who's supposed to be tying the knot. Launching a frantic search for Doug, the trio perseveres through a nasty hangover to try to make it to the church on time.",Todd Phillips,"Scott Moore, Jon Lucas",Released,English,35000000.0,469310836.0
967941,https://www.themoviedb.org/movie/967941-wicked-for-good,Wicked: For Good,137.0,2025-11-19,KR,"Fantasy, Adventure, Romance",6.6,"As an angry mob rises against the Wicked Witch, Glinda and Elphaba will need to come together one final time. With their singular friendship now the fulcrum of their futures, they will need to truly see each other, with honesty and empathy, if they are to change themselves, and all of Oz, for good.",Jon M. Chu,"Gregory Maguire, Dana Fox, Winnie Holzman",Released,English,150000000.0,539042601.0
76338,https://www.themoviedb.org/movie/76338-thor-the-dark-world,Thor: The Dark World,112.0,2013-10-30,KR,"Action, Adventure, Fantasy",6.5,"Thor fights to restore order across the cosmos… but an ancient race led by the vengeful Malekith returns to plunge the universe back into darkness. Faced with an enemy that even Odin and Asgard cannot withstand, Thor must embark on his most perilous and personal journey yet, one that will reunite him with Jane Foster and force him to sacrifice everything to save us all.",Alan Taylor,"Stephen McFeely, Christopher Markus, Christopher L. Yost",Released,English,170000000.0,644783140.0
313369,https://www.themoviedb.org/movie/313369-la-la-land,La La Land,129.0,2016-12-07,KR,"Comedy, Drama, Romance",7.9,"Mia, an aspiring actress, serves lattes to movie stars in between auditions and Sebastian, a jazz musician, scrapes by playing cocktail party gigs in dingy bars, but as success mounts they are faced with decisions that begin to fray the fragile fabric of their love affair, and the dreams they worked so hard to maintain in each other threaten to rip them apart.",Damien Chazelle,Damien Chazelle,Released,English,30000000.0,509183536.0
131304,https://www.themoviedb.org/movie/131304-firehouse,Firehouse,91.0,1987-08-01,US,Comedy,3.9,"Some sexy women get out of Fire Fighter School and go for the jobs they trained for, but first they must survive their male counterparts teasing them.",J. Christian Ingvordsen,"J. Christian Ingvordsen, Steven Kaman, Rick Marx",Released,English,,
207,https://www.themoviedb.org/movie/207-dead-poets-society,Dead Poets Society,129.0,1990-05-19,KR,Drama,8.3,"At an elite, old-fashioned boarding school in New England, a passionate English teacher inspires his students to rebel against convention and seize the potential of every day, courting the disdain of the stern headmaster.",Peter Weir,Tom Schulman,Released,English,16400000.0,235860116.0
1671541,https://www.themoviedb.org/movie/1671541,Three Kingdoms: The Beginning,137.0,2026-06-27,CN,"Animation, History",6.5,"Toward the end of the Eastern Han Dynasty, amid nationwide unrest, Cao Cao and Yuan Shao sought to enlist General-in-Chief He Jin’s support to check the power of the eunuchs and restore the Han Dynasty to its rightful order. Unexpectedly, Dong Zhuo seized the chaos to march his troops into the capital, plotting to dethrone the reigning emperor and install a new one.Swept up in the torrential tide of troubled times, a host of warlords emerged one after another: Yuan Shu, Lü Bu, Sun Jian, as well as Liu Bei, Guan Yu and Zhang Fei. Turmoil engulfed Luoyang, and the fate of the great Han Empire stood at a crossroads…",Xie Junwei,Gary Wang,Released,Chinese,,
402431,https://www.themoviedb.org/movie/402431-wicked,Wicked,162.0,2024-11-20,KR,"Drama, Romance, Fantasy",6.9,"In the land of Oz, ostracized and misunderstood green-skinned Elphaba is forced to share a room with the popular aristocrat Glinda at Shiz University, and the two's unlikely friendship is tested as they begin to fulfill their respective destinies as Glinda the Good and the Wicked Witch of the West.",Jon M. Chu,"Gregory Maguire, Winnie Holzman, Dana Fox",Released,English,150000000.0,758827029.0
1340206,https://www.themoviedb.org/movie/1340206-tuner,Tuner,108.0,2026-05-29,CA,"Crime, Drama, Thriller",7.1,"A gifted piano tuner's meticulous skills for tuning pianos lead him to discover an unexpected aptitude for cracking safes, turning his life upside down.",Daniel Roher,"Daniel Roher, Robert Ramsey",Released,English,7000000.0,13274465.0
348,https://www.themoviedb.org/movie/348-alien,Alien,117.0,1987-10-01,KR,"Horror, Science Fiction",8.2,"During its return to the earth, commercial spaceship Nostromo intercepts a distress signal from a distant planet. When a three-member team of the crew discovers a chamber containing thousands of eggs on the planet, a creature inside one of the eggs attacks an explorer. The entire crew is unaware of the impending nightmare set to descend upon them when the alien parasite planted inside its unfortunate host is birthed.",Ridley Scott,Dan O'Bannon,Released,English,11000000.0,104931801.0
1246049,https://www.themoviedb.org/movie/1246049-dracula,Dracula,130.0,2026-08-26,KR,"Horror, Fantasy, Romance",7.2,"In late 15th-century Eastern Europe, Prince Vlad II’s bride is brutally murdered. As a result, he renounces God and damns Heaven itself. Cursed with eternal life, Vlad is reborn as Dracula, an immortal warlord who defies fate in a blood-soaked crusade to wrench his lost love back from death.",Luc Besson,"Luc Besson, Bram Stoker",Released,French,52000000.0,42404858.0
744275,https://www.themoviedb.org/movie/744275-after-we-fell,After We Fell,99.0,2021-10-27,KR,"Drama, Romance",7.0,"Just as Tessa's life begins to become unglued, nothing is what she thought it would be. Not her friends nor her family. The only person that she should be able to rely on is Hardin, who is furious when he discovers the massive secret that she's been keeping. Before Tessa makes the biggest decision of her life, everything changes because of revelations about her family.",Castille Landon,"Anna Todd, Sharon Soboil",Released,English,14000000.0,21753705.0
260514,https://www.themoviedb.org/movie/260514-cars-3,Cars 3,102.0,2017-07-13,KR,"Animation, Drama, Family",6.9,"Blindsided by a new generation of blazing-fast racers, the legendary Lightning McQueen is suddenly pushed out of the sport he loves. To get back in the game, he will need the help of an eager young race technician with her own plan to win, inspiration from the late Fabulous Hudson Hornet, and a few unexpected turns.",Brian Fee,"Kiel Murray, Bob Peterson, Mike Rich",Released,English,175000000.0,383925276.0
216015,https://www.themoviedb.org/movie/216015-fifty-shades-of-grey,Fifty Shades of Grey,125.0,2015-02-25,KR,"Drama, Romance, Thriller",5.9,"When college senior Anastasia Steele steps in for her sick roommate to interview prominent businessman Christian Grey for their campus paper, little does she realize the path her life will take. Christian, as enigmatic as he is rich and powerful, finds himself strangely drawn to Ana, and she to him. Though sexually inexperienced, Ana plunges headlong into an affair -- and learns that Christian's true sexual proclivities push the boundaries of pain and pleasure.",Sam Taylor-Johnson,"E.L. James, Kelly Marcel",Released,English,40000000.0,569651467.0
14160,https://www.themoviedb.org/movie/14160-up,Up,96.0,2009-07-29,KR,"Animation, Comedy, Family, Adventure",8.0,"Carl Fredricksen spent his entire life dreaming of exploring the globe and experiencing life to its fullest. But at age 78, life seems to have passed him by, until a twist of fate (and a persistent 8-year old Wilderness Explorer named Russell) gives him a new lease on life.",Pete Docter,"Pete Docter, Bob Peterson",Released,English,175000000.0,735103954.0
1719326,https://www.themoviedb.org/movie/1719326-the-cheating-wife,The Cheating Wife,76.0,2026-06-26,PH,Drama,3.0,"Two widows who find solace in each other and eventually fall in love. But when one of their supposedly dead husbands returns home blind, they are forced to hide their forbidden affair, testing the limits of love and loyalty.",Mikko Baldoza,,Released,Tagalog,,
604079,https://www.themoviedb.org/movie/604079-the-long-walk,The Long Walk,108.0,2025-09-12,US,"Science Fiction, Thriller, Horror",6.9,"In a dystopian 1970s America, fifty teenage boys take part in a deadly annual walking contest, forced to maintain a minimum pace or be executed, until only one survivor remains.",Francis Lawrence,"Stephen King, JT Mollner",Released,English,20000000.0,63103084.0
6977,https://www.themoviedb.org/movie/6977-no-country-for-old-men,No Country for Old Men,122.0,2008-02-21,KR,"Crime, Thriller, Western",7.9,"Llewelyn Moss stumbles upon dead bodies, $2 million and a hoard of heroin in a Texas desert, but methodical killer Anton Chigurh comes looking for it, with local sheriff Ed Tom Bell hot on his trail. The roles of prey and predator blur as the violent pursuit of money and justice collide.","Ethan Coen, Joel Coen","Ethan Coen, Joel Coen, Cormac McCarthy",Released,English,25000000.0,171627166.0
4247,https://www.themoviedb.org/movie/4247-scary-movie,Scary Movie,88.0,2000-09-23,KR,Comedy,6.4,"A familiar-looking group of teenagers find themselves being stalked by a more-than-vaguely recognizable masked killer! As the victims begin to pile up and the laughs pile on, none of your favorite scary movies escape the razor-sharp satire of this outrageously funny parody!",Keenen Ivory Wayans,"Jason Friedberg, Phil Beauman, Marlon Wayans, Buddy Johnson, Aaron Seltzer, Shawn Wayans",Released,English,19000000.0,278023280.0
577922,https://www.themoviedb.org/movie/577922-tenet,Tenet,150.0,2020-08-22,KR,"Action, Thriller, Science Fiction",7.2,"Armed with only one word - Tenet - and fighting for the survival of the entire world, the Protagonist journeys through a twilight world of international espionage on a mission that will unfold in something beyond real time.",Christopher Nolan,Christopher Nolan,Released,English,205000000.0,365304105.0
10867,https://www.themoviedb.org/movie/10867-malena,Malena,108.0,2001-03-10,KR,Drama,7.5,"12-year-old Renato experiences three significant events on the same day: the beginning of the Second World War, getting a bike, and witnessing the arrival of the gorgeous Malèna. Through his eyes, we see the curse of beauty and loneliness of Malena, whose husband is presumed dead, and, through his soul, we see his love for her.",Giuseppe Tornatore,Giuseppe Tornatore,Released,Italian,,14493284.0
109445,https://www.themoviedb.org/movie/109445-frozen,Frozen,102.0,2014-01-16,KR,"Animation, Family, Adventure, Fantasy",7.3,"Young princess Anna of Arendelle dreams about finding true love at her sister Elsa’s coronation. Fate takes her on a dangerous journey in an attempt to end the eternal winter that has fallen over the kingdom. She's accompanied by ice delivery man Kristoff, his reindeer Sven, and snowman Olaf. On an adventure where she will find out what friendship, courage, family, and true love really means.","Jennifer Lee, Chris Buck",Jennifer Lee,Released,English,150000000.0,1274219009.0
1316092,https://www.themoviedb.org/movie/1316092-wuthering-heights,"""Wuthering Heights""",137.0,2026-02-11,KR,"Romance, Drama",6.7,"Tragedy strikes when Heathcliff falls in love with Catherine Earnshaw, a woman from a wealthy family in 18th-century England.",Emerald Fennell,"Emerald Fennell, Emily Brontë",Released,English,80000000.0,241601072.0
1495,https://www.themoviedb.org/movie/1495-kingdom-of-heaven,Kingdom of Heaven,144.0,2005-05-05,KR,"Drama, Action, Adventure, History, War",7.1,"After his wife dies, a blacksmith named Balian is thrust into royalty, political intrigue and bloody holy wars during the Crusades.",Ridley Scott,William Monahan,Released,English,130000000.0,218366336.0
429,https://www.themoviedb.org/movie/429-il-buono-il-brutto-il-cattivo,"The Good, the Bad and the Ugly",161.0,1969-07-05,KR,Western,8.5,"While the Civil War rages on between the Union and the Confederacy, three men – a quiet loner, a ruthless hitman, and a Mexican bandit – comb the American Southwest in search of a strongbox containing $200,000 in stolen gold.",Sergio Leone,"Sergio Leone, Luciano Vincenzoni, Agenore Incrocci, Furio Scarpelli",Released,Italian,1200000.0,38900000.0
102899,https://www.themoviedb.org/movie/102899-ant-man,Ant-Man,117.0,2015-09-03,KR,"Science Fiction, Adventure, Action",7.1,"Armed with the astonishing ability to shrink in scale but increase in strength, master thief Scott Lang must embrace his inner-hero and help his mentor, Doctor Hank Pym, protect the secret behind his spectacular Ant-Man suit from a new generation of towering threats. Against seemingly insurmountable obstacles, Pym and Lang must plan and pull off a heist that will save the world.",Peyton Reed,"Edgar Wright, Joe Cornish, Paul Rudd, Adam McKay",Released,English,130000000.0,519311965.0
1250,https://www.themoviedb.org/movie/1250-ghost-rider,Ghost Rider,114.0,2007-04-12,KR,"Thriller, Action, Fantasy",5.6,"In order to save his dying father, young stunt cyclist Johnny Blaze sells his soul to Mephistopheles and sadly parts from the pure-hearted Roxanne Simpson, the love of his life. Years later, Johnny's path crosses again with Roxanne, now a go-getting reporter, and also with Mephistopheles, who offers to release Johnny's soul if Johnny becomes the fabled, fiery 'Ghost Rider'.",Mark Steven Johnson,Mark Steven Johnson,Released,English,110000000.0,228738393.0
38757,https://www.themoviedb.org/movie/38757-tangled,Tangled,100.0,2011-02-10,KR,"Animation, Family, Adventure",7.6,"Feisty teenager Rapunzel, who has long and magical hair, wants to go and see sky lanterns on her eighteenth birthday, but she's bound to a tower by her overprotective mother. She strikes a deal with Flynn Rider, a charming wanted thief, and the duo set off on an action-packed escapade.","Byron Howard, Nathan Greno",Dan Fogelman,Released,English,260000000.0,592461732.0
809,https://www.themoviedb.org/movie/809-shrek-2,Shrek 2,92.0,2004-06-18,KR,"Animation, Comedy, Family, Fantasy, Romance",7.3,"Happily ever after never seemed so far far away when a trip to meet the in-laws turns into a hilariously twisted adventure for Shrek and Fiona. With the help of ever-faithful Donkey, Shrek takes on the potion-brewing Fairy Godmother, pompous Prince Charming, and infamous ogre-killer Puss In Boots.","Andrew Adamson, Conrad Vernon, Kelly Asbury","Andrew Adamson, Joe Stillman, J. David Stem, David N. Weiss",Released,English,150000000.0,932542741.0
113344,https://www.themoviedb.org/movie/113344-the-american-scream,The American Scream,86.0,1988-01-01,US,"Horror, Comedy",4.6,"An American family takes their classic Christmas vacation at a perfect mountain resort, but the strange residents of Wilson Creek seem to have something else planned... something gruesome.",Mitchell Linden,"Mitchell Linden, Phil Hopper",Released,English,,
960112,https://www.themoviedb.org/movie/960112,Teenager's Sex,,1987-05-26,CN,Drama,6.0,We don't have an overview translated in English. Help us expand our database by adding one.,陈钰传,,Released,Chinese,,
562,https://www.themoviedb.org/movie/562-die-hard,Die Hard,132.0,1988-09-24,KR,"Action, Thriller",7.8,"High above the city of L.A. a team of terrorists has seized a building, taken hostages, and declared war. One man has manages to escape... An off-duty cop hiding somewhere inside. He's alone, tired... and the only chance anyone has got.",John McTiernan,"Roderick Thorp, Steven E. de Souza, Jeb Stuart",Released,English,28000000.0,140767956.0
106,https://www.themoviedb.org/movie/106-predator,Predator,107.0,1987-07-17,KR,"Science Fiction, Action, Adventure, Thriller",7.6,A team of elite commandos on a secret mission in a Central American jungle come to find themselves hunted by an extraterrestrial warrior.,John McTiernan,"Jim Thomas, John Thomas",Released,English,15000000.0,98267558.0
1317288,https://www.themoviedb.org/movie/1317288-marty-supreme,Marty Supreme,150.0,2026-07-01,KR,"Drama, Thriller",7.4,"Marty Mauser, a young man with a dream no one respects, goes to hell and back in pursuit of greatness.",Josh Safdie,"Josh Safdie, Ronald Bronstein",Released,English,65000000.0,191303074.0
615656,https://www.themoviedb.org/movie/615656-meg-2-the-trench,Meg 2: The Trench,116.0,2023-08-15,KR,"Action, Science Fiction, Horror",6.4,An exploratory dive into the deepest depths of the ocean of a daring research team spirals into chaos when a malevolent mining operation threatens their mission and forces them into a high-stakes battle for survival.,Ben Wheatley,"Steve Alten, Jon Hoeber, Erich Hoeber, Dean Georgaris",Released,English,129000000.0,398500317.0
829557,https://www.themoviedb.org/movie/829557-365-dni-ten-dzien,365 Days: This Day,110.0,2022-04-27,KR,"Romance, Drama",6.0,"Laura and Massimo are back and hotter than ever. But the reunited couple's new beginning is complicated by Massimo’s family ties and a mysterious man who enters Laura’s life to win her heart and trust, at any cost.","Tomasz Mandes, Barbara Białowąs","Tomasz Mandes, Blanka Lipińska, Mojca Tirš",Released,Polish,,
679,https://www.themoviedb.org/movie/679-aliens,Aliens,137.0,1986-12-24,KR,"Action, Thriller, Science Fiction",8.0,"Ripley, the sole survivor of the Nostromo's deadly encounter with the monstrous Alien, returns to Earth after drifting through space in hypersleep for 57 years. Although her story is initially met with skepticism, she agrees to accompany a team of Colonial Marines back to LV-426.",James Cameron,James Cameron,Released,English,18500000.0,183316455.0
4935,https://www.themoviedb.org/movie/4935,Howl's Moving Castle,119.0,2004-12-24,KR,"Fantasy, Animation, Adventure",8.4,"Sophie, a young milliner, is turned into an elderly woman by a witch who enters her shop and curses her. She encounters a wizard named Howl and gets caught up in his resistance to fighting for the king.",Hayao Miyazaki,"Hayao Miyazaki, Diana Wynne Jones",Released,Japanese,24000000.0,236049757.0
1424435,https://www.themoviedb.org/movie/1424435,Wings of Dread,87.0,2026-07-03,CN,"Action, Crime, Thriller",6.4,"Air police officer Gu Chaoyang encounters a hijacking crisis on his flight back to China. With his extremely high professional ethics, he fights desperately to stop the hijacker, and a life-and-death struggle that takes place at an altitude of ten thousand meters begins.","Ashton Chen, Qin Pengfei",Wang Haoyi,Released,Chinese,,
1694978,https://www.themoviedb.org/movie/1694978-chum,Chum,87.0,2026-07-02,KR,Horror,4.8,"A newlywed couple joins friends on a Mediterranean yacht excursion, only to find themselves caught between a predatory shark and a psychopathic killer in their midst-transforming a sun-drenched escape into a fight for survival.",Jonathan Zuck,"Jonathan Zuck, Joe Leone",Released,English,,
578,https://www.themoviedb.org/movie/578-jaws,Jaws,124.0,1978-04-22,KR,"Horror, Thriller, Adventure",7.7,"When the seaside community of Amity finds itself under attack by a dangerous great white shark, the town's chief of police, a young marine biologist, and a grizzled shark hunter embark on a desperate quest to kill the beast before it strikes again.",Steven Spielberg,"Peter Benchley, Carl Gottlieb",Released,English,7000000.0,470653000.0
11649,https://www.themoviedb.org/movie/11649-masters-of-the-universe,Masters of the Universe,106.0,1987-08-07,US,"Action, Fantasy, Science Fiction",5.8,"When the evil Skeletor finds a mysterious power called the Cosmic Key, he becomes nearly invincible, seizing Castle Grayskull and the surrounding city. The Sorceress is now Skeletor's prisoner and he begins to drain her life-force as he waits for the moon of Eternia to align with the Great Eye of the Universe which will bestow god-like power upon him. However, courageous warrior He-Man locates the locksmith inventor Gwildor, who created the Key and has another version of it. During a battle, one of the Keys is transported to Earth, where it is found by teenagers Julie and Kevin. Now, both He-Man and Skeletor's forces arrive on Earth searching for the potent weapon.",Gary Goddard,David Odell,Released,English,22000000.0,17336370.0
140607,https://www.themoviedb.org/movie/140607-star-wars-the-force-awakens,Star Wars: The Force Awakens,136.0,2015-12-17,KR,"Adventure, Action, Science Fiction",7.2,"Thirty years after defeating the Galactic Empire, Han Solo and his allies face a new threat from the evil Kylo Ren and his army of Stormtroopers.",J.J. Abrams,"J.J. Abrams, Michael Arndt, Lawrence Kasdan",Released,English,245000000.0,2068223624.0
1724,https://www.themoviedb.org/movie/1724-the-incredible-hulk,The Incredible Hulk,114.0,2008-06-12,KR,"Science Fiction, Action, Adventure",6.2,"Scientist Bruce Banner scours the planet for an antidote to the unbridled force of rage within him: the Hulk. But when the military masterminds who dream of exploiting his powers force him back to civilization, he finds himself coming face to face with a new, deadly foe.",Louis Leterrier,Zak Penn,Released,English,150000000.0,264770996.0
1315303,https://www.themoviedb.org/movie/1315303-primate,Primate,92.0,2026-01-28,KR,"Horror, Thriller",6.5,"College student Lucy and her friends spend their vacation at her family's home in Hawaii, which includes her pet chimpanzee, Ben. However, when Ben contracts rabies after being bitten by a rabid animal, the group must fight for their lives in order to avoid the now-violent chimp.",Johannes Roberts,"Johannes Roberts, Ernest Riera",Released,English,21000000.0,41235665.0
116745,https://www.themoviedb.org/movie/116745-the-secret-life-of-walter-mitty,The Secret Life of Walter Mitty,114.0,2013-12-31,KR,"Adventure, Comedy, Drama, Fantasy",7.2,A timid magazine photo manager who lives life vicariously through daydreams embarks on a true-life adventure when a negative goes missing.,Ben Stiller,Steven Conrad,Released,English,90000000.0,188133322.0
22744,https://www.themoviedb.org/movie/22744-jane-eyre,Jane Eyre,97.0,1948-01-20,KR,"Drama, Romance",6.9,"After a bleak childhood, Jane Eyre goes out into the world to become a governess. As she lives happily in her new position at Thornfield Hall, she meets the dark, cold, and abrupt master of the house, Edward Rochester. Jane and her employer grow close in friendship and she soon finds herself falling in love with him. Happiness seems to have found Jane at last, but could Rochester's terrible secret be about to destroy it forever?",Robert Stevenson,"Robert Stevenson, Charlotte Brontë, Aldous Huxley, John Houseman",Released,English,1705000.0,3550000.0
508947,https://www.themoviedb.org/movie/508947-turning-red,Turning Red,100.0,2022-03-11,KR,"Animation, Family, Comedy, Fantasy",7.3,"Thirteen-year-old Mei is experiencing the awkwardness of being a teenager with a twist – when she gets too excited, she transforms into a giant red panda.",Domee Shi,"Domee Shi, Julia Cho",Released,English,175000000.0,21813358.0
58,https://www.themoviedb.org/movie/58-pirates-of-the-caribbean-dead-man-s-chest,Pirates of the Caribbean: Dead Man's Chest,151.0,2006-07-06,KR,"Adventure, Fantasy, Action",7.4,"Captain Jack Sparrow’s got a blood debt to pay: he owes his soul to the legendary Davy Jones, ghastly Ruler of the Ocean Depths. To escape eternal servitude aboard the Flying Dutchman, ever-crafty Jack must track down the still-beating heart of Jones. But he won’t do it alone: Will Turner and Elizabeth Swann are drawn back into another one of his perilous quests—assuming they can evade execution for aiding a pirate.",Gore Verbinski,"Terry Rossio, Ted Elliott",Released,English,200000000.0,1066179747.0
1891,https://www.themoviedb.org/movie/1891-the-empire-strikes-back,The Empire Strikes Back,124.0,1997-04-26,KR,"Adventure, Action, Science Fiction",8.4,"The epic saga continues as Luke Skywalker, in hopes of defeating the evil Galactic Empire, learns the ways of the Jedi from aging master Yoda. But Darth Vader is more determined than ever to capture Luke. Meanwhile, rebel leader Princess Leia, cocky Han Solo, Chewbacca, and droids C-3PO and R2-D2 are thrown into various stages of capture, betrayal and despair.",Irvin Kershner,"Lawrence Kasdan, Leigh Brackett",Released,English,18000000.0,538400000.0
1084199,https://www.themoviedb.org/movie/1084199-companion,Companion,97.0,2025-03-19,KR,"Horror, Science Fiction, Thriller",7.0,"During a weekend getaway at a secluded lakeside estate, a group of friends finds themselves entangled in a web of secrets, deception, and advanced technology. As tensions rise and loyalties are tested, they uncover unsettling truths about themselves and the world around them.",Drew Hancock,Drew Hancock,Released,English,10000000.0,36869122.0
181812,https://www.themoviedb.org/movie/181812-star-wars-the-rise-of-skywalker,Star Wars: The Rise of Skywalker,142.0,2020-01-08,KR,"Adventure, Action, Science Fiction",6.3,"The surviving Resistance faces the First Order once again as the journey of Rey, Finn and Poe Dameron continues. With the power and knowledge of generations behind them, the final battle begins.",J.J. Abrams,"J.J. Abrams, Chris Terrio",Released,English,489900000.0,1074144248.0
37257,https://www.themoviedb.org/movie/37257-witness-for-the-prosecution,Witness for the Prosecution,116.0,1957-12-17,US,"Drama, Mystery, Crime",8.2,An ailing barrister is thrust back into the courtroom in what becomes one of the most unusual and eventful murder cases of the lawyer's career when he finds himself defending a man being tried for the murder of a socialite.,Billy Wilder,"Billy Wilder, Agatha Christie, Harry Kurnitz",Released,English,3000000.0,9000000.0
62,https://www.themoviedb.org/movie/62-2001-a-space-odyssey,2001: A Space Odyssey,149.0,2023-04-26,KR,"Science Fiction, Mystery, Adventure",8.0,"Humanity finds a mysterious object buried beneath the lunar surface and sets off to find its origins with the help of HAL 9000, the world's most advanced super computer.",Stanley Kubrick,"Stanley Kubrick, Arthur C. Clarke",Released,English,12000000.0,71923560.0
210577,https://www.themoviedb.org/movie/210577-gone-girl,Gone Girl,149.0,2014-10-23,KR,"Mystery, Thriller, Drama",7.9,"With his wife's disappearance having become the focus of an intense media circus, a man sees the spotlight turned on him when it's suspected that he may not be innocent.",David Fincher,Gillian Flynn,Released,English,61000000.0,370890259.0
1242265,https://www.themoviedb.org/movie/1242265-fuze,Fuze,96.0,2026-04-03,GB,"Action, Crime, Drama, Thriller",6.9,An unexploded WWII bomb is discovered on a busy construction site in the centre of London. Chaos ensues as the military and police begin a mass evacuation against a ticking clock.,David Mackenzie,Ben Hopkins,Released,English,45000000.0,2890908.0
7451,https://www.themoviedb.org/movie/7451-xxx,xXx,124.0,2002-10-01,KR,"Action, Adventure, Thriller, Crime, Drama",6.0,"Xander Cage is your standard adrenaline junkie with no fear and a lousy attitude. When the US Government ""recruits"" him to go on a mission, he's not exactly thrilled. His mission: to gather information on an organization that may just be planning the destruction of the world, led by the nihilistic Yorgi.",Rob Cohen,Rich Wilkes,Released,English,70000000.0,277448382.0
566525,https://www.themoviedb.org/movie/566525-shang-chi-and-the-legend-of-the-ten-rings,Shang-Chi and the Legend of the Ten Rings,132.0,2021-09-01,KR,"Action, Adventure, Fantasy",7.5,Shang-Chi must confront the past he thought he left behind when he is drawn into the web of the mysterious Ten Rings organization.,Destin Daniel Cretton,"Destin Daniel Cretton, David Callaham, Andrew Lanham",Released,English,150000000.0,432243292.0
406997,https://www.themoviedb.org/movie/406997-wonder,Wonder,113.0,2017-12-27,KR,"Family, Drama",8.1,"The story of August Pullman – a boy with facial differences – who enters fifth grade, attending a mainstream elementary school for the first time.",Stephen Chbosky,"Stephen Chbosky, R.J. Palacio, Steven Conrad, Jack Thorne",Released,English,20000000.0,315025930.0
27449,https://www.themoviedb.org/movie/27449-baby-face,Baby Face,76.0,1933-07-13,US,Drama,7.2,"A young woman uses her body and her sexuality to help her climb the social ladder, but soon begins to wonder if her new status will ever bring her happiness.",Alfred E. Green,"Gene Markey, Kathryn Scola",Released,English,187000.0,451000.0
2105,https://www.themoviedb.org/movie/2105-american-pie,American Pie,95.0,1999-10-02,KR,"Comedy, Romance",6.6,"At a high-school party, four friends find that losing their collective virginity isn't as easy as they had thought. But they still believe that they need to do so before college. To motivate themselves, they enter a pact to all ""score"" by their senior prom.",Paul Weitz,Adam Herz,Released,English,11000000.0,235483004.0
549509,https://www.themoviedb.org/movie/549509-the-brutalist,The Brutalist,215.0,2025-02-12,KR,Drama,7.0,"When an innovative modern architect flees post-war Europe, he is given the opportunity to rebuild his legacy. Set during the dawn of the modern United States (in Pennsylvania), his wife joins him, and their lives are forever changed by a demanding, wealthy patron.",Brady Corbet,"Brady Corbet, Mona Fastvold",Released,English,9600000.0,50145227.0
1545621,https://www.themoviedb.org/movie/1545621,Detective Conan: Fallen Angel of the Highway,109.0,2026-08-12,KR,"Animation, Action, Mystery, Crime",7.8,"When a string of deadly highway incidents begin, Conan Edogawa's investigations point towards an orchestrated plot rather than mere accidents. As he uncovers a conspiracy involving hidden identities and advanced technology, the case escalates into a high-speed race against time to stop a calculating mastermind before more lives are lost.",Takahiro Hasui,Takahiro Okura,Released,Japanese,,
345940,https://www.themoviedb.org/movie/345940-the-meg,The Meg,113.0,2018-08-10,US,"Action, Science Fiction, Horror",6.3,"A deep sea submersible pilot revisits his past fears in the Mariana Trench, and accidentally unleashes the seventy foot ancestor of the Great White Shark believed to be extinct.",Jon Turteltaub,"Steve Alten, Erich Hoeber, Dean Georgaris, Jon Hoeber",Released,English,150000000.0,530517320.0
3933,https://www.themoviedb.org/movie/3933-corpse-bride,Corpse Bride,77.0,2005-11-03,KR,"Romance, Fantasy, Animation",7.6,"In a 19th-century European village, a young man about to be married is whisked away to the underworld and wed to a mysterious corpse bride, while his real bride waits bereft in the land of the living.","Mike Johnson, Tim Burton","Caroline Thompson, Pamela Pettler, John August",Released,English,40000000.0,118133252.0
1234731,https://www.themoviedb.org/movie/1234731-anaconda,Anaconda,100.0,2026-02-05,KR,"Adventure, Comedy, Horror",5.8,"A group of friends facing mid-life crises head to the rainforest with the intention of remaking their favorite movie from their youth, only to find themselves in a fight for their lives against natural disasters, giant snakes and violent criminals.",Tom Gormican,"Tom Gormican, Kevin Etten",Released,English,45000000.0,135148320.0
667538,https://www.themoviedb.org/movie/667538-transformers-rise-of-the-beasts,Transformers: Rise of the Beasts,127.0,2023-06-06,KR,"Science Fiction, Adventure, Action",7.2,"When a new threat capable of destroying the entire planet emerges, Optimus Prime and the Autobots must team up with a powerful faction known as the Maximals. With the fate of humanity hanging in the balance, humans Noah and Elena will do whatever it takes to help the Transformers as they engage in the ultimate battle to save Earth.",Steven Caple Jr.,"Joby Harold, Erich Hoeber, Jon Hoeber, Darnell Metayer, Josh Peters",Released,English,195000000.0,441381193.0
1390300,https://www.themoviedb.org/movie/1390300-over-your-dead-body,Over Your Dead Body,105.0,2026-04-24,US,"Action, Comedy, Thriller",6.5,"A dysfunctional couple head to a remote cabin to ""reconnect"", but each has secret intentions to kill the other.",Jorma Taccone,"Nick Kocher, Brian McElhaney",Released,English,,2055131.0
976573,https://www.themoviedb.org/movie/976573-elemental,Elemental,102.0,2023-06-14,KR,"Animation, Comedy, Family, Romance",7.6,"In a city where fire, water, land and air residents live together, a fiery young woman and a go-with-the-flow guy will discover something elemental: how much they have in common.",Peter Sohn,"Kat Likkel, Brenda Hsueh, John Hoberg",Released,English,200000000.0,496444308.0
920,https://www.themoviedb.org/movie/920-cars,Cars,117.0,2006-07-20,KR,"Animation, Adventure, Comedy, Family",7.0,"Lightning McQueen, a hotshot rookie race car driven to succeed, discovers that life is about the journey, not the finish line, when he finds himself unexpectedly detoured in the sleepy Route 66 town of Radiator Springs. On route across the country to the big Piston Cup Championship in California to compete against two seasoned pros, McQueen gets to know the town's offbeat characters.",John Lasseter,"John Lasseter, Dan Fogelman, Joe Ranft, Kiel Murray, Phil Lorin, Jørgen Klubien",Released,English,120000000.0,461983149.0
20352,https://www.themoviedb.org/movie/20352-despicable-me,Despicable Me,95.0,2010-09-16,KR,"Animation, Comedy, Crime, Science Fiction, Family",7.3,"Determined to prove he's the world's greatest supervillain, Gru hatches an audacious plan to steal the Moon. To pull it off, he adopts three orphaned girls—Margo, Edith, and Agnes—intending to use them as part of his scheme. But the unexpected bond they form forces him to question the life he's always known.","Pierre Coffin, Chris Renaud","Cinco Paul, Ken Daurio",Released,English,69000000.0,543284256.0
1064028,https://www.themoviedb.org/movie/1064028-subservience,Subservience,105.0,2024-09-27,KR,"Horror, Science Fiction, Thriller",6.6,"With his wife out sick, a struggling father brings home a lifelike AI, only to have his self-aware new help want everything her new family has to offer... Like the affection of her owner and she'll kill to get it.",SK Dale,"Will Honley, April Maguire",Released,English,4400000.0,262793.0
1470130,https://www.themoviedb.org/movie/1470130-the-mortuary-assistant,The Mortuary Assistant,91.0,2026-02-13,US,"Horror, Mystery",5.4,"Rebecca Owens, a recent mortuary science graduate takes a night shift job at River Fields Mortuary. Initially, the job seems straightforward — embalming bodies, completing paperwork, and keeping things tidy. But once Rebecca starts working the night shift, things take a dark turn.",Jeremiah Kipp,"Tracee Beebe, Brian Clarke",Released,English,,1300011.0
137051,https://www.themoviedb.org/movie/137051-midnight-matinee,Midnight Matinee,91.0,1988-10-12,CA,"Horror, Mystery, Thriller, TV Movie",5.4,"Even though a devastating murder took place during a small town's horror film festival two years earlier, townspeople want another festival.",Richard Martin,Richard Martin,Released,English,,
1156593,https://www.themoviedb.org/movie/1156593-culpa-tuya,Your Fault,117.0,2024-12-27,KR,"Drama, Romance",7.1,The love between Noah and Nick seems unwavering despite their parents' attempts to separate them. But his job and her entry into college open up their lives to new relationships that will shake the foundations of both their relationship and the Leister family itself.,Domingo González,"Domingo González, Mercedes Ron, Sofía Cuenca",Released,Spanish; Castilian,,
1400940,https://www.themoviedb.org/movie/1400940-clayface,Clayface,,2026-10-23,US,"Horror, Thriller, Science Fiction",0.0,"Follow the terrifying descent into hell of a promising Hollywood actor who has become a monster driven by revenge, exploring the loss of identity and humanity, the ravages of toxic love and the dark side of scientific ambition.",James Watkins,"Mike Flanagan, Hossein Amini",Post Production,English,40000000.0,
78,https://www.themoviedb.org/movie/78-blade-runner,Blade Runner,118.0,1993-05-08,KR,"Science Fiction, Drama, Thriller",7.9,"In the smog-choked dystopian Los Angeles of 2019, blade runner Rick Deckard is called out of retirement to terminate a quartet of replicants who have escaped to Earth seeking their creator for a way to extend their short life spans.",Ridley Scott,"Philip K. Dick, David Webb Peoples, Hampton Fancher",Released,English,28000000.0,41722424.0
615,https://www.themoviedb.org/movie/615-the-passion-of-the-christ,The Passion of the Christ,127.0,2004-04-02,KR,Drama,7.5,A graphic portrayal of the last twelve hours of Jesus of Nazareth's life.,Mel Gibson,"Mel Gibson, Benedict Fitzgerald",Released,English,30000000.0,610063468.0
490132,https://www.themoviedb.org/movie/490132-green-book,Green Book,130.0,2019-01-09,KR,"Drama, Comedy, History",8.2,"Tony Lip, a bouncer in 1962, is hired to drive pianist Don Shirley on a tour through the Deep South in the days when African Americans, forced to find alternate accommodations and services due to segregation laws below the Mason-Dixon Line, relied on a guide called The Negro Motorist Green Book.",Peter Farrelly,"Peter Farrelly, Brian Hayes Currie, Nick Vallelonga",Released,English,23000000.0,321752656.0
1630423,https://www.themoviedb.org/movie/1630423,My Dearest Assassin,128.0,2026-05-07,KR,"Action, Drama, Romance",8.6,"Hunted for her rare blood type, a caged woman vows to fight alongside the assassin she loves to protect their future when an old enemy resurfaces.",Taweewat Wantha,Wattana Weerayawattana,Released,Thai,,
1088428,https://www.themoviedb.org/movie/1088428,A Boy and a Girl,140.0,2023-10-07,KR,"Family, Drama",0.0,"In a declining small town, an idle boy encounters a heartbroken girl. Trying to escape, they devise a secret plan and set off for a one-way journey.",Hsu Li-da,Hsu Li-da,Released,Chinese,,14294.0
447273,https://www.themoviedb.org/movie/447273-snow-white,Snow White,109.0,2025-03-19,KR,"Family, Fantasy",4.3,"Following the benevolent King's disappearance, the Evil Queen dominated the once fair land with a cruel streak. Princess Snow White flees the castle when the Queen, in her jealousy over Snow White's inner beauty, tries to kill her. Deep into the dark woods, she stumbles upon seven magical dwarves and a young bandit named Jonathan. Together, they strive to survive the Queen's relentless pursuit and aspire to take back the kingdom.",Marc Webb,Erin Cressida Wilson,Released,English,271600000.0,205679463.0
482706,https://www.themoviedb.org/movie/482706,Oligosaccharide The Movie,103.0,2017-06-15,KR,Drama,4.5,"A truth tale about ""Oligosaccharide"" written by Crocodile Man. One 'Geun-hyeok' and ten 'Mi-jeongs' put on a sexy adult fantasy!Geun-hyeok and Mi-jeong switch bodies after they have intercourse.Mi-jeong asks Geun-hyeok for something as she's about to get married...Mi-jeong is a call girl who seduces Geun-seok. She's actually a killer. What is she?Tae-sik only drinks black coffee and Mi-jeong likes him. Will they come true?Tae-sik is a loser who uses his wife to rip money off of other men. Geun-hyeok loves her. What will happen to them?What if someone is watching me? Mi-jeong asks detective Geun-hyeok for help...""I have a wife!"" Geun-hyeok drinks with his sexy superior Mi-jeong and thing happen.Mi-jeong and her husband have a pile of debt. Mi-jeong goes to her friend Geun-hyeok who can foresee the future.Geun-hyeok is perfect and Mi-jeong loves her husband but she can't help feeling unsteady.Tae-sik leaves on a suicide journey and meets Mi-jeong. They fall in love...",No Zin-soo,,Released,Korean,,
263115,https://www.themoviedb.org/movie/263115-logan,Logan,137.0,2017-03-01,KR,"Action, Drama, Science Fiction",7.8,"In the near future, a weary Logan cares for an ailing Professor X in a hideout on the Mexican border. But Logan's attempts to hide from the world and his legacy are upended when a young mutant arrives, pursued by dark forces.",James Mangold,"James Mangold, Michael Green, Scott Frank",Released,English,97000000.0,619021436.0
603692,https://www.themoviedb.org/movie/603692-john-wick-chapter-4,John Wick: Chapter 4,170.0,2023-04-12,KR,"Action, Thriller, Crime",7.7,"With the price on his head ever increasing, John Wick uncovers a path to defeating The High Table. But before he can earn his freedom, Wick must face off against a new enemy with powerful alliances across the globe and forces that turn old friends into foes.",Chad Stahelski,"Shay Hatten, Michael Finch",Released,English,100000000.0,447316405.0
49051,https://www.themoviedb.org/movie/49051-the-hobbit-an-unexpected-journey,The Hobbit: An Unexpected Journey,169.0,2012-12-13,KR,"Adventure, Fantasy, Action",7.4,"Bilbo Baggins, a hobbit enjoying his quiet life, is swept into an epic quest by Gandalf the Grey and thirteen dwarves who seek to reclaim their mountain home from Smaug, the dragon.",Peter Jackson,"Peter Jackson, J. R. R. Tolkien, Guillermo del Toro, Fran Walsh, Philippa Boyens",Released,English,250000000.0,1021103568.0
764,https://www.themoviedb.org/movie/764-the-evil-dead,The Evil Dead,85.0,1989-09-02,KR,Horror,7.3,"In 1979, a group of college students find a Sumerian Book of the Dead in an old wilderness cabin they've rented for a weekend getaway.",Sam Raimi,Sam Raimi,Released,English,350000.0,29400000.0
330457,https://www.themoviedb.org/movie/330457-frozen-ii,Frozen II,103.0,2019-11-21,KR,"Family, Animation, Adventure, Comedy, Fantasy",7.2,"Elsa, Anna, Kristoff and Olaf head far into the forest to learn the truth about an ancient mystery of their kingdom.","Jennifer Lee, Chris Buck","Jennifer Lee, Allison Schroeder",Released,English,150000000.0,1453683476.0
497698,https://www.themoviedb.org/movie/497698-black-widow,Black Widow,134.0,2021-07-07,KR,"Action, Adventure, Science Fiction",7.2,"Natasha Romanoff, also known as Black Widow, confronts the darker parts of her ledger when a dangerous conspiracy with ties to her past arises. Pursued by a force that will stop at nothing to bring her down, Natasha must deal with her history as a spy and the broken relationships left in her wake long before she became an Avenger.",Cate Shortland,Eric Pearson,Released,English,200000000.0,379751131.0
299537,https://www.themoviedb.org/movie/299537-captain-marvel,Captain Marvel,124.0,2019-03-06,KR,"Action, Adventure, Science Fiction",6.8,"The story follows Carol Danvers as she becomes one of the universe’s most powerful heroes when Earth is caught in the middle of a galactic war between two alien races. Set in the 1990s, Captain Marvel is an all-new adventure from a previously unseen period in the history of the Marvel Cinematic Universe.","Ryan Fleck, Anna Boden","Ryan Fleck, Anna Boden, Geneva Robertson-Dworet",Released,English,152000000.0,1131416446.0
1064213,https://www.themoviedb.org/movie/1064213-anora,Anora,139.0,2024-11-06,KR,"Drama, Comedy, Romance",7.1,"A young sex worker from Brooklyn gets her chance at a Cinderella story when she meets and impulsively marries the son of an oligarch. Once the news reaches Russia, her fairytale is threatened as his parents set out to get the marriage annulled.",Sean Baker,Sean Baker,Released,English,6000000.0,56286295.0
656908,https://www.themoviedb.org/movie/656908,Ramayana,,2026-11-08,IN,"Drama, Fantasy, Action",0.0,"An ancient epic follows a young prince and princess whose marriage and subsequent exile mark the beginning of a legendary journey. Their story of love, duty and destiny sets the stage for greater challenges ahead.",Nitesh Tiwari,"Valmiki, Shridhar Raghavan",Post Production,Hindi,230000000.0,
290098,https://www.themoviedb.org/movie/290098,The Handmaiden,145.0,2016-06-01,KR,"Thriller, Drama, Romance",8.2,"1930s Korea, in the period of Japanese occupation, a new girl, Sook-hee, is hired as a handmaiden to a Japanese heiress, Hideko, who lives a secluded life on a large countryside estate with her domineering Uncle Kouzuki. But the maid has a secret. She is a pickpocket recruited by a swindler posing as a Japanese Count to help him seduce the Lady to steal her fortune.",Park Chan-wook,"Park Chan-wook, Sarah Waters, Chung Seo-kyung",Released,Korean,8575000.0,38600000.0
1011985,https://www.themoviedb.org/movie/1011985-kung-fu-panda-4,Kung Fu Panda 4,94.0,2024-04-10,KR,"Action, Adventure, Animation, Comedy, Family, Fantasy",7.0,"Po is gearing up to become the spiritual leader of his Valley of Peace, but also needs someone to take his place as Dragon Warrior. As such, he will train a new kung fu practitioner for the spot and will encounter a villain called the Chameleon who conjures villains from the past.",Mike Mitchell,"Darren Lemke, Glenn Berger, Jonathan Aibel",Released,English,80000000.0,548040835.0
72190,https://www.themoviedb.org/movie/72190-world-war-z,World War Z,116.0,2013-06-20,KR,"Action, Horror, Science Fiction",6.8,"Life for former United Nations investigator Gerry Lane and his family seems content. Suddenly, the world is plagued by a mysterious infection turning whole human populations into rampaging mindless zombies. After barely escaping the chaos, Lane is persuaded to go on a mission to investigate this disease. What follows is a perilous trek around the world where Lane must brave horrific dangers and long odds to find answers before human civilization falls.",Marc Forster,"Max Brooks, Damon Lindelof, Matthew Michael Carnahan, Drew Goddard",Released,English,200000000.0,531865000.0
637,https://www.themoviedb.org/movie/637-la-vita-e-bella,Life Is Beautiful,116.0,1999-03-06,KR,"Comedy, Drama",8.4,A touching story of an Italian book seller of Jewish ancestry who lives in his own little fairy tale. His creative and happy life would come to an abrupt halt when his entire family is deported to a concentration camp during World War II. While locked up he tries to convince his son that the whole thing is just a game.,Roberto Benigni,"Roberto Benigni, Vincenzo Cerami",Released,Italian,20000000.0,230098753.0
398818,https://www.themoviedb.org/movie/398818-call-me-by-your-name,Call Me by Your Name,132.0,2018-03-22,KR,"Romance, Drama",8.1,"In the summer of 1983, a 17-year-old Elio spends his days in his family's villa in Italy. One day Oliver, a graduate student, arrives to assist Elio's father, a professor of Greco-Roman culture. Soon, Elio and Oliver discover a summer that will alter their lives forever.",Luca Guadagnino,"André Aciman, James Ivory",Released,English,3500000.0,43143046.0
1469342,https://www.themoviedb.org/movie/1469342-her-private-hell,Her Private Hell,110.0,2026-07-24,US,"Science Fiction, Horror, Thriller",4.9,"When a mysterious mist engulfs a futuristic metropolis, unleashing a deadly and elusive entity, a troubled young woman searches for her father. Her quest collides with an American GI on a harrowing odyssey to rescue his daughter from Hell.",Nicolas Winding Refn,"Nicolas Winding Refn, Esti Giordani",Released,English,6000000.0,530000.0
27,https://www.themoviedb.org/movie/27-9-songs,9 Songs,70.0,2011-10-27,KR,"Drama, Music, Romance",5.6,"Matt, a young glaciologist, soars across the vast, silent, icebound immensities of the South Pole as he recalls his love affair with Lisa. They meet at a mobbed rock concert in a vast music hall - London's Brixton Academy. They are in bed at night's end. Together, over a period of several months, they pursue a mutual sexual passion whose inevitable stages unfold in counterpoint to nine live-concert songs.",Michael Winterbottom,Michael Winterbottom,Released,English,1000000.0,1574623.0
8966,https://www.themoviedb.org/movie/8966-twilight,Twilight,122.0,2008-12-10,KR,"Fantasy, Drama, Romance",6.3,"When Bella Swan moves to a small town in the Pacific Northwest, she falls in love with Edward Cullen, a mysterious classmate who reveals himself to be a 108-year-old vampire. Despite Edward's repeated cautions, Bella can't stay away from him, a fatal move that endangers her own life.",Catherine Hardwicke,"Stephenie Meyer, Melissa Rosenberg",Released,English,37000000.0,393616788.0
567609,https://www.themoviedb.org/movie/567609-ready-or-not,Ready or Not,96.0,2019-08-21,US,"Horror, Comedy",7.1,A young bride's wedding night turns into her worst nightmare when her ridiculously rich in-laws force her to play a gruesome game of hide-and-seek.,"Matt Bettinelli-Olpin, Tyler Gillett","R. Christopher Murphy, Guy Busick",Released,English,6000000.0,57615777.0
259316,https://www.themoviedb.org/movie/259316-fantastic-beasts-and-where-to-find-them,Fantastic Beasts and Where to Find Them,133.0,2016-11-16,KR,"Fantasy, Adventure",7.3,"In 1926, Newt Scamander arrives at the Magical Congress of the United States of America with a magically expanded briefcase, which houses a number of dangerous creatures and their habitats. When the creatures escape from the briefcase, it sends the American wizarding authorities after Newt, and threatens to strain even further the state of magical and non-magical relations.",David Yates,J.K. Rowling,Released,English,180000000.0,809342332.0
296096,https://www.themoviedb.org/movie/296096-me-before-you,Me Before You,110.0,2016-06-01,KR,"Drama, Romance",7.9,"Lou Clark, a directionless 26-year-old from the English countryside, takes a job at the local castle as a caregiver and companion to a wealthy young banker, Will Traynor. Wheelchair-bound from an accident two years prior, the once adventurous Will has all but given up — that is until Lou determines to show him that life is worth living.",Thea Sharrock,"Jojo Moyes, Michael H. Weber, Scott Neustadter",Released,English,20000000.0,207945075.0
329865,https://www.themoviedb.org/movie/329865-arrival,Arrival,116.0,2017-02-02,KR,"Drama, Science Fiction, Mystery",7.6,"Taking place after alien crafts land around the world, an expert linguist is recruited by the military to determine whether they come in peace or are a threat.",Denis Villeneuve,Eric Heisserer,Released,English,47000000.0,203388186.0
246655,https://www.themoviedb.org/movie/246655-x-men-apocalypse,X-Men: Apocalypse,144.0,2016-05-25,KR,"Science Fiction, Fantasy, Action",6.5,"After the re-emergence of the world's first mutant, world-destroyer Apocalypse, the X-Men must unite to defeat his extinction level plan.",Bryan Singer,Simon Kinberg,Released,English,178000000.0,543934787.0
105825,https://www.themoviedb.org/movie/105825,Erotic Ghost Story III,94.0,1992-03-05,HK,"Fantasy, Horror",5.6,"A wanderer meets a monk with magical powers and becomes entranced by a mural of exquisite dancing women. He enters the painting, unaware of the conspiracy behind it, and must rescue the women who are trapped within.",Ivan Lai Kai-Ming,Gaap Yuen-Ya,Released,Cantonese,,1201428.0
381284,https://www.themoviedb.org/movie/381284-hidden-figures,Hidden Figures,127.0,2017-03-23,KR,"Drama, History",8.0,"The untold story of Katherine G. Johnson, Dorothy Vaughan and Mary Jackson – brilliant African-American women working at NASA and serving as the brains behind one of the greatest operations in history – the launch of astronaut John Glenn into orbit. The visionary trio crossed all gender and race lines to inspire generations to dream big.",Theodore Melfi,"Theodore Melfi, Allison Schroeder",Released,English,25000000.0,235957472.0
1580803,https://www.themoviedb.org/movie/1580803-susana-y-elvira-sin-plan-b,Susana and Elvira: No Plan B,,2026-05-28,CO,"Romance, Comedy, Drama",6.1,"Susana and Elvira, two former best friends, reunite after two years apart to organize the celebrity wedding of the year.",Maria Gamboa,"María Fernanda Moreno, Valeria Gómez, Ana María Parra Vázquez, Marcela Peláez",Released,Spanish; Castilian,,
1542877,https://www.themoviedb.org/movie/1542877,Assassination Classroom the Movie: Our Time,,2026-03-20,JP,"Animation, Comedy, Action, Science Fiction",7.2,"United by a common mission to eliminate their teacher, Koro-sensei, an alien creature with phenomenal strength, join Nagisa and his Class 3-E classmates in brand-new adventures.",Masaki Kitamura,Makoto Uezu,Released,Japanese,,
411088,https://www.themoviedb.org/movie/411088-contratiempo,The Invisible Guest,107.0,2017-09-21,KR,"Drama, Mystery, Thriller",8.1,"Barcelona, Spain. Adrián Doria, a young and successful businessman accused of murder, meets one night with Virginia Goodman, an expert interrogation lawyer, in order to devise a defense strategy.",Oriol Paulo,Oriol Paulo,Released,Spanish; Castilian,4000000.0,30000000.0
508442,https://www.themoviedb.org/movie/508442-soul,Soul,101.0,2021-01-20,KR,"Animation, Family, Drama, Music, Fantasy",8.1,"Joe Gardner is a middle school teacher with a love for jazz music. After a successful audition at the Half Note Club, he suddenly gets into an accident that separates his soul from his body and is transported to the You Seminar, a center in which souls develop and gain passions before being transported to a newborn child. Joe must enlist help from the other souls-in-training, like 22, a soul who has spent eons in the You Seminar, in order to get back to Earth.",Pete Docter,"Pete Docter, Mike Jones, Kemp Powers",Released,English,150000000.0,121977511.0
438148,https://www.themoviedb.org/movie/438148-minions-the-rise-of-gru,Minions: The Rise of Gru,87.0,2022-07-20,KR,"Animation, Comedy, Science Fiction, Crime, Family",7.3,"A fanboy of a supervillain supergroup known as the Vicious 6, Gru hatches a plan to become evil enough to join them, with the backup of his followers, the Minions.",Kyle Balda,Matthew Fogel,Released,English,85000000.0,940203765.0
541671,https://www.themoviedb.org/movie/541671-ballerina,Ballerina,125.0,2025-08-06,KR,"Action, Thriller, Crime",7.3,"Taking place during the events of John Wick: Chapter 3 – Parabellum, Eve Macarro begins her training in the assassin traditions of the Ruska Roma.",Len Wiseman,Shay Hatten,Released,English,90000000.0,137408107.0
823464,https://www.themoviedb.org/movie/823464-godzilla-x-kong-the-new-empire,Godzilla x Kong: The New Empire,115.0,2024-03-27,KR,"Action, Adventure, Science Fiction",7.0,"Following their explosive showdown, Godzilla and Kong must reunite against a colossal undiscovered threat hidden within our world, challenging their very existence – and our own.",Adam Wingard,"Simon Barrett, Terry Rossio, Jeremy Slater",Released,English,150000000.0,571750016.0
812583,https://www.themoviedb.org/movie/812583-wake-up-dead-man-a-knives-out-mystery,Wake Up Dead Man: A Knives Out Mystery,145.0,2025-12-12,KR,"Thriller, Mystery, Comedy",7.2,"When young priest Jud Duplenticy is sent to assist charismatic firebrand Monsignor Jefferson Wicks, it’s clear that all is not well in the pews. After a sudden and seemingly impossible murder rocks the town, the lack of an obvious suspect prompts local police chief Geraldine Scott to join forces with renowned detective Benoit Blanc to unravel a mystery that defies all logic.",Rian Johnson,Rian Johnson,Released,English,210000000.0,4000000.0
507086,https://www.themoviedb.org/movie/507086-jurassic-world-dominion,Jurassic World Dominion,147.0,2022-06-01,KR,"Adventure, Science Fiction, Thriller",6.6,"Four years after Isla Nublar was destroyed, dinosaurs now live—and hunt—alongside humans all over the world. This fragile balance will reshape the future and determine, once and for all, whether human beings are to remain the apex predators on a planet they now share with history's most fearsome creatures.",Colin Trevorrow,"Colin Trevorrow, Emily Carmichael",Released,English,658800000.0,1004004592.0
953,https://www.themoviedb.org/movie/953-madagascar,Madagascar,86.0,2005-07-14,KR,"Adventure, Animation, Comedy, Family",6.9,Four animal friends get a taste of the wild life when they break out of captivity at the Central Park Zoo and wash ashore on the island of Madagascar.,"Eric Darnell, Tom McGrath","Eric Darnell, Tom McGrath, Mark Burton, Billy Frolick",Released,English,75000000.0,542064525.0
1400837,https://www.themoviedb.org/movie/1400837-other-mommy,Other Mommy,,2026-10-09,US,Horror,0.0,"A young girl, Bela, forms a relationship with a sinister entity in her home who looks uncannily like her own mother.",Rob Savage,"Josh Malerman, Nathan Elston",Post Production,English,,
701387,https://www.themoviedb.org/movie/701387-bugonia,Bugonia,119.0,2025-11-05,KR,"Science Fiction, Thriller, Comedy",7.3,"Two conspiracy obsessed young men kidnap the high-powered CEO of a major company, convinced that she is an alien intent on destroying planet Earth.",Yorgos Lanthimos,Will Tracy,Released,English,55000000.0,43500000.0
999136,https://www.themoviedb.org/movie/999136-do-not-enter,Do Not Enter,91.0,2026-03-20,US,Horror,6.3,"A group of young explorers investigates an old abandoned hotel, only to encounter a strange supernatural being and a competing group looking for a legendary hidden treasure.",Marc Klasfeld,"David Morrell, Spencer Mandel, Dikega Hadnot, Stephen Susco",Released,English,,
539,https://www.themoviedb.org/movie/539-psycho,Psycho,109.0,1962-07-28,KR,"Horror, Thriller, Mystery",8.4,"When larcenous real estate clerk Marion Crane goes on the lam with a wad of cash and hopes of starting a new life, she ends up at the notorious Bates Motel, where manager Norman Bates cares for his housebound mother.",Alfred Hitchcock,"Robert Bloch, Joseph Stefano",Released,English,806947.0,50000000.0
38365,https://www.themoviedb.org/movie/38365-grown-ups,Grown Ups,102.0,2010-07-12,KR,Comedy,6.4,"After their high school basketball coach passes away, five good friends and former teammates reunite for a Fourth of July holiday weekend.",Dennis Dugan,"Fred Wolf, Adam Sandler",Released,English,80000000.0,271457606.0
1119449,https://www.themoviedb.org/movie/1119449-good-luck-have-fun-don-t-die,"Good Luck, Have Fun, Don't Die",134.0,2026-02-13,US,"Science Fiction, Action, Comedy",7.1,A 'Man from the Future' arrives at an LA diner where he must recruit the precise combination of disgruntled patrons to join him on a one-night quest to save the world from the terminal threat of a rogue artificial intelligence.,Gore Verbinski,Matthew Robinson,Released,English,20000000.0,9755038.0
1616674,https://www.themoviedb.org/movie/1616674-aku-sebelum-aku,Me Before Me,127.0,2026-07-16,KR,Drama,6.3,"A young student battling pressure, panic and a demanding father uses a class project to discover that truth — not trophies — might finally set him free.",Gina S. Noer,Gina S. Noer,Released,Indonesian,,
311,https://www.themoviedb.org/movie/311-once-upon-a-time-in-america,Once Upon a Time in America,229.0,1984-12-10,KR,"Drama, Crime",8.4,"A former Prohibition-era Jewish gangster returns to the Lower East Side of Manhattan over thirty years later, where he once again must confront the ghosts and regrets of his old life.",Sergio Leone,"Sergio Leone, Harry Grey, Piero De Bernardi, Enrico Medioli, Franco Ferrini, Leonardo Benvenuti, Franco Arcalli",Released,English,30000000.0,5500000.0
11852,https://www.themoviedb.org/movie/11852-the-hot-chick,The Hot Chick,104.0,2003-04-25,KR,"Comedy, Fantasy",6.4,"Not only is Jessica Spencer the most popular girl in school -- she is also the meanest. But things change for the attractive teen when a freak accident involving a cursed pair of earrings and a chance encounter at a gas station causes her to switch bodies with Clive, a sleazy crook. Jessica, in the form of the repulsive Clive, struggles to adjust to this radical alteration and sets out to get her own body back before the upcoming prom.",Tom Brady,"Tom Brady, Rob Schneider",Released,English,34000000.0,54639553.0
1710886,https://www.themoviedb.org/movie/1710886-sugar-mommy,Sugar Mommy,75.0,2026-06-09,PH,Drama,0.0,"When a non-committal sugar mommy takes in her three sugar babies, jealousy erupts as one of them becomes determined to be her one and only.",Christopher Novabos,,Released,Tagalog,,
637649,https://www.themoviedb.org/movie/637649-wrath-of-man,Wrath of Man,119.0,2021-06-09,KR,"Thriller, Crime, Drama",7.6,"A cold and mysterious new security guard for a Los Angeles cash truck company surprises his co-workers when he unleashes precision skills during a heist. The crew is left wondering who he is and where he came from. Soon, the marksman's ultimate motive becomes clear as he takes dramatic and irrevocable steps to settle a score.",Guy Ritchie,"Guy Ritchie, Marn Davies, Ivan Atkinson",Released,English,40000000.0,103966489.0
288987,https://www.themoviedb.org/movie/288987-quella-eta-maliziosa,That Malicious Age,90.0,1975-03-11,IT,"Drama, Romance",6.4,"Gardener Napoleone takes a job in a southern-Italian villa and quickly finds himself embroiled in a menage-a-trois with Paola and her mother, which soon leads to sex, death and mayhem.",Silvio Amadio,"Silvio Amadio, Piero Regnoli",Released,Italian,,
426063,https://www.themoviedb.org/movie/426063-nosferatu,Nosferatu,133.0,2025-01-15,KR,"Horror, Fantasy",6.7,"A gothic tale of obsession between a haunted young woman and the terrifying vampire infatuated with her, causing untold horror in its wake.",Robert Eggers,"Robert Eggers, Bram Stoker",Released,English,50000000.0,181805645.0
1002398,https://www.themoviedb.org/movie/1002398-donselya,Virgin,99.0,2025-05-02,KR,"Drama, Romance",6.3,"Iris, an 18-year old virgin marries Joaquin, a rich widower, because of money. However, when he learns that Iris is not really a virgin, their honeymoon turns to a bloodbath.",Christopher Novabos,,Released,Tagalog,,
285,https://www.themoviedb.org/movie/285-pirates-of-the-caribbean-at-world-s-end,Pirates of the Caribbean: At World's End,169.0,2007-05-23,KR,"Adventure, Fantasy, Action",7.3,"After losing Captain Jack Sparrow to the locker of Davy Jones, Will Turner, Elizabeth Swann, and Captain Barbossa journey to the ends of the earth to rescue him. And as the East India Trading Company tightens its grip on the seas under Lord Cutler Beckett—now in control of Davy Jones—the fate of piracy hangs by a thread. Now, they must unite the pirate lords for one final stand. But as loyalties are tested and alliances shift, each must ultimately choose where they stand in the battle for freedom on the high seas.",Gore Verbinski,"Terry Rossio, Ted Elliott",Released,English,300000000.0,961691209.0
24,https://www.themoviedb.org/movie/24-kill-bill-vol-1,Kill Bill: Vol. 1,111.0,2003-11-21,KR,"Action, Crime",8.0,"An assassin is shot by her ruthless employer, Bill, and other members of their assassination circle – but she lives to plot her vengeance.",Quentin Tarantino,Quentin Tarantino,Released,English,30000000.0,180906076.0
560210,https://www.themoviedb.org/movie/560210-3,My Student's Mom 3,81.0,2018-02-05,KR,Romance,4.0,"The middle school teacher, Zhu Xi, suddenly goes to the studio by leaving her husband and son because of sudden local issue. She is stressed because of the overworked environment and the changed environment. After a lonely night without a wife, the husband finally winds up with his son’s young, sexy tutor …",Yoo Hae-jong,,Released,Korean,,
1193501,https://www.themoviedb.org/movie/1193501-whistle,Whistle,100.0,2026-02-06,US,"Horror, Mystery",6.3,"A misfit group of unwitting high school students stumble upon a cursed object, an ancient Aztec Death Whistle. They discover that blowing the whistle and the terrifying sound it emits will summon their future deaths to hunt them down.",Corin Hardy,Owen Egerton,Released,English,2000000.0,4987632.0
20453,https://www.themoviedb.org/movie/20453-3-idiots,3 Idiots,171.0,2011-08-17,KR,"Drama, Comedy",8.0,"Rascal. Joker. Dreamer. Genius... You've never met a college student quite like ""Rancho."" From the moment he arrives at India's most prestigious university, Rancho's outlandish schemes turn the campus upside down—along with the lives of his two newfound best friends. Together, they make life miserable for ""Virus,"" the school’s uptight and heartless dean. But when Rancho catches the eye of the dean's daughter, Virus sets his sights on flunking out the ""3 idiots"" once and for all.",Rajkumar Hirani,"Rajkumar Hirani, Abhijat Joshi, Chetan Bhagat, Vidhu Vinod Chopra",Released,Hindi,9000000.0,70000000.0
259693,https://www.themoviedb.org/movie/259693-the-conjuring-2,The Conjuring 2,134.0,2016-06-09,KR,Horror,7.3,Lorraine and Ed Warren travel to north London to help a single mother raising four children alone in a house plagued by malicious spirits.,James Wan,"James Wan, Carey Hayes, Chad Hayes, David Leslie Johnson-McGoldrick",Released,English,40000000.0,322819915.0
1252309,https://www.themoviedb.org/movie/1252309-pideme-lo-que-quieras,Tell Me What You Want,114.0,2025-10-02,KR,"Romance, Drama",6.1,"After his father's death, Eric Zimmerman travels to Spain to oversee his company's branches. In Madrid, he falls for Judith and engage in an intense, erotic relationship full of exploration. However, Eric fears his secret may end their affair.",Lucía Alemany,"Megan Maxwell, Vivien Dakota, Ivy Hesh, Marina Martín Laguna",Released,Spanish; Castilian,,2265661.0
696393,https://www.themoviedb.org/movie/696393-cold-storage,Cold Storage,99.0,2026-02-13,US,"Horror, Science Fiction, Comedy",6.8,"When a mutating, highly contagious fungus escapes a sealed facility, two employees – joined by a grizzled bioterror operative – must survive the wildest night shift ever to save humanity from extinction.",Jonny Campbell,David Koepp,Released,English,10000000.0,4048606.0
33337,https://www.themoviedb.org/movie/33337-tendre-poulet,Dear Inspector,105.0,1978-01-18,FR,Comedy,5.9,"When Lise's car bumps Antoine's bike, they recognize each other from a brief fling 20 years before while at the Sorbonne. He's now a professor of Greek; she's loathe to tell him she's a police inspector. A call interrupts their first dinner date: a Deputy of the National Assembly has been murdered. She has a suspect, another Deputy, and must track him while deflecting Antoine's eye from her vocation. All roads in the inquiry lead to Christine Vallier, the dead Deputy's mistress, a beguiling 22-year-old whose mother ran the Assembly's snack bar. When more deputies die and Antoine learns Lise's identity, she must act quickly solve the crime and save her future.",Philippe de Broca,"Jean-Paul Rouland, Claude Olivier, Michel Audiard",Released,French,,
696506,https://www.themoviedb.org/movie/696506-mickey-17,Mickey 17,137.0,2025-02-28,KR,"Science Fiction, Comedy, Adventure",6.8,"Unlikely hero Mickey Barnes finds himself in the extraordinary circumstance of working for an employer who demands the ultimate commitment to the job… to die, for a living.",Bong Joon Ho,"Bong Joon Ho, Edward Ashton",Released,English,118000000.0,133542263.0
9502,https://www.themoviedb.org/movie/9502-kung-fu-panda,Kung Fu Panda,90.0,2008-06-05,KR,"Action, Animation, Comedy, Family",7.3,"Chosen by prophecy but doubted by all, Po is an unlikely choice for the mystical title of the Dragon Warrior—a clumsy panda thrust into the world of kung fu as a deadly enemy threatens the Valley of Peace. Under reluctant guidance by Master Shifu and the Furious Five, Po must embrace who he is to unlock the power that no scroll can teach.","Mark Osborne, John Stevenson","Glenn Berger, Jonathan Aibel",Released,English,130000000.0,632091832.0
1284016,https://www.themoviedb.org/movie/1284016-power-ballad,Power Ballad,99.0,2026-09-02,KR,"Comedy, Music, Drama",7.1,"When Rick, a past-his-prime wedding singer, meets fading boy-band star Danny during a gig, the two bond over music and a late-night jam session. But when Danny turns one of Rick’s songs into the hit that reignites his career, Rick sets out to reclaim the recognition he believes he deserves - even if it means risking everything he cares about.",John Carney,"John Carney, Peter McDonald",Released,English,,3366361.0
68721,https://www.themoviedb.org/movie/68721-iron-man-3,Iron Man 3,130.0,2013-04-25,KR,"Action, Adventure, Science Fiction",6.9,"When Tony Stark's world is torn apart by a formidable terrorist called the Mandarin, he starts an odyssey of rebuilding and retribution.",Shane Black,"Shane Black, Drew Pearce",Released,English,200000000.0,1215577205.0
423,https://www.themoviedb.org/movie/423-the-pianist,The Pianist,150.0,2003-01-01,KR,"Drama, War",8.4,"The true story of pianist Władysław Szpilman's experiences in Warsaw during the Nazi occupation. When the Jews of the city find themselves forced into a ghetto, Szpilman finds work playing in a café; and when his family is deported in 1942, he stays behind, works for a while as a laborer, and eventually goes into hiding in the ruins of the war-torn city.",Roman Polanski,Ronald Harwood,Released,English,35000000.0,120098945.0
1669051,https://www.themoviedb.org/movie/1669051-kesong-puti,Kesong Puti,,2026-07-31,KR,Drama,3.8,"Have a taste of VMX Newest Temptation Apphle Celso. Lena, a Kesong Puti vendor, meets a charming dairy supplier Manny. Their chemistry sparks a daring secret that transforms her humble cheese into their town’s obsession.",Rodante Pajemna Jr.,,Released,Tagalog,,
1091,https://www.themoviedb.org/movie/1091-the-thing,The Thing,109.0,1983-12-25,KR,"Horror, Mystery, Science Fiction",8.1,A research team in Antarctica is hunted by a shape-shifting alien that assumes the appearance of its victims.,John Carpenter,"John W. Campbell Jr., Bill Lancaster",Released,English,15000000.0,19629760.0
1359,https://www.themoviedb.org/movie/1359-american-psycho,American Psycho,102.0,2000-11-25,KR,"Thriller, Drama, Crime",7.4,"A wealthy New York investment banking executive hides his alternate psychopathic ego from his co-workers and friends as he escalates deeper into his illogical, gratuitous fantasies.",Mary Harron,"Mary Harron, Bret Easton Ellis, Guinevere Turner",Released,English,7000000.0,34269748.0
791373,https://www.themoviedb.org/movie/791373-zack-snyder-s-justice-league,Zack Snyder's Justice League,242.0,2021-03-18,KR,"Action, Adventure, Fantasy",8.1,"Determined to ensure Superman's ultimate sacrifice was not in vain, Bruce Wayne aligns forces with Diana Prince with plans to recruit a team of metahumans to protect the world from an approaching threat of catastrophic proportions.",Zack Snyder,Chris Terrio,Released,English,70000000.0,
786892,https://www.themoviedb.org/movie/786892-furiosa-a-mad-max-saga,Furiosa: A Mad Max Saga,149.0,2024-05-22,KR,"Action, Science Fiction, Adventure",7.4,"As the world falls, young Furiosa is snatched from the Green Place of Many Mothers into the hands of a great biker horde led by the warlord Dementus. Sweeping through the wasteland, they encounter the citadel presided over by Immortan Joe. The two tyrants wage war for dominance, and Furiosa must survive many trials as she puts together the means to find her way home.",George Miller,"George Miller, Nico Lathouris",Released,English,168000000.0,174287546.0
698687,https://www.themoviedb.org/movie/698687-transformers-one,Transformers One,104.0,2024-09-25,KR,"Animation, Science Fiction, Adventure, Family",8.0,"The untold origin story of Optimus Prime and Megatron, better known as sworn enemies, but once were friends bonded like brothers who changed the fate of Cybertron forever.",Josh Cooley,"Gabriel Ferrari, Andrew Barrer, Eric Pearson",Released,English,75000000.0,129408392.0
1539104,https://www.themoviedb.org/movie/1539104-x,JUJUTSU KAISEN: Execution,88.0,2025-12-03,KR,"Animation, Action, Fantasy",6.0,"A veil abruptly descends over the busy Shibuya area amid the bustling Halloween crowds, trapping countless civilians inside. Satoru Gojo, the strongest jujutsu sorcerer, steps into the chaos. But lying in wait are curse users and spirits scheming to seal him away. Yuji Itadori, accompanied by his classmates and other top-tier jujutsu sorcerers, enters the fray in an unprecedented clash of curses — the Shibuya Incident. In the aftermath, ten colonies across Japan are transformed into dens of curses in a plan orchestrated by Noritoshi Kamo. As the deadly Culling Game starts, Special Grade sorcerer Yuta Okkotsu is assigned to carry out Yuji's execution for his perceived crimes. A compilation movie of Shibuya Incident including the first two episodes of the Culling Games arc.",Shota Goshozono,Hiroshi Seko,Released,Japanese,,44457030.0
1865,https://www.themoviedb.org/movie/1865-pirates-of-the-caribbean-on-stranger-tides,Pirates of the Caribbean: On Stranger Tides,136.0,2011-05-19,KR,"Adventure, Action, Fantasy",6.6,"When Jack crosses paths with a woman from his past, he's not sure if it's love...or if she's a ruthless con artist using him to find the fabled Fountain of Youth.",Rob Marshall,"Tim Powers, Terry Rossio, Ted Elliott",Released,English,379000000.0,1046721266.0
9769,https://www.themoviedb.org/movie/9769-lolita,Lolita,137.0,1998-10-17,KR,Drama,7.1,"Humbert Humbert is a middle-aged British novelist who is both appalled by and attracted to the vulgarity of American culture. When he comes to stay at the boarding house run by Charlotte Haze, he soon becomes obsessed with Lolita, the woman's teenaged daughter.",Adrian Lyne,"Vladimir Nabokov, Stephen Schiff",Released,English,62000000.0,1100000.0
949,https://www.themoviedb.org/movie/949-heat,Heat,170.0,1996-08-10,KR,"Crime, Drama, Action",7.9,Obsessive master thief Neil McCauley leads a top-notch crew on various daring heists throughout Los Angeles while determined detective Vincent Hanna pursues him without rest. Each man recognizes and respects the ability and the dedication of the other even though they are aware their cat-and-mouse game may end in violence.,Michael Mann,Michael Mann,Released,English,60000000.0,187400000.0
135397,https://www.themoviedb.org/movie/135397-jurassic-world,Jurassic World,124.0,2015-06-11,KR,"Adventure, Science Fiction, Thriller",6.7,"Twenty-two years after the events of Jurassic Park, Isla Nublar now features a fully functioning dinosaur theme park, Jurassic World, as originally envisioned by John Hammond.",Colin Trevorrow,"Colin Trevorrow, Amanda Silver, Rick Jaffa, Derek Connolly",Released,English,150000000.0,1671537444.0
1084187,https://www.themoviedb.org/movie/1084187-pretty-lethal,Pretty Lethal,89.0,2026-03-13,US,"Action, Thriller, Horror",6.8,A troupe of ballerinas find themselves fighting for survival as they attempt to escape from a remote inn after their bus breaks down on the way to a dance competition.,Vicky Jewson,Kate Freund,Released,English,,
62177,https://www.themoviedb.org/movie/62177-brave,Brave,93.0,2012-09-27,KR,"Adventure, Animation, Family, Fantasy",7.0,"In the mystical Scottish Highlands, Merida is the princess of a kingdom ruled by King Fergus and Queen Elinor. An unruly daughter and an accomplished archer, Merida one day defies a sacred custom of the land and inadvertently brings turmoil to the kingdom. In an attempt to set things right, Merida seeks out an eccentric old Wise Woman and is granted an ill-fated wish. Also figuring into Merida's quest — and serving as comic relief — are the kingdom's three lords: the enormous Lord MacGuffin, the surly Lord Macintosh, and the disagreeable Lord Dingwall.","Brenda Chapman, Mark Andrews","Brenda Chapman, Mark Andrews, Steve Purcell, Irene Mecchi",Released,English,185000000.0,538983207.0
1359685,https://www.themoviedb.org/movie/1359685-el-mal,El mal,129.0,2026-01-16,ES,"Thriller, Horror",5.9,"“El mal is basically a suspense story, where the audience senses that something disturbing is going to happen, but doesn't know how or when. But it also aims to get the viewer to question their own certainties, their capacity to love and to accept their own dark side.”",Juanma Bajo Ulloa,Juanma Bajo Ulloa,Released,Spanish; Castilian,,
118,https://www.themoviedb.org/movie/118-charlie-and-the-chocolate-factory,Charlie and the Chocolate Factory,115.0,2005-09-16,KR,"Adventure, Comedy, Family, Fantasy",7.0,"A young boy wins a tour through the most magnificent chocolate factory in the world, led by the world's most unusual candy maker.",Tim Burton,"Roald Dahl, John August",Released,English,150000000.0,475000000.0
151026,https://www.themoviedb.org/movie/151026-la-liceale-seduce-i-professori,How to Seduce Your Teacher,93.0,1979-08-09,IT,Comedy,5.2,"There's a new girl in school, Angela, the Headmaster's neice. Every male will try to seduce her, even her uncle. Meanwhile she will drive the philosophy's teacher mad and her best friend Irma will have a good time with the classmates. Will they get the grades?",Mariano Laurenti,"Mariano Laurenti, Francesco Milizia",Released,Italian,,
530385,https://www.themoviedb.org/movie/530385-midsommar,Midsommar,147.0,2019-07-11,KR,"Horror, Drama, Mystery",7.1,"Several friends travel to Sweden to study as anthropologists a summer festival that is held every ninety years in the remote hometown of one of them. What begins as a dream vacation in a place where the sun never sets, gradually turns into a dark nightmare as the mysterious inhabitants invite them to participate in their disturbing festive activities.",Ari Aster,Ari Aster,Released,English,9000000.0,48498408.0
396535,https://www.themoviedb.org/movie/396535,Train to Busan,118.0,2016-07-20,KR,"Action, Horror, Thriller",7.8,"When a zombie virus pushes Korea into a state of emergency, those trapped on an express train to Busan must fight for their own survival.",Yeon Sang-ho,Park Joo-suk,Released,Korean,8500000.0,87547518.0
419430,https://www.themoviedb.org/movie/419430-get-out,Get Out,104.0,2017-05-17,KR,"Mystery, Thriller, Horror",7.6,"Chris and his girlfriend Rose go upstate to visit her parents for the weekend. At first, Chris reads the family's overly accommodating behavior as nervous attempts to deal with their daughter's interracial relationship, but as the weekend progresses, a series of increasingly disturbing discoveries lead him to a truth that he never could have imagined.",Jordan Peele,Jordan Peele,Released,English,4500000.0,255407969.0
82702,https://www.themoviedb.org/movie/82702-how-to-train-your-dragon-2,How to Train Your Dragon 2,102.0,2014-07-24,KR,"Fantasy, Action, Adventure, Animation, Family",7.7,"Five years after uniting the dragons and Vikings of Berk, Hiccup and Toothless soar beyond their homeland, charting the vast unknown. During one of their adventures, the pair discover a secret cave that houses hundreds of wild dragons -- and a mysterious dragon rider with a startling connection to Hiccup. And as the ruthless dragon conqueror Drago Bludvist rises to seize control of both dragons and people alike, Hiccup must step into his role as a true leader and, alongside his friends and Toothless, protect Berk from a devastating war.",Dean DeBlois,Dean DeBlois,Released,English,145000000.0,621537519.0
374720,https://www.themoviedb.org/movie/374720-dunkirk,Dunkirk,107.0,2017-07-20,KR,"War, Action, Drama",7.5,"The story of the miraculous evacuation of Allied soldiers from Belgium, Britain, Canada and France, who were cut off and surrounded by the German army from the beaches and harbour of Dunkirk between May 26th and June 4th 1940 during World War II.",Christopher Nolan,Christopher Nolan,Released,English,150000000.0,549136737.0
9806,https://www.themoviedb.org/movie/9806-the-incredibles,The Incredibles,115.0,2004-12-15,KR,"Action, Adventure, Animation, Family",7.7,"Bob Parr has given up his superhero days to log in time as an insurance adjuster and raise his three children with his formerly heroic wife in suburbia. But when he receives a mysterious assignment, it's time to get back into costume.",Brad Bird,Brad Bird,Released,English,92000000.0,631442092.0
505026,https://www.themoviedb.org/movie/505026-death-on-the-nile,Death on the Nile,127.0,2022-02-09,KR,"Mystery, Crime, Thriller",6.4,Belgian sleuth Hercule Poirot's Egyptian vacation aboard a glamorous river steamer turns into a terrifying search for a murderer when a picture-perfect couple's idyllic honeymoon is tragically cut short.,Kenneth Branagh,"Agatha Christie, Michael Green",Released,English,90000000.0,137307235.0
533533,https://www.themoviedb.org/movie/533533-tron-ares,TRON: Ares,119.0,2025-10-08,KR,"Science Fiction, Adventure, Action",6.5,"A highly sophisticated Program called Ares is sent from the digital world into the real world on a dangerous mission, marking humankind's first encounter with A.I. beings.",Joachim Rønning,Jesse Wigutow,Released,English,220000000.0,142249983.0
898704,https://www.themoviedb.org/movie/898704-desert-warrior,Desert Warrior,127.0,2026-04-24,US,"History, War, Action",5.7,"In 7th-century Arabia, Princess Hind becomes a warrior to defy the ruthless Emperor Kisra. Forged into a warrior and aided by legendary bandit Hanzala, Hind unites warring tribes for a last stand—the historic Battle of Dhi Qar—that will change history.",Rupert Wyatt,"Rupert Wyatt, Gary Ross, Erica Beeney, David Self",Released,English,150000000.0,742066.0
845781,https://www.themoviedb.org/movie/845781-red-one,Red One,124.0,2024-11-06,KR,"Action, Adventure, Comedy, Fantasy",7.0,"After Santa Claus (codename: Red One) is kidnapped, the North Pole's Head of Security must team up with the world's most infamous tracker in a globe-trotting, action-packed mission to save Christmas.",Jake Kasdan,Chris Morgan,Released,English,250000000.0,185700759.0
1723460,https://www.themoviedb.org/movie/1723460-a-toxic-love-story,A Toxic Love Story,89.0,2026-07-22,GB,Documentary,6.9,A string of threatening emails escalates into a revenge plot involving a newly married US marshal and his ex-girlfriend.,Alexandra Lacey,,Released,English,,
747845,https://www.themoviedb.org/movie/747845-house-of-salt,House of Salt,14.0,2019-07-10,NL,Mystery,0.0,"We follow a man who seems to be forever dripping with water, who meets a group of people that pretend he's simply not there. The film follows the man's struggle to become part of the others and learns what he must give up to do so.",Willem Gerritsen,"Willem Gerritsen, Luuk Kristan Kuijf, Diek Pothoven",Released,English,,
12155,https://www.themoviedb.org/movie/12155-alice-in-wonderland,Alice in Wonderland,108.0,2010-03-04,KR,"Family, Fantasy, Adventure",6.6,"Alice, now 19 years old, returns to the whimsical world she first entered as a child and embarks on a journey to discover her true destiny.",Tim Burton,"Lewis Carroll, Linda Woolverton",Released,English,200000000.0,1025467110.0
43947,https://www.themoviedb.org/movie/43947-i-spit-on-your-grave,I Spit on Your Grave,108.0,2012-06-28,KR,"Thriller, Crime, Horror",6.5,"A beautiful woman from the city, Jennifer Hills, rents an isolated cabin in the country to write her latest novel. Soon, a group of local lowlifes subject her to a nightmare of degradation, rape, and violence.",Steven R. Monroe,Adam Rockoff,Released,English,2000000.0,572809.0
405746,https://www.themoviedb.org/movie/405746-door,Door,94.0,2023-07-02,KR,"Horror, Mystery, Thriller",6.0,"Yasuko, a housewife, lives in an urban high-rise apartment with her husband Satoru and her son Takuto.  Annoyed by spam calls and door-to-door salesmen, Yasuko slams the door on a salesman’s hand when he tries to squeeze a flyer through the apartment's chained front door. He leaves, but the next day, her nightmare starts.",Banmei Takahashi,"Banmei Takahashi, Ataru Oikawa",Released,Japanese,,
460465,https://www.themoviedb.org/movie/460465-mortal-kombat,Mortal Kombat,110.0,2021-04-08,KR,"Action, Fantasy, Adventure",7.1,"Washed-up MMA fighter Cole Young, unaware of his heritage, and hunted by Emperor Shang Tsung's best warrior, Sub-Zero, seeks out and trains with Earth's greatest champions as he prepares to stand against the enemies of Outworld in a high stakes battle for the universe.",Simon McQuoid,"Greg Russo, David Callaham",Released,English,20000000.0,84426031.0
70981,https://www.themoviedb.org/movie/70981-prometheus,Prometheus,124.0,2012-06-06,KR,"Science Fiction, Mystery, Horror",6.6,"A team of explorers discover a clue to the origins of mankind on Earth, leading them on a journey to the darkest corners of the universe. There, they must fight a terrifying battle to save the future of the human race.",Ridley Scott,"Jon Spaihts, Damon Lindelof",Released,English,130000000.0,403354469.0
1417,https://www.themoviedb.org/movie/1417-el-laberinto-del-fauno,Pan's Labyrinth,118.0,2006-11-30,KR,"Fantasy, Drama, War",7.8,"In post–civil war Spain, 10-year-old Ofelia moves with her pregnant mother to live under the control of her cruel stepfather. Drawn into a mysterious labyrinth, she meets a faun who reveals that she may be a lost princess from an underground kingdom. To return to her true father, she must complete a series of surreal and perilous tasks that blur the line between reality and fantasy.",Guillermo del Toro,Guillermo del Toro,Released,Spanish; Castilian,19000000.0,83258226.0
436270,https://www.themoviedb.org/movie/436270-black-adam,Black Adam,125.0,2022-10-19,KR,"Action, Adventure, Science Fiction",6.8,"Nearly 5,000 years after he was bestowed with the almighty powers of the Egyptian gods—and imprisoned just as quickly—Black Adam is freed from his earthly tomb, ready to unleash his unique form of justice on the modern world.",Jaume Collet-Serra,"Sohrab Noshirvani, Rory Haines, Adam Sztykiel",Released,English,200000000.0,393452111.0
337404,https://www.themoviedb.org/movie/337404-cruella,Cruella,134.0,2021-05-26,KR,"Comedy, Crime, Drama",8.0,"In 1970s London amidst the punk rock revolution, a young grifter named Estella is determined to make a name for herself with her designs. She befriends a pair of young thieves who appreciate her appetite for mischief, and together they are able to build a life for themselves on the London streets. One day, Estella’s flair for fashion catches the eye of the Baroness von Hellman, a fashion legend who is devastatingly chic and terrifyingly haute. But their relationship sets in motion a course of events and revelations that will cause Estella to embrace her wicked side and become the raucous, fashionable and revenge-bent Cruella.",Craig Gillespie,"Dodie Smith, Tony McNamara, Dana Fox",Released,English,200000000.0,233503234.0
1489187,https://www.themoviedb.org/movie/1489187,You Drive Me Crazy,99.0,2025-10-09,RU,"Comedy, Romance, Fantasy",7.6,"Alisa moves into a spacious apartment in St. Petersburg, where the mirror starts to malfunction, showing the young lodger a parallel reality of the same apartment. Only it is not Alisa who lives in this parallel reality, but the party animal Ivan. Will the young people be able to recognize true love and will they be able to unite their worlds in order to meet in reality and simply touch each other?",Darya Lebedeva,"Darya Lebedeva, Olesya Likhacheva, Anastasia Sedova",Released,Russian,,
278154,https://www.themoviedb.org/movie/278154-ice-age-collision-course,Ice Age: Collision Course,95.0,2016-07-20,KR,"Adventure, Animation, Family, Comedy, Science Fiction",6.1,"Set after the events of Continental Drift, Scrat's epic pursuit of his elusive acorn catapults him outside of Earth, where he accidentally sets off a series of cosmic events that transform and threaten the planet. To save themselves from peril, Manny, Sid, Diego, and the rest of the herd leave their home and embark on a quest full of thrills and spills, highs and lows, laughter and adventure while traveling to exotic new lands and locations.",Michael Thurmeier,"Michael J. Wilson, Michael Berg, Yoni Brenner",Released,English,105000000.0,408579038.0
18239,https://www.themoviedb.org/movie/18239-the-twilight-saga-new-moon,The Twilight Saga: New Moon,131.0,2009-12-02,KR,"Adventure, Fantasy, Drama, Romance",6.0,"Forks, Washington resident Bella Swan is reeling from the departure of her vampire love, Edward Cullen, and finds comfort in her friendship with Jacob Black, a werewolf. But before she knows it, she's thrust into a centuries-old conflict, and her desire to be with Edward at any cost leads her to take greater and greater risks.",Chris Weitz,"Stephenie Meyer, Melissa Rosenberg",Released,English,50000000.0,709827462.0
85,https://www.themoviedb.org/movie/85-raiders-of-the-lost-ark,Raiders of the Lost Ark,115.0,1982-02-27,KR,"Adventure, Action",7.9,"When Dr. Indiana Jones – the tweed-suited professor who just happens to be a celebrated archaeologist – is hired by the government to locate the legendary Ark of the Covenant, he finds himself up against the entire Nazi regime.",Steven Spielberg,Lawrence Kasdan,Released,English,18000000.0,389925971.0
10191,https://www.themoviedb.org/movie/10191-how-to-train-your-dragon,How to Train Your Dragon,98.0,2010-05-20,KR,"Fantasy, Adventure, Animation, Family",7.9,"As the son of a Viking leader on the cusp of manhood, shy Hiccup Horrendous Haddock III faces a rite of passage: he must kill a dragon to prove his warrior mettle. But after downing a feared dragon, he realizes that he no longer wants to destroy it, and instead befriends the beast – which he names Toothless – much to the chagrin of his warrior father.","Dean DeBlois, Chris Sanders","Dean DeBlois, Chris Sanders, William Davies",Released,English,165000000.0,495141736.0
345,https://www.themoviedb.org/movie/345-eyes-wide-shut,Eyes Wide Shut,159.0,2000-09-02,KR,"Drama, Thriller, Mystery",7.5,"After Dr. Bill Harford's wife, Alice, admits to having sexual fantasies about a man she met, Bill becomes obsessed with having a sexual encounter. He discovers an underground sexual group and attends one of their meetings -- and quickly discovers that he is in over his head.",Stanley Kubrick,"Stanley Kubrick, Arthur Schnitzler, Frederic Raphael",Released,English,65000000.0,162100000.0
510,https://www.themoviedb.org/movie/510-one-flew-over-the-cuckoo-s-nest,One Flew Over the Cuckoo's Nest,135.0,1977-09-17,KR,Drama,8.4,"A petty criminal fakes insanity to serve his sentence in a mental ward rather than prison. He soon finds himself as a leader to the other patients—and an enemy to the cruel, domineering nurse who runs the ward.",Miloš Forman,"Ken Kesey, Bo Goldman, Lawrence Hauben",Released,English,3000000.0,108981275.0
1097549,https://www.themoviedb.org/movie/1097549-babygirl,Babygirl,115.0,2025-10-29,KR,"Romance, Thriller",5.7,A high-powered CEO puts her career and family on the line when she begins a torrid affair with her much younger intern.,Halina Reijn,Halina Reijn,Released,English,20000000.0,60934894.0
1228246,https://www.themoviedb.org/movie/1228246-five-nights-at-freddy-s-2,Five Nights at Freddy's 2,104.0,2025-12-03,KR,"Horror, Thriller",6.6,"One year since the supernatural nightmare at Freddy Fazbear's Pizza, the stories about what transpired there have been twisted into a campy local legend, inspiring the town's first ever Fazfest. With the truth kept from her, Abby sneaks out to reconnect with Freddy, Bonnie, Chica, and Foxy, setting into motion a terrifying series of events that will reveal dark secrets about the real origin of Freddy's, and unleash a decades-hidden horror.",Emma Tammi,Scott Cawthon,Released,English,36000000.0,239568877.0
363088,https://www.themoviedb.org/movie/363088-ant-man-and-the-wasp,Ant-Man and the Wasp,119.0,2018-07-04,KR,"Action, Adventure, Science Fiction",6.9,"Just when his time under house arrest is about to end, Scott Lang once again puts his freedom at risk to help Hope van Dyne and Dr. Hank Pym dive into the quantum realm and try to accomplish, against time and any chance of success, a very dangerous rescue mission.",Peyton Reed,"Andrew Barrer, Gabriel Ferrari, Erik Sommers, Chris McKenna, Paul Rudd",Released,English,140000000.0,622674139.0
2251,https://www.themoviedb.org/movie/2251-unfaithful,Unfaithful,124.0,2002-08-21,KR,"Thriller, Drama, Romance",6.7,A New York suburban couple's marriage goes dangerously awry when the wife indulges in an adulterous fling.,Adrian Lyne,"Alvin Sargent, William Broyles Jr.",Released,English,50000000.0,119137784.0
36647,https://www.themoviedb.org/movie/36647-blade,Blade,121.0,1998-11-07,KR,"Horror, Action",6.8,"The Daywalker known as ""Blade"" - a half-vampire, half-mortal man - becomes the protector of humanity against an underground army of vampires.",Stephen Norrington,David S. Goyer,Released,English,45000000.0,131183530.0
57800,https://www.themoviedb.org/movie/57800-ice-age-continental-drift,Ice Age: Continental Drift,88.0,2012-07-25,KR,"Animation, Comedy, Adventure, Family",6.4,"Manny, Diego, and Sid embark upon another adventure after their continent is set adrift. Using an iceberg as a ship, they encounter sea creatures and battle pirates as they explore a new world.","Michael Thurmeier, Steve Martino","Michael Berg, Jason Fuchs",Released,English,95000000.0,877244782.0
10997,https://www.themoviedb.org/movie/10997,Farewell My Concubine,171.0,1993-12-24,KR,Drama,7.9,"In an epic tale of theater, gender, love and class, two Beijing opera actors navigate political turmoil as their friendship evolves over decades.",Chen Kaige,"Lilian Lee Bik-Wah, Lu Wei",Released,Chinese,4000000.0,6400000.0
1100782,https://www.themoviedb.org/movie/1100782-smile-2,Smile 2,127.0,2024-10-16,KR,"Horror, Music, Mystery, Thriller",6.6,"About to embark on a new world tour, global pop sensation Skye Riley begins experiencing increasingly terrifying and inexplicable events. Overwhelmed by the escalating horrors and the pressures of fame, Skye is forced to face her dark past to regain control of her life before it spirals out of control.",Parker Finn,Parker Finn,Released,English,28000000.0,138128854.0
640,https://www.themoviedb.org/movie/640-catch-me-if-you-can,Catch Me If You Can,141.0,2003-01-24,KR,"Drama, Crime",8.0,"A true story about Frank Abagnale Jr. who, before his 19th birthday, successfully conned millions of dollars worth of checks as a Pan Am pilot, doctor, and legal prosecutor. An FBI agent makes it his mission to put him behind bars. But Frank not only eludes capture, he revels in the pursuit.",Steven Spielberg,Jeff Nathanson,Released,English,52000000.0,352114312.0
297802,https://www.themoviedb.org/movie/297802-aquaman,Aquaman,143.0,2018-12-19,KR,"Action, Adventure, Fantasy",6.9,"Half-human, half-Atlantean Arthur Curry is taken on the journey of his lifetime to discover if he is worth of being a king.",James Wan,"Will Beall, David Leslie Johnson-McGoldrick",Released,English,160000000.0,1152028393.0
615777,https://www.themoviedb.org/movie/615777-babylon,Babylon,189.0,2023-02-01,KR,"Drama, Comedy",7.3,"A tale of outsized ambition and outrageous excess, tracing the rise and fall of multiple characters in an era of unbridled decadence and depravity during Hollywood's transition from silent films to sound films in the late 1920s.",Damien Chazelle,Damien Chazelle,Released,English,78000000.0,65267446.0
670,https://www.themoviedb.org/movie/670,Oldboy,120.0,2003-11-21,KR,"Thriller, Mystery",8.2,"With no clue how he came to be imprisoned, drugged and tortured for 15 years, a desperate man seeks revenge on his captors.",Park Chan-wook,"Park Chan-wook, Hwang Jo-yoon, Lim Joon-hyung",Released,Korean,3000000.0,17500000.0
127585,https://www.themoviedb.org/movie/127585-x-men-days-of-future-past,X-Men: Days of Future Past,132.0,2014-05-22,KR,"Action, Adventure, Science Fiction",7.5,The ultimate X-Men ensemble fights a war for the survival of the species across two time periods as they join forces with their younger selves in an epic battle that must change the past – to save our future.,Bryan Singer,Simon Kinberg,Released,English,250000000.0,748045700.0
28,https://www.themoviedb.org/movie/28-apocalypse-now,Apocalypse Now,147.0,1988-06-04,KR,"Drama, War",8.3,"At the height of the Vietnam war, Captain Benjamin Willard is sent on a dangerous mission that, officially, ""does not exist, nor will it ever exist."" His goal is to locate - and eliminate - a mysterious Green Beret Colonel named Walter Kurtz, who has been leading his personal army on illegal guerrilla missions into enemy territory.",Francis Ford Coppola,"Francis Ford Coppola, Joseph Conrad, John Milius",Released,English,31500000.0,150000000.0
854,https://www.themoviedb.org/movie/854-the-mask,The Mask,101.0,1994-08-20,KR,"Comedy, Fantasy, Crime, Romance",7.0,"Timid bank clerk Stanley Ipkiss discovers a magical mask infused with the spirit of the Norse god Loki. Donning it transforms him into an unrestrained, green-faced, cartoon-like wild man. While the mask grants him the confidence to woo a local singer, it also makes him the target of a ruthless mobster.",Chuck Russell,Mike Werb,Released,English,23000000.0,351583407.0
972809,https://www.themoviedb.org/movie/972809-5,The Qing Palace's Secret Affairs 5,,2002-01-01,HK,Drama,0.0,We don't have an overview translated in English. Help us expand our database by adding one.,,,Released,Chinese,,
467905,https://www.themoviedb.org/movie/467905-how-to-make-a-killing,How to Make a Killing,105.0,2026-03-11,GB,"Comedy, Thriller",6.9,"Disowned at birth by his obscenely wealthy family, blue-collar Becket Redfellow will stop at nothing to reclaim his inheritance, no matter how many relatives stand in his way.",John Patton Ford,John Patton Ford,Released,English,15000000.0,21598574.0
8363,https://www.themoviedb.org/movie/8363-superbad,Superbad,113.0,2007-12-04,KR,Comedy,7.3,Two co-dependent high school seniors are forced to deal with separation anxiety after their plan to stage a booze-soaked party goes awry.,Greg Mottola,"Seth Rogen, Evan Goldberg",Released,English,20000000.0,170800000.0
50619,https://www.themoviedb.org/movie/50619-the-twilight-saga-breaking-dawn-part-1,The Twilight Saga: Breaking Dawn - Part 1,117.0,2011-11-30,KR,"Adventure, Fantasy, Romance",6.2,Bella Swan and Edward Cullen's honeymoon phase is abruptly disrupted by betrayals and unforeseen tragedies that endanger their world.,Bill Condon,"Stephenie Meyer, Melissa Rosenberg",Released,English,110000000.0,712171856.0
593643,https://www.themoviedb.org/movie/593643-the-menu,The Menu,107.0,2022-12-07,KR,"Comedy, Horror",7.2,"A young couple travels to a remote island to eat at an exclusive restaurant where the chef has prepared a lavish menu, with some shocking surprises.",Mark Mylod,"Seth Reiss, Will Tracy",Released,English,35000000.0,79628200.0
50043,https://www.themoviedb.org/movie/50043-cousin-bette,Cousin Bette,108.0,1998-06-12,US,"Comedy, Drama, Romance",5.5,"In 19th century Paris, Bette Fischer, a poor and homely spinster, forms an alliance with the seductive courtesan Valerie Marneffe to orchestrate revenge on her handsome and wealthy relatives.",Des McAnuff,"Honoré de Balzac, Lynn Siefert, Susan Tarr",Released,English,,1295194.0
128,https://www.themoviedb.org/movie/128,Princess Mononoke,134.0,2003-04-25,KR,"Adventure, Fantasy, Animation",8.3,"Ashitaka, a prince of the disappearing Emishi people, is cursed by a demonized boar god and must journey to the west to find a cure. Along the way, he encounters San, a young human woman fighting to protect the forest, and Lady Eboshi, who is trying to destroy it. Ashitaka must find a way to bring balance to this conflict.",Hayao Miyazaki,Hayao Miyazaki,Released,Japanese,23500000.0,176506186.0
866398,https://www.themoviedb.org/movie/866398-the-beekeeper,The Beekeeper,106.0,2024-04-03,KR,"Action, Crime, Thriller",7.3,One man's campaign for vengeance takes on national stakes after he is revealed to be a former operative of a powerful and clandestine organization known as Beekeepers.,David Ayer,Kurt Wimmer,Released,English,35000000.0,162619535.0
333339,https://www.themoviedb.org/movie/333339-ready-player-one,Ready Player One,140.0,2018-03-28,KR,"Adventure, Action, Science Fiction",7.6,"When the creator of a popular video game system dies, a virtual contest is created to compete for his fortune.",Steven Spielberg,"Ernest Cline, Zak Penn",Released,English,175000000.0,607274134.0
161543,https://www.themoviedb.org/movie/161543-gian-burrasca,Gian Burrasca,85.0,1982-11-18,IT,Comedy,5.1,"Giannino Stoppani, called Gian Burrasca, is a boy who loves bad taste jokes. A series of actions will lead him to be detested by everyone except his mother.",Pier Francesco Pingitore,"Pier Francesco Pingitore, Luigi Bertelli, Franco Bucceri, Roberto Leoni",Released,Italian,,
97831,https://www.themoviedb.org/movie/97831-once-is-not-enough,Once Is Not Enough,121.0,1975-06-20,US,"Drama, Romance",5.2,"An over-the-hill movie producer marries a wealthy, spiteful woman and closeted lesbian just to please his spoiled daughter who then, in an attempt to spite him, seduces both a wealthy playboy and a local screenwriter.",Guy Green,"Jacqueline Susann, Julius J. Epstein",Released,English,,15700569.0
1357633,https://www.themoviedb.org/movie/1357633-reawakening,Solo Leveling -ReAwakening-,116.0,2024-11-28,KR,"Action, Adventure, Fantasy, Animation",7.2,"Over a decade after 'gates' connecting worlds appeared, awakening 'hunters' with superpowers, weakest hunter Sung Jinwoo encounters a double dungeon and accepts a mysterious quest, becoming the only one able to level up, changing his fate. A catch-up recap of the first season coupled with an exclusive sneak peek of the first two episodes of the highly anticipated second season in one momentous theatrical fan experience.",Shunsuke Nakashige,,Released,Japanese,,6331827.0
205596,https://www.themoviedb.org/movie/205596-the-imitation-game,The Imitation Game,113.0,2015-02-17,KR,"History, Drama, Thriller, War",8.0,"Based on the real life story of legendary cryptanalyst Alan Turing, the film portrays the nail-biting race against time by Turing and his brilliant team of code-breakers at Britain's top-secret Government Code and Cypher School at Bletchley Park, during the darkest days of World War II.",Morten Tyldum,Graham Moore,Released,English,14000000.0,233555708.0
38,https://www.themoviedb.org/movie/38-eternal-sunshine-of-the-spotless-mind,Eternal Sunshine of the Spotless Mind,108.0,2005-11-10,KR,"Science Fiction, Drama, Romance",8.1,"Joel Barish, heartbroken that his girlfriend underwent a procedure to erase him from her memory, decides to do the same. However, as he watches his memories of her fade away, he realises that he still loves her, and may be too late to correct his mistake.",Michel Gondry,Charlie Kaufman,Released,English,20000000.0,72258126.0
680493,https://www.themoviedb.org/movie/680493-return-to-silent-hill,Return to Silent Hill,106.0,2026-01-23,GB,"Mystery, Drama, Horror",5.4,"When James receives a mysterious letter from his lost love Mary, he is drawn to Silent Hill—a once-familiar town now consumed by darkness. As he searches for her, James faces monstrous creatures and unravels a terrifying truth that will push him to the edge of his sanity.",Christophe Gans,"Christophe Gans, William Josef Schneider, Sandra Vo-Anh",Released,English,23000000.0,47976996.0
31649,https://www.themoviedb.org/movie/31649,Vampire Princess Miyu,100.0,1988-07-21,US,"Fantasy, Animation, Horror",6.8,Its central characters are a vampire girl named Miyu and her demonic companion Larva. Miyu is the daughter of both a human and a shinma (demon) and as such she was awakened as the guardian whose destiny is to hunt down all stray shinma and send them back to the darkness.,Toshiki Hirano,Sho Aikawa,Released,Japanese,,
1294203,https://www.themoviedb.org/movie/1294203-my-fault-london,My Fault: London,119.0,2025-02-13,GB,"Drama, Romance",7.4,"18-year-old Noah moves from America to London, with her mother who's recently fallen in love with William, a wealthy British businessman. Noah meets William’s son, bad-boy Nick, and soon discovers there is an attraction between them neither can avoid. As Noah spends the summer adjusting to her new life, her devastating past will catch up with her while falling in love for the first time.","Charlotte Fassler, Dani Girdwood","Mercedes Ron, Melissa Osborne",Released,English,,
436969,https://www.themoviedb.org/movie/436969-the-suicide-squad,The Suicide Squad,132.0,2021-08-04,KR,"Action, Comedy, Adventure",7.5,"Supervillains Harley Quinn, Bloodsport, Peacemaker and a collection of nutty cons at Belle Reve prison join the super-secret, super-shady Task Force X as they are dropped off at the remote, enemy-infused island of Corto Maltese.",James Gunn,James Gunn,Released,English,185000000.0,168717425.0
917496,https://www.themoviedb.org/movie/917496-beetlejuice-beetlejuice,Beetlejuice Beetlejuice,105.0,2024-09-04,KR,"Comedy, Fantasy, Horror",6.9,"After a family tragedy, three generations of the Deetz family return home to Winter River. Still haunted by Betelgeuse, Lydia's life is turned upside down when her teenage daughter, Astrid, accidentally opens the portal to the Afterlife.",Tim Burton,"Alfred Gough, Miles Millar",Released,English,99000000.0,452000435.0
588228,https://www.themoviedb.org/movie/588228-the-tomorrow-war,The Tomorrow War,138.0,2021-07-02,KR,"Action, Science Fiction, Adventure",7.5,"The world is stunned when a group of time travelers arrive from the year 2051 to deliver an urgent message: Thirty years in the future, mankind is losing a global war against a deadly alien species. The only hope for survival is for soldiers and civilians from the present to be transported to the future and join the fight. Among those recruited is high school teacher and family man Dan Forester. Determined to save the world for his young daughter, Dan teams up with a brilliant scientist and his estranged father in a desperate quest to rewrite the fate of the planet.",Chris McKay,Zach Dean,Released,English,200000000.0,14400000.0
1087891,https://www.themoviedb.org/movie/1087891-the-amateur,The Amateur,123.0,2025-04-09,KR,"Thriller, Action",6.9,"After his life is turned upside down when his wife is killed in a London terrorist attack, a brilliant but introverted CIA decoder takes matters into his own hands when his supervisors refuse to take action.",James Hawes,"Robert Littell, Ken Nolan, Gary Spinelli",Released,English,60000000.0,96000836.0
71676,https://www.themoviedb.org/movie/71676-ghost-rider-spirit-of-vengeance,Ghost Rider: Spirit of Vengeance,96.0,2012-02-16,KR,"Action, Fantasy, Thriller",5.0,"When the devil resurfaces with aims to take over the world in human form, Johnny Blaze reluctantly comes out of hiding to transform into the flame-spewing supernatural hero Ghost Rider -- and rescue a 10-year-old boy from an unsavory end.","Brian Taylor, Mark Neveldine","David S. Goyer, Seth Hoffman, Scott M. Gimple",Released,English,57000000.0,132563930.0
875828,https://www.themoviedb.org/movie/875828-peaky-blinders-the-immortal-man,Peaky Blinders: The Immortal Man,112.0,2026-03-20,KR,"Crime, Drama",7.2,"After his estranged son gets embroiled in a Nazi plot, self-exiled gangster Tommy Shelby must return to Birmingham to save his family — and his nation.",Tom Harper,Steven Knight,Released,English,,
4348,https://www.themoviedb.org/movie/4348-pride-prejudice,Pride & Prejudice,128.0,2006-03-24,KR,"Drama, Romance",8.1,"A story of love and life among the landed English gentry during the Georgian era. Mr. Bennet is a gentleman living in Hertfordshire with his overbearing wife and five daughters, but if he dies their house will be inherited by a distant cousin whom they have never met, so the family's future happiness and security is dependent on the daughters making good marriages.",Joe Wright,"Jane Austen, Deborah Moggach",Released,English,28000000.0,124604345.0
1585,https://www.themoviedb.org/movie/1585-it-s-a-wonderful-life,It's a Wonderful Life,131.0,1946-12-20,US,"Drama, Family, Fantasy",8.3,"George Bailey has spent his entire life giving to the people of Bedford Falls.  All that prevents rich skinflint Mr. Potter from taking over the entire town is George's modest building and loan company.  But on Christmas Eve the business's $8,000 is lost and George's troubles begin.",Frank Capra,"Frank Capra, Frances Goodrich, Albert Hackett",Released,English,3180000.0,9644124.0
103,https://www.themoviedb.org/movie/103-taxi-driver,Taxi Driver,114.0,1989-02-17,KR,"Crime, Drama",8.1,"Suffering from insomnia, disturbed loner Travis Bickle takes a job as a New York City cabbie, haunting the streets nightly, growing increasingly detached from reality as he dreams of cleaning up the filthy city.",Martin Scorsese,Paul Schrader,Released,English,1900000.0,28579636.0
115,https://www.themoviedb.org/movie/115-the-big-lebowski,The Big Lebowski,117.0,1998-10-24,KR,"Comedy, Crime",7.8,"Jeffrey 'The Dude' Lebowski, a Los Angeles slacker who only wants to bowl and drink White Russians, is mistaken for another Jeffrey Lebowski, a wheelchair-bound millionaire, and finds himself dragged into a strange series of events involving nihilists, adult film producers, ferrets, errant toes, and large sums of money.","Ethan Coen, Joel Coen","Ethan Coen, Joel Coen",Released,English,15000000.0,47010480.0
405871,https://www.themoviedb.org/movie/405871,On the Beach,67.0,1985-08-24,JP,Drama,5.6,"In a summer in Shonan village, Sumiko is the daughter of an important upper-class Shikishima family, she loves to paint pictures, is going through a cooling-off of an arranged marriage that did not work out. However, she feels attraction for Nishina a rough and obscene man ...  On the other hand, the younger sister, Naomi Sumiko is envious of her sister for her beauty. Naomi feels ugly since all men seem to like Sumiko. Both sisters then become embroiled in a major problem in discovering the real intentions of Nishina, a man who hides behind a mask to rape women.",Junichi Suzuki,Yu Mitsui,Released,Japanese,,
801335,https://www.themoviedb.org/movie/801335-girl-in-the-basement,Girl in the Basement,88.0,2021-02-27,US,"Thriller, Crime, TV Movie",7.6,"Sara is a teen girl who is looking forward to her 18th birthday to move away from her controlling father Don. But before she could even blow out the candles, Don imprisons her in the basement of their home.",Elisabeth Röhm,"Leslie Greif, Barbara Marshall, Manu Boyer",Released,English,,
209112,https://www.themoviedb.org/movie/209112-batman-v-superman-dawn-of-justice,Batman v Superman: Dawn of Justice,152.0,2016-03-24,KR,"Action, Adventure, Fantasy",6.0,"Fearing the actions of a god-like Super Hero left unchecked, Gotham City’s own formidable, forceful vigilante takes on Metropolis’s most revered, modern-day savior, while the world wrestles with what sort of hero it really needs. And with Batman and Superman at war with one another, a new threat quickly arises, putting mankind in greater danger than it’s ever known before.",Zack Snyder,"Chris Terrio, David S. Goyer",Released,English,250000000.0,874362803.0
13475,https://www.themoviedb.org/movie/13475-star-trek,Star Trek,127.0,2009-05-07,KR,"Science Fiction, Action, Adventure",7.4,"The fate of the galaxy rests in the hands of bitter rivals. One, James Kirk, is a delinquent, thrill-seeking Iowa farm boy. The other, Spock, a Vulcan, was raised in a logic-based society that rejects all emotion. As fiery instinct clashes with calm reason, their unlikely but powerful partnership is the only thing capable of leading their crew through unimaginable danger, boldly going where no one has gone before. The human adventure has begun again.",J.J. Abrams,"Alex Kurtzman, Roberto Orci",Released,English,150000000.0,386839614.0
215,https://www.themoviedb.org/movie/215-saw-ii,Saw II,93.0,2006-02-16,KR,Horror,6.6,"The chilling and relentless Jigsaw killer returns to terrorize the city once again. When a gruesome murder victim emerges with unmistakable traces of Jigsaw's sinister methods, Detective Eric Matthews is thrust into a high-stakes investigation. To his surprise, apprehending Jigsaw seems almost too easy, but what he doesn't realize is that being caught is merely another piece of Jigsaw's intricate puzzle.",Darren Lynn Bousman,"Leigh Whannell, Darren Lynn Bousman",Released,English,4000000.0,152925093.0
1892,https://www.themoviedb.org/movie/1892-return-of-the-jedi,Return of the Jedi,132.0,1987-07-17,KR,"Adventure, Action, Science Fiction",7.9,"Luke Skywalker leads a mission to rescue his friend Han Solo from the clutches of Jabba the Hutt, the Emperor prepares to crush the Rebellion with a more powerful Death Star, and the Rebel fleet mounts a massive attack on the space station. Luke Skywalker confronts Darth Vader in a final climactic duel before the evil Emperor.",Richard Marquand,"George Lucas, Lawrence Kasdan",Released,English,32350000.0,572700000.0
1734,https://www.themoviedb.org/movie/1734-the-mummy-returns,The Mummy Returns,130.0,2001-06-16,KR,"Adventure, Action, Fantasy",6.4,"Rick and Evelyn O’Connell, along with their 8-year-old son Alex, discover the key to the legendary Scorpion King’s might: the fabled Bracelet of Anubis. Unfortunately, a newly resurrected Imhotep has designs on the bracelet as well, and isn’t above kidnapping its new bearer, Alex, to gain control of Anubis’s otherworldly army.",Stephen Sommers,Stephen Sommers,Released,English,98000000.0,443280904.0
1151031,https://www.themoviedb.org/movie/1151031-bring-her-back,Bring Her Back,104.0,2025-06-06,KR,Horror,7.3,"Following the death of their father, a brother and sister are sent to live with a foster mother, only to learn that she is hiding a terrifying secret.","Danny Philippou, Michael Philippou","Danny Philippou, Bill Hinzman",Released,English,15000000.0,39410222.0
1257009,https://www.themoviedb.org/movie/1257009-primitive-war,Primitive War,135.0,2025-08-21,AU,"Action, Horror, War, Science Fiction",6.6,"During the Vietnam War, a recon unit ventures to an isolated jungle valley to uncover the fate of a missing platoon. They soon find themselves in a fight for their lives against an unexpected enemy — prehistoric dinosaurs.",Luke Sparke,Luke Sparke,Released,English,,217753.0
530318,https://www.themoviedb.org/movie/530318,Younger Sister,92.0,1974-08-14,JP,"Romance, Drama",3.8,"Akio's sister, Neri has separated from her boyfriend. They lived in Kamakura. She moves in with her brother. Her ex-boyfriend's sister, Eiko comes to see Neri. She wonders if the separation occurred due to her because the three of them used to live together. Eiko's brother has disappeared in the meantime.",Toshiya Fujita,Eiichi Uchida,Released,Japanese,,
1895,https://www.themoviedb.org/movie/1895-star-wars-episode-iii-revenge-of-the-sith,Star Wars: Episode III - Revenge of the Sith,140.0,2005-05-26,KR,"Adventure, Action, Science Fiction",7.5,"When the sinister Sith unveil a thousand-year-old plot to rule the galaxy, the Republic crumbles and from its ashes rises the evil Galactic Empire. Jedi hero Anakin Skywalker must choose a side.",George Lucas,George Lucas,Released,English,113000000.0,850000000.0
1669057,https://www.themoviedb.org/movie/1669057-check-in,Check-In,,2026-05-01,PH,Drama,6.3,"VMX hottest star Aliya Raymundo teams up with sexy siren Anya Austria as two receptionists in a cheap motel. Their quiet routine heats up with the arrival of a mysterious regular guest who begins to stir tension, desire, and conflict in their fragile relationship.",Christopher Novabos,,Released,Tagalog,,
940721,https://www.themoviedb.org/movie/940721-1-0,Godzilla Minus One,125.0,2024-06-01,KR,"Science Fiction, Horror, Action",7.6,"In postwar Japan, Godzilla brings new devastation to an already scorched landscape. With no military intervention or government help in sight, the survivors must join together in the face of despair and fight back against an unrelenting horror.",Takashi Yamazaki,Takashi Yamazaki,Released,Japanese,15000000.0,113676322.0
338953,https://www.themoviedb.org/movie/338953-fantastic-beasts-the-secrets-of-dumbledore,Fantastic Beasts: The Secrets of Dumbledore,142.0,2022-04-13,KR,"Fantasy, Adventure",6.6,"Professor Albus Dumbledore knows the powerful, dark wizard Gellert Grindelwald is moving to seize control of the wizarding world. Unable to stop him alone, he entrusts magizoologist Newt Scamander to lead an intrepid team of wizards and witches. They soon encounter an array of old and new beasts as they clash with Grindelwald's growing legion of followers.",David Yates,"J.K. Rowling, Steve Kloves",Released,English,200000000.0,407200000.0
855,https://www.themoviedb.org/movie/855-black-hawk-down,Black Hawk Down,145.0,2002-01-31,KR,"Action, War, History",7.4,"When U.S. Rangers and an elite Delta Force team attempt to kidnap two underlings of a Somali warlord, their Black Hawk helicopters are shot down, and the Americans suffer heavy casualties, facing intense fighting from the militia on the ground.",Ridley Scott,"Mark Bowden, Ken Nolan",Released,English,92000000.0,172989651.0
10674,https://www.themoviedb.org/movie/10674-mulan,Mulan,88.0,1998-07-17,KR,"Animation, Family, Adventure",7.9,"When Imperial China calls one man from every family to defend the empire from invading Huns, a young woman disguises herself as a soldier to take her ailing father’s place. Facing ruthless invaders, brutal training, and the risk of execution if discovered, she must decide who she truly is— and what she’s willing to fight for.","Tony Bancroft, Barry Cook","Raymond Singer, Philip LaZebnik, Eugenia Bostwick-Singer, Rita Hsiao, Chris Sanders",Released,English,90000000.0,304320254.0
949536,https://www.themoviedb.org/movie/949536-kill-code,Kill Code,87.0,2026-06-11,KR,"Action, Thriller, Science Fiction",4.8,"North America has been divided into four main quadrants. A power-hungry corporation has taken over the conventional prison system and made criminals the new law enforcers.  The owner of that corporation, nanoscientist Eion Prescott, created a nano-virus called Onyx. Which is distributed through deadly watches to criminals. First, infecting them. Then, forcing them into eliminating each other for freedom. Who can topple the corporation's entire system from within?",Justin Price,Justin Price,Released,English,20000000.0,19426.0
1893,https://www.themoviedb.org/movie/1893-star-wars-episode-i-the-phantom-menace,Star Wars: Episode I - The Phantom Menace,136.0,1999-06-26,KR,"Adventure, Action, Science Fiction",6.6,"Anakin Skywalker, a young slave strong with the Force, is discovered on Tatooine. Meanwhile, the evil Sith have returned, enacting their plot for revenge against the Jedi.",George Lucas,George Lucas,Released,English,115000000.0,1046515409.0
370172,https://www.themoviedb.org/movie/370172-no-time-to-die,No Time to Die,163.0,2021-09-29,KR,"Action, Thriller, Adventure",7.3,"Bond has left active service and is enjoying a tranquil life in Jamaica. His peace is short-lived when his old friend Felix Leiter from the CIA turns up asking for help. The mission to rescue a kidnapped scientist turns out to be far more treacherous than expected, leading Bond onto the trail of a mysterious villain armed with dangerous new technology.",Cary Joji Fukunaga,"Cary Joji Fukunaga, Neal Purvis, Robert Wade, Phoebe Waller-Bridge",Released,English,250000000.0,774153024.0
82690,https://www.themoviedb.org/movie/82690-wreck-it-ralph,Wreck-It Ralph,101.0,2012-12-19,KR,"Family, Animation, Comedy, Adventure",7.4,"Wreck-It Ralph is the 9-foot-tall, 643-pound villain of an arcade video game named Fix-It Felix Jr., in which the game's titular hero fixes buildings that Ralph destroys. Wanting to prove he can be a good guy and not just a villain, Ralph escapes his game and lands in Hero's Duty, a first-person shooter where he helps the game's hero battle against alien invaders. He later enters Sugar Rush, a kart racing game set on tracks made of candies, cookies and other sweets. There, Ralph meets Vanellope von Schweetz who has learned that her game is faced with a dire threat that could affect the entire arcade, and one that Ralph may have inadvertently started.",Rich Moore,"Phil Johnston, Jennifer Lee",Released,English,165000000.0,471222889.0
615173,https://www.themoviedb.org/movie/615173-2,The Witch: Part 2. The Other One,137.0,2022-06-15,KR,"Action, Mystery, Thriller, Science Fiction",7.4,"A girl wakes up in a huge secret laboratory, then accidentally meets another girl who is trying to protect her house from a gang. The mystery girl overthrows the gang with her unexpected powers, and laboratory staff set out to find her.",Park Hoon-jung,Park Hoon-jung,Released,Korean,,23068596.0
73861,https://www.themoviedb.org/movie/73861-srpski-film,A Serbian Film,104.0,2011-05-13,US,"Crime, Horror, Thriller",5.5,"Retired porn star Milos leads a normal family life trying to make ends meet. Presented with the opportunity of a lifetime to financially support his family for the rest of their lives, Milos must participate in one last mysterious film. From then on, Milos is drawn into a maelstrom of unbelievable cruelty and mayhem.",Srđan Spasojević,"Srđan Spasojević, Aleksandar Radivojević",Released,Serbian,,
546554,https://www.themoviedb.org/movie/546554-knives-out,Knives Out,131.0,2019-12-04,KR,"Comedy, Crime, Mystery",7.8,"When renowned crime novelist Harlan Thrombey is found dead at his estate just after his 85th birthday, the inquisitive and debonair Detective Benoit Blanc is mysteriously enlisted to investigate. From Harlan's dysfunctional family to his devoted staff, Blanc sifts through a web of red herrings and self-serving lies to uncover the truth behind Harlan's untimely death.",Rian Johnson,Rian Johnson,Released,English,40000000.0,312897920.0
1414413,https://www.themoviedb.org/movie/1414413-brothers-under-fire,Brothers Under Fire,99.0,2026-06-24,KR,"Action, Thriller, Mystery, Drama",5.7,"Captain Jordan Wright's squadron on leave for a wedding in Mexico encounters a murderous cartel. As Jordan tries to lead survivors to safety, war erupts between his squad and the cartel, forcing him into a battle to save his men.",Justin Chadwick,"Ian Mackenzie Jeffers, Delbert Hancock",Released,English,,
4232,https://www.themoviedb.org/movie/4232-scream,Scream,112.0,1999-01-16,KR,"Crime, Horror, Mystery",7.4,"A year after the murder of her mother, a teenage girl is terrorized by a masked killer who targets her and her friends by using scary movies as part of a deadly game.",Wes Craven,Kevin Williamson,Released,English,14000000.0,173046663.0
269495,https://www.themoviedb.org/movie/269495-ei-kiitos,No Thank You,97.0,2014-01-10,FI,"Drama, Comedy",4.5,"Heli Valkonen is desperately in love with her husband. But Matti is just not in the mood. He is only interested in playing computer games, dressed in worn out fleece pants. For him, a shoulder massage is the highest form of intimacy. When subtle hints, nice words and fetching clothes won't help, Heli resorts in direct, and increasingly direct action - in vain.",Samuli Valkama,"Samuli Valkama, Anna-Leena Härkönen, Heikki Paavilainen",Released,Finnish,1600000.0,
568124,https://www.themoviedb.org/movie/568124-encanto,Encanto,102.0,2021-11-24,KR,"Animation, Comedy, Family, Fantasy",7.6,"The tale of an extraordinary family, the Madrigals, who live hidden in the mountains of Colombia, in a magical house, in a vibrant town, in a wondrous, charmed place called an Encanto. The magic of the Encanto has blessed every child in the family—every child except one, Mirabel. But when she discovers that the magic surrounding the Encanto is in danger, Mirabel decides that she, the only ordinary Madrigal, might just be her exceptional family's last hope.","Jared Bush, Byron Howard","Jared Bush, Charise Castro Smith",Released,English,150000000.0,261292688.0
48650,https://www.themoviedb.org/movie/48650-habitacion-en-roma,Room in Rome,109.0,2010-05-07,ES,"Drama, Romance",6.4,"A hotel room in the center of Rome serves as the setting for Alba and Natasha, two sexy and recently acquainted women, to have a physical adventure that touches their very souls.",Julio Medem,Julio Medem,Released,Spanish; Castilian,,844281.0
420818,https://www.themoviedb.org/movie/420818-the-lion-king,The Lion King,118.0,2019-07-17,KR,"Adventure, Drama, Family, Animation",7.1,"Simba idolizes his father, King Mufasa, and takes to heart his own royal destiny. But not everyone in the kingdom celebrates the new cub's arrival. Scar, Mufasa's brother—and former heir to the throne—has plans of his own. The battle for Pride Rock is ravaged with betrayal, tragedy and drama, ultimately resulting in Simba's exile. With help from a curious pair of newfound friends, Simba will have to figure out how to grow up and take back what is rightfully his.",Jon Favreau,Jeff Nathanson,Released,English,260000000.0,1662020819.0
8358,https://www.themoviedb.org/movie/8358-cast-away,Cast Away,143.0,2001-02-03,KR,"Adventure, Drama",7.7,"Chuck Noland, a top international manager for FedEx, and Kelly, a Ph.D. student, are in love and heading towards marriage. Then Chuck's plane to Malaysia crashes at sea during a terrible storm. He's the only survivor, and finds himself marooned on a desolate island. With no way to escape, Chuck must find ways to survive in his new home.",Robert Zemeckis,William Broyles Jr.,Released,English,90000000.0,429632142.0
1671548,https://www.themoviedb.org/movie/1671548,Dear You,118.0,2026-04-30,CN,"Drama, Family, Comedy",9.2,"Xiaowei travels to Thailand to find his ""billionaire grandfather"" who is out of contact due to debt problems, but unexpectedly find the one who has been corresponding with his grandmother for years is not her husband.",Lan Hongchun,"Lan Hongchun, Zheng Xuanxuan, Yang Leng, Zhu Liyun",Released,Chinese,,
558,https://www.themoviedb.org/movie/558-spider-man-2,Spider-Man 2,127.0,2004-06-30,KR,"Action, Adventure, Science Fiction",7.3,"Peter Parker is going through a major identity crisis. Burned out from being Spider-Man, he decides to shelve his superhero alter ego, which leaves the city suffering in the wake of carnage left by the evil Doc Ock. In the meantime, Parker still can't act on his feelings for Mary Jane Watson, a girl he's loved since childhood. A certain anger begins to brew in his best friend Harry Osborn as well...",Sam Raimi,Alvin Sargent,Released,English,200000000.0,788976453.0
120467,https://www.themoviedb.org/movie/120467-the-grand-budapest-hotel,The Grand Budapest Hotel,100.0,2014-03-20,KR,"Comedy, Drama",8.0,"The Grand Budapest Hotel tells of a legendary concierge at a famous European hotel between the wars and his friendship with a young employee who becomes his trusted protégé. The story involves the theft and recovery of a priceless Renaissance painting, the battle for an enormous family fortune and the slow and then sudden upheavals that transformed Europe during the first half of the 20th century.",Wes Anderson,Wes Anderson,Released,English,30000000.0,174600318.0
1114513,https://www.themoviedb.org/movie/1114513-speak-no-evil,Speak No Evil,110.0,2024-09-11,KR,"Horror, Thriller",7.1,"When an American family is invited to spend the weekend at the idyllic country estate of a charming British family they befriended on vacation, what begins as a dream holiday soon warps into a snarled psychological nightmare.",James Watkins,James Watkins,Released,English,15000000.0,77239314.0
629,https://www.themoviedb.org/movie/629-the-usual-suspects,The Usual Suspects,106.0,1996-01-27,KR,"Drama, Crime, Thriller",8.2,"Held in an L.A. interrogation room, Verbal Kint attempts to convince the feds that a mythic crime lord, Keyser Soze, not only exists, but was also responsible for drawing him and his four partners into a multi-million dollar heist that ended with an explosion in San Pedro harbor – leaving few survivors. Verbal lures his interrogators with an incredible story of the crime lord's almost supernatural prowess.",Bryan Singer,Christopher McQuarrie,Released,English,6000000.0,23300000.0
156022,https://www.themoviedb.org/movie/156022-the-equalizer,The Equalizer,132.0,2015-01-28,KR,"Thriller, Action, Crime",7.3,"McCall believes he has put his mysterious past behind him and dedicated himself to beginning a new, quiet life. But when he meets Teri, a young girl under the control of ultra-violent Russian gangsters, he can’t stand idly by – he has to help her. Armed with hidden skills that allow him to serve vengeance against anyone who would brutalize the helpless, McCall comes out of his self-imposed retirement and finds his desire for justice reawakened. If someone has a problem, if the odds are stacked against them, if they have nowhere else to turn, McCall will help. He is The Equalizer.",Antoine Fuqua,Richard Wenk,Released,English,55000000.0,192330738.0
4561,https://www.themoviedb.org/movie/4561-histoire-d-o,The Story of O,97.0,1975-08-27,FR,Drama,5.5,"The beautiful O is taken by her boyfriend, Rene, to a bizarre retreat, where she is trained in bondage and sexual perversion...",Just Jaeckin,"Dominique Aury, Sébastien Japrisot",Released,French,,
951491,https://www.themoviedb.org/movie/951491-saw-x,Saw X,118.0,2023-12-13,KR,"Horror, Mystery",7.2,"Between the events of 'Saw' and 'Saw II', a sick and desperate John Kramer travels to Mexico for a risky and experimental medical procedure in hopes of a miracle cure for his cancer, only to discover the entire operation is a scam to defraud the most vulnerable. Armed with a newfound purpose, the infamous serial killer returns to his work, turning the tables on the con artists in his signature visceral way through devious, deranged, and ingenious traps.",Kevin Greutert,"Pete Goldfinger, Josh Stolberg",Released,English,13000000.0,125319714.0
1167307,https://www.themoviedb.org/movie/1167307-david,David,109.0,2026-07-15,KR,"Animation, Family, Drama, History, Adventure",8.0,"From the songs of his mother’s heart to the whispers of a faithful God, David’s story begins in quiet devotion. When the giant Goliath rises to terrorize a nation, a young shepherd armed with only a sling, a few stones, and unshakable faith steps forward. Pursued by power and driven by purpose, his journey tests the limits of loyalty, love, and courage—culminating in a battle not just for a crown, but for the soul of a kingdom.","Brent Dawes, Phil Cunningham",Brent Dawes,Released,English,60900000.0,85865995.0
7512,https://www.themoviedb.org/movie/7512-idiocracy,Idiocracy,85.0,2006-09-01,US,"Comedy, Science Fiction, Adventure",6.4,"To test its top-secret Human Hibernation Project, the Pentagon picks the most average European-Americans it can find - an Army private and a prostitute - and sends them to the year 2505 after a series of freak events. But when they arrive, they find a civilization so dumbed-down that they're the smartest people around.",Mike Judge,"Mike Judge, Etan Cohen",Released,English,30000000.0,495303.0
72105,https://www.themoviedb.org/movie/72105-ted,Ted,107.0,2012-09-27,KR,"Comedy, Fantasy",6.5,"John Bennett, a man whose childhood wish of bringing his teddy bear to life came true, now must decide between keeping the relationship with the bear or his girlfriend, Lori.",Seth MacFarlane,"Seth MacFarlane, Alec Sulkin, Wellesley Wild",Released,English,50000000.0,549368315.0
625119,https://www.themoviedb.org/movie/625119,The Spring Outside the Fence,112.0,1985-08-10,TW,Drama,6.0,"The rebellious and free-spirited Li Lin and the introverted Wu Ai-hua are best friends who grow up together in the military dependents' village. However, they both fall in love with pilot He Kang, their mutual childhood friend. After He Kang is killed in a crash, the village only reminds the heartbroken girls of the tragedy. They escape to Taipei and work as hostess and accountant, earning a living from American soldiers on leave from Vietnam. The girls reunite with Michael, an American flight instructor, at the club. Michael ardently pursues Li Lin, but struggling to forget He Kang, Li Lin rejects Michael' s proposal. Having taken different paths, the two girls eventually return to their childhood village, reminiscing about the bonds of the past.",Li Youning,Li Youning,Released,Chinese,,
1144107,https://www.themoviedb.org/movie/1144107-2,The Legend of Hei 2,119.0,2025-07-18,CN,"Animation, Fantasy, Action, Adventure",8.5,"When an attack shatters the fragile peace between the spirit world and humanity, Hei teams up with Luye, the last disciple of his Shifu Wuxian, to expose a conspiracy that threatens both realms - and the bond they've sworn to protect.","MTJJ, Gu Jie","MTJJ, Gu Jie, Kexin Peng, Fengxishenlei",Released,Chinese,,67216848.0
1579,https://www.themoviedb.org/movie/1579-apocalypto,Apocalypto,138.0,2007-01-31,KR,"Action, Drama, History",7.7,"Set in the Mayan civilization, when a man's idyllic presence is brutally disrupted by a violent invading force, he is taken on a perilous journey to a world ruled by fear and oppression where a harrowing end awaits him. Through a twist of fate and spurred by the power of his love for his woman and his family he will make a desperate break to return home and to ultimately save his way of life.",Mel Gibson,"Mel Gibson, Farhad Safinia",Released,English,40000000.0,120654337.0
235271,https://www.themoviedb.org/movie/235271-addicted,Addicted,105.0,2014-10-10,US,"Drama, Thriller",5.9,A gallerist risks her family and flourishing career when she enters into an affair with a talented painter and slowly loses control of her life.,Bille Woodruff,"Zane, Ernie Barbarash, Christina Welsh",Released,English,,17534314.0
1654313,https://www.themoviedb.org/movie/1654313-unanswered-butterfly,Unanswered//butterfly,118.0,2026-05-09,JP,"Action, Science Fiction, Animation, Fantasy",0.0,"In Sword Art Online, the first full-dive VRMMO, dying in the game means dying in real life. Emirun and Rex, who knew each other before entering the game, reunite by chance and join forces to survive. After their team is slaughtered by the mysterious PK known as the Black Swordsman, the two resolve to become stronger. Determined to avenge their fallen comrades, they seek out the legendary swordswoman Asuna and begin an intense training regimen. In a deadly game where even fellow players can become enemies, what fate awaits them at the end of this journey?",Tadahiro Yoshihira,"Tadahiro Yoshihira, Keisuke Makino",Released,Japanese,,
281957,https://www.themoviedb.org/movie/281957-the-revenant,The Revenant,157.0,2016-01-14,KR,"Western, Drama, Adventure",7.5,"In the 1820s, a frontiersman, Hugh Glass, sets out on a path of vengeance against those who left him for dead after a bear mauling.",Alejandro G. Iñárritu,"Alejandro G. Iñárritu, Michael Punke, Mark L. Smith",Released,English,135000000.0,532950503.0
4951,https://www.themoviedb.org/movie/4951-10-things-i-hate-about-you,10 Things I Hate About You,97.0,1999-03-31,US,"Comedy, Romance, Drama",7.6,"On the first day at his new school, Cameron instantly falls for Bianca, the gorgeous girl of his dreams. The only problem is that Bianca is forbidden to date until her ill-tempered, completely un-dateable older sister Kat goes out, too. In an attempt to solve his problem, Cameron singles out the only guy who could possibly be a match for Kat: a mysterious bad boy with a nasty reputation of his own.",Gil Junger,"Kirsten Smith, Karen McCullah",Released,English,16000000.0,53478166.0
76492,https://www.themoviedb.org/movie/76492-hotel-transylvania,Hotel Transylvania,91.0,2013-01-17,KR,"Animation, Comedy, Family, Fantasy",7.0,"Welcome to Hotel Transylvania, Dracula's lavish five-stake resort, where monsters and their families can live it up and no humans are allowed. One special weekend, Dracula has invited all his best friends to celebrate his beloved daughter Mavis's 118th birthday. For Dracula catering to all of these legendary monsters is no problem but the party really starts when one ordinary guy stumbles into the hotel and changes everything!",Genndy Tartakovsky,"Peter Baynham, Robert Smigel",Released,English,85000000.0,358375603.0
49530,https://www.themoviedb.org/movie/49530-in-time,In Time,109.0,2011-10-27,KR,"Action, Thriller, Science Fiction",7.0,"In the not-too-distant future, the aging gene has been switched off. To avoid overpopulation, time has become the currency and the way people pay for luxuries and necessities. The rich can live forever, while the rest struggle to negotiate for their immortality. A poor young man who suddenly comes into a fortune of time finds himself on the run from a corrupt police force known as the ""time keepers"".",Andrew Niccol,Andrew Niccol,Released,English,40000000.0,173900000.0
756999,https://www.themoviedb.org/movie/756999-the-black-phone,The Black Phone,103.0,2022-09-07,KR,"Horror, Thriller",7.5,"Finney Blake, a shy but clever 13-year-old boy, is abducted by a sadistic killer and trapped in a soundproof basement where screaming is of little use. When a disconnected phone on the wall begins to ring, Finney discovers that he can hear the voices of the killer’s previous victims. And they are dead set on making sure that what happened to them doesn’t happen to Finney.",Scott Derrickson,"Scott Derrickson, C. Robert Cargill",Released,English,16000000.0,161441914.0
10020,https://www.themoviedb.org/movie/10020-beauty-and-the-beast,Beauty and the Beast,84.0,1992-07-04,KR,"Romance, Family, Animation, Fantasy",7.7,"Follow the adventures of Belle, a bright young woman who finds herself in the castle of a prince who's been turned into a mysterious beast. With the help of the castle's enchanted staff, Belle soon learns the most important lesson of all -- that true beauty comes from within.","Gary Trousdale, Kirk Wise","Jeanne-Marie Leprince de Beaumont, Linda Woolverton",Released,English,25000000.0,424967620.0
45414,https://www.themoviedb.org/movie/45414,Martial Angels,86.0,2001-01-01,US,"Action, Thriller",6.2,"Cat is a professional thief turned straight after leaving her lover, Chi Lam, two years before. But her past returns to haunt her as Chi Lam is kidnapped for the ransom of security software belonging to the company Cat works for. In order to rescue him, she calls on her old friends from her orphanage days, six other feisty women, to save the day...",Clarence Ford,Sharon Hui,Released,Cantonese,,
785084,https://www.themoviedb.org/movie/785084-the-whale,The Whale,117.0,2023-03-01,KR,Drama,7.8,A reclusive English teacher suffering from severe obesity attempts to reconnect with his estranged teenage daughter for one last chance at redemption.,Darren Aronofsky,Samuel D. Hunter,Released,English,3000000.0,57615635.0
1387382,https://www.themoviedb.org/movie/1387382-hunting-season,Hunting Season,93.0,2026-01-23,KR,"Action, Drama, Thriller",7.4,"When a reclusive survivalist and his daughter rescue a mysterious, wounded woman from a river, they become entangled in a deadly web of violence and revenge, forcing them to confront a brutal criminal to survive.",Raja Collins,Adam Hampton,Released,English,,
1540365,https://www.themoviedb.org/movie/1540365-hippo-s-revenge,Hippo's Revenge,82.0,2025-09-05,US,Horror,3.8,"A father and daughter prepare to open their Safari Rescue in England, featuring a mother hippo and her calf. But when a ruthless criminal plots to steal them under the cover of night, chaos erupts.",Sam P. Green,Sam P. Green,Released,English,,
1254896,https://www.themoviedb.org/movie/1254896-beware-the-boogeyman,Beware the Boogeyman,109.0,2024-03-05,US,"Horror, Thriller",4.2,"For her first day of orientation, Dr. Tristian Mackenzie makes her way to the Silverdale Psychiatric Hospital for the criminally insane, where she learns of the strange series of cases from the similarly strange Dr. Moon.","Tim Coyle, Calvin Morie McCarthy, Chynna Rae Shurts, Josh Dietrich, Kai Pacifico Eng","Tim Coyle, Chynna Rae Shurts, Calvin Morie McCarthy, Josh Dietrich, Kai Pacifico Eng",Released,English,,
1423191,https://www.themoviedb.org/movie/1423191-resident-evil,Resident Evil,,2026-09-18,US,"Horror, Science Fiction, Thriller",0.0,"Bryan, a medical courier, is in the process of making a delivery when a sudden outbreak occurs, forcing him to fight for survival.",Zach Cregger,"Zach Cregger, Shay Hatten",Post Production,English,80000000.0,
13345,https://www.themoviedb.org/movie/13345,A Chinese Odyssey Part One: Pandora's Box,88.0,1995-09-16,KR,"Action, Adventure, Fantasy, Comedy, Romance, Drama",7.5,"When the Goddess of Happiness tosses the Longevity Monk and his disciples out of heaven (because the Monkey King tried to attain immortality), the Monkey King is reincarnated as the Joker. He now spends his time chasing two jealous women. When one of them is dying, the Joker goes back in time in an attempt to save her.",Jeffrey Lau Chun-Wai,"Jeffrey Lau Chun-Wai, Wu Cheng'en",Released,Cantonese,,3237520.0
399579,https://www.themoviedb.org/movie/399579-alita-battle-angel,Alita: Battle Angel,122.0,2019-02-05,KR,"Action, Science Fiction, Adventure",7.3,"When Alita awakens with no memory of who she is in a future world she does not recognize, she is taken in by Ido, a compassionate doctor who realizes that somewhere in this abandoned cyborg shell is the heart and soul of a young woman with an extraordinary past.",Robert Rodriguez,"James Cameron, Laeta Kalogridis",Released,English,170000000.0,405000000.0
383498,https://www.themoviedb.org/movie/383498-deadpool-2,Deadpool 2,120.0,2018-05-16,KR,"Action, Comedy, Adventure",7.5,Wisecracking mercenary Deadpool battles the evil and powerful Cable and other bad guys to save a boy's life.,David Leitch,"Rhett Reese, Paul Wernick, Ryan Reynolds",Released,English,110000000.0,785896632.0
766507,https://www.themoviedb.org/movie/766507-prey,Prey,100.0,2022-08-05,KR,"Thriller, Action, Science Fiction",7.7,"When danger threatens her camp, the fierce and highly skilled Comanche warrior Naru sets out to protect her people. But the prey she stalks turns out to be a highly evolved alien predator with a technically advanced arsenal.",Dan Trachtenberg,Patrick Aison,Released,English,65000000.0,
1327862,https://www.themoviedb.org/movie/1327862-regretting-you,Regretting You,116.0,2025-11-05,KR,"Romance, Drama",7.1,"Morgan Grant and her daughter Clara explore what's left behind after a devastating accident reveals a shocking betrayal and forces them to confront family secrets, redefine love, and rediscover each other.",Josh Boone,"Colleen Hoover, Susan McMartin",Released,English,30000000.0,90452948.0
104894,https://www.themoviedb.org/movie/104894,A Garden Without Birds,22.0,1992-12-01,JP,Horror,4.9,"Four friends arrange a kinky sex party at the top of a luxury hotel, where a dominatrix and her gimp await for the guests. Once they start using drugs to spice things up, the party takes a bloody turn.",Akira Nobi,Akira Nobi,Released,Japanese,,
214756,https://www.themoviedb.org/movie/214756-ted-2,Ted 2,115.0,2015-06-25,KR,"Comedy, Fantasy",6.3,"Newlywed couple Ted and Tami-Lynn want to have a baby, but in order to qualify to be a parent, Ted will have to prove he's a person in a court of law.",Seth MacFarlane,"Seth MacFarlane, Alec Sulkin, Wellesley Wild",Released,English,68000000.0,215863606.0
1771,https://www.themoviedb.org/movie/1771-captain-america-the-first-avenger,Captain America: The First Avenger,124.0,2011-07-28,KR,"Action, Adventure, Science Fiction",7.0,"During World War II, Steve Rogers is a sickly man from Brooklyn who's transformed into super-soldier Captain America to aid in the war effort. Rogers must stop the Red Skull – Adolf Hitler's ruthless head of weaponry, and the leader of an organization that intends to use a mysterious device of untold powers for world domination.",Joe Johnston,"Stephen McFeely, Christopher Markus",Released,English,140000000.0,370569774.0
49521,https://www.themoviedb.org/movie/49521-man-of-steel,Man of Steel,143.0,2013-06-13,KR,"Action, Adventure, Science Fiction",6.7,"A young boy learns that he has extraordinary powers and is not of this earth. As a young man, he journeys to discover where he came from and what he was sent here to do. But the hero in him must emerge if he is to save the world from annihilation and become the symbol of hope for all mankind.",Zack Snyder,David S. Goyer,Released,English,225000000.0,668045518.0
974262,https://www.themoviedb.org/movie/974262-descendants-the-rise-of-red,Descendants: The Rise of Red,92.0,2024-07-12,KR,"Fantasy, Adventure, Family, Comedy",6.7,"After the Queen of Hearts incites a coup on Auradon, her rebellious daughter Red and Cinderella's perfectionist daughter Chloe join forces and travel back in time to try to undo the traumatic event that set Red's mother down her villainous path.",Jennifer Phang,"Dan Frey, Russell Sommer",Released,English,,
118340,https://www.themoviedb.org/movie/118340-guardians-of-the-galaxy,Guardians of the Galaxy,121.0,2014-07-31,KR,"Action, Science Fiction, Adventure",7.9,"Light years from Earth, 26 years after being abducted, Peter Quill finds himself the prime target of a manhunt after discovering an orb wanted by Ronan the Accuser.",James Gunn,"James Gunn, Nicole Perlman",Released,English,170000000.0,772776600.0
1353926,https://www.themoviedb.org/movie/1353926,Keep Real,,2026-07-03,CN,"Drama, Comedy, Science Fiction",1.8,"Thirty years ago, the Super Ying Association led by Superman Wang Changhai crushed the aliens. Years later, Wang Changhai was appointed to return to his hometown to set up a combat squad, but in the town of Rheinland, which had been peaceful for many years, human feelings and courtesies have left Wang Changhai overwhelmed, creating layers of obstacles to Wang's ability to complete his mission.",Xing Wenxiong,"Xing Wenxiong, Li Tianliang, 史倩, Li Shuye",Released,Chinese,,
414419,https://www.themoviedb.org/movie/414419-kill-bill-the-whole-bloody-affair,Kill Bill: The Whole Bloody Affair,254.0,2026-04-01,KR,"Action, Crime",8.1,"A former assassin, known simply as The Bride, wakes from a coma four years after her jealous ex-lover Bill attempts to murder her on her wedding day. Fueled by an insatiable desire for revenge, she vows to get even with every person who contributed to the loss of her unborn child, her entire wedding party, and four years of her life.  After devising a hit list, The Bride sets off on her quest, enduring unspeakable injury and unscrupulous enemies.",Quentin Tarantino,Quentin Tarantino,Released,English,60000000.0,12338649.0
321612,https://www.themoviedb.org/movie/321612-beauty-and-the-beast,Beauty and the Beast,129.0,2017-03-16,KR,"Family, Fantasy, Romance",7.0,A live-action adaptation of Disney's version of the classic tale of a cursed prince and a beautiful young woman who helps him break the spell.,Bill Condon,"Jeanne-Marie Leprince de Beaumont, Stephen Chbosky, Evan Spiliotopoulos",Released,English,160000000.0,1266115964.0
47971,https://www.themoviedb.org/movie/47971-xxx-return-of-xander-cage,xXx: Return of Xander Cage,107.0,2017-02-08,KR,"Action, Adventure, Crime",6.1,"Xander Cage is left for dead after an incident, though he secretly returns to action for a new, tough assignment with his handler Augustus Gibbons.",D.J. Caruso,F. Scott Frazier,Released,English,85000000.0,346118277.0
146233,https://www.themoviedb.org/movie/146233-prisoners,Prisoners,153.0,2013-10-02,KR,"Drama, Thriller, Crime",8.1,"After his six-year-old daughter is abducted, a desperate father takes justice into his own hands when he loses faith in the detective leading the investigation, setting both men on a collision course as the search descends into obsession and moral compromise.",Denis Villeneuve,Aaron Guzikowski,Released,English,46000000.0,122127446.0
1038918,https://www.themoviedb.org/movie/1038918-ii,Magistrate Woman Prison Collection II,79.0,1995-09-21,JP,"Drama, History",6.0,We don't have an overview translated in English. Help us expand our database by adding one.,Toru Harada,,Released,Japanese,,
293167,https://www.themoviedb.org/movie/293167-kong-skull-island,Kong: Skull Island,118.0,2017-03-08,KR,"Action, Adventure, Fantasy",6.6,"Explore the mysterious and dangerous home of the king of the apes as a team of explorers ventures deep inside the treacherous, primordial island.",Jordan Vogt-Roberts,"Derek Connolly, Dan Gilroy, Max Borenstein",Released,English,185000000.0,566652812.0
979,https://www.themoviedb.org/movie/979-irreversible,Irreversible,93.0,2003-04-04,KR,"Drama, Thriller, Crime",7.2,A woman’s lover and her ex-boyfriend take justice into their own hands after she becomes the victim of a rapist. Because some acts can’t be undone. Because man is an animal. Because the desire for vengeance is a natural impulse. Because most crimes remain unpunished.,Gaspar Noé,Gaspar Noé,Released,French,3500000.0,6500000.0
1601243,https://www.themoviedb.org/movie/1601243-oscar-shaw,Oscar Shaw,93.0,2026-01-09,US,"Action, Crime, Thriller, Western",6.9,"After retiring from the police force, a relentless detective haunted by the tragic loss of his closest friend sets out on a perilous quest for vengeance, seeking redemption and fighting to restore justice to the streets he once swore to protect.","Justin Nesbitt, R. Ellis Frazier",Don Roff,Released,English,,
4234,https://www.themoviedb.org/movie/4234-scream-3,Scream 3,116.0,2000-04-29,KR,"Horror, Mystery",6.0,"As bodies begin dropping around the Hollywood set of STAB 3, the third film based on the gruesome Woodsboro killings, Sidney and other survivors are once again terrorized by another Ghostface killer.",Wes Craven,Ehren Kruger,Released,English,40000000.0,161838076.0
4588,https://www.themoviedb.org/movie/4588,"Lust, Caution",158.0,2007-11-08,KR,"Action, Drama, Romance, Thriller",7.3,"During World War II, a secret agent must seduce, then assassinate an official  who works for the Japanese puppet government in Shanghai. Her mission becomes clouded when she finds herself falling in love with the man she is assigned to kill.",Ang Lee,"Eileen Chang, Wang Huiling, James Schamus",Released,Chinese,15000000.0,67100000.0
1198984,https://www.themoviedb.org/movie/1198984-we-bury-the-dead,We Bury the Dead,95.0,2026-04-16,KR,"Horror, Thriller",6.0,"After a catastrophic military disaster reanimates the dead, Ava searches for her missing husband amidst an increasingly hostile world.",Zak Hilditch,Zak Hilditch,Released,English,,3745163.0
8392,https://www.themoviedb.org/movie/8392,My Neighbor Totoro,86.0,2001-07-28,KR,"Fantasy, Animation, Family",8.1,"Two sisters move to the country with their father in order to be closer to their hospitalized mother, and discover the surrounding trees are inhabited by Totoros, magical spirits of the forest. When the youngest runs away from home, the older sister seeks help from the spirits to find her.",Hayao Miyazaki,Hayao Miyazaki,Released,Japanese,3700000.0,41000000.0
930564,https://www.themoviedb.org/movie/930564-saltburn,Saltburn,131.0,2023-11-17,GB,"Drama, Comedy, Thriller",6.9,"Struggling to find his place at Oxford University, student Oliver Quick finds himself drawn into the world of the charming and aristocratic Felix Catton, who invites him to Saltburn, his eccentric family's sprawling estate, for a summer never to be forgotten.",Emerald Fennell,Emerald Fennell,Released,English,20000000.0,21013738.0
1138194,https://www.themoviedb.org/movie/1138194-heretic,Heretic,111.0,2025-04-02,KR,"Thriller, Horror",7.0,"Two young missionaries are forced to prove their faith when they knock on the wrong door and are greeted by a diabolical Mr. Reed, becoming ensnared in his deadly game of cat-and-mouse.","Bryan Woods, Scott Beck","Bryan Woods, Scott Beck",Released,English,10000000.0,51913394.0
1317672,https://www.themoviedb.org/movie/1317672-love-me-love-me,Love Me Love Me,99.0,2026-02-13,IT,"Romance, Drama",6.0,"After her brother's death, June moves to Milan for a fresh start, finding comfort in Will, the perfect honor student at her new international school. But when his troubled best friend James—hiding a dangerous life in clandestine MMA fights—sparks a rivalry that quickly turns into irresistible attraction, June must choose between safety and a love that upends everything she thought she wanted.",Roger Kumble,"Stefania Serafini, Serena Tateo, Veronica Galli",Released,English,,
320288,https://www.themoviedb.org/movie/320288-dark-phoenix,Dark Phoenix,114.0,2019-06-05,KR,"Science Fiction, Action, Adventure",6.0,"The X-Men face their most formidable and powerful foe when one of their own, Jean Grey, starts to spiral out of control. During a rescue mission in outer space, Jean is nearly killed when she's hit by a mysterious cosmic force. Once she returns home, this force not only makes her infinitely more powerful, but far more unstable. The X-Men must now band together to save her soul and battle aliens that want to use Grey's new abilities to rule the galaxy.",Simon Kinberg,Simon Kinberg,Released,English,200000000.0,252442974.0
843527,https://www.themoviedb.org/movie/843527-the-idea-of-you,The Idea of You,116.0,2024-05-02,KR,"Music, Comedy, Romance, Drama",7.3,"40-year-old single mom Solène begins an unexpected romance with 24-year-old Hayes Campbell, the lead singer of August Moon, the hottest boy band on the planet. As they begin a whirlwind romance, it isn't long before Hayes' superstar status poses unavoidable challenges to their relationship, and Solène soon discovers that life in the glare of his spotlight might be more than she bargained for.",Michael Showalter,"Michael Showalter, Robinne Lee, Jennifer Westfeldt",Released,English,,36178.0
399566,https://www.themoviedb.org/movie/399566-godzilla-vs-kong,Godzilla vs. Kong,114.0,2021-03-25,KR,"Action, Science Fiction, Adventure",7.5,"In a time when monsters walk the Earth, humanity’s fight for its future sets Godzilla and Kong on a collision course that will see the two most powerful forces of nature on the planet collide in a spectacular battle for the ages.",Adam Wingard,"Max Borenstein, Eric Pearson",Released,English,200000000.0,470116094.0
1241436,https://www.themoviedb.org/movie/1241436-warfare,Warfare,95.0,2026-08-19,KR,"War, Action",7.1,"A platoon of Navy SEALs embarks on a dangerous mission in Ramadi, Iraq, with the chaos and brotherhood of war retold through their memories of the event.","Ray Mendoza, Alex Garland","Ray Mendoza, Alex Garland",Released,English,20000000.0,34902602.0
639988,https://www.themoviedb.org/movie/639988,No Other Choice,139.0,2025-09-24,KR,"Comedy, Crime, Thriller",7.5,"After being laid off and humiliated by a ruthless job market, a veteran paper mill manager descends into violence in a desperate bid to reclaim his dignity.",Park Chan-wook,"Park Chan-wook, Donald E. Westlake, Lee Ja-hye, Don McKellar, Lee Kyoung-mi",Released,Korean,12200000.0,40223568.0
137,https://www.themoviedb.org/movie/137-groundhog-day,Groundhog Day,101.0,1993-12-04,KR,"Romance, Fantasy, Comedy",7.6,"A cynical TV weatherman, along with his idealistic producer and his sardonic cameraman, is sent to report on Groundhog Day in the small town of Punxsutawney, where he finds himself repeating the same day over and over.",Harold Ramis,"Harold Ramis, Danny Rubin",Released,English,14600000.0,71108778.0
512200,https://www.themoviedb.org/movie/512200-jumanji-the-next-level,Jumanji: The Next Level,123.0,2019-12-11,KR,"Adventure, Comedy, Fantasy",6.9,"As the gang return to Jumanji to rescue one of their own, they discover that nothing is as they expect. The players will have to brave parts unknown and unexplored in order to escape the world’s most dangerous game.",Jake Kasdan,"Jake Kasdan, Scott Rosenberg, Jeff Pinkner",Released,English,125000000.0,801693929.0
985939,https://www.themoviedb.org/movie/985939-fall,Fall,107.0,2022-11-16,KR,Thriller,7.1,"For best friends Becky and Hunter, life is all about conquering fears and pushing limits. But after they climb 2,000 feet to the top of a remote, abandoned radio tower, they find themselves stranded with no way down. Now Becky and Hunter's expert climbing skills will be put to the ultimate test as they desperately fight to survive the elements, a lack of supplies, and vertigo-inducing heights.",Scott Mann,"Scott Mann, Jonathan Frank",Released,English,3000000.0,17363261.0
10144,https://www.themoviedb.org/movie/10144-the-little-mermaid,The Little Mermaid,83.0,1991-12-21,KR,"Animation, Family, Fantasy",7.4,This colorful adventure tells the story of an impetuous mermaid princess named Ariel who falls in love with the very human Prince Eric and puts everything on the line for the chance to be with him. Memorable songs and characters -- including the villainous sea witch Ursula.,"Ron Clements, John Musker","Ron Clements, John Musker",Released,English,40000000.0,211343479.0
629542,https://www.themoviedb.org/movie/629542-the-bad-guys,The Bad Guys,100.0,2022-05-04,KR,"Action, Animation, Comedy, Crime, Family",7.5,"When the Bad Guys, a crew of criminal animals, are finally caught after years of heists and being the world’s most-wanted villains, Mr. Wolf brokers a deal to save them all from prison.",Pierre Perifel,Etan Cohen,Released,English,80000000.0,250162278.0
282035,https://www.themoviedb.org/movie/282035-the-mummy,The Mummy,110.0,2017-06-06,KR,"Fantasy, Thriller, Action, Adventure, Horror",5.5,"Though safely entombed in a crypt deep beneath the unforgiving desert, an ancient queen whose destiny was unjustly taken from her is awakened in our current day, bringing with her malevolence grown over millennia, and terrors that defy human comprehension.",Alex Kurtzman,"Christopher McQuarrie, Dylan Kussman, David Koepp",Released,English,125000000.0,409231607.0
1271,https://www.themoviedb.org/movie/1271-300,300,117.0,2007-03-14,KR,"Action, Adventure, War",7.2,"A story very loosely based the 480 B.C. Battle of Thermopylae, where the King of Sparta led his army against the advancing Persians.",Zack Snyder,"Zack Snyder, Frank Miller, Kurt Johnstad, Michael B. Gordon",Released,English,65000000.0,456082343.0
150689,https://www.themoviedb.org/movie/150689-cinderella,Cinderella,105.0,2015-03-19,KR,"Romance, Fantasy, Family, Drama",6.8,"When her father unexpectedly passes away, young Ella finds herself at the mercy of her cruel stepmother and her daughters. Never one to give up hope, Ella's fortunes begin to change after meeting a dashing stranger in the woods.",Kenneth Branagh,Chris Weitz,Released,English,95000000.0,543514353.0
57158,https://www.themoviedb.org/movie/57158-the-hobbit-the-desolation-of-smaug,The Hobbit: The Desolation of Smaug,161.0,2013-12-12,KR,"Fantasy, Adventure, Action",7.6,"The Dwarves, Bilbo and Gandalf have successfully escaped the Misty Mountains, and Bilbo has gained the One Ring. They all continue their journey to get their gold back from the Dragon, Smaug.",Peter Jackson,"Peter Jackson, J. R. R. Tolkien, Philippa Boyens, Fran Walsh, Guillermo del Toro",Released,English,250000000.0,958400000.0
1398655,https://www.themoviedb.org/movie/1398655-blue-film,Blue Film,85.0,2026-05-08,US,Drama,7.3,"Drawn by the promise of easy money and anonymous sex, queer camboy Aaron Eagle is shocked to discover a personal connection with the mysterious stranger who has paid for his company. Over the course of one night, the two men engage in a war of words and emotions as they wrestle with the impact of a tainted and shared past.",Elliot Tuttle,Elliot Tuttle,Released,English,,
260513,https://www.themoviedb.org/movie/260513-incredibles-2,Incredibles 2,118.0,2018-07-18,KR,"Action, Adventure, Animation, Family",7.5,"Elastigirl springs into action to save the day, while Mr. Incredible faces his greatest challenge yet – taking care of the problems of his three children.",Brad Bird,Brad Bird,Released,English,200000000.0,1243225667.0
493529,https://www.themoviedb.org/movie/493529-dungeons-dragons-honor-among-thieves,Dungeons & Dragons: Honor Among Thieves,134.0,2023-03-29,KR,"Adventure, Fantasy, Comedy",7.4,"A charming thief and a band of unlikely adventurers undertake an epic heist to retrieve a lost relic, but things go dangerously awry when they run afoul of the wrong people.","John Francis Daley, Jonathan Goldstein","John Francis Daley, Jonathan Goldstein, Michael Gilio",Released,English,151000000.0,208200000.0
254128,https://www.themoviedb.org/movie/254128-san-andreas,San Andreas,114.0,2015-06-03,KR,"Action, Drama, Thriller",6.2,"In the aftermath of a massive earthquake in California, a rescue-chopper pilot makes a dangerous journey across the state in order to rescue his estranged daughter.",Brad Peyton,Carlton Cuse,Released,English,110000000.0,473990832.0
1522126,https://www.themoviedb.org/movie/1522126-1000-men-and-me-the-bonnie-blue-story,1000 Men and Me: The Bonnie Blue Story,60.0,2025-07-29,GB,"Documentary, TV Movie",5.4,"Adult content creator Bonnie Blue announced that she’d slept with 1057 men in 12 hours. Exploring the polarising debate around Bonnie and the pornification of our society, the film follows her over the most eye-opening six months of her life.",Victoria Silver,,Released,English,,
11216,https://www.themoviedb.org/movie/11216-nuovo-cinema-paradiso,Cinema Paradiso,124.0,1990-07-07,KR,"Drama, Romance",8.4,"A filmmaker recalls his childhood, when he fell in love with the movies at his village's theater and formed a deep friendship with the theater's projectionist.",Giuseppe Tornatore,"Giuseppe Tornatore, Vanna Paoli",Released,Italian,5000000.0,35962062.0
663,https://www.themoviedb.org/movie/663-saw-iv,Saw IV,93.0,2007-11-21,KR,"Horror, Thriller, Crime",6.2,"Despite Jigsaw's death, and in order to save the lives of two of his colleagues, Lieutenant Rigg is forced to take part in a new game, which promises to test him to the limit.",Darren Lynn Bousman,"Patrick Melton, Marcus Dunstan",Released,English,10000000.0,139352653.0
1072790,https://www.themoviedb.org/movie/1072790-anyone-but-you,Anyone but You,103.0,2024-04-23,KR,"Romance, Comedy",6.8,"After an amazing first date, Bea and Ben’s fiery attraction turns ice cold — until they find themselves unexpectedly reunited at a destination wedding in Australia. So they do what any two mature adults would do: pretend to be a couple.",Will Gluck,"Will Gluck, Ilana Wolpert",Released,English,25000000.0,214891370.0
335983,https://www.themoviedb.org/movie/335983-venom,Venom,112.0,2018-10-03,KR,"Science Fiction, Action",6.8,"Investigative journalist Eddie Brock attempts a comeback following a scandal, but accidentally becomes the host of Venom, a violent, super powerful alien symbiote. Soon, he must rely on his newfound powers to protect the world from a shadowy organization looking for a symbiote of their own.",Ruben Fleischer,"Kelly Marcel, Scott Rosenberg, Jeff Pinkner",Released,English,116000000.0,856085151.0
249397,https://www.themoviedb.org/movie/249397-nymphomaniac-vol-ii,Nymphomaniac: Vol. II,124.0,2014-07-03,KR,"Drama, Mystery",6.7,The continuation of Joe's sexually dictated life delves into the darker aspects of her adult life and what led to her being in Seligman's care.,Lars von Trier,Lars von Trier,Released,English,2350000.0,4934725.0
11688,https://www.themoviedb.org/movie/11688-the-emperor-s-new-groove,The Emperor's New Groove,78.0,2001-01-13,KR,"Adventure, Animation, Comedy, Family, Fantasy",7.6,"When the self‑absorbed Emperor Kuzco is accidentally transformed into a llama, he must rely on a humble villager to survive the jungle and reclaim his throne.",Mark Dindal,David Reynolds,Released,English,100000000.0,169327687.0
493922,https://www.themoviedb.org/movie/493922-hereditary,Hereditary,128.0,2018-06-07,KR,"Horror, Mystery, Thriller",7.3,"Following the death of the Leigh family matriarch, Annie and her children uncover disturbing secrets about their heritage. Their daily lives are not only impacted, but they also become entangled in a chilling fate from which they cannot escape, driving them to the brink of madness.",Ari Aster,Ari Aster,Released,English,10000000.0,87796204.0
1584215,https://www.themoviedb.org/movie/1584215-the-internship,The Internship,91.0,2026-01-13,US,Action,6.6,"A CIA-trained assassin recruits other graduates from her secret childhood program, The Internship, to violently destroy the organization. The CIA fights back with deadly force.",James Bamford,J. D. Zeik,Released,English,,
812,https://www.themoviedb.org/movie/812-aladdin,Aladdin,91.0,1993-07-03,KR,"Animation, Family, Adventure, Fantasy, Romance",7.7,"In the boorish city of Agrabah, kind-hearted street urchin Aladdin and Princess Jasmine fall in love, although she can only marry a prince. He and power-hungry Grand Vizier Jafar vie for a magic lamp that can fulfill their wishes.","Ron Clements, John Musker","Ron Clements, John Musker, Ted Elliott, Terry Rossio",Released,English,28000000.0,504050219.0
772,https://www.themoviedb.org/movie/772-home-alone-2-lost-in-new-york,Home Alone 2: Lost in New York,120.0,1992-12-18,KR,"Comedy, Family, Adventure",6.8,"Instead of flying to Florida with his folks, Kevin ends up alone in New York, where he gets a hotel room with his dad's credit card—despite problems from a clerk and meddling bellboy. But when Kevin runs into his old nemeses, the Wet Bandits, he's determined to foil their plans to rob a toy store on Christmas Eve.",Chris Columbus,John Hughes,Released,English,18000000.0,358994850.0
1207162,https://www.themoviedb.org/movie/1207162-rise-of-the-conqueror,Rise of the Conqueror,119.0,2026-07-09,KR,"History, Action, Adventure, War",6.2,"In the 14th-century, as the Silk Road crumbles and rival factions tear the land apart, fearless warrior Timur emerges from exile. Stripped of everything, he fights to unite the fractured kingdoms, using strategy and sheer will to carve an empire from chaos. Undefeated in battle and widely regarded as one of history’s greatest military leaders and tacticians, not to mention one of its most brutal, Timur would found the Timurid Empire, which ruled over modern-day Afghanistan, Iran and Central Asia.",Jacob Schwarz,"Matthew Greene, Christian Mortensen, Jacob Schwarz",Released,English,30000000.0,
10625,https://www.themoviedb.org/movie/10625-mean-girls,Mean Girls,97.0,2004-09-03,KR,"Drama, Comedy",7.2,"Cady Heron is a hit with The Plastics, the A-list girl clique at her new school, until she makes the mistake of falling for Aaron Samuels, the ex-boyfriend of alpha Plastic Regina George.",Mark Waters,Tina Fey,Released,English,17000000.0,130195052.0
526896,https://www.themoviedb.org/movie/526896-morbius,Morbius,105.0,2022-03-30,KR,"Action, Science Fiction, Fantasy",5.9,"Dangerously ill with a rare blood disorder, and determined to save others suffering his same fate, Dr. Michael Morbius attempts a desperate gamble. What at first appears to be a radical success soon reveals itself to be a remedy potentially worse than the disease.",Daniel Espinosa,"Matt Sazama, Burk Sharpless",Released,English,75000000.0,167635712.0
140300,https://www.themoviedb.org/movie/140300-kung-fu-panda-3,Kung Fu Panda 3,95.0,2016-01-28,KR,"Animation, Action, Adventure, Comedy, Family",6.9,"While Po and his father are visiting a secret panda village, an evil spirit threatens all of China, forcing Po to form a ragtag army to fight back.","Jennifer Yuh Nelson, Alessandro Carloni","Glenn Berger, Jonathan Aibel",Released,English,145000000.0,521170825.0
93456,https://www.themoviedb.org/movie/93456-despicable-me-2,Despicable Me 2,98.0,2013-09-12,KR,"Animation, Comedy, Family, Science Fiction",6.9,Gru is recruited by the Anti-Villain League to help deal with a powerful new super criminal.,"Chris Renaud, Pierre Coffin","Cinco Paul, Ken Daurio",Released,English,76000000.0,970766005.0
526896,https://www.themoviedb.org/movie/526896-morbius,Morbius,105.0,2022-03-30,KR,"Action, Science Fiction, Fantasy",5.9,"Dangerously ill with a rare blood disorder, and determined to save others suffering his same fate, Dr. Michael Morbius attempts a desperate gamble. What at first appears to be a radical success soon reveals itself to be a remedy potentially worse than the disease.",Daniel Espinosa,"Burk Sharpless, Matt Sazama",Released,English,75000000.0,167635712.0
140300,https://www.themoviedb.org/movie/140300-kung-fu-panda-3,Kung Fu Panda 3,95.0,2016-01-28,KR,"Animation, Action, Adventure, Comedy, Family",6.9,"While Po and his father are visiting a secret panda village, an evil spirit threatens all of China, forcing Po to form a ragtag army to fight back.","Jennifer Yuh Nelson, Alessandro Carloni","Glenn Berger, Jonathan Aibel",Released,English,145000000.0,521170825.0
93456,https://www.themoviedb.org/movie/93456-despicable-me-2,Despicable Me 2,98.0,2013-09-12,KR,"Animation, Comedy, Family, Science Fiction",6.9,Gru is recruited by the Anti-Villain League to help deal with a powerful new super criminal.,"Pierre Coffin, Chris Renaud","Cinco Paul, Ken Daurio",Released,English,76000000.0,970766005.0
228794,https://www.themoviedb.org/movie/228794-vizio-e-provocazione,Provocation,87.0,1995-12-15,IT,"Drama, Romance",5.4,"Passions run wildly amok at Carlo's country inn as his wife, Amelia, fantasizes about an affair with a guest, while his grandson Gianni spies on him to learn the secrets of love. And when Carlo's sexy cousin Marilinda comes to stay, everybody sits up and takes notice.",Joe D'Amato,,Released,Italian,,
1089791,https://www.themoviedb.org/movie/1089791-la-huella-de-unos-labios,The Trace of Your Lips,81.0,2023-06-16,MX,"Drama, Romance",5.3,"Román is an actor who works in B-movies and who’s isolated in his apartment as a pandemic keeps the world on edge. Aldo, an indigenous young man, is an essential worker who’s allowed by the authorities to come and go. They live across from each other in an apartment complex. They meet online, and they can talk and even see each other in videocalls, but they can’t meet in person. Eventually, the temptation to break out of their lockdown comes up.",Julián Hernández,"Julián Hernández, Gustavo Hernández de Anda",Released,Spanish; Castilian,,
1214931,https://www.themoviedb.org/movie/1214931-nuremberg,Nuremberg,149.0,2025-11-07,US,"History, Drama",7.6,"In postwar Germany, an American psychiatrist must determine whether Nazi prisoners are fit to go on trial for war crimes, and finds himself in a complex battle of intellect and ethics with Hermann Göring, Hitler's right-hand man.",James Vanderbilt,James Vanderbilt,Released,English,11800000.0,37009109.0
18240,https://www.themoviedb.org/movie/18240-the-proposal,The Proposal,108.0,2009-09-03,KR,"Comedy, Romance, Drama",7.2,"When she learns she's in danger of losing her visa status and being deported, overbearing book editor Margaret Tate forces her put-upon assistant, Andrew Paxton, to marry her.",Anne Fletcher,Peter Chiarelli,Released,English,40000000.0,317400000.0
1123261,https://www.themoviedb.org/movie/1123261,Chinese Four Given Names People Prostitute: Li Xiangjun,92.0,2005-01-01,HK,"Romance, History",2.5,"The ancient costume ethics film ""Four Famous Prostitutes: Li Xiangjun"", the peerless singer and legendary Li Xiangjun is from Qinhuai, beautiful and charming, and works equally well in poetry and music. After making love with Hou Chaozong, he stayed alone in the empty building and was forced by Ruan Dacheng to serve wine and have fun. Li Xiangjun angrily reprimanded the traitor and was sentenced to hard labor in the palace. Jinling City was destroyed, and Li Xiangjun shaved off her hair to become a nun, and was taken home by Hou Chaozong. After Hou became a nobleman in the Qing Dynasty, she committed suicide in anger. Hou erected a stone tablet for Xiangjun. Containing depression, my husband is ashamed of the small print in this life.",Law Chi,,Released,Chinese,,
1259102,https://www.themoviedb.org/movie/1259102-eternity,Eternity,114.0,2026-02-04,KR,"Romance, Comedy, Drama",7.1,"In an afterlife where souls have one week to decide where to spend eternity, Joan is faced with the impossible choice between the man she spent her life with and her first love, who died young and has waited decades for her to arrive.",David Freyne,"David Freyne, Pat Cunnane",Released,English,12000000.0,32867848.0
273481,https://www.themoviedb.org/movie/273481-sicario,Sicario,122.0,2015-12-03,KR,"Action, Crime, Thriller",7.4,An idealistic FBI agent is enlisted by a government task force to aid in the escalating war against drugs at the border area between the U.S. and Mexico.,Denis Villeneuve,Taylor Sheridan,Released,English,30000000.0,84997446.0
1271,https://www.themoviedb.org/movie/1271-300,300,117.0,2007-03-14,KR,"Action, Adventure, War",7.2,"A story very loosely based the 480 B.C. Battle of Thermopylae, where the King of Sparta led his army against the advancing Persians.",Zack Snyder,"Zack Snyder, Frank Miller, Kurt Johnstad, Michael B. Gordon",Released,English,65000000.0,456082343.0
1573,https://www.themoviedb.org/movie/1573-die-hard-2,Die Hard 2,124.0,1990-12-01,KR,"Action, Thriller",7.0,"One year after his heroics in Los Angeles, John McClane is an off-duty cop who is the wrong guy in the wrong place at the wrong time. On a snowy Christmas Eve, as he waits for his wife's plane to land at Washington Dulles International Airport, terrorists take over the air traffic control system in a plot to free a South American army general and drug smuggler being flown into the US to face drug charges. It's now up to McClane to take on the terrorists, while coping with an inept airport police chief, an uncooperative anti-terrorist squad, and the life of his wife and everyone else trapped in planes circling overhead.",Renny Harlin,"Walter Wager, Steven E. de Souza, Doug Richardson",Released,English,70000000.0,240031094.0
1317149,https://www.themoviedb.org/movie/1317149-i-swear,I Swear,121.0,2025-09-22,GB,"Drama, History",8.2,"Diagnosed with Tourette Syndrome at 15, John Davidson navigates his way against the odds through troubled teenage years and into adulthood, finding inspiration in the kindness of others to discover his true purpose in life.",Kirk Jones,Kirk Jones,Released,English,3730000.0,15564405.0
568,https://www.themoviedb.org/movie/568-apollo-13,Apollo 13,140.0,1995-08-05,KR,"Drama, History",7.5,"The true story of technical troubles that scuttle the Apollo 13 lunar mission in 1970, risking the lives of astronaut Jim Lovell and his crew, with the failed journey turning into a thrilling saga of heroism. Drifting more than 200,000 miles from Earth, the astronauts work furiously with the ground crew to avert tragedy.",Ron Howard,"Jim Lovell, Jeffrey Kluger, William Broyles Jr., Al Reinert",Released,English,52000000.0,355237933.0
519465,https://www.themoviedb.org/movie/519465-dronningen,Queen of Hearts,127.0,2019-10-10,KR,Drama,6.9,"Anne, a brilliant and dedicated advocacy lawyer specialising in society’s most vulnerable, children and young adults, lives what appears to be the picture-perfect life with her doctor-husband, Peter, and their twin daughters. When her estranged teenage stepson, Gustav, moves in with them, Anne’s escalating desire leads her down a dangerous rabbit hole which, once exposed, unleashes a sequence of events destined to destroy her world.",May el-Toukhy,"May el-Toukhy, Maren Louise Käehne",Released,Danish,19000000.0,
1242011,https://www.themoviedb.org/movie/1242011-together,Together,102.0,2025-09-03,KR,"Horror, Romance",6.9,"Years into their relationship, Tim and Millie find themselves at a crossroads as they move to the country, abandoning all that is familiar in their lives except each other. With tensions already flaring, a nightmarish encounter with a mysterious, unnatural force threatens to corrupt their lives, their love, and their flesh.",Michael Shanks,Michael Shanks,Released,English,17000000.0,34747399.0
360920,https://www.themoviedb.org/movie/360920-the-grinch,The Grinch,85.0,2018-12-19,KR,"Animation, Comedy, Family, Fantasy",6.9,The Grinch hatches a scheme to ruin Christmas when the residents of Whoville plan their annual holiday celebration. But a certain little who might change things.,"Scott Mosier, Yarrow Cheney","Tommy Swerdlow, Michael LeSieur",Released,English,75000000.0,552976825.0
18491,https://www.themoviedb.org/movie/18491-air,Neon Genesis Evangelion: The End of Evangelion,87.0,2024-01-17,KR,"Animation, Science Fiction, Drama, Fantasy, Action",8.3,"SEELE orders an all-out attack on NERV, aiming to destroy the Evas before Gendo can advance his own plans for the Human Instrumentality Project. Shinji is pushed to the limits of his sanity as he is forced to decide the fate of humanity.","Hideaki Anno, Kazuya Tsurumaki",Hideaki Anno,Released,Japanese,7500000.0,26000000.0
36586,https://www.themoviedb.org/movie/36586-blade-ii,Blade II,117.0,2002-04-04,KR,"Fantasy, Horror, Action, Thriller",6.6,"Blade forms an uneasy alliance with the vampire council in order to combat the Reapers, who are feeding on vampires.",Guillermo del Toro,David S. Goyer,Released,English,54000000.0,155010032.0
168259,https://www.themoviedb.org/movie/168259-furious-7,Furious 7,138.0,2015-04-01,KR,"Action, Crime, Thriller",7.2,Deckard Shaw seeks revenge against Dominic Toretto and his family for his comatose brother.,James Wan,Chris Morgan,Released,English,190000000.0,1515400000.0
1035259,https://www.themoviedb.org/movie/1035259-the-naked-gun,The Naked Gun,85.0,2025-08-01,US,"Comedy, Crime, Action",6.4,"Only one man has the particular set of skills... to lead Police Squad and save the world: Lt. Frank Drebin Jr. Following in his father's footsteps, he must solve a murder case to prevent Police Squad from closure.",Akiva Schaffer,"Akiva Schaffer, Doug Mand, Dan Gregor",Released,English,42000000.0,102147396.0
324552,https://www.themoviedb.org/movie/324552-john-wick-chapter-2,John Wick: Chapter 2,122.0,2017-02-22,KR,"Action, Thriller, Crime",7.3,"John Wick is forced out of retirement by a former associate looking to seize control of a shadowy international assassins’ guild. Bound by a blood oath to aid him, Wick travels to Rome and does battle against some of the world’s most dangerous killers.",Chad Stahelski,Derek Kolstad,Released,English,40000000.0,171539887.0
166428,https://www.themoviedb.org/movie/166428-how-to-train-your-dragon-the-hidden-world,How to Train Your Dragon: The Hidden World,104.0,2019-01-30,KR,"Animation, Family, Adventure",7.8,"As Hiccup fulfills his dream of creating a peaceful dragon utopia, Toothless’ discovery of an untamed, elusive mate draws the Night Fury away. When danger mounts at home and Hiccup’s reign as village chief is tested, both dragon and rider must make impossible decisions to save their kind.",Dean DeBlois,Dean DeBlois,Released,English,129000000.0,539987993.0
1007734,https://www.themoviedb.org/movie/1007734-nobody-2,Nobody 2,89.0,2025-08-27,KR,"Action, Thriller, Comedy",6.9,"Former assassin Hutch Mansell takes his family on a nostalgic vacation to a small-town theme park, only to be pulled back into violence when they clash with a corrupt operator, a crooked sheriff, and a ruthless crime boss.",Timo Tjahjanto,"Derek Kolstad, Aaron Rabin",Released,English,25000000.0,43285109.0
14161,https://www.themoviedb.org/movie/14161-2012,2012,158.0,2009-11-12,KR,"Action, Adventure, Science Fiction",5.9,"Dr. Adrian Helmsley, part of a worldwide geophysical team investigating the effect on the earth of radiation from unprecedented solar storms, learns that the earth's core is heating up. He warns U.S. President Thomas Wilson that the crust of the earth is becoming unstable and that without proper preparations for saving a fraction of the world's population, the entire race is doomed. Meanwhile, writer Jackson Curtis stumbles on the same information. While the world's leaders race to build ""arks"" to escape the impending cataclysm, Curtis struggles to find a way to save his family. Meanwhile, volcanic eruptions and earthquakes of unprecedented strength wreak havoc around the world.",Roland Emmerich,"Roland Emmerich, Harald Kloser",Released,English,200000000.0,791217826.0
929130,https://www.themoviedb.org/movie/929130-04-v,Heroine in Peril Omnibus - Fighter of the Sun Leona V,60.0,2013-08-23,JP,Action,0.0,"The 4th film in the Heroine In Danger Omnibus tokusatsu series. Yui Kuwana is a school teacher who fights against evil as Leona. One day, Leona finds her student nearly getting hit by a vehicle. She saves Tsuyoshi but Traffic Monster named Hazardeor appears and tries to kidnap him.",Kanzo Matsuura,,Released,Japanese,,
915935,https://www.themoviedb.org/movie/915935-anatomie-d-une-chute,Anatomy of a Fall,151.0,2024-01-31,KR,"Thriller, Mystery, Crime",7.5,"A woman is suspected of her husband's murder, and their blind son faces a moral dilemma as the sole witness.",Justine Triet,"Justine Triet, Arthur Harari",Released,French,6600000.0,36000000.0
1185806,https://www.themoviedb.org/movie/1185806-paw-patrol-the-dino-movie,PAW Patrol: The Dino Movie,88.0,2026-08-13,KR,"Adventure, Animation, Comedy, Family",3.5,"The Paw Patrol lands on a mysterious dinosaur island after a storm, where they meet Rex, a stranded pup. When Humdinger's reckless mining triggers a volcano, the team faces their biggest rescue mission yet to save the island.",Cal Brunker,"Cal Brunker, Bob Barlen",Released,English,,
447277,https://www.themoviedb.org/movie/447277-the-little-mermaid,The Little Mermaid,135.0,2023-05-24,KR,"Adventure, Family, Fantasy, Romance",6.3,"The youngest of King Triton’s daughters, and the most defiant, Ariel longs to find out more about the world beyond the sea, and while visiting the surface, falls for the dashing Prince Eric. With mermaids forbidden to interact with humans, Ariel makes a deal with the evil sea witch, Ursula, which gives her a chance to experience life on land, but ultimately places her life – and her father’s crown – in jeopardy.",Rob Marshall,David Magee,Released,English,297000000.0,569626289.0
8078,https://www.themoviedb.org/movie/8078-alien-resurrection,Alien Resurrection,109.0,1998-01-10,KR,"Science Fiction, Horror, Action",6.2,"Two hundred years after Lt. Ripley died, a group of scientists clone her, hoping to breed the ultimate weapon. But the new Ripley is full of surprises … as are the new aliens. Ripley must team with a band of smugglers to keep the creatures from reaching Earth.",Jean-Pierre Jeunet,Joss Whedon,Released,English,70000000.0,162000000.0
1771,https://www.themoviedb.org/movie/1771-captain-america-the-first-avenger,Captain America: The First Avenger,124.0,2011-07-28,KR,"Action, Adventure, Science Fiction",7.0,"During World War II, Steve Rogers is a sickly man from Brooklyn who's transformed into super-soldier Captain America to aid in the war effort. Rogers must stop the Red Skull – Adolf Hitler's ruthless head of weaponry, and the leader of an organization that intends to use a mysterious device of untold powers for world domination.",Joe Johnston,"Christopher Markus, Stephen McFeely",Released,English,140000000.0,370569774.0
653346,https://www.themoviedb.org/movie/653346-kingdom-of-the-planet-of-the-apes,Kingdom of the Planet of the Apes,145.0,2024-05-08,KR,"Science Fiction, Adventure, Action",7.1,"Several generations following Caesar's reign, apes – now the dominant species – live harmoniously while humans have been reduced to living in the shadows. As a new tyrannical ape leader builds his empire, one young ape undertakes a harrowing journey that will cause him to question all he's known about the past and to make choices that will define a future for apes and humans alike.",Wes Ball,Josh Friedman,Released,English,160000000.0,397378150.0
438695,https://www.themoviedb.org/movie/438695-sing-2,Sing 2,110.0,2022-01-05,KR,"Animation, Comedy, Family, Music",7.8,"Buster and his new cast now have their sights set on debuting a new show at the Crystal Tower Theater in glamorous Redshore City. But with no connections, he and his singers must sneak into the Crystal Entertainment offices, run by the ruthless wolf mogul Jimmy Crystal, where the gang pitches the ridiculous idea of casting the lion rock legend Clay Calloway in their show. Buster must embark on a quest to find the now-isolated Clay and persuade him to return to the stage.",Garth Jennings,Garth Jennings,Released,English,85000000.0,408402685.0
20526,https://www.themoviedb.org/movie/20526-tron-legacy,TRON: Legacy,126.0,2010-12-29,KR,"Adventure, Action, Science Fiction",6.5,"Sam Flynn, the tech-savvy and daring son of Kevin Flynn, investigates his father's disappearance and is pulled into The Grid. With the help of a mysterious program named Quorra, Sam quests to stop evil dictator Clu from crossing into the real world.",Joseph Kosinski,"Edward Kitsis, Adam Horowitz, Lee Sternthal, Brian Klugman",Released,English,170000000.0,409912892.0
663,https://www.themoviedb.org/movie/663-saw-iv,Saw IV,93.0,2007-11-21,KR,"Horror, Thriller, Crime",6.2,"Despite Jigsaw's death, and in order to save the lives of two of his colleagues, Lieutenant Rigg is forced to take part in a new game, which promises to test him to the limit.",Darren Lynn Bousman,"Marcus Dunstan, Patrick Melton",Released,English,10000000.0,139352653.0
277217,https://www.themoviedb.org/movie/277217-descendants,Descendants,112.0,2015-07-31,US,"Family, Adventure, Fantasy, TV Movie",7.2,"A present-day idyllic kingdom where the benevolent teenage son of King Adam and Queen Belle offers a chance of redemption for the troublemaking offspring of Disney's classic villains: Cruella De Vil (Carlos), Maleficent (Mal), the Evil Queen (Evie) and Jafar (Jay).",Kenny Ortega,"Josann McGibbon, Sara Parriott",Released,English,,
1499071,https://www.themoviedb.org/movie/1499071-1994,Cold War 1994,117.0,2026-05-01,CN,"Action, Drama, Crime",6.5,"In 1994, a tycoon's kidnapping shook Hong Kong, threatening its financial standing. Police pursued personal gain while OCID Superintendent Li Wenbin risked everything to navigate conflicting interests and expose the truth.",Leung Lok-Man,"Leung Lok-Man, He Liang-Yu, Cheung Fei-Fan, Jolyon Cheung",Released,Cantonese,,46907049.0
787,https://www.themoviedb.org/movie/787-mr-mrs-smith,Mr. & Mrs. Smith,120.0,2005-06-16,KR,"Action, Comedy, Drama, Thriller",6.7,"A husband and wife struggle to keep their marriage alive until they realize they are both secretly working as assassins. Now, their respective assignments require them to kill each other.",Doug Liman,Simon Kinberg,Released,English,110000000.0,487287646.0
91314,https://www.themoviedb.org/movie/91314-transformers-age-of-extinction,Transformers: Age of Extinction,165.0,2014-06-25,KR,"Science Fiction, Action, Adventure",6.0,"As humanity picks up the pieces after the battle of Chicago, a shadowy group reveals itself in an attempt to control the direction of history…while an ancient, powerful new menace sets Earth in its crosshairs. With help from Cade Yeager, Optimus Prime and the Autobots rise to meet their most fearsome challenge yet.",Michael Bay,Ehren Kruger,Released,English,210000000.0,1105261713.0
466420,https://www.themoviedb.org/movie/466420-killers-of-the-flower-moon,Killers of the Flower Moon,206.0,2023-10-19,KR,"Crime, History, Drama",7.4,"When oil is discovered in 1920s Oklahoma under Osage Nation land, the Osage people are murdered one by one—until the FBI steps in to unravel the mystery.",Martin Scorsese,"Martin Scorsese, Eric Roth",Released,English,200000000.0,158722599.0
466420,https://www.themoviedb.org/movie/466420-killers-of-the-flower-moon,Killers of the Flower Moon,206.0,2023-10-19,KR,"Crime, History, Drama",7.4,"When oil is discovered in 1920s Oklahoma under Osage Nation land, the Osage people are murdered one by one—until the FBI steps in to unravel the mystery.",Martin Scorsese,"Martin Scorsese, Eric Roth",Released,English,200000000.0,158722599.0
359724,https://www.themoviedb.org/movie/359724-ford-v-ferrari,Ford v Ferrari,153.0,2019-12-04,KR,"Drama, History, Action",8.0,"American car designer Carroll Shelby and the British-born driver Ken Miles work together to battle corporate interference, the laws of physics, and their own personal demons to build a revolutionary race car for Ford Motor Company and take on the dominating race cars of Enzo Ferrari at the 24 Hours of Le Mans in France in 1966.",James Mangold,"John-Henry Butterworth, Jez Butterworth, Jason Keller",Released,English,97600000.0,225508210.0
615457,https://www.themoviedb.org/movie/615457-nobody,Nobody,91.0,2021-04-07,KR,"Action, Thriller",7.9,"Hutch Mansell, a suburban dad, overlooked husband, nothing neighbor — a ""nobody."" When two thieves break into his home one night, Hutch's unknown long-simmering rage is ignited and propels him on a brutal path that will uncover dark secrets he fought to leave behind.",Ilya Naishuller,Derek Kolstad,Released,English,16000000.0,57512470.0
378236,https://www.themoviedb.org/movie/378236-the-emoji-movie,The Emoji Movie,86.0,2017-08-02,KR,"Animation, Family, Comedy",5.4,"Gene, a multi-expressional emoji, sets out on a journey to become a normal emoji.",Tony Leondis,"Tony Leondis, Eric Siegel, Mike White",Released,English,50000000.0,216909830.0
346,https://www.themoviedb.org/movie/346,Seven Samurai,207.0,2004-04-16,KR,"Action, Drama",8.5,"A samurai answers a village's request for protection after he falls on hard times. The town needs protection from bandits, so the samurai gathers six others to help him teach the people how to defend themselves, and the villagers provide the soldiers with food.",Akira Kurosawa,"Akira Kurosawa, Hideo Oguni, Shinobu Hashimoto",Released,Japanese,2000000.0,105000000.0
1084577,https://www.themoviedb.org/movie/1084577-balls-up,Balls Up,104.0,2026-04-15,US,"Comedy, Action, Adventure",5.8,"Two marketing executives go ""balls out"" and pitch a bold full‑coverage condom sponsorship with the World Cup. After their drunken celebration in Brazil sparks a global scandal, they must outrun furious fans, criminals, and power-hungry officials to salvage their careers and make it home alive.",Peter Farrelly,"Paul Wernick, Rhett Reese",Released,English,,
1124566,https://www.themoviedb.org/movie/1124566-affeksjonsverdi,Sentimental Value,133.0,2026-02-18,KR,Drama,7.4,"Sisters Nora and Agnes reunite with their estranged father, the charismatic Gustav, a once-renowned director who offers stage actress Nora a role in what he hopes will be his comeback film. When Nora turns it down, she soon discovers he has given her part to an eager young Hollywood star.",Joachim Trier,"Joachim Trier, Eskil Vogt",Released,Norwegian,7800000.0,23883986.0
1650558,https://www.themoviedb.org/movie/1650558-abot-langit,Abot Langit,70.0,2026-03-13,PH,Romance,5.0,"The relationship of a couple is tested when the girl’s first official flight pairs her with a confident senior pilot, jealousy and power dynamics surface in the training ground. The girl is now torn between her present relationship and new temptation she can’t resist.",Topel Lee,"Topel Lee, Frederick Castro",Released,Tagalog,,
32657,https://www.themoviedb.org/movie/32657-percy-jackson-the-olympians-the-lightning-thief,Percy Jackson & the Olympians: The Lightning Thief,118.0,2010-02-11,KR,"Adventure, Fantasy, Family",6.2,"Accident prone teenager, Percy discovers he's actually a demi-God, the son of Poseidon, and he is needed when Zeus' lightning is stolen. Percy must master his new found skills in order to prevent a war between the Gods that could devastate the entire world.",Chris Columbus,"Rick Riordan, Craig Titley",Released,English,95000000.0,226497209.0
1380316,https://www.themoviedb.org/movie/1380316-is-god-is,Is God Is,100.0,2026-05-15,US,"Drama, Thriller",5.9,"Two sisters embark on an epic quest for revenge, confronting a charged family history that pushes them to extraordinary lengths.",Aleshea Harris,Aleshea Harris,Released,English,14800000.0,4857896.0
298618,https://www.themoviedb.org/movie/298618-the-flash,The Flash,144.0,2023-06-14,KR,"Action, Science Fiction, Adventure",6.6,"When his attempt to save his family inadvertently alters the future, Barry Allen becomes trapped in a reality in which General Zod has returned and there are no Super Heroes to turn to. In order to save the world that he is in and return to the future that he knows, Barry's only hope is to race for his life. But will making the ultimate sacrifice be enough to reset the universe?",Andy Muschietti,Christina Hodson,Released,English,220000000.0,271333313.0
54138,https://www.themoviedb.org/movie/54138-star-trek-into-darkness,Star Trek Into Darkness,132.0,2013-05-29,KR,"Action, Adventure, Science Fiction",7.3,"When the crew of the Enterprise is called back home, they find an unstoppable force of terror from within their own organization has detonated the fleet and everything it stands for, leaving our world in a state of crisis.  With a personal score to settle, Captain Kirk leads a manhunt to a war-zone world to capture a one man weapon of mass destruction. As our heroes are propelled into an epic chess game of life and death, love will be challenged, friendships will be torn apart, and sacrifices must be made for the only family Kirk has left: his crew.",J.J. Abrams,"Damon Lindelof, Alex Kurtzman, Roberto Orci",Released,English,190000000.0,467381584.0
630,https://www.themoviedb.org/movie/630-the-wizard-of-oz,The Wizard of Oz,102.0,2012-05-03,KR,"Adventure, Fantasy, Family",7.6,"Young Dorothy finds herself in a magical world where she makes friends with a lion, a scarecrow and a tin man as they make their way along the yellow brick road to talk with the Wizard and ask for the things they miss most in their lives. The Wicked Witch of the West is the only thing that could stop them.",Victor Fleming,"L. Frank Baum, Noel Langley, Florence Ryerson, Edgar Allan Woolf",Released,English,2777000.0,33754967.0
62211,https://www.themoviedb.org/movie/62211-monsters-university,Monsters University,104.0,2013-09-12,KR,"Animation, Family, Comedy, Fantasy",7.1,A look at the relationship between Mike and Sulley during their days at Monsters University — when they weren't necessarily the best of friends.,Dan Scanlon,"Dan Scanlon, Daniel Gerson, Robert L. Baird",Released,English,200000000.0,743559465.0
36557,https://www.themoviedb.org/movie/36557-casino-royale,Casino Royale,144.0,2006-12-21,KR,"Adventure, Action, Thriller",7.6,"Le Chiffre, a banker to the world's terrorists, is scheduled to participate in a high-stakes poker game in Montenegro, where he intends to use his winnings to establish his financial grip on the terrorist market. M sends Bond—on his maiden mission as a 00 Agent—to attend this game and prevent Le Chiffre from winning. With the help of Vesper Lynd and Felix Leiter, Bond enters the most important poker game in his already dangerous career.",Martin Campbell,"Ian Fleming, Neal Purvis, Robert Wade, Paul Haggis",Released,English,150000000.0,599045960.0
575264,https://www.themoviedb.org/movie/575264-mission-impossible-dead-reckoning-part-one,Mission: Impossible - Dead Reckoning Part One,164.0,2023-07-12,KR,"Action, Adventure, Thriller",7.5,"Ethan Hunt and his IMF team embark on their most dangerous mission yet: To track down a terrifying new weapon that threatens all of humanity before it falls into the wrong hands. With control of the future and the world's fate at stake and dark forces from Ethan's past closing in, a deadly race around the globe begins. Confronted by a mysterious, all-powerful enemy, Ethan must consider that nothing can matter more than his mission—not even the lives of those he cares about most.",Christopher McQuarrie,"Christopher McQuarrie, Erik Jendresen",Released,English,220000000.0,571125435.0
561,https://www.themoviedb.org/movie/561-constantine,Constantine,121.0,2005-02-08,KR,"Fantasy, Action, Horror",7.2,"John Constantine has literally been to Hell and back. When he teams up with a policewoman to solve the mysterious suicide of her twin sister, their investigation takes them through the world of demons and angels that exists beneath the landscape of contemporary Los Angeles.",Francis Lawrence,"Kevin Brodbin, Frank A. Cappello",Released,English,100000000.0,230900000.0
242582,https://www.themoviedb.org/movie/242582-nightcrawler,Nightcrawler,118.0,2015-02-26,KR,"Crime, Drama, Thriller",7.7,"When Lou Bloom, desperate for work, muscles into the world of L.A. crime journalism, he blurs the line between observer and participant to become the star of his own story. Aiding him in his effort is Nina, a TV-news veteran.",Dan Gilroy,Dan Gilroy,Released,English,8500000.0,47425835.0
4248,https://www.themoviedb.org/movie/4248-scary-movie-2,Scary Movie 2,82.0,2001-11-30,KR,Comedy,5.8,"A group of students visit a mansion called ""Hell House,"" and murderous high jinks ensue.",Keenen Ivory Wayans,"Marlon Wayans, Shawn Wayans, Greg Grabianski, Craig Wayans, Michael Anthony Snowden, Dave Polsky, Alyson Fouse",Released,English,45000000.0,141220678.0
1010755,https://www.themoviedb.org/movie/1010755-the-strangers-chapter-3,The Strangers: Chapter 3,92.0,2026-04-23,KR,"Horror, Thriller",5.9,"Tethered by a frightening conclusion, Maya and the Strangers are locked on an unavoidable, unforgiving collision course — a showdown that proves they’re far from strangers now.",Renny Harlin,"Alan Freedland, Alan R. Cohen",Released,English,8500000.0,9191988.0
1572,https://www.themoviedb.org/movie/1572-die-hard-with-a-vengeance,Die Hard: With a Vengeance,128.0,1995-06-10,KR,"Action, Thriller",7.3,"New York detective John McClane is back and kicking bad-guy butt in the third installment of this action-packed series, which finds him teaming with civilian Zeus Carver to prevent the loss of innocent lives. McClane thought he'd seen it all, until a genius named Simon engages McClane, his new ""partner"" -- and his beloved city -- in a deadly game that demands their concentration.",John McTiernan,Jonathan Hensleigh,Released,English,90000000.0,366101666.0
137113,https://www.themoviedb.org/movie/137113-edge-of-tomorrow,Edge of Tomorrow,114.0,2014-06-04,KR,"Action, Science Fiction",7.6,"Major Bill Cage is an officer who has never seen a day of combat when he is unceremoniously demoted and dropped into combat. Cage is killed within minutes, managing to take an alpha alien down with him. He awakens back at the beginning of the same day and is forced to fight and die again... and again - as physical contact with the alien has thrown him into a time loop.",Doug Liman,"Hiroshi Sakurazaka, Jez Butterworth, John-Henry Butterworth, Christopher McQuarrie",Released,English,178000000.0,370541256.0
207703,https://www.themoviedb.org/movie/207703-kingsman-the-secret-service,Kingsman: The Secret Service,129.0,2015-02-11,KR,"Crime, Comedy, Action, Adventure",7.6,The story of a super-secret spy organization that recruits an unrefined but promising street kid into the agency's ultra-competitive training program just as a global threat emerges from a twisted tech genius.,Matthew Vaughn,"Matthew Vaughn, Jane Goldman",Released,English,81000000.0,414351546.0
573435,https://www.themoviedb.org/movie/573435-bad-boys-ride-or-die,Bad Boys: Ride or Die,116.0,2024-06-06,KR,"Action, Comedy, Crime",7.3,"After their late former Captain is framed, Lowrey and Burnett try to clear his name, only to end up on the run themselves.","Bilall Fallah, Adil El Arbi","Chris Bremner, Will Beall",Released,English,100000000.0,404547819.0
500,https://www.themoviedb.org/movie/500-reservoir-dogs,Reservoir Dogs,99.0,1996-03-23,KR,"Crime, Thriller",8.1,"A botched robbery indicates a police informant, and the pressure mounts in the aftermath at a warehouse. Crime begets violence as the survivors -- veteran Mr. White, newcomer Mr. Orange, psychopathic parolee Mr. Blonde, bickering weasel Mr. Pink and Nice Guy Eddie -- unravel.",Quentin Tarantino,Quentin Tarantino,Released,English,1200000.0,2859750.0
8355,https://www.themoviedb.org/movie/8355-ice-age-dawn-of-the-dinosaurs,Ice Age: Dawn of the Dinosaurs,94.0,2009-08-12,KR,"Animation, Comedy, Family, Adventure",6.8,"Times are changing for Manny the moody mammoth, Sid the motor mouthed sloth and Diego the crafty saber-toothed tiger. Life heats up for our heroes when they meet some new and none-too-friendly neighbors – the mighty dinosaurs.",Carlos Saldanha,"Yoni Brenner, Mike Reiss, Michael Berg, Peter Ackerman",Released,English,90000000.0,886686817.0
1366,https://www.themoviedb.org/movie/1366-rocky,Rocky,120.0,1977-06-11,KR,Drama,7.8,"Rocky Balboa is a Philadelphia club fighter who seems to be going nowhere. But when a stroke of fate puts him in the ring with a world heavyweight champion, Rocky knows that it's his one shot at the big time — a once-in-a-lifetime opportunity to go the distance and come out a winner!",John G. Avildsen,Sylvester Stallone,Released,English,1000000.0,117253345.0
524434,https://www.themoviedb.org/movie/524434-eternals,Eternals,156.0,2021-11-03,KR,"Science Fiction, Action, Adventure",6.8,"The Eternals are a team of ancient aliens who have been living on Earth in secret for thousands of years. When an unexpected tragedy forces them out of the shadows, they are forced to reunite against mankind’s most ancient enemy, the Deviants.",Chloé Zhao,"Chloé Zhao, Ryan Firpo, Kaz Firpo, Patrick Burleigh",Released,English,200000000.0,402064899.0
49444,https://www.themoviedb.org/movie/49444-kung-fu-panda-2,Kung Fu Panda 2,91.0,2011-05-26,KR,"Animation, Family, Comedy, Action",7.1,"Po is finally living the dream as the Dragon Warrior—until a shadow from his past comes roaring back. When the ruthless peacock Lord Shen unleashes a devastating new weapon used to wipe out kung fu masters across the land, Po and the Furious Five race across China to put an end to his plans. But if Po is to have any hope of stopping him, he must first confront the truth of his origins—and find inner peace before his past tears him apart.",Jennifer Yuh Nelson,"Jonathan Aibel, Glenn Berger",Released,English,150000000.0,665692281.0
184315,https://www.themoviedb.org/movie/184315-hercules,Hercules,98.0,2014-08-06,KR,"Action, Adventure",5.8,"When a new enemy threatens the innocent, Hercules must lead his fearless team of warriors in a battle against overwhelming odds.",Brett Ratner,"Evan Spiliotopoulos, Ryan J. Condal",Released,English,100000000.0,244819862.0
351286,https://www.themoviedb.org/movie/351286-jurassic-world-fallen-kingdom,Jurassic World: Fallen Kingdom,129.0,2018-06-06,KR,"Adventure, Science Fiction, Thriller",6.5,"Three years after Jurassic World was destroyed, Isla Nublar now sits abandoned. When the island's dormant volcano begins roaring to life, Owen and Claire mount a campaign to rescue the remaining dinosaurs from this extinction-level event.",J. A. Bayona,"Colin Trevorrow, Derek Connolly",Released,English,170000000.0,1310469037.0
2501,https://www.themoviedb.org/movie/2501-the-bourne-identity,The Bourne Identity,119.0,2002-10-18,KR,"Action, Mystery, Thriller",7.5,"Wounded to the brink of death and suffering from amnesia, Jason Bourne is rescued at sea by a fisherman. With nothing to go on but a Swiss bank account number, he starts to reconstruct his life, but finds that many people he encounters want him dead. However, Bourne realizes that he has the combat and mental skills of a world-class spy—but who does he work for?",Doug Liman,"Robert Ludlum, Tony Gilroy, William Blake Herron",Released,English,60000000.0,214034224.0
598,https://www.themoviedb.org/movie/598-cidade-de-deus,City of God,129.0,2005-11-03,KR,"Drama, Crime",8.4,"In the poverty-stricken favelas of Rio de Janeiro in the 1970s, two young men choose different paths. Rocket is a budding photographer who documents the increasing drug-related violence of his neighborhood, while José “Zé” Pequeno is an ambitious drug dealer diving into a dangerous life of crime.",Fernando Meirelles,"Paulo Lins, Bráulio Mantovani",Released,Portuguese,3300000.0,30641770.0
1408208,https://www.themoviedb.org/movie/1408208,Exit 8,95.0,2025-09-27,US,"Horror, Mystery, Thriller",7.0,"A man trapped in an endless sterile subway passageway sets out to find Exit 8. The rules of his quest are simple: do not overlook anything out of the ordinary. If you discover an anomaly, turn back immediately. If you don’t, carry on. Then leave from Exit 8. But even a single oversight will send him back to the beginning. Will he ever reach his goal and escape this infinite corridor?",Genki Kawamura,"Genki Kawamura, Kentaro Hirase",Released,Japanese,1400000.0,43892680.0
447332,https://www.themoviedb.org/movie/447332-a-quiet-place,A Quiet Place,91.0,2018-04-12,KR,"Horror, Drama, Science Fiction",7.4,A family is forced to live in silence while hiding from creatures that hunt by sound.,John Krasinski,"John Krasinski, Bryan Woods, Scott Beck",Released,English,17000000.0,340955294.0
405818,https://www.themoviedb.org/movie/405818-door-ii-tokyo-diary,Door II: Tokyo Diary,82.0,1991-04-25,JP,"Drama, Thriller",6.2,Ai is a call girl that makes good money for what she does but there’s always at risk no matter how good the money is.,Banmei Takahashi,Toshiyuki Mizutani,Released,Japanese,,
335,https://www.themoviedb.org/movie/335-c-era-una-volta-il-west,Once Upon a Time in the West,166.0,1970-02-05,KR,"Drama, Western",8.3,"As the railroad builders advance unstoppably through the Arizona desert on their way to the sea, Jill arrives in the small town of Flagstone with the intention of starting a new life.",Sergio Leone,"Sergio Leone, Sergio Donati",Released,Italian,5000000.0,5380118.0
605,https://www.themoviedb.org/movie/605-the-matrix-revolutions,The Matrix Revolutions,129.0,2003-11-05,KR,"Adventure, Action, Thriller, Science Fiction",6.8,The human city of Zion defends itself against the massive invasion of the machines as Neo fights to end the war at another front while also opposing the rogue Agent Smith.,"Lilly Wachowski, Lana Wachowski","Lilly Wachowski, Lana Wachowski",Released,English,150000000.0,424988211.0
439079,https://www.themoviedb.org/movie/439079-the-nun,The Nun,96.0,2018-09-19,KR,Horror,5.9,A priest with a dark past and a novice nearing her final vows are sent by the Vatican to Romania to investigate a nun's death and face a demonic force.,Corin Hardy,Gary Dauberman,Released,English,22000000.0,366082797.0
613504,https://www.themoviedb.org/movie/613504-after-we-collided,After We Collided,105.0,2020-10-07,KR,"Drama, Romance",7.2,Tessa finds herself struggling with her complicated relationship with Hardin; she faces a dilemma that could change their lives forever.,Roger Kumble,"Mario Celaya, Anna Todd",Released,English,14000000.0,47990414.0
613504,https://www.themoviedb.org/movie/613504-after-we-collided,After We Collided,105.0,2020-10-07,KR,"Drama, Romance",7.2,Tessa finds herself struggling with her complicated relationship with Hardin; she faces a dilemma that could change their lives forever.,Roger Kumble,"Anna Todd, Mario Celaya",Released,English,14000000.0,47990414.0
1170608,https://www.themoviedb.org/movie/1170608-dune-part-three,Dune: Part Three,140.0,2026-12-18,US,"Science Fiction, Adventure",0.0,"As Emperor, Paul Atreides grapples with the consequences of his rise to power as political conspiracies and a galaxy-spanning holy war threaten the future he alone can foresee.",Denis Villeneuve,"Denis Villeneuve, Frank Herbert, Brian K. Vaughan",Post Production,English,,
984249,https://www.themoviedb.org/movie/984249-ruthless,Ruthless,93.0,2025-07-15,KR,"Action, Thriller",6.4,"A high school coach, whose teenage daughter was murdered, takes matters into his own hands by going after the men who kidnap his students for their sex trafficking operation.",Art Camacho,"Art Camacho, Javier Reyna, James Dean Simington",Released,English,,
245891,https://www.themoviedb.org/movie/245891-john-wick,John Wick,101.0,2015-01-21,KR,"Action, Thriller",7.5,Ex-hitman John Wick comes out of retirement to track down the gangsters that took everything from him.,Chad Stahelski,Derek Kolstad,Released,English,20000000.0,86085191.0
753342,https://www.themoviedb.org/movie/753342-napoleon,Napoleon,158.0,2023-12-06,KR,"History, War, Drama",6.3,"An epic that details the checkered rise and fall of French Emperor Napoleon Bonaparte and his relentless journey to power through the prism of his addictive, volatile relationship with his wife, Josephine.",Ridley Scott,David Scarpa,Released,English,165000000.0,222435664.0
223319,https://www.themoviedb.org/movie/223319-lsd,Lucky Sky Diamond,58.0,1989-03-11,JP,"Horror, Science Fiction",4.1,"At the clinic where her boyfriend Katayama, a young genius doctor, is the director, Yoko, a young girl who continues to suffer from eerie nightmares every day, is not getting better despite the care of her sister Sakurako and Katayama's treatment. Sakurako, the sister, is suspicious of Yoko's condition and confronts Katayama, who tells her that she suffers from a serious mental disorder and that the only way to cure it is to have brain surgery. Yoko, despite being persuaded by her sister and Katayama, agrees to the surgery, although she is skeptical...",Izo Hashimoto,Izo Hashimoto,Released,Japanese,,
792307,https://www.themoviedb.org/movie/792307-poor-things,Poor Things,141.0,2024-03-06,KR,"Science Fiction, Romance, Comedy",7.6,"Brought back to life by an unorthodox scientist, a young woman runs off with a lawyer on a whirlwind adventure across the continents. Free from the prejudices of her times, she grows steadfast in her purpose to stand for equality and liberation.",Yorgos Lanthimos,"Alasdair Gray, Tony McNamara",Released,English,35000000.0,117607117.0
297090,https://www.themoviedb.org/movie/297090,The Torture Club,97.0,2014-11-20,KR,"Drama, Comedy",5.2,"The ""Torture Club"" is an official after-school activity at the private school Saint Honesty Gakuen. Yuzuki has no idea about the club when she enrolls, and gets abducted by the club members and hauled off the club-room. There, she finds out that upper-class student Aoi, her secret idol, is in the club, and decides to join, but…",Kōta Yoshida,"Kōta Yoshida, Makoto Fukami, Alpha AlfLayla",Released,Japanese,,
1368,https://www.themoviedb.org/movie/1368-first-blood,First Blood,93.0,1983-06-17,KR,"Action, Thriller, Drama",7.5,"When former Green Beret John Rambo is harassed by local law enforcement and arrested for vagrancy, he is forced to flee into the mountains and wage an escalating one-man war against his pursuers.",Ted Kotcheff,"David Morrell, William Sackheim, Sylvester Stallone, Michael Kozoll",Released,English,15000000.0,125212904.0
974576,https://www.themoviedb.org/movie/974576-conclave,Conclave,120.0,2025-03-05,KR,"Drama, Thriller",7.2,"After the unexpected death of the Pope, Cardinal Lawrence is tasked with managing the covert and ancient ritual of electing a new one. Sequestered in the Vatican with the Catholic Church’s most powerful leaders until the process is complete, Lawrence finds himself at the center of a conspiracy that could lead to its downfall.",Edward Berger,Peter Straughan,Released,English,20000000.0,115657988.0
524047,https://www.themoviedb.org/movie/524047-greenland,Greenland,120.0,2020-09-29,KR,"Thriller, Action, Science Fiction",7.1,"John Garrity, his estranged wife and their young son embark on a perilous journey to find sanctuary as a planet-killing comet hurtles toward Earth. Amid terrifying accounts of cities getting levelled, the Garritys experience the best and worst in humanity. As the countdown to the global apocalypse approaches zero, their incredible trek culminates in a desperate and last-minute flight to a possible safe haven.",Ric Roman Waugh,Chris Sparling,Released,English,34000000.0,52300000.0
7220,https://www.themoviedb.org/movie/7220-the-punisher,The Punisher,124.0,2004-09-10,KR,"Action, Crime, Drama",6.4,"When undercover FBI agent Frank Castle's wife and son are slaughtered, he becomes 'the Punisher' -- a ruthless vigilante willing to go to any length to avenge his family.",Jonathan Hensleigh,"Jonathan Hensleigh, Michael France",Released,English,33000000.0,54700105.0
262835,https://www.themoviedb.org/movie/262835-improper-conduct,Improper Conduct,93.0,1994-06-09,US,Thriller,4.3,A woman seeks her own brand of justice when her sister's sexual harassment case is smothered by acts of foul play.,Jag Mundhra,Carl Austin,Released,English,,
1417285,https://www.themoviedb.org/movie/1417285,The Stain,105.0,2026-02-26,TH,"Horror, Thriller, Romance",4.0,"When Malee, a young woman with a dark past, is drawn by fate to an apartment where she must confront haunting memories from her childhood, she encounters Pran, a botanist, a tea blending master, and the founder of a Thai floral tea brand.","Phuping Pungsa-ard, Bhanbhassa Dhubthien, Krisda Witthayakhajorndet","Sorarat Jirabovornwisut, Parida Manomaiphibul",Released,Thai,,
41387,https://www.themoviedb.org/movie/41387,From Beijing with Love,84.0,2010-12-27,KR,"Action, Comedy",7.0,A Chinese secret agent travels to Hong Kong to reclaim a dinosaur fossil but experiences hilarious incidents because of his incompetence.,"Lee Lik-Chi, Stephen Chow","Lee Lik-Chi, Stephen Chow, Roman Cheung Shiu-Lun, Vincent Kok Tak-Chiu",Released,Cantonese,,
1813,https://www.themoviedb.org/movie/1813-the-devil-s-advocate,The Devil's Advocate,144.0,1997-12-20,KR,"Horror, Drama, Mystery",7.5,"Aspiring Florida defense lawyer Kevin Lomax accepts a job at a New York law firm. With the stakes getting higher every case, Kevin quickly learns that his boss has something far more evil planned.",Taylor Hackford,"Andrew Neiderman, Jonathan Lemkin, Tony Gilroy",Released,English,57000000.0,153000000.0
1522333,https://www.themoviedb.org/movie/1522333-carry-on-jatta-4,Carry On Jatta 4,142.0,2026-06-26,IN,Comedy,8.0,A romantic deception spirals into household chaos when a family must construct an elaborate web of lies to conceal a secret relationship.,Smeep Kang,Naresh Kathooria,Released,Panjabi; Punjabi,,
601,https://www.themoviedb.org/movie/601-e-t-the-extra-terrestrial,E.T. the Extra-Terrestrial,115.0,1984-06-23,KR,"Adventure, Science Fiction, Family",7.5,"An alien is left behind on Earth and saved by the 10-year-old Elliott who decides to keep him hidden in his home. While a task force hunts for the extra-terrestrial, Elliott, his brother, and his little sister Gertie form an emotional bond with their new friend, and try to help him find his way home.",Steven Spielberg,Melissa Mathison,Released,English,10500000.0,797307407.0
2832,https://www.themoviedb.org/movie/2832-identity,Identity,90.0,2003-10-31,KR,"Mystery, Thriller",7.2,"Complete strangers stranded at a remote desert motel during a raging storm soon find themselves the target of a deranged murderer. As their numbers thin out, the travelers begin to turn on each other, as each tries to figure out who the killer is.",James Mangold,Michael Cooney,Released,English,28000000.0,90259536.0
36463,https://www.themoviedb.org/movie/36463-miami-expose,Miami Exposé,73.0,1956-09-01,US,"Crime, Drama",6.0,A police detective baits killer gamblers with a mob witness (Patricia Medina) in the Everglades.,Fred F. Sears,Robert E. Kent,Released,English,,
934433,https://www.themoviedb.org/movie/934433-scream-vi,Scream VI,123.0,2023-05-24,KR,"Horror, Thriller, Crime",6.9,"Following the latest Ghostface killings, the four survivors leave Woodsboro behind and start a fresh chapter.","Tyler Gillett, Matt Bettinelli-Olpin","James Vanderbilt, Guy Busick",Released,English,33000000.0,169063850.0
856,https://www.themoviedb.org/movie/856-who-framed-roger-rabbit,Who Framed Roger Rabbit,104.0,1990-08-17,KR,"Fantasy, Animation, Comedy, Crime",7.5,"Toon star Roger is worried that his wife Jessica is playing pattycake with someone else, so the studio hires detective Eddie Valiant to snoop on her. But the stakes are quickly raised when Marvin Acme is found dead and Roger is the prime suspect.",Robert Zemeckis,"Gary K. Wolf, Jeffrey Price, Peter S. Seaman",Released,English,70000000.0,329800000.0
169,https://www.themoviedb.org/movie/169-predator-2,Predator 2,108.0,1990-12-22,KR,"Science Fiction, Action, Thriller",6.3,A police chief in the war-torn streets of Los Angeles discovers that an extraterrestrial creature is hunting down residents - and that he is the next target.,Stephen Hopkins,"Jim Thomas, John Thomas",Released,English,35000000.0,57120318.0
131631,https://www.themoviedb.org/movie/131631-the-hunger-games-mockingjay-part-1,The Hunger Games: Mockingjay - Part 1,123.0,2014-11-20,KR,"Science Fiction, Adventure, Thriller",6.8,"After surviving the Quarter Quell, Katniss finds herself in the hidden stronghold of District 13, where the rebellion against the Capitol is gaining momentum. Struggling with the weight of becoming the symbol of resistance, she must navigate fragile alliances while trying to protect those she loves. As propaganda battles rage and Panem moves closer to full-scale war, Katniss is forced to confront the true cost of revolution.",Francis Lawrence,"Suzanne Collins, Peter Craig, Danny Strong",Released,English,125000000.0,755356711.0
3782,https://www.themoviedb.org/movie/3782,Ikiru,143.0,2015-10-27,KR,Drama,8.3,"Kanji Watanabe is a middle-aged man who has worked in the same monotonous bureaucratic position for decades. Learning he has cancer, he starts to look for the meaning of his life.",Akira Kurosawa,"Akira Kurosawa, Shinobu Hashimoto, Hideo Oguni",Released,Japanese,85000.0,55240.0
1290417,https://www.themoviedb.org/movie/1290417-thrash,Thrash,84.0,2026-04-10,KR,"Horror, Thriller",6.1,"When a Category 5 hurricane decimates a coastal town, the storm surge brings devastation, chaos, and something far more frightening onto shore: hungry sharks.",Tommy Wirkola,Tommy Wirkola,Released,English,,
2048,https://www.themoviedb.org/movie/2048-i-robot,"I, Robot",115.0,2004-07-30,KR,"Action, Science Fiction",7.0,"In 2035, where robots are commonplace and abide by the three laws of robotics, a technophobic cop investigates an apparent suicide. Suspecting that a robot may be responsible for the death, his investigation leads him to believe that humanity may be in danger.",Alex Proyas,"Isaac Asimov, Jeff Vintar, Akiva Goldsman",Released,English,120000000.0,347234916.0
331482,https://www.themoviedb.org/movie/331482-little-women,Little Women,135.0,2020-02-12,KR,"Drama, Romance",7.8,Four sisters come of age in America in the aftermath of the Civil War.,Greta Gerwig,"Greta Gerwig, Louisa May Alcott",Released,English,40000000.0,332103783.0
353486,https://www.themoviedb.org/movie/353486-jumanji-welcome-to-the-jungle,Jumanji: Welcome to the Jungle,119.0,2018-01-03,KR,"Adventure, Comedy, Fantasy, Action",6.8,"Four teenagers in detention discover an old video game console with a game they’ve never heard of. When they decide to play, they are immediately sucked into the jungle world of Jumanji in the bodies of their avatars. They’ll have to complete the adventure of their lives filled with fun, thrills and danger or be stuck in the game forever!",Jake Kasdan,"Erik Sommers, Scott Rosenberg, Chris McKenna, Jeff Pinkner",Released,English,90000000.0,995339117.0
1421155,https://www.themoviedb.org/movie/1421155-ikatan-darah,Ikatan Darah,119.0,2026-04-30,ID,"Action, Crime, Thriller",7.0,"A former martial arts athlete must face a network of loan sharks to save her younger brother, who is trapped in online gambling debt and risking their family’s safety.",Sidharta Tata,"Sidharta Tata, Rifki Ardisha",Released,Indonesian,,
604,https://www.themoviedb.org/movie/604-the-matrix-reloaded,The Matrix Reloaded,138.0,2003-05-22,KR,"Adventure, Action, Thriller, Science Fiction",7.1,"The Resistance builds in numbers as humans are freed from the Matrix and brought to the city of Zion. Neo discovers his superpowers, including the ability to see the code inside the Matrix. With machine sentinels digging to Zion in 72 hours, Neo, Morpheus and Trinity must find the Keymaker to ultimately reach the Source.","Lana Wachowski, Lilly Wachowski","Lana Wachowski, Lilly Wachowski",Released,English,150000000.0,738599701.0
384018,https://www.themoviedb.org/movie/384018-fast-furious-presents-hobbs-shaw,Fast & Furious Presents: Hobbs & Shaw,137.0,2019-08-14,KR,"Action, Adventure, Comedy",6.8,"Ever since US Diplomatic Security Service Agent Hobbs and lawless outcast Shaw first faced off, they just have traded smack talk and body blows. But when cyber-genetically enhanced anarchist Brixton's ruthless actions threaten the future of humanity, they join forces to defeat him.",David Leitch,"Chris Morgan, Drew Pearce",Released,English,200000000.0,760098996.0
1393326,https://www.themoviedb.org/movie/1393326-ghost-in-the-cell,Ghost in the Cell,106.0,2026-07-05,KR,"Horror, Comedy, Thriller",7.9,"In a notorious prison, an invisible force begins killing inmates brutally, compelling enemy gangs and corrupt guards to work together as they try to survive the mounting bloodshed.",Joko Anwar,Joko Anwar,Released,Indonesian,,
423108,https://www.themoviedb.org/movie/423108-the-conjuring-the-devil-made-me-do-it,The Conjuring: The Devil Made Me Do It,111.0,2021-06-03,KR,"Horror, Mystery, Thriller",7.3,"Paranormal investigators Ed and Lorraine Warren encounter what would become one of the most sensational cases from their files. The fight for the soul of a young boy takes them beyond anything they'd ever seen before, to mark the first time in U.S. history that a murder suspect would claim demonic possession as a defense.",Michael Chaves,David Leslie Johnson-McGoldrick,Released,English,39000000.0,206444123.0
381288,https://www.themoviedb.org/movie/381288-split,Split,117.0,2017-02-22,KR,"Horror, Thriller",7.3,"Though Kevin has evidenced 23 personalities to his trusted psychiatrist, Dr. Fletcher, there remains one still submerged who is set to materialize and dominate all the others. Compelled to abduct three teenage girls led by the willful, observant Casey, Kevin reaches a war for survival among all of those contained within him — as well as everyone around him — as the walls between his compartments shatter apart.",M. Night Shyamalan,M. Night Shyamalan,Released,English,9000000.0,278454358.0
1159831,https://www.themoviedb.org/movie/1159831-the-bride,The Bride!,127.0,2026-03-04,KR,"Science Fiction, Horror, Fantasy",6.1,A lonely Frankenstein travels to 1930s Chicago to ask groundbreaking scientist Dr. Euphronious to create a companion for him. The two revive a murdered young woman and The Bride is born. But what ensues is beyond what either of them imagined.,Maggie Gyllenhaal,Maggie Gyllenhaal,Released,English,80000000.0,23944025.0
1367642,https://www.themoviedb.org/movie/1367642-reminders-of-him,Reminders of Him,114.0,2026-05-27,KR,"Romance, Drama",7.8,"When Diem's custodial grandparents adamantly refuse Kenna's attempts to see her daughter, Kenna discovers unexpected compassion, and then something truer and deeper, with former NFL player and local bar owner Ledger. As their secret romance develops, so do the dangers for both of them, leading Kenna toward heartbreak and, ultimately, the hope for a second chance.",Vanessa Caswill,"Colleen Hoover, Lauren Levine",Released,English,30000000.0,89039780.0
1035259,https://www.themoviedb.org/movie/1035259-the-naked-gun,The Naked Gun,85.0,2025-08-01,US,"Comedy, Crime, Action",6.4,"Only one man has the particular set of skills... to lead Police Squad and save the world: Lt. Frank Drebin Jr. Following in his father's footsteps, he must solve a murder case to prevent Police Squad from closure.",Akiva Schaffer,"Akiva Schaffer, Doug Mand, Dan Gregor",Released,English,42000000.0,102147396.0
162,https://www.themoviedb.org/movie/162-edward-scissorhands,Edward Scissorhands,105.0,1991-06-29,KR,"Fantasy, Drama, Romance",7.7,A small suburban town receives a visit from a castaway unfinished science experiment named Edward.,Tim Burton,Caroline Thompson,Released,English,20000000.0,86024005.0
11224,https://www.themoviedb.org/movie/11224-cinderella,Cinderella,74.0,1962-07-26,KR,"Family, Fantasy, Animation, Romance",7.1,"Cinderella has faith her dreams of a better life will come true. With help from her loyal mice friends and a wave of her Fairy Godmother's wand, Cinderella's rags are magically turned into a glorious gown and off she goes to the Royal Ball. But when the clock strikes midnight, the spell is broken, leaving a single glass slipper... the only key to the ultimate fairy-tale ending!","Hamilton Luske, Wilfred Jackson, Clyde Geronimi",Charles Perrault,Released,English,2900000.0,263600000.0
760104,https://www.themoviedb.org/movie/760104-x,X,106.0,2022-03-18,US,Horror,6.7,"In 1979, a group of young filmmakers set out to make an adult film in rural Texas, but when their reclusive, elderly hosts catch them in the act, the cast find themselves fighting for their lives.",Ti West,Ti West,Released,English,1000000.0,14745049.0
625119,https://www.themoviedb.org/movie/625119,The Spring Outside the Fence,112.0,1985-08-10,TW,Drama,6.0,"The rebellious and free-spirited Li Lin and the introverted Wu Ai-hua are best friends who grow up together in the military dependents' village. However, they both fall in love with pilot He Kang, their mutual childhood friend. After He Kang is killed in a crash, the village only reminds the heartbroken girls of the tragedy. They escape to Taipei and work as hostess and accountant, earning a living from American soldiers on leave from Vietnam. The girls reunite with Michael, an American flight instructor, at the club. Michael ardently pursues Li Lin, but struggling to forget He Kang, Li Lin rejects Michael' s proposal. Having taken different paths, the two girls eventually return to their childhood village, reminiscing about the bonds of the past.",Li Youning,Li Youning,Released,Chinese,,
1207162,https://www.themoviedb.org/movie/1207162-rise-of-the-conqueror,Rise of the Conqueror,119.0,2026-07-09,KR,"History, Action, Adventure, War",6.2,"In the 14th-century, as the Silk Road crumbles and rival factions tear the land apart, fearless warrior Timur emerges from exile. Stripped of everything, he fights to unite the fractured kingdoms, using strategy and sheer will to carve an empire from chaos. Undefeated in battle and widely regarded as one of history’s greatest military leaders and tacticians, not to mention one of its most brutal, Timur would found the Timurid Empire, which ruled over modern-day Afghanistan, Iran and Central Asia.",Jacob Schwarz,"Jacob Schwarz, Matthew Greene, Christian Mortensen",Released,English,30000000.0,
335787,https://www.themoviedb.org/movie/335787-uncharted,Uncharted,116.0,2022-02-16,KR,"Action, Adventure, Mystery",6.9,"A young street-smart, Nathan Drake and his wisecracking partner Victor “Sully” Sullivan embark on a dangerous pursuit of “the greatest treasure never found” while also tracking clues that may lead to Nathan’s long-lost brother.",Ruben Fleischer,"Art Marcum, Matt Holloway, Rafe Judkins",Released,English,120000000.0,407141258.0
1010755,https://www.themoviedb.org/movie/1010755-the-strangers-chapter-3,The Strangers: Chapter 3,92.0,2026-04-23,KR,"Horror, Thriller",5.9,"Tethered by a frightening conclusion, Maya and the Strangers are locked on an unavoidable, unforgiving collision course — a showdown that proves they’re far from strangers now.",Renny Harlin,"Alan Freedland, Alan R. Cohen",Released,English,8500000.0,9191988.0
11970,https://www.themoviedb.org/movie/11970-hercules,Hercules,93.0,1997-07-05,KR,"Animation, Family, Fantasy, Adventure, Comedy, Romance",7.5,"Bestowed with superhuman strength, a young mortal named Hercules sets out to prove himself a hero in the eyes of his father, the great god Zeus. Along with his friends Pegasus, a flying horse, and Phil, a personal trainer, Hercules is tricked by the hilarious, hotheaded villain Hades, who's plotting to take over Mount Olympus!","John Musker, Ron Clements","John Musker, Ron Clements, Bob Shaw, Don McEnery, Irene Mecchi",Released,English,85000000.0,252712101.0
100402,https://www.themoviedb.org/movie/100402-captain-america-the-winter-soldier,Captain America: The Winter Soldier,136.0,2014-03-27,KR,"Action, Adventure, Science Fiction",7.7,"After the cataclysmic events in New York with The Avengers, Steve Rogers, aka Captain America is living quietly in Washington, D.C. and trying to adjust to the modern world. But when a S.H.I.E.L.D. colleague comes under attack, Steve becomes embroiled in a web of intrigue that threatens to put the world at risk. Joining forces with the Black Widow, Captain America struggles to expose the ever-widening conspiracy while fighting off professional assassins sent to silence him at every turn. When the full scope of the villainous plot is revealed, Captain America and the Black Widow enlist the help of a new ally, the Falcon. However, they soon find themselves up against an unexpected and formidable enemy—the Winter Soldier.","Anthony Russo, Joe Russo","Christopher Markus, Stephen McFeely",Released,English,170000000.0,714766572.0
36557,https://www.themoviedb.org/movie/36557-casino-royale,Casino Royale,144.0,2006-12-21,KR,"Adventure, Action, Thriller",7.6,"Le Chiffre, a banker to the world's terrorists, is scheduled to participate in a high-stakes poker game in Montenegro, where he intends to use his winnings to establish his financial grip on the terrorist market. M sends Bond—on his maiden mission as a 00 Agent—to attend this game and prevent Le Chiffre from winning. With the help of Vesper Lynd and Felix Leiter, Bond enters the most important poker game in his already dangerous career.",Martin Campbell,"Ian Fleming, Robert Wade, Neal Purvis, Paul Haggis",Released,English,150000000.0,599045960.0
926393,https://www.themoviedb.org/movie/926393-the-equalizer-3,The Equalizer 3,109.0,2023-10-05,KR,"Action, Thriller, Crime",7.3,"Robert McCall finds himself at home in Southern Italy but he discovers his friends are under the control of local crime bosses. As events turn deadly, McCall knows what he has to do: become his friends' protector by taking on the mafia.",Antoine Fuqua,Richard Wenk,Released,English,70000000.0,191067560.0
1153714,https://www.themoviedb.org/movie/1153714-death-of-a-unicorn,Death of a Unicorn,107.0,2025-03-28,US,"Horror, Fantasy, Comedy",6.4,"A father and daughter accidentally hit and kill a unicorn while en route to a weekend retreat, where his billionaire boss seeks to exploit the creature’s miraculous curative properties.",Alex Scharfman,Alex Scharfman,Released,English,15000000.0,16423085.0
102651,https://www.themoviedb.org/movie/102651-maleficent,Maleficent,97.0,2014-05-29,KR,"Fantasy, Adventure, Action, Family, Romance",7.1,"A beautiful, pure-hearted young woman, Maleficent has an idyllic life growing up in a peaceable forest kingdom, until one day when an invading army threatens the harmony of the land. She rises to be the land's fiercest protector, but she ultimately suffers a ruthless betrayal – an act that begins to turn her heart into stone. Bent on revenge, Maleficent faces an epic battle with the invading King's successor and, as a result, places a curse upon his newborn infant Aurora. As the child grows, Maleficent realizes that Aurora holds the key to peace in the kingdom – and to Maleficent's true happiness as well.",Robert Stromberg,Linda Woolverton,Released,English,180000000.0,758539785.0
458376,https://www.themoviedb.org/movie/458376,Neo Chinpira 2: Zoom Goes the Bullet,93.0,1991-04-12,JP,,0.0,"In the sequel to 1990's classic Neo Chinpira, Junko (Sho Aikawa) attempts to take out Kazama and then goes on the run. However, he quickly begins to feel homesick, and returns home to find that almost everything has changed. Noriko is now a bar mama with a lavish lifestyle, Yumeko is nowhere to be found, and his boss (Toru Minegishi) seems to have sinister plans involving Junko and his uncle (Jo Shishido).",Banmei Takahashi,"Banmei Takahashi, Takuya Nishioka",Released,Japanese,,
1115544,https://www.themoviedb.org/movie/1115544-mike-nick-nick-alice,Mike & Nick & Nick & Alice,107.0,2026-03-14,US,"Comedy, Science Fiction, Crime",6.7,"Two gangsters and the woman they love try to survive the most dangerous night of their lives. As if that wasn’t enough, there’s one wild ingredient added to the mix: a time machine.",BenDavid Grabinski,BenDavid Grabinski,Released,English,,
18240,https://www.themoviedb.org/movie/18240-the-proposal,The Proposal,108.0,2009-09-03,KR,"Comedy, Romance, Drama",7.2,"When she learns she's in danger of losing her visa status and being deported, overbearing book editor Margaret Tate forces her put-upon assistant, Andrew Paxton, to marry her.",Anne Fletcher,Peter Chiarelli,Released,English,40000000.0,317400000.0
451156,https://www.themoviedb.org/movie/451156-infidelity-in-suburbia,Infidelity in Suburbia,120.0,2017-02-25,US,"Thriller, TV Movie",6.2,"With her husband away at work, and her son at school, Laura dreams of a home-renovation project to supplant her restless days. Elliott, her irresistibly hot private contractor, soon fulfills her more forbidden dreams.",David Winning,Christie Will Wolf,Released,English,,
1556616,https://www.themoviedb.org/movie/1556616-yaz-evi,Summer House,,2026-06-06,TR,"Romance, Family, Drama, Mystery",7.0,"Selin travels back in time at a summer house and finds herself in her mother's youth, changing her family's fate and rebuilding her own life.",Erdem Tepegöz,"Aylin Alıveren, Aslı Ilgın Kopuz",Released,Turkish,,
508943,https://www.themoviedb.org/movie/508943-luca,Luca,95.0,2021-06-17,KR,"Animation, Family, Fantasy, Drama, Comedy",7.8,Luca and his best friend Alberto experience an unforgettable summer on the Italian Riviera. But all the fun is threatened by a deeply-held secret: they are sea monsters from another world just below the water’s surface.,Enrico Casarosa,"Jesse Andrews, Mike Jones",Released,English,200000000.0,51074773.0
44122,https://www.themoviedb.org/movie/44122-amar,Amar,107.0,2009-02-27,MX,"Comedy, Drama, Romance",3.8,"Five stories blend with love, sex, the emptiness of being unloved, passion and desire: Carlos and Susana go to some uncle´s apartment to make love. Meanwhile, Benito, an 80-year-old, performs a serenade to his wife. His neighbor Adela is told that her mother has Alzheimer and that she will be relocated since the Buenos Aires building she lives in will be demolished. Amado catches his son Carlos stealing his money. Gabriel asks Martha´s parents for her hand in marriage but they condition them to get married at their favorite church. And Patricia, 40, a creative agent, sexually abuses Joel, who directs a beer commercial.",Jorge Ramírez Suárez,Jorge Ramírez Suárez,Released,Spanish; Castilian,,
420634,https://www.themoviedb.org/movie/420634-terrifier,Terrifier,84.0,2018-01-25,US,Horror,6.3,A maniacal clown named Art terrorizes three young women on Halloween night and everyone else who stands in his way.,Damien Leone,Damien Leone,Released,English,35000.0,421798.0
214,https://www.themoviedb.org/movie/214-saw-iii,Saw III,108.0,2006-11-30,KR,"Horror, Thriller, Crime",6.4,"Jigsaw has disappeared. Along with his new apprentice Amanda, the puppet-master behind the cruel, intricate games that have terrified a community and baffled police has once again eluded capture and vanished. While city detectives scramble to locate him, Doctor Lynn Denlon and Jeff Reinhart are unaware that they are about to become the latest pawns on his vicious chessboard.",Darren Lynn Bousman,Leigh Whannell,Released,English,10000000.0,164874275.0
214,https://www.themoviedb.org/movie/214-saw-iii,Saw III,108.0,2006-11-30,KR,"Horror, Thriller, Crime",6.4,"Jigsaw has disappeared. Along with his new apprentice Amanda, the puppet-master behind the cruel, intricate games that have terrified a community and baffled police has once again eluded capture and vanished. While city detectives scramble to locate him, Doctor Lynn Denlon and Jeff Reinhart are unaware that they are about to become the latest pawns on his vicious chessboard.",Darren Lynn Bousman,Leigh Whannell,Released,English,10000000.0,164874275.0
36648,https://www.themoviedb.org/movie/36648-blade-trinity,Blade: Trinity,113.0,2004-12-17,KR,"Action, Horror, Science Fiction",5.9,"For years, Blade has fought against the vampires in the cover of the night. But now, after falling into the crosshairs of the FBI, he is forced out into the daylight, where he is driven to join forces with a clan of human vampire hunters he never knew existed—The Nightstalkers. Together with Abigail and Hannibal, two deftly trained Nightstalkers, Blade follows a trail of blood to the ancient creature that is also hunting him—the original vampire, Dracula.",David S. Goyer,David S. Goyer,Released,English,65000000.0,128905366.0
1291608,https://www.themoviedb.org/movie/1291608,Dhurandhar,214.0,2025-12-05,IN,"Action, Crime, Thriller",7.3,"A mysterious traveler slips into the heart of Karachi's underbelly and rises through its ranks with lethal precision, only to tear the notorious ISI-Underworld nexus apart from within.",Aditya Dhar,Aditya Dhar,Released,Hindi,24000000.0,136599112.0
1214931,https://www.themoviedb.org/movie/1214931-nuremberg,Nuremberg,149.0,2025-11-07,US,"History, Drama",7.6,"In postwar Germany, an American psychiatrist must determine whether Nazi prisoners are fit to go on trial for war crimes, and finds himself in a complex battle of intellect and ethics with Hermann Göring, Hitler's right-hand man.",James Vanderbilt,James Vanderbilt,Released,English,11800000.0,37009109.0
516729,https://www.themoviedb.org/movie/516729-paddington-in-peru,Paddington in Peru,106.0,2025-02-19,KR,"Adventure, Comedy, Family",6.8,"Paddington travels to Peru to visit his beloved Aunt Lucy, who now resides at the Home for Retired Bears. With the Brown Family in tow, a thrilling adventure ensues when a mystery plunges them into an unexpected journey through the Amazon rainforest and up to the mountain peaks of Peru.",Dougal Wilson,"James Lamont, Jon Foster, Mark Burton",Released,English,90000000.0,211000000.0
36955,https://www.themoviedb.org/movie/36955-true-lies,True Lies,141.0,1994-08-13,KR,"Action, Thriller",7.1,"A fearless, globe-trotting, terrorist-battling secret agent has his life turned upside down when he discovers his wife might be having an affair with a used car salesman while terrorists smuggle nuclear war heads into the United States.",James Cameron,"James Cameron, Claude Zidi, Simon Michaël, Didier Kaminka",Released,English,115000000.0,378900000.0
7485,https://www.themoviedb.org/movie/7485-shooter,Shooter,124.0,2007-04-06,KR,"Drama, Action, Thriller",7.1,"A top Marine sniper, Bob Lee Swagger, leaves the military after a mission goes horribly awry and disappears, living in seclusion. He is coaxed back into service after a high-profile government official convinces him to help thwart a plot to kill the President of the United States. Ultimately double-crossed and framed for the attempt, Swagger becomes the target of a nationwide manhunt. He goes on the run to track the real killer and find out who exactly set him up, and why, eventually seeking revenge against some of the most powerful and corrupt leaders in the free world.",Antoine Fuqua,"Stephen Hunter, Jonathan Lemkin",Released,English,61000000.0,95700000.0
41387,https://www.themoviedb.org/movie/41387,From Beijing with Love,84.0,2010-12-27,KR,"Action, Comedy",7.0,A Chinese secret agent travels to Hong Kong to reclaim a dinosaur fossil but experiences hilarious incidents because of his incompetence.,"Lee Lik-Chi, Stephen Chow","Lee Lik-Chi, Stephen Chow, Vincent Kok Tak-Chiu, Roman Cheung Shiu-Lun",Released,Cantonese,,
373571,https://www.themoviedb.org/movie/373571-godzilla-king-of-the-monsters,Godzilla: King of the Monsters,132.0,2019-05-29,KR,"Science Fiction, Action",6.7,"Follows the heroic efforts of the crypto-zoological agency Monarch as its members face off against a battery of god-sized monsters, including the mighty Godzilla, who collides with Mothra, Rodan, and his ultimate nemesis, the three-headed King Ghidorah. When these ancient super-species, thought to be mere myths, rise again, they all vie for supremacy, leaving humanity's very existence hanging in the balance.",Michael Dougherty,"Michael Dougherty, Zach Shields",Released,English,170000000.0,387300138.0
11836,https://www.themoviedb.org/movie/11836-the-spongebob-squarepants-movie,The SpongeBob SquarePants Movie,87.0,2005-09-30,KR,"Adventure, Animation, Comedy, Family, Fantasy",7.1,"There's trouble brewing in Bikini Bottom. Someone has stolen King Neptune's crown, and it looks like Mr. Krab, SpongeBob's boss, is the culprit. Though he's just been passed over for the promotion of his dreams, SpongeBob stands by his boss, and along with his best pal Patrick, sets out on a treacherous mission to Shell City to reclaim the crown and save Mr. Krab's life.",Stephen Hillenburg,"Stephen Hillenburg, Derek Drymon, Tim Hill, Aaron Springer, Kent Osborne, Paul Tibbitt",Released,English,30000000.0,141067890.0
396422,https://www.themoviedb.org/movie/396422-annabelle-creation,Annabelle: Creation,110.0,2017-08-10,KR,Horror,6.6,"Several years after the tragic death of their little girl, a doll maker and his wife welcome a nun and several girls from a shuttered orphanage into their home, soon becoming the target of the doll maker's possessed creation—Annabelle.",David F. Sandberg,Gary Dauberman,Released,English,15000000.0,306592201.0
447277,https://www.themoviedb.org/movie/447277-the-little-mermaid,The Little Mermaid,135.0,2023-05-24,KR,"Adventure, Family, Fantasy, Romance",6.3,"The youngest of King Triton’s daughters, and the most defiant, Ariel longs to find out more about the world beyond the sea, and while visiting the surface, falls for the dashing Prince Eric. With mermaids forbidden to interact with humans, Ariel makes a deal with the evil sea witch, Ursula, which gives her a chance to experience life on land, but ultimately places her life – and her father’s crown – in jeopardy.",Rob Marshall,David Magee,Released,English,297000000.0,569626289.0
9480,https://www.themoviedb.org/movie/9480-daredevil,Daredevil,103.0,2003-03-20,KR,"Fantasy, Action",5.3,A man blinded in a childhood accident fights crime using his superhumanly-elevated remaining senses.,Mark Steven Johnson,Mark Steven Johnson,Released,English,78000000.0,179179718.0
98566,https://www.themoviedb.org/movie/98566-teenage-mutant-ninja-turtles,Teenage Mutant Ninja Turtles,101.0,2014-08-28,KR,"Science Fiction, Action, Adventure, Comedy",5.9,"When a kingpin threatens New York City, a group of mutated turtle warriors must emerge from the shadows to protect their home.",Jonathan Liebesman,"Evan Daugherty, André Nemec, Josh Appelbaum",Released,English,125000000.0,485004754.0
527774,https://www.themoviedb.org/movie/527774-raya-and-the-last-dragon,Raya and the Last Dragon,107.0,2021-03-04,KR,"Animation, Action, Adventure, Fantasy, Family",7.8,"Long ago, in the fantasy world of Kumandra, humans and dragons lived together in harmony. But when an evil force threatened the land, the dragons sacrificed themselves to save humanity. Now, 500 years later, that same evil has returned and it’s up to a lone warrior, Raya, to track down the legendary last dragon to restore the fractured land and its divided people.","Don Hall, Carlos López Estrada","Qui Nguyen, Adele Lim",Released,English,100000000.0,130423032.0
340102,https://www.themoviedb.org/movie/340102-the-new-mutants,The New Mutants,94.0,2020-09-10,KR,"Science Fiction, Horror",6.1,"Five young mutants, just discovering their abilities while held in a secret facility against their will, fight to escape their past sins and save themselves.",Josh Boone,"Josh Boone, Knate Gwaltney",Released,English,67000000.0,49169594.0
10198,https://www.themoviedb.org/movie/10198-the-princess-and-the-frog,The Princess and the Frog,98.0,2010-01-21,KR,"Animation, Romance, Fantasy, Family",7.2,"A waitress, desperate to fulfill her dreams as a restaurant owner, is set on a journey to turn a frog prince back into a human being, but she has to face the same problem after she kisses him.","John Musker, Ron Clements","John Musker, Ron Clements, E.D. Baker, Rob Edwards",Released,English,105000000.0,270997378.0
1220564,https://www.themoviedb.org/movie/1220564-o-agente-secreto,The Secret Agent,161.0,2026-07-08,KR,"Thriller, Drama, Crime",7.2,"Brazil, 1977. Marcelo, a technology expert in his early 40s, is on the run. Hoping to reunite with his son, he travels to Recife during Carnival but soon realizes that the city is not the safe haven he was expecting.",Kleber Mendonça Filho,Kleber Mendonça Filho,Released,Portuguese,5000000.0,18988224.0
194,https://www.themoviedb.org/movie/194-le-fabuleux-destin-d-amelie-poulain,Amélie,122.0,2001-10-19,KR,"Comedy, Romance",7.9,"At a tiny Parisian café, the adorable yet painfully shy Amélie accidentally discovers a gift for helping others. Soon Amelie is spending her days as a matchmaker, guardian angel, and all-around do-gooder. But when she bumps into a handsome stranger, will she find the courage to become the star of her very own love story?",Jean-Pierre Jeunet,"Jean-Pierre Jeunet, Guillaume Laurant",Released,French,10000000.0,173921954.0
1358005,https://www.themoviedb.org/movie/1358005-office-romance,Office Romance,115.0,2026-06-05,KR,"Romance, Comedy",6.4,"Jackie, President and CEO of Air Cruz, runs a tight ship in her business, including a rigid anti-fraternization policy for all her employees. When a new sexy lawyer begins working for her, that policy becomes very tested.",Ol Parker,"Joe Kelly, Brett Goldstein",Released,English,,
318846,https://www.themoviedb.org/movie/318846-the-big-short,The Big Short,131.0,2016-01-21,KR,"Comedy, Drama",7.4,The men who made millions from a global economic meltdown.,Adam McKay,"Adam McKay, Charles Randolph",Released,English,28000000.0,133346506.0
1358005,https://www.themoviedb.org/movie/1358005-office-romance,Office Romance,115.0,2026-06-05,KR,"Romance, Comedy",6.4,"Jackie, President and CEO of Air Cruz, runs a tight ship in her business, including a rigid anti-fraternization policy for all her employees. When a new sexy lawyer begins working for her, that policy becomes very tested.",Ol Parker,"Brett Goldstein, Joe Kelly",Released,English,,
754,https://www.themoviedb.org/movie/754-face-off,Face/Off,139.0,1997-08-09,KR,"Action, Crime, Science Fiction",7.1,"In order to foil a terrorist plot, an FBI agent undergoes facial transplant surgery and assumes the identity of a criminal mastermind. The plan turns sour when the criminal wakes up prematurely and seeks revenge.",John Woo,"Michael Colleary, Mike Werb",Released,English,80000000.0,245700000.0
1005331,https://www.themoviedb.org/movie/1005331-carry-on,Carry-On,120.0,2024-12-13,KR,"Thriller, Action",6.9,An airport security officer races to outsmart a mysterious traveler forcing him to let a dangerous item slip onto a Christmas Eve flight.,Jaume Collet-Serra,T.J. Fixman,Released,English,47000000.0,
440,https://www.themoviedb.org/movie/440-aliens-vs-predator-requiem,Aliens vs Predator: Requiem,94.0,2008-01-17,KR,"Action, Science Fiction, Thriller, Horror",5.2,"After a horrifying PredAlien crash-lands near a small Colorado town, killing everyone it encounters and producing countless Alien offspring, a lone Predator arrives to ""clean up"" the infestation.","Greg Strause, Colin Strause",Shane Salerno,Released,English,40000000.0,130290885.0
46498,https://www.themoviedb.org/movie/46498-candy,Candy,124.0,1970-08-19,FR,"Adventure, Comedy, Fantasy",5.1,A high school girl encounters a variety of kookie characters and humorous sexual situations while searching for the meaning of life.,Christian Marquand,"Terry Southern, Mason Hoffenberg, Buck Henry",Released,English,3000000.0,
105864,https://www.themoviedb.org/movie/105864-the-good-dinosaur,The Good Dinosaur,93.0,2016-01-07,KR,"Adventure, Animation, Family",6.7,An epic journey into the world of dinosaurs where an Apatosaurus named Arlo makes an unlikely human friend.,Peter Sohn,Meg LeFauve,Released,English,175000000.0,332207671.0
8077,https://www.themoviedb.org/movie/8077-alien,Alien³,114.0,1992-07-17,KR,"Science Fiction, Action, Horror",6.4,"After escaping with Newt and Hicks from the alien planet, Ripley crash lands on Fiorina 161, a prison planet and host to a correctional facility. Unfortunately, although Newt and Hicks do not survive the crash, a more unwelcome visitor does. The prison does not allow weapons of any kind, and with aid being a long time away, the prisoners must simply survive in any way they can.",David Fincher,"Larry Ferguson, Walter Hill, David Giler",Released,English,50000000.0,159773545.0
718930,https://www.themoviedb.org/movie/718930-bullet-train,Bullet Train,126.0,2022-08-24,KR,"Action, Comedy, Thriller",7.4,"Unlucky assassin Ladybug is determined to do his job peacefully after one too many gigs gone off the rails. Fate, however, may have other plans, as Ladybug's latest mission puts him on a collision course with lethal adversaries from around the globe—all with connected, yet conflicting, objectives—on the world's fastest train.",David Leitch,Zak Olkewicz,Released,English,90000000.0,239268602.0
777443,https://www.themoviedb.org/movie/777443-the-electric-state,The Electric State,125.0,2025-03-14,KR,"Action, Adventure, Science Fiction",6.5,"An orphaned teen hits the road with a mysterious robot to find her long-lost brother, teaming up with a smuggler and his wisecracking sidekick.","Anthony Russo, Joe Russo","Stephen McFeely, Christopher Markus",Released,English,320000000.0,
80321,https://www.themoviedb.org/movie/80321-madagascar-3-europe-s-most-wanted,Madagascar 3: Europe's Most Wanted,93.0,2012-06-06,KR,"Animation, Family, Comedy, Adventure",6.6,"Animal pals Alex, Marty, Melman, and Gloria are still trying to make it back to New York's Central Park Zoo. They are forced to take a detour to Europe to find the penguins and chimps who broke the bank at a Monte Carlo casino. When French animal-control officer Capitaine Chantel DuBois picks up their scent, Alex and company are forced to hide out in a traveling circus.","Eric Darnell, Tom McGrath, Conrad Vernon","Eric Darnell, Noah Baumbach",Released,English,145000000.0,746921274.0
292047,https://www.themoviedb.org/movie/292047,Tokyo Noir,127.0,2004-09-24,JP,Drama,9.0,"Three tales that center around sex and citizens of Tokyo: A repressed woman embraces her sexuality, (""Birthday""),  an unexpected reunion disrupts a sex worker's routine (""Night Lovers""), and a sex blogger discovers connection in the depths of loneliness (""Girl's Life"").","Masato Ishioka, Naoto Kumazawa","Masato Ishioka, Naoto Kumazawa, Hisako Kurosawa, Yoko Urayama",Released,Japanese,,
2109,https://www.themoviedb.org/movie/2109-rush-hour,Rush Hour,97.0,1998-10-03,KR,"Action, Comedy, Crime",7.1,"When Hong Kong Inspector Lee is summoned to Los Angeles to investigate a kidnapping, the FBI doesn't want any outside help and assigns cocky LAPD Detective James Carter to distract Lee from the case. Not content to watch the action from the sidelines, Lee and Carter form an unlikely partnership and investigate the case themselves.",Brett Ratner,"Ross LaManna, Jim Kouf",Released,English,33000000.0,244721064.0
1022787,https://www.themoviedb.org/movie/1022787-elio,Elio,98.0,2025-06-18,KR,"Animation, Adventure, Science Fiction, Family",6.9,"Elio, a space fanatic with an active imagination, finds himself on a cosmic misadventure where he must form new bonds with eccentric alien lifeforms, navigate a crisis of intergalactic proportions and somehow discover who he is truly meant to be.","Madeline Sharafian, Domee Shi, Adrian Molina","Julia Cho, Mark Hammer, Mike Jones",Released,English,150000000.0,154291182.0
95,https://www.themoviedb.org/movie/95-armageddon,Armageddon,151.0,1998-07-03,KR,"Action, Science Fiction, Adventure",6.8,"When an asteroid threatens to collide with Earth, NASA honcho Dan Truman determines the only way to stop it is to drill into its surface and detonate a nuclear bomb. This leads him to renowned driller Harry Stamper, who agrees to helm the dangerous space mission provided he can bring along his own hotshot crew. Among them is the cocksure A.J. who Harry thinks isn't good enough for his daughter, until the mission proves otherwise.",Michael Bay,"Jonathan Hensleigh, J.J. Abrams",Released,English,140000000.0,553799566.0
4922,https://www.themoviedb.org/movie/4922-the-curious-case-of-benjamin-button,The Curious Case of Benjamin Button,166.0,2009-02-12,KR,"Drama, Fantasy, Romance",7.6,"Born under unusual circumstances, Benjamin Button springs into being as an elderly man in a New Orleans nursing home and ages in reverse. Twelve years after his birth, he meets Daisy, a child who flits in and out of his life as she grows up to be a dancer. Though he has all sorts of unusual adventures over the course of his life, it is his relationship with Daisy, and the hope that they will come together at the right time, that drives Benjamin forward.",David Fincher,Eric Roth,Released,English,150000000.0,335802786.0
1217584,https://www.themoviedb.org/movie/1217584-torrente-presidente,Torrente for President,103.0,2026-03-13,ES,Comedy,6.2,"Years have passed since his last adventure, but José Luis Torrente, the most politically incorrect former cop in Spain, still sees himself as a national hero.",Santiago Segura,Santiago Segura,Released,Spanish; Castilian,,
126889,https://www.themoviedb.org/movie/126889-alien-covenant,Alien: Covenant,122.0,2017-05-09,KR,"Horror, Science Fiction",6.2,"The crew of the colony ship Covenant, bound for a remote planet on the far side of the galaxy, discovers what they think is an uncharted paradise but is actually a dark, dangerous world.",Ridley Scott,"John Logan, Dante Harper",Released,English,97000000.0,240891763.0
640146,https://www.themoviedb.org/movie/640146-ant-man-and-the-wasp-quantumania,Ant-Man and the Wasp: Quantumania,125.0,2023-02-15,KR,"Action, Adventure, Science Fiction",6.2,"Super-Hero partners Scott Lang and Hope van Dyne, along with with Hope's parents Janet van Dyne and Hank Pym, and Scott's daughter Cassie Lang, find themselves exploring the Quantum Realm, interacting with strange new creatures and embarking on an adventure that will push them beyond the limits of what they thought possible.",Peyton Reed,Jeff Loveness,Released,English,200000000.0,476071180.0
454626,https://www.themoviedb.org/movie/454626-sonic-the-hedgehog,Sonic the Hedgehog,99.0,2020-02-12,KR,"Action, Science Fiction, Comedy, Family",7.3,"Powered with incredible speed, Sonic The Hedgehog embraces his new home on Earth. That is, until Sonic sparks the attention of super-uncool evil genius Dr. Robotnik. Now it’s super-villain vs. super-sonic in an all-out race across the globe to stop Robotnik from using Sonic’s unique power for world domination.",Jeff Fowler,"Josh Miller, Pat Casey",Released,English,85000000.0,319715683.0
18334,https://www.themoviedb.org/movie/18334,Guinea Pig: Devil's Experiment,43.0,1985-09-04,US,Horror,4.8,Masked thugs torture an innocent woman in increasingly brutal ways.,Satoru Ogura,Satoru Ogura,Released,Japanese,,
348084,https://www.themoviedb.org/movie/348084,Beasts Cage,70.0,2008-02-29,JP,Drama,3.0,"A young bar waitress, Natsuko has accepted to many Mr. Uehara, a rich art teacher. It’s because Uehara could pay the debt for Natsuko’s ex-husband. Mr. Uchara agreed with the terms but suspected that Natsuko betrayed him for money and continued to meet Seiji. Mr. Uehara determined to punish his young wife in his “artistic” way. He tied her up and locked her in the basement of his house, or better described as “the beasts’ cage”, a place where a “bitch” was tortured and sexually abused in various SM ways",Hiroyuki Kawasaki,Kosuke Komatsu,Released,Japanese,,
1116201,https://www.themoviedb.org/movie/1116201-iron-lung,Iron Lung,125.0,2026-01-30,US,"Horror, Mystery, Science Fiction",6.9,"In a post-apocalyptic future where an event known as ""The Quiet Rapture"" caused all known stars and habitable planets in the universe to disappear, a convict is sent to search an ocean of blood discovered on a desolate moon, using a small submarine nicknamed the ""Iron Lung"".",Mark Fischbach,Mark Fischbach,Released,English,4000000.0,51226173.0
269495,https://www.themoviedb.org/movie/269495-ei-kiitos,No Thank You,97.0,2014-01-10,FI,"Drama, Comedy",4.5,"Heli Valkonen is desperately in love with her husband. But Matti is just not in the mood. He is only interested in playing computer games, dressed in worn out fleece pants. For him, a shoulder massage is the highest form of intimacy. When subtle hints, nice words and fetching clothes won't help, Heli resorts in direct, and increasingly direct action - in vain.",Samuli Valkama,"Samuli Valkama, Anna-Leena Härkönen, Heikki Paavilainen",Released,Finnish,1600000.0,
297090,https://www.themoviedb.org/movie/297090,The Torture Club,97.0,2014-11-20,KR,"Drama, Comedy",5.2,"The ""Torture Club"" is an official after-school activity at the private school Saint Honesty Gakuen. Yuzuki has no idea about the club when she enrolls, and gets abducted by the club members and hauled off the club-room. There, she finds out that upper-class student Aoi, her secret idol, is in the club, and decides to join, but…",Kōta Yoshida,"Kōta Yoshida, Alpha AlfLayla, Makoto Fukami",Released,Japanese,,
458156,https://www.themoviedb.org/movie/458156-john-wick-chapter-3-parabellum,John Wick: Chapter 3 - Parabellum,131.0,2019-06-26,KR,"Action, Thriller, Crime",7.4,"Super-assassin John Wick returns with a $14 million price tag on his head and an army of bounty-hunting killers on his trail. After killing a member of the shadowy international assassin’s guild, the High Table, John Wick is excommunicado, but the world’s most ruthless hit men and women await his every turn.",Chad Stahelski,"Derek Kolstad, Chris Collins, Shay Hatten, Marc Abrams",Released,English,55000000.0,328349908.0
752,https://www.themoviedb.org/movie/752-v-for-vendetta,V for Vendetta,132.0,2006-03-17,KR,"Action, Thriller, Science Fiction",7.9,"In a world in which Great Britain has become a fascist state, a masked vigilante known only as “V” conducts guerrilla warfare against the oppressive British government. When V rescues a young woman from the secret police, he finds in her an ally with whom he can continue his fight to free the people of Britain.",James McTeigue,"Lilly Wachowski, Lana Wachowski",Released,English,54000000.0,134686457.0
1149504,https://www.themoviedb.org/movie/1149504-honey-don-t,Honey Don't!,89.0,2025-09-19,KR,"Comedy, Crime, Thriller",5.5,"Honey O'Donahue, a small-town private investigator, delves into a series of strange deaths tied to a mysterious church.",Ethan Coen,"Ethan Coen, Tricia Cooke",Released,English,20000000.0,7445237.0
758330,https://www.themoviedb.org/movie/758330-good-luck-to-you-leo-grande,"Good Luck to You, Leo Grande",97.0,2022-08-11,KR,"Romance, Drama",7.0,"Nancy Stokes, a retired schoolteacher, is pretty sure she has never had good sex. Now that her husband has died, she is determined to take a tour of sexual vistas that until now she has only imagined. She even has a plan; it involves an anonymous hotel room, and a sex worker who calls himself Leo Grande.",Sophie Hyde,Katy Brand,Released,English,,7589829.0
10066,https://www.themoviedb.org/movie/10066-house-of-wax,House of Wax,113.0,2005-05-20,KR,"Horror, Thriller, Mystery",6.0,A group of unwitting teens are stranded near a strange wax museum and soon must fight to survive and keep from becoming the next exhibit.,Jaume Collet-Serra,"Chad Hayes, Carey Hayes",Released,English,40000000.0,68766121.0
270946,https://www.themoviedb.org/movie/270946-penguins-of-madagascar,Penguins of Madagascar,92.0,2014-12-31,KR,"Family, Animation, Adventure, Comedy",6.5,"Skipper, Kowalski, Rico and Private join forces with undercover organization The North Wind to stop the villainous Dr. Octavius Brine from destroying the world as we know it.","Eric Darnell, Simon J. Smith","Michael Colton, John Aboud, Brandon Sawyer",Released,English,132000000.0,373515621.0
16859,https://www.themoviedb.org/movie/16859,Kiki's Delivery Service,103.0,2007-11-22,KR,"Animation, Family, Fantasy",7.8,"A young witch, on her mandatory year of independent life, finds fitting into a new community difficult while she supports herself by running an air courier service.",Hayao Miyazaki,"Hayao Miyazaki, Eiko Kadono",Released,Japanese,6900000.0,4493017.0
415541,https://www.themoviedb.org/movie/415541-mi-conejo-es-el-mejor,My Pussy is the Best,90.0,1982-10-10,ES,"Comedy, Drama",5.0,"A young girl interned in reformatory lives the lesbian relationship with another partner, which makes her an object of desire ...",Ricardo Palacios,Ricardo Palacios,Released,Spanish; Castilian,,
1417285,https://www.themoviedb.org/movie/1417285,The Stain,105.0,2026-02-26,TH,"Horror, Thriller, Romance",4.0,"When Malee, a young woman with a dark past, is drawn by fate to an apartment where she must confront haunting memories from her childhood, she encounters Pran, a botanist, a tea blending master, and the founder of a Thai floral tea brand.","Krisda Witthayakhajorndet, Phuping Pungsa-ard, Bhanbhassa Dhubthien","Sorarat Jirabovornwisut, Parida Manomaiphibul",Released,Thai,,
36463,https://www.themoviedb.org/movie/36463-miami-expose,Miami Exposé,73.0,1956-09-01,US,"Crime, Drama",6.0,A police detective baits killer gamblers with a mob witness (Patricia Medina) in the Everglades.,Fred F. Sears,Robert E. Kent,Released,English,,
9820,https://www.themoviedb.org/movie/9820-the-parent-trap,The Parent Trap,128.0,2000-05-19,KR,"Comedy, Family, Romance",7.2,"Hallie Parker and Annie James are identical twins who were separated at a young age due to their parents' divorce. Unbeknownst to their parents, the girls are sent to the same summer camp, where they meet, discover the truth about their relationship, and come up with a plan to switch places in an effort to reunite their mother and father.",Nancy Meyers,"Nancy Meyers, Erich Kästner, David Swift, Charles Shyer",Released,English,15000000.0,92108518.0
645710,https://www.themoviedb.org/movie/645710-the-voyeurs,The Voyeurs,117.0,2021-08-25,US,Thriller,6.5,"When Pippa and Thomas move into their dream apartment, they notice that their windows look directly into the apartment opposite – inviting them to witness the volatile relationship of the attractive couple across the street. But what starts as a simple curiosity turns into full-blown obsession with increasingly dangerous consequences.",Michael Mohan,Michael Mohan,Released,English,,
1894,https://www.themoviedb.org/movie/1894-star-wars-episode-ii-attack-of-the-clones,Star Wars: Episode II - Attack of the Clones,142.0,2002-07-03,KR,"Adventure, Action, Science Fiction",6.6,"Following an assassination attempt on Senator Padmé Amidala, Jedi Knights Anakin Skywalker and Obi-Wan Kenobi investigate a mysterious plot into the heart of the Separatist movement and the beginning of the Clone Wars.",George Lucas,"George Lucas, Jonathan Hales",Released,English,120000000.0,649398328.0
1582770,https://www.themoviedb.org/movie/1582770,Dhurandhar: The Revenge,229.0,2026-03-19,IN,"Action, Crime, Thriller",7.3,"As rival gangs, corrupt officials and a ruthless Major Iqbal close in, Hamza's mission for his country spirals into a bloody personal war where the line between patriot and monster disappears in the streets of Lyari.",Aditya Dhar,Aditya Dhar,Released,Hindi,14330000.0,152900759.0
240832,https://www.themoviedb.org/movie/240832-lucy,Lucy,89.0,2014-09-04,KR,"Action, Science Fiction",6.5,"A woman, accidentally caught in a dark deal, turns the tables on her captors and transforms into a merciless warrior evolved beyond human logic.",Luc Besson,Luc Besson,Released,English,40000000.0,469058574.0
1119878,https://www.themoviedb.org/movie/1119878-ice-road-vengeance,Ice Road: Vengeance,113.0,2025-06-27,US,"Action, Thriller, Drama",6.2,"Big rig ice road driver Mike McCann travels to Nepal to scatter his late brother’s ashes on Mt. Everest. While on a packed tour bus traversing the deadly 12,000 ft. terrain of the infamous Road to the Sky, McCann and his mountain guide encounter a group of mercenaries and must fight to save themselves, the busload of innocent travelers, and the local villagers’ homeland.",Jonathan Hensleigh,Jonathan Hensleigh,Released,English,,
1542261,https://www.themoviedb.org/movie/1542261,Doraemon the Movie: New Nobita and the Castle of the Undersea Devil,102.0,2026-07-01,KR,"Animation, Adventure, Fantasy, Family",7.3,"Nobita and friends finds a secret underwater castle packed with mysteries and riches. With Doraemon's high-tech gadgets, they dive into an ocean adventure mixing humor, teamwork, and imagination in a breathtaking aquatic world.",Tetsuo Yajima,Isao Murayama,Released,Japanese,,
75656,https://www.themoviedb.org/movie/75656-now-you-see-me,Now You See Me,116.0,2013-08-22,KR,"Thriller, Crime",7.3,An FBI agent and an Interpol detective track a team of illusionists who pull off bank heists during their performances and reward their audiences with the money.,Louis Leterrier,"Boaz Yakin, Edward Ricourt, Ed Solomon",Released,English,75000000.0,351723989.0
87101,https://www.themoviedb.org/movie/87101-terminator-genisys,Terminator Genisys,126.0,2015-07-02,KR,"Science Fiction, Action, Thriller",6.0,"The year is 2029. John Connor, leader of the resistance continues the war against the machines. At the Los Angeles offensive, John's fears of the unknown future begin to emerge when TECOM spies reveal a new plot by SkyNet that will attack him from both fronts; past and future, and will ultimately change warfare forever.",Alan Taylor,"Laeta Kalogridis, Patrick Lussier",Released,English,155000000.0,440603537.0
329,https://www.themoviedb.org/movie/329-jurassic-park,Jurassic Park,127.0,1993-07-17,KR,"Adventure, Science Fiction",8.0,"A wealthy entrepreneur secretly creates a theme park featuring living dinosaurs drawn from prehistoric DNA. Before opening day, he invites a team of experts and his two eager grandchildren to experience the park and help calm anxious investors. However, the park is anything but amusing as the security systems go off-line and the dinosaurs escape.",Steven Spielberg,"Michael Crichton, David Koepp",Released,English,63000000.0,920100000.0
119450,https://www.themoviedb.org/movie/119450-dawn-of-the-planet-of-the-apes,Dawn of the Planet of the Apes,130.0,2014-07-10,KR,"Science Fiction, Action, Drama, Thriller",7.3,"A group of scientists in San Francisco struggle to stay alive in the aftermath of a plague that is wiping out humanity, while Caesar tries to maintain dominance over his community of intelligent apes.",Matt Reeves,"Amanda Silver, Rick Jaffa, Mark Bomback",Released,English,170000000.0,710644566.0
176,https://www.themoviedb.org/movie/176-saw,Saw,103.0,2005-03-10,KR,"Horror, Mystery, Crime",7.4,"Two men wake up to find themselves shackled in a grimy, abandoned bathroom. As they struggle to comprehend their predicament, they discover a disturbing tape left behind by the sadistic mastermind known as Jigsaw. With a chilling voice and cryptic instructions, Jigsaw informs them that they must partake in a gruesome game in order to secure their freedom.",James Wan,Leigh Whannell,Released,English,1200000.0,104045735.0
290006,https://www.themoviedb.org/movie/290006-love-dream,Priceless Beauty,97.0,1989-08-05,KR,"Fantasy, Drama, Romance",3.2,A rock-star who stopped singing after the death of his brother finds a female genie in a vase. She tries to help him live again.,Charles Finch,Charles Finch,Released,English,,
44896,https://www.themoviedb.org/movie/44896-rango,Rango,107.0,2011-03-03,KR,"Animation, Comedy, Family, Western, Adventure",6.9,"When Rango, a lost family pet, accidentally winds up in the gritty, gun-slinging Western town of Dirt, the theater-loving lizard suddenly finds himself the newly appointed sheriff. Welcomed as the last hope the town has been waiting for, Rango is forced to play his new role to the hilt and uncover the truth behind a looming water crisis—before his act catches up with him.",Gore Verbinski,John Logan,Released,English,135000000.0,245724603.0
745,https://www.themoviedb.org/movie/745-the-sixth-sense,The Sixth Sense,107.0,1999-09-18,KR,"Mystery, Thriller, Drama",8.0,"Following an unexpected tragedy, child psychologist Malcolm Crowe meets a nine year old boy named Cole Sear, who is hiding a dark secret.",M. Night Shyamalan,M. Night Shyamalan,Released,English,40000000.0,672800000.0
242,https://www.themoviedb.org/movie/242-the-godfather-part-iii,The Godfather Part III,162.0,1991-03-16,KR,"Crime, Drama, Thriller",7.4,"In the midst of trying to legitimize his business dealings in 1979 New York and Italy, aging mafia don, Michael Corleone seeks forgiveness for his sins while taking a young protege under his wing.",Francis Ford Coppola,"Francis Ford Coppola, Mario Puzo",Released,English,54000000.0,136766062.0
1034541,https://www.themoviedb.org/movie/1034541-terrifier-3,Terrifier 3,125.0,2025-07-08,KR,Horror,6.8,"Five years after surviving Art the Clown's Halloween massacre, Sienna and Jonathan are still struggling to rebuild their shattered lives. As the holiday season approaches, they try to embrace the Christmas spirit and leave the horrors of the past behind. But just when they think they're safe, Art returns, determined to turn their holiday cheer into a new nightmare. The festive season quickly unravels as Art unleashes his twisted brand of terror, proving that no holiday is safe.",Damien Leone,Damien Leone,Released,English,2000000.0,90322103.0
185,https://www.themoviedb.org/movie/185-a-clockwork-orange,A Clockwork Orange,137.0,2017-10-05,KR,"Science Fiction, Crime",8.2,"In a near-future Britain, young Alexander DeLarge and his pals get their kicks beating and raping anyone they please. When not destroying the lives of others, Alex swoons to the music of Beethoven. The state, eager to crack down on juvenile crime, gives an incarcerated Alex the option to undergo an invasive procedure that'll rob him of all personal agency. In a time when conscience is a commodity, can Alex change his tune?",Stanley Kubrick,"Stanley Kubrick, Anthony Burgess",Released,English,2200000.0,27033812.0
1735,https://www.themoviedb.org/movie/1735-the-mummy-tomb-of-the-dragon-emperor,The Mummy: Tomb of the Dragon Emperor,112.0,2008-07-30,KR,"Adventure, Action, Fantasy",5.5,"Archaeologist Rick O'Connell travels to China, pitting him against an emperor from the 2,000-year-old Han dynasty who's returned from the dead to pursue a quest for world domination. This time, O'Connell enlists the help of his wife and son to quash the so-called 'Dragon Emperor' and his abuse of supernatural power.",Rob Cohen,"Alfred Gough, Miles Millar",Released,English,145000000.0,403449830.0
1241983,https://www.themoviedb.org/movie/1241983-train-dreams,Train Dreams,102.0,2025-11-21,KR,Drama,7.3,A logger leads a life of quiet grace as he experiences love and loss during an era of monumental change in early 20th-century America.,Clint Bentley,"Clint Bentley, Denis Johnson, Greg Kwedar",Released,English,10000000.0,
602,https://www.themoviedb.org/movie/602-independence-day,Independence Day,145.0,1996-07-27,KR,"Action, Adventure, Science Fiction",6.9,"Strange phenomena surface around the globe. The skies ignite. Terror races through the world's major cities. As these extraordinary events unfold, it becomes increasingly clear that a force of incredible magnitude has arrived. Its mission: total annihilation over the Fourth of July weekend. The last hope to stop the destruction is an unlikely group of people united by fate and unimaginable circumstances.",Roland Emmerich,"Roland Emmerich, Dean Devlin",Released,English,75000000.0,817400891.0
1223601,https://www.themoviedb.org/movie/1223601-sisu-2,Sisu: Road to Revenge,89.0,2026-01-07,KR,"Action, War, Thriller",7.3,"Returning to the house where his family was brutally murdered during the war, ""the man who refuses to die"" dismantles it, loads it on a truck, and is determined to rebuild it somewhere safe in their honor. When the commander who killed his family comes back hellbent on finishing the job, a relentless, eye-popping cross-country chase ensues.",Jalmari Helander,Jalmari Helander,Released,Finnish,12200000.0,9811703.0
297762,https://www.themoviedb.org/movie/297762-wonder-woman,Wonder Woman,141.0,2017-05-31,KR,"Action, Adventure, Fantasy",7.2,An Amazon princess comes to the world of Man in the grips of the First World War to confront the forces of evil and bring an end to human conflict.,Patty Jenkins,Allan Heinberg,Released,English,149000000.0,823970682.0
9323,https://www.themoviedb.org/movie/9323-ghost-in-the-shell,Ghost in the Shell,83.0,2002-04-12,KR,"Action, Animation, Science Fiction",7.9,"In the year 2029, the barriers of our world have been broken down by the net and by cybernetics, but this brings new vulnerability to humans in the form of brain-hacking. When a highly-wanted hacker known as 'The Puppetmaster' begins involving them in politics, Section 9, a group of cybernetically enhanced cops, are called in to investigate and stop the Puppetmaster.",Mamoru Oshii,Kazunori Ito,Released,Japanese,3000000.0,10000000.0
591,https://www.themoviedb.org/movie/591-the-da-vinci-code,The Da Vinci Code,149.0,2006-05-18,KR,"Thriller, Mystery",6.7,"A murder in Paris’ Louvre Museum and cryptic clues in some of Leonardo da Vinci’s most famous paintings lead to the discovery of a religious mystery. For 2,000 years a secret society closely guards information that — should it come to light — could rock the very foundations of Christianity.",Ron Howard,"Dan Brown, Akiva Goldsman",Released,English,125000000.0,760006945.0
1043197,https://www.themoviedb.org/movie/1043197-dust-bunny,Dust Bunny,106.0,2025-12-12,US,"Fantasy, Action, Horror",6.7,"Ten-year-old Aurora asks her hitman neighbor to kill the monster under her bed that she claims ate her family. To protect her, he must battle an onslaught of assassins while accepting that some monsters are real.",Bryan Fuller,Bryan Fuller,Released,English,,928164.0
9552,https://www.themoviedb.org/movie/9552-the-exorcist,The Exorcist,122.0,1975-05-24,KR,Horror,7.7,"When a mysterious entity possesses a young girl, her mother seeks the help of two Catholic priests to save her life.",William Friedkin,William Peter Blatty,Released,English,11000000.0,430872776.0
531309,https://www.themoviedb.org/movie/531309-brightburn,Brightburn,91.0,2019-05-23,KR,"Horror, Science Fiction, Drama",6.2,"What if a child from another world crash-landed on Earth, but instead of becoming a hero to mankind, he proved to be something far more sinister?",David Yarovesky,"Mark Gunn, Brian Gunn",Released,English,6000000.0,33224654.0
1146058,https://www.themoviedb.org/movie/1146058-the-pout-pout-fish,The Pout-Pout Fish,91.0,2026-01-01,AU,"Animation, Family, Adventure, Comedy",5.1,"Living on a rundown shipwreck, Mr. Fish one day discovers a hyperactive young sea dragon Pip – who had mistaken his home for a junkyard – pilfering his belongings. The heated argument that ensues leaves both their houses in ruin. But there is hope! Embarking on a seemingly impossible quest in search of the mythical 'Shimmer' to grant them a wish, there’s only one problem: someone else is on the hunt...",Ricard Cussó,"Dominic Morris, Elie Choufany, Elise Allen",Released,English,10000000.0,4834402.0
571357,https://www.themoviedb.org/movie/571357-l-educatrice,L'éducatrice,96.0,1996-04-03,FR,"Drama, TV Movie",10.0,"Stephanie is a hostile and mute newcomer in a home for troubled minors. She disorients the staff. Louise, a young educator, is determined and determined to overcome the aggressiveness of the girls, who give her a hard time. She gets caught up in the game and oversteps her role, triggering the teenager to act out in unexpected ways.",Pascal Kané,"Pascal Kané, Viviane Zingg",Released,French,,
359410,https://www.themoviedb.org/movie/359410-road-house,Road House,121.0,2024-03-21,KR,"Action, Thriller, Drama",6.9,"Ex-UFC fighter Dalton takes a job as a bouncer at a Florida Keys roadhouse, only to discover that this paradise is not all it seems.",Doug Liman,"Charles Mondry, Anthony Bagarozzi",Released,English,85000000.0,
567,https://www.themoviedb.org/movie/567-rear-window,Rear Window,113.0,1957-02-24,KR,"Thriller, Mystery, Drama",8.3,A wheelchair-bound photographer spies on his neighbors from his apartment window and becomes convinced one of them has committed murder.,Alfred Hitchcock,John Michael Hayes,Released,English,1000000.0,37042336.0
665,https://www.themoviedb.org/movie/665-ben-hur,Ben-Hur,212.0,1962-02-01,KR,"History, Drama, Adventure",7.9,"In ancient Judea, a Jewish aristocrat opposing Roman occupation of his homeland reunites with his childhood friend, now a Roman commander — setting in motion a saga of betrayal, adventure, tragedy, revenge, and faith.",William Wyler,"Lew Wallace, Karl Tunberg",Released,English,15000000.0,164000000.0
107,https://www.themoviedb.org/movie/107-snatch,Snatch,103.0,2001-03-07,KR,"Crime, Comedy",7.8,"Unscrupulous boxing promoters, violent bookies, a Russian gangster, incompetent amateur robbers, and supposedly Jewish jewellers fight to track down a priceless stolen diamond.",Guy Ritchie,Guy Ritchie,Released,English,100000000.0,83557872.0
799583,https://www.themoviedb.org/movie/799583-the-ministry-of-ungentlemanly-warfare,The Ministry of Ungentlemanly Warfare,120.0,2025-03-19,KR,"Action, Comedy, War",7.0,"During World War II, the British Army assigns a group of competent soldiers to carry out a mission against the Nazi forces behind enemy lines... A true story about a secret British WWII organization — the Special Operations Executive. Founded by Winston Churchill, their irregular warfare against the Germans helped to change the course of the war, and gave birth to modern black operations.",Guy Ritchie,"Guy Ritchie, Eric Johnson, Paul Tamasy, Arash Amel",Released,English,60000000.0,29768915.0
508943,https://www.themoviedb.org/movie/508943-luca,Luca,95.0,2021-06-17,KR,"Animation, Family, Fantasy, Drama, Comedy",7.8,Luca and his best friend Alberto experience an unforgettable summer on the Italian Riviera. But all the fun is threatened by a deeply-held secret: they are sea monsters from another world just below the water’s surface.,Enrico Casarosa,"Jesse Andrews, Mike Jones",Released,English,200000000.0,51074773.0
235,https://www.themoviedb.org/movie/235-stand-by-me,Stand by Me,89.0,2019-10-24,KR,"Crime, Drama",7.8,"After learning that a boy their age has been accidentally killed near their rural homes, four boys decide to go see the body. Gordie, Vern, Chris, and Teddy encounter a mean junk man and a marsh full of leeches, but they also learn more about one another and their very different home lives. Just a lark at first, the boys' adventure evolves into a defining event in their lives.",Rob Reiner,"Stephen King, Raynold Gideon, Bruce A. Evans",Released,English,8000000.0,52289686.0
188927,https://www.themoviedb.org/movie/188927-star-trek-beyond,Star Trek Beyond,122.0,2016-08-17,KR,"Action, Adventure, Science Fiction",6.8,"The USS Enterprise crew explores the furthest reaches of uncharted space, where they encounter a mysterious new enemy who puts them and everything the Federation stands for to the test.",Justin Lin,"Simon Pegg, Doug Jung",Released,English,185000000.0,343471816.0
840705,https://www.themoviedb.org/movie/840705-blink-twice,Blink Twice,103.0,2024-11-20,KR,"Horror, Mystery, Thriller",6.7,"When tech billionaire Slater King meets cocktail waitress Frida at his fundraising gala, he invites her to join him and his friends on a dream vacation on his private island. But despite the epic setting, beautiful people, ever-flowing champagne, and late-night dance parties, Frida can sense that there’s something sinister hiding beneath the island’s lush façade.",Zoë Kravitz,"Zoë Kravitz, E.T. Feigenbaum",Released,English,20000000.0,46393906.0
661539,https://www.themoviedb.org/movie/661539-a-complete-unknown,A Complete Unknown,141.0,2025-02-26,KR,"Drama, Music",7.1,"New York, early 1960s. Against the backdrop of a vibrant music scene and tumultuous cultural upheaval, an enigmatic 19-year-old from Minnesota arrives in the West Village with his guitar and revolutionary talent, destined to change the course of American music.",James Mangold,"James Mangold, Jay Cocks",Released,English,65000000.0,140508652.0
73,https://www.themoviedb.org/movie/73-american-history-x,American History X,119.0,1999-04-17,KR,Drama,8.3,"Derek Vineyard is paroled after serving 3 years in prison for killing two African-American men. Through his brother, Danny Vineyard's narration, we learn that before going to prison, Derek was a skinhead and the leader of a violent white supremacist gang that committed acts of racial crime throughout L.A. and his actions greatly influenced Danny. Reformed and fresh out of prison, Derek severs contact with the gang and becomes determined to keep Danny from going down the same violent path as he did.",Tony Kaye,David McKenna,Released,English,20000000.0,23900000.0
1032823,https://www.themoviedb.org/movie/1032823-trap,Trap,105.0,2024-09-18,KR,"Crime, Horror, Thriller",6.2,"A father and teen daughter attend a pop concert, where they realize they're at the center of a dark and sinister event.",M. Night Shyamalan,M. Night Shyamalan,Released,English,30000000.0,83677281.0
7131,https://www.themoviedb.org/movie/7131-van-helsing,Van Helsing,132.0,2004-06-11,KR,"Horror, Adventure, Action",6.4,Famed monster slayer Gabriel Van Helsing is dispatched to Transylvania to assist the last of the Valerious bloodline in defeating Count Dracula. Anna Valerious reveals that Dracula has formed an unholy alliance with Dr. Frankenstein's monster and is hell-bent on exacting a centuries-old curse on her family.,Stephen Sommers,Stephen Sommers,Released,English,160000000.0,300257475.0
565,https://www.themoviedb.org/movie/565-the-ring,The Ring,115.0,2003-01-10,KR,"Horror, Mystery",6.7,Journalist Rachel Keller investigates a strange videotape that may be behind the untimely deaths of four teenagers. There is an urban legend about this tape: the viewer will die seven days after watching it. Rachel tracks down the video... and watches it. Now she has just seven days to unravel the mystery of the Ring in order to save herself and her son.,Gore Verbinski,"Kōji Suzuki, Hiroshi Takahashi, Ehren Kruger",Released,English,48000000.0,249348933.0
585083,https://www.themoviedb.org/movie/585083-hotel-transylvania-transformania,Hotel Transylvania: Transformania,92.0,2022-01-14,KR,"Animation, Comedy, Family, Adventure, Fantasy",7.0,"When Van Helsing's mysterious invention, the ""Monsterfication Ray,"" goes haywire, Drac and his monster pals are all transformed into humans, and Johnny becomes a monster. In their new mismatched bodies, Drac and Johnny must team up and race across the globe to find a cure before it's too late, and before they drive each other crazy.","Derek Drymon, Jennifer Kluska","Genndy Tartakovsky, Amos Vernon, Nunzio Randazzo",Released,English,75000000.0,18500000.0
1098006,https://www.themoviedb.org/movie/1098006-fountain-of-youth,Fountain of Youth,126.0,2025-05-23,KR,"Adventure, Fantasy, Mystery",6.3,"A treasure-hunting mastermind assembles a team for a life-changing adventure. But to outwit and outrun threats at every turn, he'll need someone even smarter than he is: his estranged sister.",Guy Ritchie,James Vanderbilt,Released,English,,
1268127,https://www.themoviedb.org/movie/1268127,Humint,120.0,2026-02-11,KR,"Thriller, Action, Drama",7.5,A South Korean agent hunts a drug ring in Russia and goes head-to-head with a North Korean operative — pulling both into peril and tangled secrets.,Ryoo Seung-wan,Ryoo Seung-wan,Released,Korean,16000000.0,13207600.0
387,https://www.themoviedb.org/movie/387-das-boot,Das Boot,150.0,1982-05-15,KR,"Drama, History, War",8.1,"A German submarine hunts allied ships during the Second World War, but it soon becomes the hunted. The crew tries to survive below the surface, while stretching both the boat and themselves to their limits.",Wolfgang Petersen,"Wolfgang Petersen, Lothar-Günther Buchheim, Dean Riesner",Released,German,14000000.0,85000000.0
4192,https://www.themoviedb.org/movie/4192-death-on-the-nile,Death on the Nile,140.0,1978-10-24,GB,Mystery,7.1,"As Hercule Poirot enjoys a luxurious cruise down the Nile, a newlywed heiress is found murdered on board and every elegant passenger becomes a prime suspect.",John Guillermin,"Agatha Christie, Anthony Shaffer",Released,English,7920000.0,14560084.0
15512,https://www.themoviedb.org/movie/15512-monsters-vs-aliens,Monsters vs Aliens,94.0,2009-04-23,KR,"Animation, Family, Adventure, Science Fiction",6.3,"When Susan Murphy is unwittingly clobbered by a meteor full of outer space gunk on her wedding day, she mysteriously grows to 49-feet-11-inches. The military jumps into action and captures Susan, secreting her away to a covert government compound. She is renamed Ginormica and placed in confinement with a ragtag group of Monsters...","Rob Letterman, Conrad Vernon","Rob Letterman, Glenn Berger, Maya Forbes, Wallace Wolodarsky, Jonathan Aibel",Released,English,175000000.0,381509870.0
997907,https://www.themoviedb.org/movie/997907,Princess Lotus,10.0,1992-06-01,CN,Animation,0.0,"This art film is an ink cartoon adapted from the story of the same name in ""Strange Stories from a Chinese Studio"".  In the dream, the scholar Dou Xu was invited to a banquet by the queen. At the banquet, he got acquainted with the princess Lotus.",Hu Yihong,Hu Yihong,Released,Chinese,,
530915,https://www.themoviedb.org/movie/530915-1917,1917,119.0,2020-02-19,KR,"War, Drama, History",8.0,"At the height of the First World War, two young British soldiers must cross enemy territory and deliver a message that will stop a deadly attack on hundreds of soldiers.",Sam Mendes,"Sam Mendes, Krysty Wilson-Cairns",Released,English,100000000.0,446064352.0
748783,https://www.themoviedb.org/movie/748783-the-garfield-movie,The Garfield Movie,101.0,2024-05-15,KR,"Adventure, Animation, Comedy, Family",7.0,"Garfield, the world-famous, Monday-hating, lasagna-loving indoor cat, is about to have a wild outdoor adventure! After an unexpected reunion with his long-lost father – scruffy street cat Vic – Garfield and his canine friend Odie are forced from their perfectly pampered life into joining Vic in a hilarious, high-stakes heist.",Mark Dindal,"Mark Torgove, David Reynolds, Paul A. Kaplan",Released,English,60000000.0,254907482.0
8681,https://www.themoviedb.org/movie/8681-taken,Taken,94.0,2008-04-09,KR,"Action, Thriller",7.4,"Bryan Mills, a former government operative, is trying to reconnect with his teenage daughter Kim. After reluctantly agreeing with his ex-wife to let Kim go to Paris on vacation with a friend, his worst nightmare comes true. While on the phone with his daughter shortly after she arrives in Paris, she and her friend are abducted by a gang of human traffickers. Working against the clock, Bryan relies on his extensive training and skills to track down the ruthless gang that abducted her and launch a one-man war to rescue his daughter.",Pierre Morel,"Luc Besson, Robert Mark Kamen",Released,English,25000000.0,226830568.0
1514125,https://www.themoviedb.org/movie/1514125,Saigon Sunset,73.0,2025-04-30,KR,"Romance, Drama",6.0,A passionate melodrama depicting the most passionate moments of a woman who went on a trip to forget her ex-lover and a man who started his vacation hoping for a coincidence.,Son Hyeon-woo,,Released,Korean,,
26181,https://www.themoviedb.org/movie/26181-some-girls-do,Some Girls Do,88.0,1971-02-10,US,"Action, Adventure, Comedy",5.8,A series of unexplainable accidents befall the people and companies responsible for developing the world's first supersonic airliner. A British agent is sent to investigate and with the help of another agent uncovers a plot masterminded by Carl Petersen who stands to gain eight million pounds if the aircraft is not ready by a certain date.,Ralph Thomas,"Liz Charles-Williams, David D. Osborn",Released,English,,
1136867,https://www.themoviedb.org/movie/1136867-materialists,Materialists,116.0,2025-08-08,KR,"Romance, Drama",6.3,"A young, ambitious New York City matchmaker finds herself torn between the perfect match and her imperfect ex.",Celine Song,Celine Song,Released,English,20000000.0,107949056.0
408,https://www.themoviedb.org/movie/408-snow-white-and-the-seven-dwarfs,Snow White and the Seven Dwarfs,83.0,1956-11-16,KR,"Fantasy, Animation, Family",7.1,"A beautiful girl, Snow White, takes refuge in the forest in the house of seven dwarfs to hide from her stepmother, the wicked Queen. The Queen is jealous because she wants to be known as ""the fairest in the land,"" and Snow White's beauty surpasses her own.","David Hand, Ben Sharpsteen, Larry Morey, William Cottrell, Perce Pearce, Wilfred Jackson","Ted Sears, Merrill De Maris, Richard Creedon, Earl Hurd, Dorothy Ann Blank, Dick Rickard, Otto Englander, Webb Smith",Released,English,1488423.0,184925486.0
611698,https://www.themoviedb.org/movie/611698,A Writer's Odyssey,130.0,2021-04-15,KR,"Fantasy, Action, Adventure, Drama",7.1,"Lu Kongwen is the author of a fantasy novel series following a heroic teenager, also named Kongwen, on a quest to end the tyrannical rule of Lord Redmane, under the guidance of a Black Armor. But through a strange twist of fate, the fantasy world of the novel begins to impact life in the real world, leading Guan Ning to accept a mission from Tu Ling to kill the author.",Lu Yang,"Lu Yang, Shuang Xuetao, Qin Haiyan, Chen Shu, Yu Yang",Released,Chinese,,150123320.0
1226299,https://www.themoviedb.org/movie/1226299-dilig,Dilig,45.0,2024-01-30,PH,Drama,4.2,"About to get married to an old, wealthy businessman, Resa enlists the help of gardener Otso to seduce her fiancé’s daughter, Katelyn, and record his sexploits with her in order to get her disowned.",Christian Paolo Lat,,Released,Tagalog,,
1248226,https://www.themoviedb.org/movie/1248226-playdate,Playdate,93.0,2026-07-15,KR,"Action, Comedy",6.1,"When out-of-work accountant Brian joins stay-at-home dad Jeff for a playdate with their sons, he expects a laid-back afternoon. Instead, they're chased by mercenaries, and Brian—totally unprepared—must survive one absurd obstacle after another.",Luke Greenfield,Neil Goldman,Released,English,,
122906,https://www.themoviedb.org/movie/122906-about-time,About Time,123.0,2013-12-05,KR,"Drama, Romance, Fantasy",7.9,"The night after another unsatisfactory New Year's party, Tim's father reveals to him that the men in their family have the ability to travel through time. They can't change history, but they can change what happens and has happened in their own lives. Thus begins the start of a lesson in learning to appreciate life itself as it is, as it comes, and most importantly, the people living alongside us.",Richard Curtis,Richard Curtis,Released,English,12000000.0,87100449.0
137106,https://www.themoviedb.org/movie/137106-the-lego-movie,The Lego Movie,100.0,2014-02-06,KR,"Animation, Family, Adventure, Comedy, Fantasy",7.4,"An ordinary Lego mini-figure, mistakenly thought to be the extraordinary MasterBuilder, is recruited to join a quest to stop an evil Lego tyrant from conquering the universe.","Phil Lord, Christopher Miller","Phil Lord, Christopher Miller",Released,English,60000000.0,470759687.0
142,https://www.themoviedb.org/movie/142-brokeback-mountain,Brokeback Mountain,134.0,2006-03-01,KR,"Drama, Romance",7.8,"In 1960s Wyoming, two men develop a strong emotional and sexual relationship that endures as a lifelong connection complicating their lives as they get married and start families of their own.",Ang Lee,"Diana Ossana, Larry McMurtry",Released,English,14000000.0,178043761.0
870028,https://www.themoviedb.org/movie/870028-the-accountant,The Accountant²,133.0,2025-04-25,US,"Mystery, Crime, Thriller",7.1,"When an old acquaintance is murdered, Wolff is compelled to solve the case. Realizing more extreme measures are necessary, Wolff recruits his estranged and highly lethal brother, Brax, to help. In partnership with Marybeth Medina, they uncover a deadly conspiracy, becoming targets of a ruthless network of killers who will stop at nothing to keep their secrets buried.",Gavin O'Connor,Bill Dubuque,Released,English,80000000.0,103223366.0
9479,https://www.themoviedb.org/movie/9479-the-nightmare-before-christmas,The Nightmare Before Christmas,76.0,2006-12-07,KR,"Fantasy, Animation, Family",7.8,"Tired of scaring humans every October 31 with the same old bag of tricks, Jack Skellington, the spindly king of Halloween Town, kidnaps Santa Claus and plans to deliver shrunken heads and other ghoulish gifts to children on Christmas morning. But as Christmas approaches, Jack's rag-doll girlfriend, Sally, tries to foil his misguided plans.",Henry Selick,Caroline Thompson,Released,English,18000000.0,75634409.0
141052,https://www.themoviedb.org/movie/141052-justice-league,Justice League,120.0,2017-11-15,KR,"Action, Adventure, Science Fiction",6.1,"Fuelled by his restored faith in humanity and inspired by Superman's selfless act, Bruce Wayne and Diana Prince assemble a team of metahumans consisting of Barry Allen, Arthur Curry and Victor Stone to face the catastrophic threat of Steppenwolf and the Parademons who are on the hunt for three Mother Boxes on Earth.",Zack Snyder,"Chris Terrio, Joss Whedon",Released,English,300000000.0,661326987.0
412117,https://www.themoviedb.org/movie/412117-the-secret-life-of-pets-2,The Secret Life of Pets 2,86.0,2019-07-31,KR,"Animation, Comedy, Family, Adventure",7.0,"Max the terrier must cope with some major life changes when his owner gets married and has a baby. When the family takes a trip to the countryside, nervous Max has numerous run-ins with canine-intolerant cows, hostile foxes and a scary turkey. Luckily for Max, he soon catches a break when he meets Rooster, a gruff farm dog who tries to cure the lovable pooch of his neuroses.",Chris Renaud,Brian Lynch,Released,English,80000000.0,429434163.0
474350,https://www.themoviedb.org/movie/474350-it-chapter-two,It Chapter Two,169.0,2019-09-04,KR,"Horror, Thriller, Drama",6.8,"27 years after overcoming the malevolent supernatural entity Pennywise, the former members of the Losers' Club, who have grown up and moved away from Derry, are brought back together by a devastating phone call.",Andy Muschietti,"Stephen King, Gary Dauberman, Jason Fuchs",Released,English,79000000.0,473123154.0
1088128,https://www.themoviedb.org/movie/1088128,Pigsy,96.0,2024-06-05,KR,"Animation, Action, Science Fiction, Adventure",5.0,"In the future, technology and mankind are fused together. The world’s largest corporation, “Nirvana Corporation”, implants a “Nirvana ID” into newborns that not only serve convenience functions such as identification and payment but also preserve every person’s complete life record. Set in the distant future, lazy and selfish Pigsy embarks on a journey of deceit and swindling in an effort to attain a better life, only to find out that true happiness is closer than you think.",Chiu Li-wei,,Released,Chinese,1530468.0,318949.0
257344,https://www.themoviedb.org/movie/257344-pixels,Pixels,106.0,2015-07-16,KR,"Action, Comedy, Science Fiction",5.8,Video game experts are recruited by the military to fight 1980s-era video game characters who've attacked New York.,Chris Columbus,"Tim Herlihy, Timothy Dowling",Released,English,88000000.0,244874809.0
79,https://www.themoviedb.org/movie/79,Hero,99.0,2003-01-24,KR,"Drama, Adventure, Action, History",7.5,"During China's Warring States period, a district prefect arrives at the palace of Qin Shi Huang, claiming to have killed the three assassins who had made an attempt on the king's life three years ago.",Zhang Yimou,"Zhang Yimou, Wang Bin, Feng Li",Released,Chinese,31000000.0,177394432.0
378064,https://www.themoviedb.org/movie/378064,A Silent Voice: The Movie,129.0,2017-05-09,KR,"Animation, Drama, Romance",8.4,"Shouya Ishida starts bullying the new girl in class, Shouko Nishimiya, because she is deaf. But as the teasing continues, the rest of the class starts to turn on Shouya for his lack of compassion. When they leave elementary school, Shouko and Shouya do not speak to each other again... until an older, wiser Shouya, tormented by his past behaviour, decides he must see Shouko once more. He wants to atone for his sins, but is it already too late...?",Naoko Yamada,Reiko Yoshida,Released,Japanese,,30819442.0
89,https://www.themoviedb.org/movie/89-indiana-jones-and-the-last-crusade,Indiana Jones and the Last Crusade,127.0,1989-07-22,KR,"Adventure, Action",7.9,"In 1938, an art collector appeals to eminent archaeologist Dr. Indiana Jones to embark on a search for the Holy Grail. Indy learns that a medieval historian has vanished while searching for it, and the missing man is his own father, Dr. Henry Jones Sr.. He sets out to rescue his father by following clues in the old man's notebook, which his father had mailed to him before he went missing. Indy arrives in Venice, where he enlists the help of a beautiful academic, Dr. Elsa Schneider, along with Marcus Brody and Sallah. Together they must stop the Nazis from recovering the power of eternal life and taking over the world!",Steven Spielberg,Jeffrey Boam,Released,English,48000000.0,474171806.0
281338,https://www.themoviedb.org/movie/281338-war-for-the-planet-of-the-apes,War for the Planet of the Apes,140.0,2017-08-15,KR,"Drama, Science Fiction, War",7.2,"Caesar and his apes are forced into a deadly conflict with an army of humans led by a ruthless Colonel. After the apes suffer unimaginable losses, Caesar wrestles with his darker instincts and begins his own mythic quest to avenge his kind. As the journey finally brings them face to face, Caesar and the Colonel are pitted against each other in an epic battle that will determine the fate of both their species and the future of the planet.",Matt Reeves,"Matt Reeves, Mark Bomback",Released,English,150000000.0,490719763.0
68507,https://www.themoviedb.org/movie/68507,Jan Dara,113.0,2001-09-28,TH,"Romance, Drama",5.9,"Jan is a boy growing up in 1930s Siam in a wealthy, dysfunctional family where sex has a huge impact on everyone's lives. Jan is viewed by his father as cursed, since his mother died giving birth to him.",Nonzee Nimibutr,"Nonzee Nimibutr, Utsana Phleungtham, Sirapak Paoboonkerd",Released,Thai,,
894753,https://www.themoviedb.org/movie/894753,Narrow Nambul,,2020-01-01,KR,Romance,5.0,We don't have an overview translated in English. Help us expand our database by adding one.,,,Released,Korean,,
1358280,https://www.themoviedb.org/movie/1358280-taboo-family-secrets,Taboo: Family Secrets,95.0,2024-10-22,US,"Romance, Drama, Thriller",5.0,"A family is fractured by Lukas, the patriarch, and his ongoing infidelities. When the son Tyler comes home for a visit, a taboo passion between him and his stepmother Amanda blossoms, changing the family dynamics forever. The allegiances and expectations shift radically as the truth is revealed.",Deborah Twiss,Deborah Twiss,Released,English,,
682507,https://www.themoviedb.org/movie/682507-where-the-crawdads-sing,Where the Crawdads Sing,126.0,2022-11-02,KR,"Drama, Mystery, Romance",7.5,"Abandoned by her family, Kya raises herself all alone in the marshes outside of her small town. When her former boyfriend is found dead, Kya is instantly branded by the local townspeople and law enforcement as the prime suspect for his murder.",Olivia Newman,"Delia Owens, Lucy Alibar",Released,English,24000000.0,144353965.0
44214,https://www.themoviedb.org/movie/44214-black-swan,Black Swan,108.0,2011-02-24,KR,"Drama, Thriller, Horror",7.7,"A committed dancer struggles to maintain her sanity after winning the lead role in a production of Tchaikovsky's ""Swan Lake.""",Darren Aronofsky,"Andres Heinz, John J. McLaughlin, Mark Heyman",Released,English,13000000.0,329398046.0
1231767,https://www.themoviedb.org/movie/1231767-2,Exchange Wife 2,89.0,2023-02-03,KR,"Romance, Drama",6.0,"Kyeong-soo, an art dealer who specializes in painting, goes to evaluate the requested painting and accidentally damages it. Chang-in, the owner of the painting, suggests one thing from Kyung-soo, who was at a loss.",Lee Si-young,,Released,Korean,,
752623,https://www.themoviedb.org/movie/752623-the-lost-city,The Lost City,112.0,2022-04-20,KR,"Action, Adventure, Comedy",6.5,"Reclusive author Loretta Sage writes about exotic places in her popular adventure novels that feature a handsome cover model named Alan. While on tour promoting her new book with Alan, Loretta gets kidnapped by an eccentric billionaire who hopes she can lead him to the ancient city's lost treasure that featured in her latest story. Alan, determined to prove he can be a hero in real life and not just on the pages of her books, sets off to rescue her.","Aaron Nee, Adam Nee","Aaron Nee, Adam Nee, Dana Fox, Oren Uziel",Released,English,74000000.0,192907684.0
166426,https://www.themoviedb.org/movie/166426-pirates-of-the-caribbean-dead-men-tell-no-tales,Pirates of the Caribbean: Dead Men Tell No Tales,129.0,2017-05-24,KR,"Adventure, Action, Fantasy",6.7,"Thrust into an all-new adventure, a down-on-his-luck Capt. Jack Sparrow feels the winds of ill-fortune blowing even more strongly when deadly ghost sailors led by his old nemesis, the evil Capt. Salazar, escape from the Devil's Triangle. Jack's only hope of survival lies in seeking out the legendary Trident of Poseidon, but to find it, he must forge an uneasy alliance with a brilliant and beautiful astronomer and a headstrong young man in the British navy.","Joachim Rønning, Espen Sandberg",Jeff Nathanson,Released,English,230000000.0,795922298.0
1621,https://www.themoviedb.org/movie/1621-trading-places,Trading Places,116.0,1983-06-07,US,Comedy,7.2,A snobbish investor and a wily street con-artist find their positions reversed as part of a bet by two callous millionaires.,John Landis,"Timothy Harris, Herschel Weingrod",Released,English,15000000.0,90404800.0
1290436,https://www.themoviedb.org/movie/1290436-ma-frere,Summer Beats,112.0,2026-01-07,FR,Comedy,7.2,"From the tower blocks of Paris to the countryside of the Drôme region, Shaï and Djeneba lead summer camp activities while grappling with growing up and growing apart.","Lise Akoka, Romane Gueret","Lise Akoka, Romane Gueret, Catherine Paillé",Released,French,,
949423,https://www.themoviedb.org/movie/949423-pearl,Pearl,102.0,2023-04-28,KR,Horror,7.2,"Trapped on her family’s isolated farm, Pearl must tend to her ailing father under the bitter and overbearing watch of her devout mother. Lusting for a glamorous life like she’s seen in the movies, Pearl’s ambitions, temptations, and repressions collide.",Ti West,"Ti West, Mia Goth",Released,English,1000000.0,9847490.0
948,https://www.themoviedb.org/movie/948-halloween,Halloween,91.0,1979-12-06,KR,"Horror, Thriller",7.6,"Fifteen years after murdering his sister on Halloween Night 1963, Michael Myers escapes from a mental hospital and returns to the small town of Haddonfield, Illinois to kill again.",John Carpenter,"John Carpenter, Debra Hill",Released,English,325000.0,70260597.0
400155,https://www.themoviedb.org/movie/400155-hotel-transylvania-3-summer-vacation,Hotel Transylvania 3: Summer Vacation,97.0,2018-06-30,US,"Animation, Comedy, Family, Fantasy",6.8,"Dracula, Mavis, Johnny and the rest of the Drac Pack take a vacation on a luxury Monster Cruise Ship, where Dracula falls in love with the ship’s captain, Ericka, who’s secretly a descendant of Abraham Van Helsing, the notorious monster slayer.",Genndy Tartakovsky,"Genndy Tartakovsky, Michael McCullers",Released,English,80000000.0,528600000.0
810,https://www.themoviedb.org/movie/810-shrek-the-third,Shrek the Third,93.0,2007-06-06,KR,"Fantasy, Adventure, Animation, Comedy, Family",6.3,"After the King of Far Far Away dies, Shrek and Fiona are to succede. However, Shrek wants to return to his cozy swamp and live in peace and quiet, so when he finds out there is another heir to the throne, he and Donkey set off to bring him back to rule the kingdom.",Chris Miller,"Chris Miller, Aron Warner, Jeffrey Price, Peter S. Seaman",Released,English,160000000.0,808310187.0
335797,https://www.themoviedb.org/movie/335797-sing,Sing,108.0,2016-12-21,KR,"Animation, Comedy, Family, Music",7.1,A koala named Buster recruits his best friend to help him drum up business for his theater by hosting a singing competition.,Garth Jennings,Garth Jennings,Released,English,75000000.0,634151679.0
870270,https://www.themoviedb.org/movie/870270-3,My Wife's Sister 3,71.0,2019-08-08,KR,"Drama, Romance",3.5,A sexual film about a younger sister who lives with her boyfriend before marriage and an older sister who opposes and monitors it.,Jo Tae-ho,,Released,Korean,,
607,https://www.themoviedb.org/movie/607-men-in-black,Men in Black,98.0,1997-07-12,KR,"Action, Adventure, Comedy, Science Fiction",7.2,"After a police chase with an otherworldly being, a New York City cop is recruited as an agent in a top-secret organization established to monitor and police alien activity on Earth: the Men in Black. Agent K and new recruit Agent J find themselves in the middle of a deadly plot by an intergalactic terrorist who has arrived on Earth to assassinate two ambassadors from opposing galaxies.",Barry Sonnenfeld,Ed Solomon,Released,English,90000000.0,589390539.0
520763,https://www.themoviedb.org/movie/520763-a-quiet-place-part-ii,A Quiet Place Part II,97.0,2021-06-16,KR,"Science Fiction, Thriller, Horror",7.4,"Following the events at home, the Abbott family now face the terrors of the outside world. Forced to venture into the unknown, they realize that the creatures that hunt by sound are not the only threats that lurk beyond the sand path.",John Krasinski,John Krasinski,Released,English,55000000.0,297372261.0
194117,https://www.themoviedb.org/movie/194117-la-donna-della-luna,Woman in the Moon,90.0,1988-03-31,IT,"Drama, Romance, Crime",5.6,An Italian-American woman traveling to Sicily picks up a teenager who claims to be in trouble with some drug dealers.,Vito Zagarrio,"Vito Zagarrio, Lucio Mandarà, Emanuela Martini",Released,Italian,,
7345,https://www.themoviedb.org/movie/7345-there-will-be-blood,There Will Be Blood,158.0,2008-03-07,KR,Drama,8.1,"Ruthless silver miner, turned oil prospector, Daniel Plainview, moves to oil-rich California. Using his son to project a trustworthy, family-man image, Plainview cons local landowners into selling him their valuable properties for a pittance. However, local preacher Eli Sunday suspects Plainview's motives and intentions, starting a slow-burning feud that threatens both their lives.",Paul Thomas Anderson,"Paul Thomas Anderson, Upton Sinclair",Released,English,25000000.0,77208711.0
161,https://www.themoviedb.org/movie/161-ocean-s-eleven,Ocean's Eleven,116.0,2002-02-28,KR,"Thriller, Crime",7.5,"Less than 24 hours into his parole, charismatic thief Danny Ocean is already rolling out his next plan: In one night, Danny's hand-picked crew of specialists will attempt to steal more than $150 million from three Las Vegas casinos. But to score the cash, Danny risks his chances of reconciling with ex-wife, Tess.",Steven Soderbergh,Ted Griffin,Released,English,85000000.0,450717150.0
1448560,https://www.themoviedb.org/movie/1448560-wildcat,Wildcat,99.0,2026-04-22,KR,"Action, Thriller",6.1,An ex-black ops team reunite to pull off a desperate heist in order to save the life of their leader’s eight-year-old daughter.,James Nunn,Dominic Burns,Released,English,50000.0,
976893,https://www.themoviedb.org/movie/976893-perfect-days,Perfect Days,124.0,2024-07-03,KR,Drama,7.8,"Hirayama is content with his life as a toilet cleaner in Tokyo. Outside of his structured routine, he cherishes music on cassette tapes, books, and taking photos of trees. Through unexpected encounters, he reflects on finding beauty in the world.",Wim Wenders,"Wim Wenders, Takuma Takasaki",Released,Japanese,14000000.0,24094016.0
277217,https://www.themoviedb.org/movie/277217-descendants,Descendants,112.0,2015-07-31,US,"Family, Adventure, Fantasy, TV Movie",7.2,"A present-day idyllic kingdom where the benevolent teenage son of King Adam and Queen Belle offers a chance of redemption for the troublemaking offspring of Disney's classic villains: Cruella De Vil (Carlos), Maleficent (Mal), the Evil Queen (Evie) and Jafar (Jay).",Kenny Ortega,"Sara Parriott, Josann McGibbon",Released,English,,
454640,https://www.themoviedb.org/movie/454640-the-angry-birds-movie-2,The Angry Birds Movie 2,97.0,2019-08-07,KR,"Animation, Adventure, Comedy, Family, Action",7.0,"Red, Chuck, Bomb and the rest of their feathered friends are surprised when a green pig suggests that they put aside their differences and unite to fight a common threat. Aggressive birds from an island covered in ice are planning to use an elaborate weapon to destroy the fowl and swine.",Thurop Van Orman,"Peter Ackerman, Eyal Podell, Jonathon E. Stewart",Released,English,65000000.0,137792047.0
581392,https://www.themoviedb.org/movie/581392,Peninsula,116.0,2020-07-15,KR,"Horror, Action, Thriller, Adventure",6.7,A soldier and his team battle hordes of post-apocalyptic zombies in the wastelands of the Korean Peninsula.,Yeon Sang-ho,"Yeon Sang-ho, Ryu Yong-jae",Released,Korean,17000000.0,42698327.0
453,https://www.themoviedb.org/movie/453-a-beautiful-mind,A Beautiful Mind,135.0,2002-02-22,KR,"Drama, Romance",7.9,"From the heights of notoriety to the depths of depravity, John Forbes Nash Jr. experiences it all. As a brilliant but socially awkward mathematician, he made a groundbreaking discovery early in his career and stands on the brink of international acclaim. But as the handsome and arrogant Nash accepts secret work in cryptography, he becomes entangled in a mysterious conspiracy. His life takes a nightmarish turn and he soon finds himself on a painful and harrowing journey of self-discovery.",Ron Howard,Akiva Goldsman,Released,English,58000000.0,316791257.0
38055,https://www.themoviedb.org/movie/38055-megamind,Megamind,96.0,2011-01-13,KR,"Animation, Action, Comedy, Family, Science Fiction",7.0,"After Megamind, a highly intelligent alien supervillain, defeats his long-time nemesis Metro Man, Megamind creates a new hero to fight, but must act to save the city when his ""creation"" becomes an even worse villain than he was.",Tom McGrath,"Alan Schoolcraft, Brent Simons",Released,English,130000000.0,321885765.0
81,https://www.themoviedb.org/movie/81,Warriors of the Wind,95.0,2000-12-30,KR,"Adventure, Animation, Fantasy",7.9,"After a global war, the seaside kingdom known as the Valley of the Wind remains one of the last strongholds on Earth untouched by a poisonous jungle and the powerful insects that guard it. Led by the courageous Princess Nausicaä, the people of the Valley engage in an epic struggle to restore the bond between humanity and Earth.",Hayao Miyazaki,Hayao Miyazaki,Released,Japanese,1000000.0,9016411.0
170,https://www.themoviedb.org/movie/170-28-days-later,28 Days Later,113.0,2003-09-18,KR,"Horror, Thriller, Science Fiction",7.2,"Twenty-eight days after a killer virus was accidentally unleashed from a British research facility, a small group of London survivors are caught in a desperate struggle to protect themselves from the infected. Carried by animals and humans, the virus turns those it infects into homicidal maniacs -- and it's absolutely impossible to contain.",Danny Boyle,Alex Garland,Released,English,8000000.0,82784517.0
