movie_id,url,title,runtime,release_date,release_country,genres,user_score,overview,director,writer,status,original_language,budget,revenue
413793,https://www.themoviedb.org/movie/413793,Mayor Chen Yi,103.0,1981-01-01,CN,Drama,0.0,"Set in the early stage after liberation of Shanghai, Chen Yi is delegated to be mayor and deals with a lot of economic and social issues.",Huang Zuolin,Yexin Sha,Released,Chinese,,
734413,https://www.themoviedb.org/movie/734413,Metro Kathalu,75.0,2020-08-14,IN,Drama,0.0,"Revolving around Hyderabad, a city like no other, are the lives of eight people grappling with life-changing choices as their fates entwine with each other. However, they're determined to rise above the occasion and make room for life and a little more.",Karuna Kumar,,Released,Telugu,,
1047613,https://www.themoviedb.org/movie/1047613-terminal,TERMINAL!!!,,2022-11-17,BR,"Adventure, Mystery, Fantasy",0.0,"Julia experiences a confused world seemingly against her after receiving a pessimistic tarot reading, as her feelings inevitably differ from her thoughts. Which way to go?","Giulia Maria Roberta, Lucas Zapotoczny","Giulia Maria Roberta, Lucas Zapotoczny",Released,Portuguese,,
1049787,https://www.themoviedb.org/movie/1049787,Hari,106.0,2018-06-01,NP,"Drama, Crime, Comedy",0.0,"An overly religious and superstitious bachelor in his thirties sees his mundane, sheltered life take a surreal turn, triggering a profound identity crisis and an unexpected journey of self-discovery.","Pratik Gurung, Safal Kc","Pratik Gurung, Safal Kc",Released,Nepali,,
11576,https://www.themoviedb.org/movie/11576-it-s-a-mad-mad-mad-mad-world,"It's a Mad, Mad, Mad, Mad World",192.0,1963-11-07,US,"Adventure, Comedy, Crime",7.0,"A group of strangers come across a man dying after a car crash who proceeds to tell them about the $350,000 he buried in California. What follows is the madcap adventures of those strangers as each attempts to claim the prize for himself.",Stanley Kramer,"Tania Rose, William Rose",Released,English,9400000.0,60000000.0
1634,https://www.themoviedb.org/movie/1634-free-willy,Free Willy,112.0,1994-08-06,KR,"Family, Adventure, Drama",6.2,"When maladjusted orphan Jesse vandalizes a theme park, he is placed with foster parents and must work at the park to make amends. There he meets Willy, a young Orca whale who has been separated from his family. Sensing kinship, they form a bond and, with the help of kindly whale trainer Rae Lindley, develop a routine of tricks. However, greedy park owner Dial soon catches wind of the duo and makes plans to profit from them.",Simon Wincer,"Keith Walker, Corey Blechman",Released,English,20000000.0,153698625.0
1178620,https://www.themoviedb.org/movie/1178620-montr-al-ma-belle,"Montreal, My Beautiful",118.0,2026-05-23,KR,"Drama, Romance",6.8,"At 53 years old, Feng Xia, a Chinese immigrant in Montreal, finally confronts her repressed desire for women and begins a secret affair with a young Québécoise.",Xiaodan He,Xiaodan He,Released,French,,
20760,https://www.themoviedb.org/movie/20760-lilo-stitch-2-stitch-has-a-glitch,Lilo & Stitch 2: Stitch Has a Glitch,68.0,2022-01-01,KR,"Animation, Family, Comedy, Science Fiction",6.7,"Now, we find the rowdy extraterrestrial getting used to life with his new ʻohana. However, a malfunction in the ultimate creation of Dr. Jumba soon emerges, which reinstates his destructive programming and threatens to both ruin his friendship with Lilo and to short him out for good!","Michael LaBash, Tony Leondis","Michael LaBash, Tony Leondis, Eddie Guzelian, Alexa Junge",Released,English,,
1397730,https://www.themoviedb.org/movie/1397730-dead-generation,Dead Generation,80.0,2024-08-12,AU,Comedy,0.0,Seasoned journalist Linda Bracewell and her crew explore the lives of six teenagers living in a small Australian town.,Eadan McGuinness,Eadan McGuinness,Released,English,,
1008368,https://www.themoviedb.org/movie/1008368,Mawkib Al-Ebaa,114.0,2005-01-01,SY,"Adventure, Drama, History, Horror",0.0,"After the martyrdom of Imam Hussein bin Ali bin Abi Talib in the incident of Karbala on the 10th of Muharram in the year 61 AH, his sister Sayyida Zainab and his son Imam Zain al-Abidin with women and children from the family of the house who were not killed in the battle and marched With them in a sad procession to the palace of Ibn Ziyad in Kufa and from there to the palace of Yazid in the Levant on a harsh journey.",Basil Al-Khatib,,Released,English,,
2207,https://www.themoviedb.org/movie/2207-16-blocks,16 Blocks,105.0,2006-04-20,KR,"Action, Adventure, Crime, Thriller",6.5,"An aging cop is assigned the ordinary task of escorting a fast-talking witness from police custody to a courthouse, but they find themselves running the gauntlet as other forces try to prevent them from getting there.",Richard Donner,Richard Wenk,Released,English,55000000.0,65664721.0
476292,https://www.themoviedb.org/movie/476292,Maquia: When the Promised Flower Blooms,115.0,2018-07-19,KR,"Animation, Drama, Fantasy",8.1,"Fleeing the war, the immortal Machia, graced with eternal youth, finds a baby abandoned in the forest and decides to raise it as her own child, sparking a moving story between a mortal and a being who does not age.",Mari Okada,Mari Okada,Released,Japanese,,4345395.0
1732464,https://www.themoviedb.org/movie/1732464-juliet,Juliet,,2022-01-01,MY,,0.0,"The Love Between Julia and Ashraf  The love between Julia and Ashraf ends after discovering they are actually long-separated siblings who did not recognize each other due to a past conflict. Julia lives a simple life with her mother, Maryam. However, Julia's life is unlike others because of her mother's fearful demeanor, living as if afraid of her own shadow. Julia's innocence captures the attention of Ashraff, a young man from a wealthy family. The friendship blossoms into true love but is hindered by Maryam, who despises the rich. She, having a history of being married to a wealthy man, does not want that history to repeat itself with Julia. Ashraff shares his love story with his grandmother, Matilda. Matilda cares for Ashraff like guarding a full vessel of oil because her grandson grew up without parental affection. When young, Ashraff's parents, Ariff and Mina, were involved in an accident. Ariff was confirmed dead while Mina suffered mental disorder.",Ahmad Tarmimi Siregar,,Released,English,,
10747,https://www.themoviedb.org/movie/10747-the-outlaw-josey-wales,The Outlaw Josey Wales,135.0,1977-05-29,KR,Western,7.5,"After avenging his family's brutal murder, Wales is pursued by a pack of soldiers. He prefers to travel alone, but ragtag outcasts are drawn to him - and Wales can't bring himself to leave them unprotected.",Clint Eastwood,"Philip Kaufman, Sonia Chernus",Released,English,3700000.0,31800000.0
303598,https://www.themoviedb.org/movie/303598,Petrovich,90.0,2012-09-02,RU,,0.0,"Galina lives in the village and works as a foreman at a local factory packing case. For her sharp temper and habit of wearing men's things, she is called Petrovich. And not in vain - she is a pain to work with.",Andrey Krasavin,,Released,Russian,,
369231,https://www.themoviedb.org/movie/369231-viljuska-se-drzi-u-lijevu-ruku,A Fork Goes to Left Hand,74.0,1993-01-01,YU,"Comedy, TV Movie",0.0,"While expecting an important guest, a family from backward Montenegrin village learns good manners and proper use of silverware.",Goran Bulajić,Miodrag Karadžić,Released,Serbian,,
152636,https://www.themoviedb.org/movie/152636-alien-workshop-mind-field,Alien Workshop - Mind Field,60.0,2009-02-16,US,Documentary,9.5,"Filmed and built over the span of 2005-2009, Mind Field is the 4th full lengh audio/visual offering by AWS. A document of the team's raw talent and eclectic personalities interlaced with the workshop's undying pursuit of visual individuality and creative freedom.",Greg Hunt,,Released,English,,
1883,https://www.themoviedb.org/movie/1883-malcolm-x,Malcolm X,202.0,1993-06-05,KR,"Drama, History",7.6,"A tribute to the controversial black activist and leader of the struggle for black liberation. He hit bottom during his imprisonment in the '50s, he became a Black Muslim and then a leader in the Nation of Islam. His assassination in 1965 left a legacy of self-determination and racial pride.",Spike Lee,"Spike Lee, Arnold Perl, James Baldwin",Released,English,34000000.0,48169908.0
1662776,https://www.themoviedb.org/movie/1662776-thinh-giac,Hearing,128.0,2026-08-10,CH,Drama,0.0,"Ninh lives with his mother and misses his ex-wife Ngoc and their young children. In his work as a mechanic who installs decibel meters in public spaces and homes, Ninh observes the silence that haunts relationships.",Lê Bảo,Lê Bảo,Post Production,Vietnamese,,
11615,https://www.themoviedb.org/movie/11615-the-life-of-david-gale,The Life of David Gale,130.0,2003-03-21,KR,"Drama, Thriller, Crime",7.4,A man against capital punishment is accused of murdering a fellow activist and is sent to death row.,Alan Parker,Charles Randolph,Released,English,50000000.0,38955598.0
670472,https://www.themoviedb.org/movie/670472,The Iron Phoenix: Across the Thousands Miles,93.0,2018-12-24,CN,Drama,0.0,Sheriff Zhan Yu encountered a man who died suddenly before traveling with her colleagues in the crew. The man stole something on police officer Cai Yin before dying. Zhan Yu and others continued to board the car after handing over with colleagues. What they didn't expect was that the ensuing series of abnormal conditions endangered the safety of the entire train.,Weiguo Zhang,,Released,Chinese,,
127533,https://www.themoviedb.org/movie/127533,Rurouni Kenshin Part I: Origins,134.0,2012-11-22,KR,"Adventure, Action, Fantasy, War, History",7.5,"In 1868, after the Bakumatsu war ends, the ex-assassin Kenshin Himura traverses Japan with an inverted sword, to defend the needy without killing.",Keishi Otomo,"Keishi Otomo, Kiyomi Fujii",Released,Japanese,,61700000.0
1610181,https://www.themoviedb.org/movie/1610181,Pressure Cooker,172.0,2026-03-21,BD,"Crime, Thriller, Drama",0.0,"Four women are pushed to their breaking point in Dhaka’s underbelly, where the only way to survive systemic exploitation is to stop being the prey and start being the threat.",Raihan Rafi,"Raihan Rafi, Mehedi Hasan Moon, Shiam Shams Tusto",Released,Bengali,,
96,https://www.themoviedb.org/movie/96-beverly-hills-cop-ii,Beverly Hills Cop II,103.0,1989-09-30,KR,"Action, Comedy, Crime",6.5,"Axel Foley returns to the land of sunshine and palm trees to investigate the near-fatal shooting of police Captain Andrew Bogomil. With the help of Sgt. Taggart and Det. Rosewood, they soon uncover that the shooting is associated with a series of ""alphabet"" robberies masterminded by a heartless weapons kingpin—and the chase is on.",Tony Scott,"Larry Ferguson, Warren Skaaren",Released,English,28000000.0,299965036.0
12101,https://www.themoviedb.org/movie/12101-soylent-green,Soylent Green,97.0,1973-04-18,US,"Science Fiction, Crime, Mystery",6.9,"In the year 2022, overcrowding, pollution,  and resource depletion have reduced society’s leaders to finding food for the teeming masses. The answer is Soylent Green.",Richard Fleischer,"Harry Harrison, Stanley R. Greenberg",Released,English,,3600000.0
201088,https://www.themoviedb.org/movie/201088-blackhat,Blackhat,133.0,2019-01-01,KR,"Crime, Thriller, Action",5.5,"Nicholas Hathaway, a furloughed convict, and his American and Chinese partners hunt a high-level cybercrime network from Chicago to Los Angeles to Hong Kong to Jakarta. As Hathaway closes in, the stakes become personal as he discovers that the attack on a Chinese nuclear power plant was just the beginning.",Michael Mann,Morgan Davis Foehl,Released,English,70000000.0,17752940.0
1546604,https://www.themoviedb.org/movie/1546604-gospodin-velikiy,Господин Великий,,2025-05-01,RU,Documentary,0.0,We don't have an overview translated in English. Help us expand our database by adding one.,Ella Tukhareli,Valentina Lebedeva,Released,Russian,,
760161,https://www.themoviedb.org/movie/760161-orphan-first-kill,Orphan: First Kill,99.0,2022-10-12,KR,"Horror, Thriller",6.6,"After escaping from an Estonian psychiatric facility, Leena Klammer travels to America by impersonating Esther, the missing daughter of a wealthy family. But when her mask starts to slip, she is put against a mother who will protect her family from the murderous “child” at any cost.",William Brent Bell,David Coggeshall,Released,English,10000000.0,9572765.0
210911,https://www.themoviedb.org/movie/210911,Rigor Mortis,105.0,2013-10-23,HK,"Horror, Action, Drama",6.1,"When a former actor moves into an apartment building with the intention of commiting suicide, he is saved by a Taoist priest who used to specialize in hunting Chinese hopping vampires: or Jiāngshī. Elsewhere in the building, a woman turns to a specialist in black magic to bring her husband back to life.",Juno Mak,"Philip Yung Chi-Kwong, Jill Leung Lai-Yin",Released,Cantonese,,7865.0
8987,https://www.themoviedb.org/movie/8987-the-river-wild,The River Wild,111.0,1995-03-11,KR,"Adventure, Thriller, Drama",6.5,"Gail and Tom Hartman are struggling to stay together and decide to take a white-water rafting holiday adventure in Montana for their son Roarke's 10th birthday, only to meet up with a pair of mysterious men whose desperation grows, turning their vacation into a nightmare.",Curtis Hanson,Denis O'Neill,Released,English,45000000.0,94216343.0
277359,https://www.themoviedb.org/movie/277359,A Female Boss,105.0,1959-12-16,KR,"Comedy, Romance",4.7,"Would-be feminist Yoanna, running her own company, is insulted in a phone booth by a stranger named Yong-ho. While searching for a job, Yong-ho applies to a magazine named 'The Modern Woman,' not knowing that the company's boss is in fact Yoanna. She hires him with the intention of paying back the humiliation she received. But his masculine attitude captivates her and she ends up marrying him. She resigns her post and becomes a housekeeper, handing over the company to her husband.",Han Hyeong-mo,"Tae-ju Song, Yeong-su Kim",Released,Korean,,
417709,https://www.themoviedb.org/movie/417709,Geethaiyin Raadhai,135.0,2016-09-22,IN,"Romance, Comedy",0.0,"A romantic Indian comedy that tells the story of a girl who finds the hero of her life and the two of them eventually fall in love with each other. However, they must also work together to overcome the hardship in their journey of love.",Shalini Balasundaram,Shalini Balasundaram,Released,Tamil,,
668482,https://www.themoviedb.org/movie/668482-roald-dahl-s-matilda-the-musical,Roald Dahl's Matilda the Musical,117.0,2022-12-25,KR,"Family, Comedy, Fantasy",6.8,"An extraordinary young girl discovers her superpower and summons the remarkable courage, against all odds, to help others change their stories, whilst also taking charge of her own destiny. Standing up for what's right, she's met with miraculous results.",Matthew Warchus,"Roald Dahl, Dennis Kelly",Released,English,25000000.0,37289659.0
64408,https://www.themoviedb.org/movie/64408-dernier-ete-a-tanger,Last Summer in Tangiers,115.0,1987-04-22,FR,"Romance, Drama",4.2,"In 1956, with the independence of Morocco, the Fedala conference in Tangier is set in a city of turmoil.",Alexandre Arcady,"Alexandre Arcady, William O'Farrell, Alain Le Henry, Tito Topin",Released,French,,
777112,https://www.themoviedb.org/movie/777112-maman-ca-va-etre-ta-fete-de-noel,Mum's Dream,31.0,2020-12-16,FR,Family,8.0,A short Christmas film by Natoo dedicated to her mother.,"Nathalie Odzierejko, Théodore Bonnet","Nathalie Odzierejko, Anne-Sophie Delcour",Released,French,,
71,https://www.themoviedb.org/movie/71-billy-elliot,Billy Elliot,111.0,2001-02-17,KR,"Drama, Comedy, Music",7.6,"County Durham, England, 1984. The miners' strike has started and the police have started coming up from Bethnal Green, starting a class war with the lower classes suffering. Caught in the middle of the conflict is 11-year old Billy Elliot, who, after leaving his boxing club for the day, stumbles upon a ballet class and finds out that he's naturally talented. He practices with his teacher Mrs. Wilkinson for an upcoming audition in Newcastle-upon Tyne for the royal Ballet school in London.",Stephen Daldry,Lee Hall,Released,English,5000000.0,109280263.0
895192,https://www.themoviedb.org/movie/895192-gaiditais-berns,Desired Child,30.0,2021-11-20,EE,Documentary,0.0,"My sister died several years before I was born. I only know her from old family photos and visits to her grave. Nevertheless, she was a present part of my life. I fantasized about her and was convinced I was her reincarnation. I thought a lot about whether I would meet the same fate as her - a death at a young age from a brain tumor. My film tells what my sister meant to me, my brothers and my parents, and what her death triggered in us.",Hilarija Laura Ločmele,Hilarija Laura Ločmele,Released,Latvian,,
330666,https://www.themoviedb.org/movie/330666-foucault-contre-lui-meme,Foucault Against Himself,54.0,2014-06-18,FR,"Documentary, TV Movie",6.2,"In both his private and public life, Foucault often contradicted himself, especially when his ideas collided with the institutions where he worked. Contemporary critics and philosophers reframe their legacy in an effort to build new ways of thinking about his struggle against the mechanisms of domination within society, demonstrating how the conflict lies at the heart of his life and work.",François Caillat,,Released,French,,
1452823,https://www.themoviedb.org/movie/1452823-saigon-saigon,Saigon Saigon,100.0,2025-03-22,US,"Romance, Drama",0.0,"A shy, young man and a mysterious girl spend a night together in the city of Saigon. Their mutual attraction develops, and in the morning, they must decide whether their connection is worth pursuing, or if they will go their separate ways. Based on Dostoevsky’s short story “White Nights.”",Nguyen Tran,Nguyen Tran,Released,English,,
844075,https://www.themoviedb.org/movie/844075,New Gods: Yang Jian,128.0,2023-07-02,KR,"Animation, Adventure, Fantasy, Comedy",7.5,"Fifteen hundred years after the war of gods, the heaven declined. Yang Jian, the God of Erlang, made a living by working as a catcher. One day, Yang Jian was ordered to hunt down a young man, his own nephew.",Zhao Ji,"Xu Zhonglin, Xixing Lu, Chen Mu-Chuan",Released,Chinese,,70826303.0
420808,https://www.themoviedb.org/movie/420808-peter-pan-wendy,Peter Pan & Wendy,106.0,2023-04-28,KR,"Family, Fantasy, Action, Adventure",5.4,"Wendy Darling, a young girl afraid to leave her childhood home behind, meets Peter Pan, a boy who refuses to grow up. Alongside her brothers and a tiny fairy, Tinker Bell, she travels with Peter to the magical world of Neverland. There, she encounters an evil pirate captain, Captain Hook, and embarks on a thrilling adventure that will change her life forever.",David Lowery,"David Lowery, J.M. Barrie, Toby Halbrooks",Released,English,,
1514381,https://www.themoviedb.org/movie/1514381,EgyBest,114.0,2026-03-19,EG,Drama,0.0,"Two friends dive into the digital underworld chasing quick cash and bigger dreams. Their journey begins with a scam, but soon. The stakes turn deadly. Pulled into a web of love lies, and crime. they risk everything for success, in this high stakes game, one wrong move could change everything.",Marwan Abdelmoniem,Ahmed Hosny,Released,Arabic,,
2064,https://www.themoviedb.org/movie/2064-while-you-were-sleeping,While You Were Sleeping,103.0,1995-05-13,KR,"Romance, Comedy",7.0,"A transit worker pulls commuter Peter off railway tracks after he's mugged, but—while he's in a coma—his family mistakenly thinks she's Peter's fiancée, and she doesn't correct them. Things get more complicated when she falls for his brother, who's not quite sure that she's who she claims to be.",Jon Turteltaub,"Fredric LeBow, Daniel G. Sullivan",Released,English,17000000.0,182100000.0
402897,https://www.themoviedb.org/movie/402897-the-death-of-stalin,The Death of Stalin,107.0,2019-04-18,KR,"Comedy, Drama, History",7.0,"When dictator Joseph Stalin dies, his parasitic cronies square off in a frantic power struggle to become the next Soviet leader. As they bumble, brawl and back-stab their way to the top, the question remains — just who is running the government?",Armando Iannucci,"Armando Iannucci, David Schneider, Fabien Nury, Ian Martin",Released,English,13000000.0,24600000.0
4836,https://www.themoviedb.org/movie/4836-layer-cake,Layer Cake,105.0,2005-09-16,KR,"Drama, Thriller, Crime",6.9,"When a seemingly straight-forward drug deal goes awry, XXXX has to break his die-hard rules and turn up the heat, not only to outwit the old regime and come out on top, but to save his own skin...",Matthew Vaughn,J.J. Connolly,Released,English,6500000.0,11900000.0
628900,https://www.themoviedb.org/movie/628900-the-contractor,The Contractor,103.0,2022-04-28,KR,"Action, Thriller",6.4,"After being involuntarily discharged from the U.S. Special Forces, James Harper decides to support his family by joining a private contracting organization alongside his best friend and under the command of a fellow veteran. Overseas on a covert mission, Harper must evade those trying to kill him while making his way back home.",Tarik Saleh,J.P. Davis,Released,English,,2122288.0
1103473,https://www.themoviedb.org/movie/1103473,KD – The Devil,141.0,2026-04-30,IN,"History, Crime, Action, Fantasy",7.5,"In the early 1970s, a petty criminal Kaali unwittingly involves himself with underworld thugs, catalyzing events beyond his control.",Prem,"Prem, Vijay Eshwar, Kraanti Kumar",Released,Kannada,,
674662,https://www.themoviedb.org/movie/674662,Savitri,14.0,2013-09-15,NP,Drama,0.0,"A typist, dissatisfied with her marriage, dreams of office romance.",Sujit Bidari,Sujit Bidari,Released,Nepali,,
1401281,https://www.themoviedb.org/movie/1401281-the-testament-of-ann-lee,The Testament of Ann Lee,137.0,2026-05-13,KR,"History, Drama, Music",6.3,"The extraordinary true legend of Ann Lee, founder of the devotional sect known as the Shakers, who preached gender and social equality and was revered by her followers as the female Christ.",Mona Fastvold,"Mona Fastvold, Brady Corbet",Released,English,10000000.0,4197171.0
1160164,https://www.themoviedb.org/movie/1160164-taylor-swift-the-eras-tour,TAYLOR SWIFT | THE ERAS TOUR,169.0,2023-11-03,KR,Music,8.2,"A concert film documenting Taylor Swift's record-breaking Eras Tour (2023-2024). Filmed during the Los Angeles shows, the film captures the tour's ten acts, each representing a different musical era from Swift's career. The film showcases over 40 songs, elaborate stage productions, and Swift's performance.",Sam Wrench,,Released,English,15000000.0,261656269.0
439632,https://www.themoviedb.org/movie/439632,The Boy With The Bridle,9.0,1974-02-05,SU,Animation,7.0,Screen adaptation of the historical story about a clever shepherd boy who saved his home city Kyiv from the Pecheneg army onslaught in the Х century.,Nina Vasylenko,Nina Vasylenko,Released,Ukrainian,,
31439,https://www.themoviedb.org/movie/31439,To Live,133.0,1995-05-27,KR,"Drama, Romance, War",8.1,Married couple Fugui and Jiazhen endure tumultuous events in mid-20th century mainland China as their personal fortunes move from wealthy landownership to peasantry.,Zhang Yimou,"Yu Hua, Lu Wei",Released,Chinese,,
1103468,https://www.themoviedb.org/movie/1103468,Silent Shores,78.0,1973-07-02,SU,"Crime, Mystery",9.0,The fishery supervision employee is killed. During the investigation the public law enforcement official has looked out on the trace of the illegal grouping which has serious reasons for the commission of more considerable crimes than the illegal animals killings.,Mykola Vinhranovskyi,Viktor Hoviada,Released,Russian,,
1164345,https://www.themoviedb.org/movie/1164345-2,At Least in the Movies 2,95.0,2023-06-06,KZ,Drama,0.0,"Kairat gets a long sentence for embezzling a large amount of public money. He has been in prison for two years. During the time spent behind bars, he has acquired new connections and gained a decent authority, but Kairat's ""comfort zone"" collapses when an antagonist comes to him at one of the meetings in the person of a civil servant who offers him to shorten the term in return for a service.",Yernar Nurgaliyev,"Serzhan Serikbaev, Bukhar Marat, Darkhan Karipov",Released,Kazakh,,
1284041,https://www.themoviedb.org/movie/1284041-the-last-house,The Last House,110.0,2026-08-07,KR,"Horror, Science Fiction, Thriller",0.0,A family suddenly sealed inside their home must work together to survive against dwindling resources and the ominous threat keeping them trapped.,Louis Leterrier,Matthew Robinson,Planned,English,,
257743,https://www.themoviedb.org/movie/257743-pajaros-muertos,Pájaros muertos,,2009-09-18,ES,Comedy,3.0,We don't have an overview translated in English. Help us expand our database by adding one.,"Guillermo Sempere, Jorge Sempere","Gisela Benenzon, Gorka Esteban",Released,Spanish; Castilian,,
1531834,https://www.themoviedb.org/movie/1531834-capture,Capture,12.0,2024-05-19,GB,,0.0,Three terrorists and one man who knows where their next target is and one MP between them all.,Chad Peter,,Released,English,,
531789,https://www.themoviedb.org/movie/531789-t-quai-sai-gon,Four Oddballs of Saigon,101.0,1973-01-01,VN,Comedy,10.0,Four Oddballs of Saigon or The Saigon Fabulous Four is a 1973 Vietnamese 35mm eastmancolor film directed by La Thoại Tân.,"Nguyễn Đức Quỳnh Kỳ, La Thoại Tân",Vũ Đức Duy,Released,Vietnamese,,
10423,https://www.themoviedb.org/movie/10423-dragon-the-bruce-lee-story,Dragon: The Bruce Lee Story,119.0,1993-05-07,US,"Drama, History, Action",6.9,"This film is a glimpse into the life, love and the unconquerable spirit of the legendary Bruce Lee. From a childhood of rigorous martial arts training, Lee realizes his dream of opening his own kung-fu school in America. Before long, he is discovered by a Hollywood producer and begins a meteoric rise to fame and an all too short reign as one the most charismatic action heroes in cinema history.",Rob Cohen,"Rob Cohen, Linda Lee Cadwell, Robert Clouse, Edward Khmara, John Raffo",Released,English,14000000.0,63513743.0
869597,https://www.themoviedb.org/movie/869597-reunion,Reunion,94.0,2024-06-28,KR,"Comedy, Mystery",6.0,"Centers on a murder that takes place at a high school reunion, unfolding during a snowstorm that leaves guests trapped in an isolated mansion.",Chris Nelson,"Jake Emanuel, Willie Block",Released,English,,
940139,https://www.themoviedb.org/movie/940139-here,Here,104.0,2025-02-19,KR,Drama,6.5,"An odyssey through time and memory, centered on a place in New Jersey where—from wilderness, and then, later, from a home—love, loss, struggle, hope and legacy play out between couples and families over generations.",Robert Zemeckis,"Robert Zemeckis, Eric Roth",Released,English,40000000.0,15397270.0
398181,https://www.themoviedb.org/movie/398181-you-were-never-really-here,You Were Never Really Here,89.0,2018-10-04,KR,"Crime, Drama, Thriller",6.5,"A traumatized veteran, unafraid of violence, tracks down missing girls for a living. When a job spins out of control, Joe's nightmares overtake him as a conspiracy is uncovered—leading to what may be his death trip or his awakening.",Lynne Ramsay,"Lynne Ramsay, Jonathan Ames",Released,English,17000000.0,9400000.0
355838,https://www.themoviedb.org/movie/355838-forro-mezok,Hot Fields,94.0,1948-08-23,HU,Drama,8.5,"Avary, himself a hustler, is jealous of his beautiful wife. He eavesdrops to catch Vilma, his wife, having supper with a neighbour on the terrace of their manor-house. He is about to shoot at the woman, but it is him who gets shot to death.",Imre Apáthi,"Zoltán Várkonyi, Zsigmond Móricz",Released,Hungarian,,
360673,https://www.themoviedb.org/movie/360673-a-hatarozat,The Resolution,105.0,1972-09-19,HU,Documentary,10.0,"Shot in 1972, this remarkable documentary was released ten years later and had its first Western film festival screenings last year. ""Gyula Gazdag is an outstanding Hungarian talent who seems to specialize in getting into trouble. This film, which he made with Judit Ember, another alert and sensitive director, was banned for ten years. In it, a rural community is in financial trouble and an expert from Budapest is sent to advise and reorganize. He is successful but his manner angers the local committee. Despite their own management failure, they feel his arrogance should be the subject of a reprimand at least. The story is more than just true: so sure was the community of its cause that Gazdag and Ember were invited to film the actual debate, and the reality makes us protagonists in the case. It is a situation that could happen anywhere but seldom has such a subject been treated in so absorbing and striking a way.","Judit Ember, Gyula Gazdag",,Released,Hungarian,,
1181107,https://www.themoviedb.org/movie/1181107-the-king-of-kings,The King of Kings,102.0,2025-07-16,KR,"Adventure, Animation, Family, Fantasy",8.3,"Charles Dickens tells his young son Walter the greatest story ever told, and what begins as a bedtime tale becomes a life-changing journey. Through vivid imagination, the boy walks alongside Jesus, witnessing His miracles, facing His trials, and understanding His ultimate sacrifice.",Jang Seong-ho,"Jang Seong-ho, Charles Dickens",Released,English,25200000.0,83612781.0
2099,https://www.themoviedb.org/movie/2099-raw-deal,Raw Deal,106.0,1986-06-06,US,"Action, Crime, Thriller",5.9,"Mark Kaminsky is kicked out of the FBI for his rough treatment of a suspect. He winds up as the sheriff of a small town in North Carolina. FBI Chief Harry Shannon, whose son has been killed by a mobster named Patrovina, enlists Kaminsky in a personal vendetta with a promise of reinstatement into the FBI if Patrovina is taken down. To accomplish this, he must go undercover and join Patrovina's gang.",John Irvin,"Norman Wexler, Gary DeVore",Released,English,8500000.0,16209459.0
498633,https://www.themoviedb.org/movie/498633-susu-a-sarkany-kalandjai,"Süsü, a sárkány kalandjai",,1977-12-24,HU,"Family, Fantasy, Music",8.7,We don't have an overview translated in English. Help us expand our database by adding one.,Attila Szabó,István Csukás,Released,Hungarian,,
10402,https://www.themoviedb.org/movie/10402-deuce-bigalow-male-gigolo,Deuce Bigalow: Male Gigolo,88.0,1999-12-10,US,"Comedy, Romance",6.0,"Deuce Bigalow is a less than attractive, down on his luck aquarium cleaner. One day he wrecks the house of a gigolo and needs quick money to repair it. The only way he can make it is to become a gigolo himself, taking on an unusual mix of female clients. He encounters a couple of problems, though. He falls in love with one of his unusual clients, and a sleazy police officer is hot on his trail.",Mike Mitchell,"Rob Schneider, Harris Goldberg",Released,English,17000000.0,92938755.0
12102,https://www.themoviedb.org/movie/12102-kramer-vs-kramer,Kramer vs. Kramer,105.0,1980-09-12,KR,Drama,7.6,"Ted Kramer is a career man for whom his work comes before his family. His wife Joanna cannot take this anymore, so she decides to leave him. Ted is now faced with the tasks of housekeeping and taking care of himself and their young son Billy.",Robert Benton,"Robert Benton, Avery Corman",Released,English,8000000.0,106260000.0
1403612,https://www.themoviedb.org/movie/1403612-timur,Timur,101.0,2025-12-18,ID,"Action, Drama, History, Thriller, War",5.9,Follows the real-life international hostage crisis that took place in Mapenduma in 1996. The subsequent rescue operation was overseen by now-Indonesian President Prabowo Subianto.,Iko Uwais,"Titien Wattimena, Samuel Rustandi",Released,Indonesian,,
406859,https://www.themoviedb.org/movie/406859-manana-a-esta-hora,This Time Tomorrow,85.0,2016-10-07,CO,Drama,6.1,"Bright and beautiful, 17-year-old Adelaida enjoys a comfortable family life with her parents in an apartment in Bogotá. But soon the cracks begin to show through the veneer of this picture perfect family.",Lina Rodríguez,Lina Rodríguez,Released,Spanish; Castilian,,
1104844,https://www.themoviedb.org/movie/1104844-episode,BLUE LOCK THE MOVIE -EPISODE NAGI-,91.0,2024-08-21,KR,"Animation, Action, Drama",7.5,"When apathetic gamer Nagi agrees to join his rich classmate Mikage in soccer, their partnership leads to the famous Blue Lock program — and to changes.",Shunsuke Ishikawa,Taku Kishimoto,Released,Japanese,,14291561.0
718032,https://www.themoviedb.org/movie/718032-licorice-pizza,Licorice Pizza,133.0,2022-02-16,KR,"Drama, Comedy, Romance",6.9,"The story of Gary Valentine and Alana Kane growing up, running around and going through the treacherous navigation of first love in the San Fernando Valley, 1973.",Paul Thomas Anderson,Paul Thomas Anderson,Released,English,40000000.0,33277069.0
5902,https://www.themoviedb.org/movie/5902-a-bridge-too-far,A Bridge Too Far,175.0,1977-06-24,GB,"Drama, History, War",7.2,The story of Operation Market Garden—a failed attempt by the allies in the latter stages of WWII to end the war quickly by securing three bridges in Holland allowing access over the Rhine into Germany. A combination of poor allied intelligence and the presence of two crack German panzer divisions meant that the final part of this operation (the bridge in Arnhem over the Rhine) was doomed to failure.,Richard Attenborough,"Cornelius Ryan, William Goldman",Released,English,22000000.0,50750000.0
1632334,https://www.themoviedb.org/movie/1632334-kraken-el-libro-negro-de-las-horas,Kraken. The Black Book of Hours,,2026-04-24,ES,"Crime, Thriller, Mystery",6.1,"Unai López de Ayala must immerse himself in the world of art collecting and forgery in order to find the legendary Black Book of Hours and save his mother, whom he had long believed to be dead","Manuel Sanabria, Joaquín Llamas",,Released,Spanish; Castilian,,
11968,https://www.themoviedb.org/movie/11968-into-the-blue,Into the Blue,110.0,2005-11-17,KR,"Action, Thriller, Adventure, Crime",5.9,"When they take some friends on an extreme sport adventure, the last thing Jared and Sam expect to see below the shark-infested waters is a legendary pirate ship rumored to contain millions of dollars in gold. But their good fortune is short-lived, as a ruthless gang of criminals gets word of what they have uncovered.",John Stockwell,Matt Johnson,Released,English,50000000.0,46117696.0
175168,https://www.themoviedb.org/movie/175168-lust-of-the-dead,Rape Zombie: Lust of the Dead,73.0,2012-02-26,JP,"Comedy, Horror",6.4,"After a nuclear attack in Tokyo, the female population is attacked by infected males who have become sex-crazed zombies, hungry for human flesh. Officeworker Momoko and nurse Nozomi seek shelter in a Shinto Shrine, where they meet housewife Kanae and school girl Tamae. With no choices left to them, the group of girls decides to take a stand and arm themselves with assault rifles and explosives to fight off hordes of horny zombies. What is the secret to killing the zombies for good?",Naoyuki Tomomatsu,"Naoyuki Tomomatsu, Jirō Ishikawa",Released,Japanese,,
228470,https://www.themoviedb.org/movie/228470,Business as Usual,84.0,2013-02-07,UA,"Drama, Comedy",6.0,"Forty years old is a perfect age to change ones life. The hero makes a decision to quit the psychotherapist's cabinet, which he is sick and tired of and become a poet. To become a freelance artist. A trifle remained to cope with to persuade the wife.",Valentyn Vasyanovych,,Released,Ukrainian,800000.0,
3084,https://www.themoviedb.org/movie/3084-wuthering-heights,Wuthering Heights,104.0,1956-01-31,KR,"Drama, Romance",7.2,"Young orphan Heathcliff is adopted by the wealthy Earnshaw family and moves into their estate, Wuthering Heights. Soon, the new resident falls for his compassionate foster sister, Cathy. The two share a remarkable bond that seems unbreakable until Cathy, feeling the pressure of social convention, suppresses her feelings and marries Edgar Linton, a man of means who befits her stature. Heathcliff vows to win her back.",William Wyler,"Emily Brontë, Ben Hecht, Charles MacArthur",Released,English,,
8326,https://www.themoviedb.org/movie/8326-holes,Holes,117.0,2003-04-18,US,"Adventure, Family, Drama, Comedy",6.9,"After being wrongfully convicted for stealing a pair of shoes, Stanley Yelnats is sent away to Camp Green Lake, a boys detention facility where inmates are forced to dig holes all day in the hot desert sun as a form of character building. As he endures the brutal routine, Stanley begins to uncover a hidden truth behind the camp—one that connects to a dangerous secret and his family’s history.",Andrew Davis,Louis Sachar,Released,English,20000000.0,71406573.0
218043,https://www.themoviedb.org/movie/218043-left-behind,Left Behind,110.0,2014-10-03,CA,"Thriller, Action, Science Fiction",4.3,A small group of survivors are left behind after millions of people suddenly vanish during the rapture and the world is plunged into chaos and destruction.,Vic Armstrong,"Tim LaHaye, Jerry B. Jenkins, John Patus, Paul Lalonde",Released,English,16000000.0,19682924.0
381150,https://www.themoviedb.org/movie/381150-aach-aku-jatuh-cinta,Chaotic Love Poems,85.0,2015-10-08,KR,"Drama, Comedy, Romance",6.0,"A cheerful yet serious Indonesian Romeo and Juliet. A boy and a girl from the same district, but with difficult childhoods and other reasons not to acknowledge their love. Through the colourful and musical retro style - the 1970s came late to Indonesia - shines a chaotic political and social era.",Garin Nugroho,Garin Nugroho,Released,Indonesian,,
1913,https://www.themoviedb.org/movie/1913-mar-adentro,The Sea Inside,126.0,2007-03-15,KR,Drama,7.6,"Ramón Sampedro is a ship mechanic and part-time poet left a quadriplegic following a diving accident. Ramón fought for 30 years for the legal right to end his own life. He develops close relationships with his long-term lawyer Julia and his friend Rosa, who tries to convince him that his life is worth living. Despite his situation, Ramón manages to inspire those around him to live life to the fullest.",Alejandro Amenábar,"Alejandro Amenábar, Mateo Gil",Released,Spanish; Castilian,12806000.0,43731621.0
33909,https://www.themoviedb.org/movie/33909-wall-street-money-never-sleeps,Wall Street: Money Never Sleeps,133.0,2010-09-20,US,"Drama, Crime",6.1,"As the global economy teeters on the brink of disaster, a young Wall Street trader partners with disgraced former Wall Street corporate raider Gordon Gekko on a two tiered mission: To alert the financial community to the coming doom, and to find out who was responsible for the death of the young trader's mentor.",Oliver Stone,"Oliver Stone, Stephen Schiff, Allan Loeb, Stanley Weiser",Released,English,70000000.0,134748021.0
437274,https://www.themoviedb.org/movie/437274-a-kortvelyesi-csiny,A körtvélyesi csíny,,1995-04-05,HU,"Comedy, TV Movie",9.0,We don't have an overview translated in English. Help us expand our database by adding one.,László Félix,Károly Szakonyi,Released,Hungarian,,
575235,https://www.themoviedb.org/movie/575235-omega-man-a-wrestling-love-story,Omega Man: A Wrestling Love Story,48.0,2019-03-27,CA,"Documentary, TV Movie",5.3,"Tyson Smith, better known as his in-ring name Kenny Omega, took the long and unorthodox road to achieve his dream of pro wrestling stardom. Follow his journey to the top of the wrestling world as he defies not only the odds but people's preconceived ideas of what a professional wrestler can be.",Yung Chang,,Released,English,,
287903,https://www.themoviedb.org/movie/287903-krampus,Krampus,98.0,2015-12-04,US,"Horror, Comedy, Fantasy",6.2,"When his dysfunctional family clashes over the holidays, young Max is disillusioned and turns his back on Christmas.  Little does he know, this lack of festive spirit has unleashed the wrath of Krampus: a demonic force of ancient evil intent on punishing non-believers.",Michael Dougherty,"Michael Dougherty, Zach Shields, Todd Casey",Released,English,15000000.0,61800000.0
10911,https://www.themoviedb.org/movie/10911-the-guns-of-navarone,The Guns of Navarone,160.0,1974-07-20,KR,"Action, Adventure, Drama, War",7.3,"A team of allied saboteurs are assigned an impossible mission: infiltrate an impregnable Nazi-held island and destroy the two enormous long-range field guns that prevent the rescue of 2,000 trapped British soldiers.",J. Lee Thompson,"Alistair MacLean, Carl Foreman",Released,English,6000000.0,28900000.0
735966,https://www.themoviedb.org/movie/735966-daxild-ki-ada,The Island Within,79.0,2021-10-28,AZ,Drama,7.0,"Seymour Tahirbekov is an international chess grandmaster from Azerbaijan. Having won the Candidates Tournament, Seymour earns the right to challenge the defending world champion Skroten Gudmonson in the World Chess Championship match. With a few weeks left before the championship match, Seymour’s psychological and emotional state deteriorates under escalating abuse and pressure to succeed by any means.",Rufat Hasanov,Rufat Hasanov,Released,Azerbaijani,,
1261498,https://www.themoviedb.org/movie/1261498,Thirteen Generals: Wind and the Cloud Rise Again,91.0,2024-03-19,CN,,0.0,We don't have an overview translated in English. Help us expand our database by adding one.,Min Guohui,,Released,Chinese,,
1304109,https://www.themoviedb.org/movie/1304109-sem-vergonha,Sem Vergonha,79.0,2024-10-20,BR,Documentary,0.0,"Since her historic participation in the International Song Festival in 1972, in a performance that would earn her the Honorable Mention award, Maria Alcina has become one of the most beloved figures in Brazilian music.",Rafael Saar,Thiago Brito,Released,Portuguese,,
1662414,https://www.themoviedb.org/movie/1662414-propeller-one-way-night-coach,Propeller One-Way Night Coach,60.0,2026-05-29,KR,"Adventure, Drama, Family",6.4,"During the golden age of aviation, a young airplane enthusiast and his mother embark on a cross-country journey to Hollywood—and their simple flight transforms into the trip of a lifetime.",John Travolta,John Travolta,Released,English,,
932420,https://www.themoviedb.org/movie/932420-code-8-part-ii,Code 8 Part II,101.0,2024-02-28,KR,"Science Fiction, Action, Crime",6.3,"In a world where superpowered people are heavily policed by robots, an ex-con teams up with a drug lord he despises to protect a teen from a corrupt cop.",Jeff Chan,"Jeff Chan, Jesse LaVercombe, Chris Paré, Sherren Lee",Released,English,,
845572,https://www.themoviedb.org/movie/845572-el-estado-contra-pablo-ibar,The State vs. Pablo Ibar,330.0,2020-12-04,ES,Documentary,10.0,"In 1994, a triple homicide at the Miramar home of a vivacious South Florida bar owner shocked the entire community. Pablo Ibar, son of famed Spanish jai alai player Candido Ibar, is convicted of the crime and sentenced to death. After 16 years on death row, the Florida Supreme Court suspends Pablo’s execution and orders a new trial: Pablo’s last chance. In this docuseries, a swirl of characters, including judges, attorneys, victims’ family members, Pablo’s family, other suspects, detectives, jurors, create an epic tapestry of what it means to be on trial in America.",Olmo Figueredo,José F. Ortuño,Released,Spanish; Castilian,,
1708625,https://www.themoviedb.org/movie/1708625-pool-party,Pool Party,14.0,2026-06-06,ID,Drama,0.0,"On a hot day, when digital activity suddenly stopped, Adek whined to her family, asking to play in the inflatable pool. But sadly, there was no running water in their house.",Aisyah Aulia,Adrian Fauzi,Released,English,,
671074,https://www.themoviedb.org/movie/671074-3,My Wife's Lover 3,90.0,2020-01-10,KR,Romance,3.7,"Kyung-soo and Eun-ji are married due to their parents' business. Eunji is sad and depressed because her husband's love is not married. Meanwhile, Gyeongsu meets Yeongju without a wife and has an affair. One day, Eun-ji's boiler broke down at home, and she called an AS engineer. He meets Jung Hwan, who was a lover before marriage. The husband goes out of the hotel saying he sleeps at the hotel until the boiler is repaired, and Eunji and Junghwan get hotter after thinking about it...",Kim Hwan,,Released,Korean,,
516632,https://www.themoviedb.org/movie/516632-the-empty-man,The Empty Man,137.0,2020-11-19,KR,"Horror, Mystery",6.1,"On the trail of a missing girl, an ex-cop comes across a secretive group attempting to summon a terrifying supernatural entity.",David Prior,David Prior,Released,English,16000000.0,4796993.0
1423251,https://www.themoviedb.org/movie/1423251,Biker,162.0,2026-04-03,IN,"Adventure, Drama, Family",6.2,"A seasoned motocross rider returns to the grueling sport he once abandoned, confronting fierce competition and a father who might push him to the brink.",Abhilash Reddy,"Abhilash Reddy, Shravan Madala, MVS Bharadwaj",Released,Telugu,,
945937,https://www.themoviedb.org/movie/945937-fast-charlie,Fast Charlie,90.0,2025-08-14,KR,"Action, Crime, Drama",6.2,"When his aging mob boss is whacked, Charlie Swift, a loyal friend and hired gun, will stop at nothing to destroy the upcoming crew that took him out.",Phillip Noyce,"Victor Gischler, Richard Wenk",Released,English,20000000.0,
593910,https://www.themoviedb.org/movie/593910-cinderella,Cinderella,112.0,2022-04-05,KR,"Fantasy, Romance, Comedy",6.3,"Cinderella, an orphaned girl with an evil stepmother, has big dreams and with the help of her Fabulous Godmother, she perseveres to make them come true.",Kay Cannon,Kay Cannon,Released,English,,42494.0
1107346,https://www.themoviedb.org/movie/1107346-gcw-for-the-culture-2023,GCW For the Culture 2023,,2023-03-30,US,,0.0,"Seven Way Scramble Match  Darius Carter vs. Keita Murray vs. Ju Dizz vs. Faye Jackson vs. Ashton Starr vs. Devon Monroe vs. Terry Yaki  Anything Goes Match  Willie Mack vs. Billy Dixon  Ten Man Tag Team Survivor Series Match  G. Sharpe, Kenny King, Mazzerati & The Conglomerate (Alpha Zo & Midas Kreed) vs. AC Mack, Jay Malachi, JC Storm, Jeffrey John & Suge D  Singles Match  2 Cold Scorpio vs. Bryan Keith  Black Wrestlers Matter Title Three Way Match  Myron Reed (c) vs. Man Like DeReiss vs. Kevin Knight  Pan-Afrikan World Diaspora Wrestling World Title Match  Trish Adora (c) vs. Calvin Tankman",,,Released,English,,
656663,https://www.themoviedb.org/movie/656663-jackass-forever,Jackass Forever,96.0,2022-07-25,KR,"Action, Comedy, Documentary",6.8,"The Jackass crew, along with some newcomers, returns for one more round of hilarious, absurd, and dangerous stunts.",Jeff Tremaine,"Jeff Tremaine, Andrew Weinberg, Eric André, Jason 'Wee Man' Acuña, Preston Lacy, Colton Dunn, Sarah Sherman, Nick Kreiss, Derrick Beckles, Johnny Knoxville, Knate Gwaltney, Dave England, Steve-O, Spike Jonze, Ehren McGhehey, Chris Pontius",Released,English,10000000.0,80563999.0
408978,https://www.themoviedb.org/movie/408978-el-ochenta,Number Eighty,23.0,2016-03-04,MX,Drama,0.0,"Chano is deported back to Mexico after living most of his life as an ilegal immigrant in the USA. Now, away from his wife and kids, he lives alone and depressed in the country where he is supposed to belong. While rebuilding an old motorcycle with Don Memo, a retired motorcycle racer, with whom he is forced to work, he will discover where his real home is.",Juan Manuel Zuñiga,Juan Manuel Zúñiga,Released,Spanish; Castilian,,
466040,https://www.themoviedb.org/movie/466040-d-un-commun-a-corps,D'un Commun à Corps,,2016-12-31,FR,,0.0,We don't have an overview translated in English. Help us expand our database by adding one.,"Sarah Vaillant, Carol Anne Grobois Claveau",,Released,French,,
1059073,https://www.themoviedb.org/movie/1059073-winter-spring-summer-or-fall,Winter Spring Summer or Fall,97.0,2025-04-25,US,"Romance, Drama",7.2,"Remi and Barnes, two very different teenagers, meet by chance in the winter of their senior year, then spend four  days together over the course of a year that will change their lives forever.",Tiffany Paulsen,Dan Schoffer,Released,English,,
515703,https://www.themoviedb.org/movie/515703-broken-reed,Broken Reed,134.0,2017-04-02,NG,Drama,0.0,A trainee doctor is heartbroken to discover that his mother's persistent cough is as a result of full blown AIDS and after her diagnosis the horrific hidden parts of her past are slowly revealed to him including his father's shocking identity.,Kabat Esosa Egbon,Emma Ayalogu,Released,English,,
59108,https://www.themoviedb.org/movie/59108-tower-heist,Tower Heist,104.0,2011-11-17,KR,"Action, Comedy",6.1,"A luxury condo manager leads a staff of workers to seek payback on the Wall Street swindler who defrauded them. With only days until the billionaire gets away with the perfect crime, the unlikely crew of amateur thieves enlists the help of petty crook Slide to steal the $20 million they’re sure is hidden in the penthouse.",Brett Ratner,"Ted Griffin, Jeff Nathanson",Released,English,75000000.0,152930623.0
284646,https://www.themoviedb.org/movie/284646,Kraurya,118.0,1995-12-29,IN,Drama,0.0,"The story of Rangajji, a widow who loves to tell stories of fantasy to the children of her village. Rangajji's hardships start when her only son dies young mysteriously. Rangajji goes to live with a distant relative of hers, only to receive a cold welcome. Life goes on endlessly for Rangajji. She longs to tell stories to children, but her freedom is severely restricted",Girish Kasaravalli,Girish Kasaravalli,Released,Kannada,,
22947,https://www.themoviedb.org/movie/22947-up-in-the-air,Up in the Air,110.0,2010-03-11,KR,"Drama, Romance",6.9,"Corporate downsizing expert Ryan Bingham spends his life in planes, airports, and hotels, but just as he’s about to reach a milestone of ten million frequent flyer miles, he meets a woman who causes him to rethink his transient life.",Jason Reitman,"Jason Reitman, Walter Kirn, Sheldon Turner",Released,English,25000000.0,166842739.0
35044,https://www.themoviedb.org/movie/35044-full-body-massage,Full Body Massage,93.0,1995-10-01,US,"Drama, TV Movie",5.3,"Nina, an art dealer, has her weekly massage appointment and is surprised to find out her usual masseur, Douglas, has sent a replacement named Fitch. The pair develop an easy rapport during the session, with talk about past relationships. As Nina lies topless on the massage table, Fitch also takes time to explain various massage techniques, including those used by Hopi medicine men.",Nicolas Roeg,Dan Gurskis,Released,English,,
940780,https://www.themoviedb.org/movie/940780-somos-dois,Somos Dois,,1950-12-06,BR,Crime,8.0,We don't have an overview translated in English. Help us expand our database by adding one.,Milton Rodrigues,Leo Danila,Released,Portuguese,,
514977,https://www.themoviedb.org/movie/514977,Shree 5 Ambare,126.0,2014-11-21,NP,"Crime, Drama",0.0,Ambar and Kali meet and fell in love in their childhood on street. Ambar is left along in the street when Kali is taken away by a guy. She became a prostitute and lived a comfortable life while Ambar nourished his desire to become a king in the society.,Dipa Basnet,Abhimanyu Nirabi,Released,Nepali,,
974573,https://www.themoviedb.org/movie/974573-another-simple-favor,Another Simple Favor,123.0,2025-05-01,KR,"Comedy, Thriller, Mystery",5.8,"Stephanie and Emily reunite on the beautiful island of Capri, Italy for Emily's extravagant wedding to a rich Italian businessman. Along with the glamorous guests, expect murder and betrayal to RSVP for a wedding with more twists and turns than the road from the Marina Grande to the Capri town square.",Paul Feig,"Jessica Sharzer, Laeta Kalogridis",Released,English,,
9718,https://www.themoviedb.org/movie/9718-talladega-nights-the-ballad-of-ricky-bobby,Talladega Nights: The Ballad of Ricky Bobby,108.0,2006-11-22,KR,Comedy,6.4,"The fastest man on four wheels, Ricky Bobby, is one of the greatest drivers in NASCAR history. A big, hairy American winning machine, Ricky has everything a dimwitted daredevil could want, a luxurious mansion, a smokin' hot wife, and all the fast food he can eat. But Ricky's turbo-charged lifestyle hits an unexpected speed bump when he's bested by flamboyant Euro-idiot Jean Girard and reduced to a fear-ridden wreck.",Adam McKay,"Adam McKay, Will Ferrell",Released,English,72500000.0,163000000.0
449512,https://www.themoviedb.org/movie/449512-indio-cidadao,Índio Cidadão?,52.0,2014-04-19,BR,Documentary,0.0,"The Kaiowa and Guarani Nation, oblivious to Law and Justice, reveals the testimonial narrative of the indigenous genocide underway in the state of Mato Grosso do Sul.",Rodrigo Siqueira,,Released,Portuguese,,
6537,https://www.themoviedb.org/movie/6537-el-orfanato,The Orphanage,105.0,2008-02-14,KR,"Horror, Drama, Thriller",7.2,"A woman brings her family back to her childhood home, which used to be an orphanage, intent on reopening it. Before long, her son starts to communicate with a new invisible friend.",J. A. Bayona,Sergio G. Sánchez,Released,Spanish; Castilian,3400000.0,78638987.0
403092,https://www.themoviedb.org/movie/403092-la-redencion,La redención,45.0,2015-10-31,PR,Documentary,0.0,"Portrays the importance of the use of art in the formation of adolescents; the use of art, in all its manifestations, as a tool to help them meet themselves, to resurface their emotional, spiritual, and psychological life.",Vicente Juarbe,Idalia Pérez Garay,Released,Spanish; Castilian,,
1007973,https://www.themoviedb.org/movie/1007973-philippe-alain-michaud-le-reel-traverse-par-la-fiction,"Philippe-Alain Michaud, le réel traversé par la fiction",41.0,2016-01-01,FR,Documentary,0.0,"To be in Venice and see the architecture of New York, to perceive in a painting by Tintoretto the birth of animated images, to look at the burlesque Cretinetti as the ancestor of montage - so many shifts, displacements, and striking telescopings that Philippe-Alain Michaud proposes in this film dedicated to him. To follow this art historian, curator of the cinema collections at the Centre Pompidou, is to go from the oriental carpet to the film, or from the first fireworks to the cinema. And everywhere the animation of the images - projections of Antony McCall, or of Paul Sharits, Column without end of Brancusi, Pasolini's Accatone - everything moves!  Under the tutelage of Aby Warburg, the great art historian of the early twentieth century, precursor of iconology and image comparison, to whom Philippe-Alain Michaud was the first in France to devote an important essay, eleven images are placed on the table to describe the singular journey of this art historian.","Marianne Alphant, Pascale Bouhénic",,Released,French,,
256190,https://www.themoviedb.org/movie/256190-la-derniere-enigme,La dernière énigme,13.0,1982-01-01,FR,,4.8,"In-between essay and fiction, La dernière énigme established Ossang's formal territory: a contemporary mythology. Inspired by the book On Terrorism and the State by Gianfranco Sanguinetti, it evokes visual echoes of political events, where a generation forfeits all revolutionary aspirations due to state terrorism. Shot using two cans of Kodak XX 16mm film. - IFFR",F.J. Ossang,F.J. Ossang,Released,French,,
331528,https://www.themoviedb.org/movie/331528,Kiladi Kittu,140.0,1978-03-03,IN,"Action, Comedy, Drama",0.0,"Kittu, a vigilante, goes by the name Black Cobra and thwarts the operation of a criminal syndicate. However, they frame him for crimes and Inspector Srikanth is assigned to catch him.",K. S. R. Das,M. D. Sundar,Released,Kannada,,
371638,https://www.themoviedb.org/movie/371638-the-disaster-artist,The Disaster Artist,104.0,2018-03-27,KR,"Comedy, Drama",7.1,"An aspiring actor in Hollywood meets an enigmatic stranger by the name of Tommy Wiseau, the meeting leads the actor down a path nobody could have predicted; creating the worst movie ever made.",James Franco,"Scott Neustadter, Michael H. Weber",Released,English,10000000.0,29820616.0
1325230,https://www.themoviedb.org/movie/1325230-paluwagan,Paluwagan,64.0,2024-09-17,PH,Drama,6.5,"In a province where most housewives are deprived of intimacy by their busy husbands, a new savings cooperative is introduced by a merchant. The salary to claim: cash or a night with a mysterious man. The women surely know what to choose.",Roman Perez Jr.,,Released,Tagalog,,
1239198,https://www.themoviedb.org/movie/1239198-mi-querida-senorita,My Dearest Señorita,116.0,2026-05-01,KR,"Drama, Romance",6.4,"A young woman from a traditional family learns she's intersex, sparking a journey of self-discovery, gender identity and love found in unexpected places.",Fernando González Molina,Alana S. Portero,Released,Spanish; Castilian,,
893694,https://www.themoviedb.org/movie/893694-eva,Eva,95.0,2021-12-24,PH,"Drama, Romance",5.4,"When Eva gets involved in a steamy threesome with a houseboy and her lady boss, she realizes she has to choose only one between them.",Jeffrey Hidalgo,Dennis Marasigan,Released,Tagalog,,
1228834,https://www.themoviedb.org/movie/1228834-the-fix,The Fix,,2026-09-11,US,"Action, Thriller",0.0,"Disillusioned by the end of the war in Afghanistan, a group of disgraced, war-torn ex-CIA operatives set out to Tehran to take down a life-changing score.",Guy Moshe,"Guy Moshe, Mark Bacci",Post Production,English,32000000.0,
82700,https://www.themoviedb.org/movie/82700-after-earth,After Earth,100.0,2013-05-30,KR,"Science Fiction, Action, Adventure",5.2,"One thousand years after cataclysmic events forced humanity's escape from Earth, Nova Prime has become mankind's new home. Legendary General Cypher Raige returns from an extended tour of duty to his estranged family, ready to be a father to his 13-year-old son, Kitai. When an asteroid storm damages Cypher and Kitai's craft, they crash-land on a now unfamiliar and dangerous Earth. As his father lies dying in the cockpit, Kitai must trek across the hostile terrain to recover their rescue beacon. His whole life, Kitai has wanted nothing more than to be a soldier like his father. Today, he gets his chance.",M. Night Shyamalan,"M. Night Shyamalan, Gary Whitta",Released,English,130000000.0,243843127.0
239425,https://www.themoviedb.org/movie/239425-nekrut,Nekrüt,,2008-10-31,TR,Comedy,0.0,We don't have an overview translated in English. Help us expand our database by adding one.,Ulaş Ak,Ulaş Ak,Released,Turkish,,
294832,https://www.themoviedb.org/movie/294832,Car Washers,80.0,2001-07-08,UA,"Crime, Drama, Romance",8.0,"Kyiv in the nineties, tainted by a serious economic collapse and rising crime. A group of kids boost the family budget by washing cars at a gas station whose proprietors make a living in a rather dodgy way. The story is narrated by the 13-year-old protagonist, who eventually discovers how much this society has affected him.",Volodymyr Tykhyy,Volodymyr Tykhyy,Released,Ukrainian,,
959669,https://www.themoviedb.org/movie/959669-vuzkiy-mist,The Narrow Bridge,79.0,2022-01-04,KR,"Drama, War",3.0,"At the heart of the film is the story of a young talented artist Kiril, in whose fate persistently puts a weapon in his hand instead of a brush. Demanding from him the life of a warrior, not a painter.",Borys Kvashnov,Mirza Davitaia,Released,Ukrainian,,
400106,https://www.themoviedb.org/movie/400106-bright,Bright,117.0,2017-12-22,KR,"Fantasy, Action, Thriller",6.2,"In an alternate present-day where magical creatures live among us, two L.A. cops become embroiled in a prophesied turf battle.",David Ayer,"David Ayer, Max Landis",Released,English,90000000.0,
48171,https://www.themoviedb.org/movie/48171-the-rite,The Rite,114.0,2011-01-28,US,"Drama, Thriller, Horror",6.1,"Seminary student Michael Kovak reluctantly attends exorcism school at the Vatican. While he’s in Rome, Michael meets an unorthodox priest who introduces him to the darker side of his faith, uncovering the devil’s reach even to one of the holiest places on Earth.",Mikael Håfström,"Matt Baglio, Michael Petroni",Released,English,37000000.0,96047633.0
794228,https://www.themoviedb.org/movie/794228-hiedra,The Ivy,99.0,2026-03-13,EC,Drama,6.0,"Azucena, a woman in her thirties, approaches Julio, a teenage boy living in a group home, for reasons he doesn’t understand. As they spend time together, an uneasy closeness grows, changing the shape of a bond neither expected to find.",Ana Cristina Barragán,Ana Cristina Barragán,Released,Spanish; Castilian,,
77877,https://www.themoviedb.org/movie/77877-the-lucky-one,The Lucky One,101.0,2012-04-20,US,"Drama, Romance",7.2,A Marine travels to Louisiana after serving three tours in Iraq and searches for the unknown woman he believes was his good luck charm during the war.,Scott Hicks,"Nicholas Sparks, Will Fetters",Released,English,25000000.0,99400000.0
12118,https://www.themoviedb.org/movie/12118-police-academy-3-back-in-training,Police Academy 3: Back in Training,84.0,1986-11-01,KR,"Comedy, Crime",5.8,"When police funding is cut, the Governor announces he must close one of the academies. To make it fair, the two police academies must compete against each other to stay in operation. Mauser persuades two officers in Lassard's academy to better his odds, but things don't quite turn out as expected...",Jerry Paris,Gene Quintano,Released,English,12000000.0,107600000.0
246741,https://www.themoviedb.org/movie/246741-what-we-do-in-the-shadows,What We Do in the Shadows,86.0,2020-09-15,KR,"Comedy, Horror",7.5,Vampire housemates try to cope with the complexities of modern life and show a newly turned hipster some of the perks of being undead.,"Jemaine Clement, Taika Waititi","Jemaine Clement, Taika Waititi",Released,English,1600000.0,6300000.0
353326,https://www.themoviedb.org/movie/353326-the-man-who-knew-infinity,The Man Who Knew Infinity,108.0,2016-11-03,KR,"Drama, History",7.2,"Growing up poor in Madras, India, Srinivasa Ramanujan Iyengar earns admittance to Cambridge University during WWI, where he becomes a pioneer in mathematical theories with the guidance of his professor, G.H. Hardy.",Matt Brown,"Matt Brown, Robert Kanigel",Released,English,,11472454.0
55156,https://www.themoviedb.org/movie/55156,Hail the Judge,106.0,1994-11-05,KR,"Comedy, Drama",7.5,"Pao Lung Sing, a descendant of the legendary Judge Pao Ching Tin, is a 9th degree corrupt judge who changes his tune when he tries to champion a woman Chi Siu-Lin, who was framed for killing her husband. As a result, Pao is forced to flee and through a series of events becomes a 1st degree judge and comes back to wreak havoc and justice on the guilty.",Wong Jing,Wong Jing,Released,Chinese,,
10015,https://www.themoviedb.org/movie/10015-heartbreak-ridge,Heartbreak Ridge,130.0,1986-12-05,US,"War, Drama",6.9,"A hard-nosed, hard-living Marine gunnery sergeant clashes with his superiors and his ex-wife as he takes command of a spoiled recon platoon with a bad attitude.",Clint Eastwood,"Dennis Hackin, James Carabatsos, Joseph Stinson",Released,English,15000000.0,42700000.0
239563,https://www.themoviedb.org/movie/239563-st-vincent,St. Vincent,102.0,2015-03-05,KR,Comedy,7.1,"A young boy whose parents just divorced finds an unlikely friend and mentor in the misanthropic, bawdy, hedonistic, war veteran who lives next door.",Theodore Melfi,Theodore Melfi,Released,English,13000000.0,54837234.0
16000,https://www.themoviedb.org/movie/16000-ben-10-race-against-time,Ben 10: Race Against Time,67.0,2007-11-21,US,"Action, Family, Science Fiction, TV Movie",5.9,"Ben, Gwen, and Max must stop an extraterrestrial who plans to open a gateway that leads to an alien invasion.",Alex Winter,Mitch Watson,Released,English,18000000.0,
121875,https://www.themoviedb.org/movie/121875-dans-la-maison,In the House,105.0,2013-07-04,KR,"Comedy, Drama, Mystery, Thriller",7.2,"A sixteen-year-old boy insinuates himself into the house of a fellow student from his literature class and writes about it in essays for his French teacher. Faced with this gifted and unusual pupil, the teacher rediscovers his enthusiasm for his work, but the boy’s intrusion will unleash a series of uncontrollable events.",François Ozon,François Ozon,Released,French,,11879046.0
13682,https://www.themoviedb.org/movie/13682-pooh-s-heffalump-movie,Pooh's Heffalump Movie,68.0,2017-01-01,KR,"Family, Animation, Comedy, Fantasy",6.9,"Who or what exactly is a Heffalump? The lovable residents of the Hundred Acre Wood -- Winnie the Pooh, Rabbit, Tigger, Eeyore, Kanga and the rest of the pack -- embark on a journey of discovery in search of the elusive Heffalump. But as is always the case, this unusual road trip opens their eyes to so much more than just the creature they're seeking.",Frank Nissen,"Evan Spiliotopoulos, Brian Hohlfeld",Released,English,20000000.0,52900000.0
636706,https://www.themoviedb.org/movie/636706-spaceman,Spaceman,108.0,2024-03-01,KR,"Science Fiction, Adventure, Drama",6.7,"Six months into a solo mission, a lonely astronaut confronts the cracks in his marriage with help from a mysterious creature he discovers on his ship.",Johan Renck,Colby Day,Released,English,40000000.0,
50723,https://www.themoviedb.org/movie/50723-naruto,Naruto Shippuden the Movie: The Lost Tower,85.0,2010-12-02,KR,"Adventure, Action, Animation",7.2,"Assigned on a mission to capture Mukade, a missing-nin, Naruto Uzumaki sets out for the once glorious historic ruins of ""Ouran"", where he pursues and corners the rouge ninja. Mukade's goal is revealed to be a dormant leyline within the ruins; he unleashes the power of the leyline, causing a light to envelop Naruto, sending him into the past, 20 years before the series began. When Naruto awakens, he comes into contact with the Fourth Hokage, Minato Namikaze.",Masahiko Murata,Junki Takegami,Released,Japanese,,16537336.0
439051,https://www.themoviedb.org/movie/439051-rosas-no-ceu-milagres-na-terra,"Rosas no Céu, Milagres na Terra",73.0,1955-06-09,BR,"Documentary, History",10.0,"The film depicts part of Priest Donizetti Tavares de Lima's trajectory in a little town in the State of São Paulo called Tambaú, where he performed a series of miracles.",Alberto Pieralisi,,Released,Portuguese,,
599975,https://www.themoviedb.org/movie/599975-countdown,Countdown,90.0,2019-12-12,KR,"Horror, Thriller",6.2,"A young nurse downloads an app that tells her she only has three days to live. With time ticking away and a mysterious figure haunting her, she must find a way to save her life before time runs out.",Justin Dec,Justin Dec,Released,English,6500000.0,48021766.0
231164,https://www.themoviedb.org/movie/231164,Sweet Whip,144.0,2013-09-21,JP,"Drama, Crime",5.9,"When Naoko was a freshman in high school she was kidnapped and imprisoned by a man who lived next door. For one month, she went through hell. Finally, she killed the man and escaped. Now as an adult, Naoko is a doctor specializing in infertility treatment, but she also has another side.",Takashi Ishii,"Takashi Ishii, Kei Oishi",Released,Japanese,,
9626,https://www.themoviedb.org/movie/9626-red-sonja,Red Sonja,89.0,1985-07-03,US,"Adventure, Fantasy, Action",5.4,"The tyrant Gedren seeks the total power in a world of barbarism. She raids the city Hablac and kills the keeper of a talisman that gives her great power. Red Sonja, sister of the keeper, sets out with her magic sword to overthrow Gedren.",Richard Fleischer,"George MacDonald Fraser, Clive Exton",Released,English,17900000.0,6948633.0
540901,https://www.themoviedb.org/movie/540901-hustlers,Hustlers,110.0,2019-11-27,KR,"Drama, Comedy, Crime",6.5,A crew of savvy former strip club employees band together to turn the tables on their Wall Street clients.,Lorene Scafaria,Lorene Scafaria,Released,English,20000000.0,157563598.0
1597538,https://www.themoviedb.org/movie/1597538-angkinin-mo-ako,Angkinin Mo Ako,70.0,2026-05-15,KR,Drama,0.0,"Cess Garcia and VMX’s next big thing Dara Lima star in a steamy drama about two sisters and the man who sparks their sensual awakening. A female lawyer hires a young man as tutor for her younger sister but unknown to her, their review sessions are becoming wild",Topel Lee,,Released,Tagalog,,
10348,https://www.themoviedb.org/movie/10348,Thunderbolt,110.0,1995-09-08,KR,"Action, Thriller",6.5,"In order to release his kidnapped sister, sports car mechanic, Chan Foh To, has to defeat a super-criminal street racer.",Gordon Chan,"Gordon Chan, Philip Kwok, Chan Hing-Kai",Released,Cantonese,3825240.0,16982903.0
1152904,https://www.themoviedb.org/movie/1152904,Середина жизни,,1976-07-17,SU,,0.0,We don't have an overview translated in English. Help us expand our database by adding one.,Olgerd Vorontsov,"Olgerd Vorontsov, Edgar Dubrovsky",Released,Russian,,
16296,https://www.themoviedb.org/movie/16296-killer-klowns-from-outer-space,Killer Klowns from Outer Space,86.0,1988-05-27,US,"Comedy, Horror, Science Fiction",6.6,Aliens disguised as clowns crash land on Earth in a rural town to capture unsuspecting victims in cotton candy cocoons for later consumption.,Stephen Chiodo,"Stephen Chiodo, Charles Chiodo, Edward Chiodo",Released,English,1800000.0,43625095.0
10189,https://www.themoviedb.org/movie/10189-pineapple-express,Pineapple Express,112.0,2008-08-06,US,"Action, Comedy, Crime",6.6,A stoner and his dealer are forced to go on the run from the police after the pothead witnesses a cop commit a murder.,David Gordon Green,"Evan Goldberg, Seth Rogen",Released,English,27000000.0,101624843.0
858901,https://www.themoviedb.org/movie/858901,Kings of Rap,100.0,2023-08-03,UA,"Drama, Music",7.8,"A seventeen-year-old village school graduate, a guy nicknamed Kazan, dreams of becoming a famous rapper and winning the heart of Sveta. For the sake of his dream, he is willing to risk everything, but circumstances steer his life in a different direction.",Myroslav Latyk,"Myroslav Latyk, Oleksii Komarovskyi, Roman Mahruk",Released,Ukrainian,,
250225,https://www.themoviedb.org/movie/250225-the-duke-of-burgundy,The Duke of Burgundy,104.0,2015-05-14,KR,"Drama, Romance",6.3,"Day in and day out, lovers Cynthia and Evelyn enact an elaborate sadomasochistic fantasy as mistress and maid. But as their ritual of domination and submission begins to turn stale, Cynthia yearns for something more conventional, while Evelyn tries to push their taboos even further.",Peter Strickland,Peter Strickland,Released,English,1000000.0,
9874,https://www.themoviedb.org/movie/9874-cobra,Cobra,87.0,1987-06-20,KR,"Action, Crime, Thriller",6.2,A tough-on-crime street cop must protect the only surviving witness to a strange murderous cult with far reaching plans.,George P. Cosmatos,"Paula Gosling, Sylvester Stallone",Released,English,25000000.0,49042224.0
9946,https://www.themoviedb.org/movie/9946-end-of-days,End of Days,122.0,1999-12-04,KR,"Action, Horror, Fantasy",6.1,"Cynical bodyguard Jericho is hired by a man possessed by Satan, who is in search of his bride. When Jericho realizes what is happening, he must do everything he can to save the woman and the world.",Peter Hyams,Andrew W. Marlowe,Released,English,100000000.0,212000000.0
1088602,https://www.themoviedb.org/movie/1088602,Shanthi Appuram Nithya,96.0,2011-06-10,IN,"Drama, Romance",4.0,An erotic movie that depicts how innocent women fall for bad boys and how those men treat them without any courtesy.,Murali Vishwa,Murali Vishwa,Released,Tamil,,
340382,https://www.themoviedb.org/movie/340382-attack-on-titan,Attack on Titan II: End of the World,87.0,2016-06-02,KR,"Horror, Science Fiction, Action",6.2,"Eren Yeager leaves to restore a break in the wall destroyed by a Titan. He comes under attack by the Titans and is cornered. Shikishima comes to his aid. The titans never stops attacking.  Eren is now injured and tries to protect Armin, but is swallowed by a titan. A Titan with black hair appears and begins to expel the other titans.",Shinji Higuchi,"Tomohiro Machiyama, Yusuke Watanabe",Released,Japanese,,15187789.0
710426,https://www.themoviedb.org/movie/710426-deseo,Deseo,11.0,2020-06-16,US,Drama,3.5,"Deseo follows Selene, a Spanish woman living in New York, on an evening in Williamsburg. Unsatisfied with her own life and intrigued by a woman she meets that night, Selene seizes an opportunity to ""help"" this woman in need, immersing herself in her reality. The line between helping without asking and taking advantage of her then becomes blurry.",Chloé Wallace,Chloé Wallace,Released,Spanish; Castilian,,
1635402,https://www.themoviedb.org/movie/1635402-biz,Biz,45.0,2026-02-07,AZ,"Comedy, TV Movie",0.0,We don't have an overview translated in English. Help us expand our database by adding one.,"Farid Ahmadov, Cavidan Qənizadə","Konul Mammadova, Azer Qismet, Ilgar Fahmi, Aytac Məmmədli, Aysel İbrahimli, Haji Nematov, Narmin Khankishiyeva",Released,Azerbaijani,,
20770,https://www.themoviedb.org/movie/20770-but-i-m-a-cheerleader,But I'm a Cheerleader,85.0,2000-07-07,US,"Comedy, Drama, Romance",7.1,"Megan is an all-American girl. A cheerleader. She has a boyfriend. But Megan doesn't like kissing her boyfriend very much. And she's pretty touchy with her cheerleader friends. Her conservative parents worry that she must be a lesbian and send her off to ""sexual redirection"" school, where she must, with other lesbians and gays learn how to be straight.",Jamie Babbit,Brian Peterson,Released,English,1200000.0,2600000.0
996,https://www.themoviedb.org/movie/996-double-indemnity,Double Indemnity,107.0,1944-07-06,US,"Crime, Thriller",8.1,"An insurance representative is seduced by a dissatisfied housewife into a scheme of insurance fraud and murder that arouses the suspicion of his colleague, a claims investigator.",Billy Wilder,"Billy Wilder, James M. Cain, Raymond Chandler",Released,English,927262.0,2500000.0
468577,https://www.themoviedb.org/movie/468577-jose-do-egito-o-filme,José do Egito - O Filme,,2016-12-30,BR,"Family, Action, History, Adventure",7.0,We don't have an overview translated in English. Help us expand our database by adding one.,Alexandre Avancini,,Released,Portuguese,,
1278263,https://www.themoviedb.org/movie/1278263-les-graines-du-figuier-sauvage,The Seed of the Sacred Fig,167.0,2025-06-03,KR,"Drama, Thriller, Crime",7.5,"Investigating judge Iman grapples with paranoia amid political unrest in Tehran. When his gun vanishes, he suspects his wife and daughters, imposing draconian measures that strain family ties as societal rules crumble.",Mohammad Rasoulof,Mohammad Rasoulof,Released,French,3000000.0,6501810.0
534490,https://www.themoviedb.org/movie/534490-avengement,Avengement,88.0,2019-05-17,KR,"Crime, Action, Thriller",6.8,"While on a prison furlough, a lowly criminal evades his guards and returns to his old stomping ground to take revenge on the people who turned him into a cold blooded killer.",Jesse V. Johnson,"Jesse V. Johnson, Stu Small",Released,English,2400000.0,89900000.0
342845,https://www.themoviedb.org/movie/342845-estrella-de-sierra-morena,Estrella de Sierra Morena,,1952-09-22,ES,Drama,7.3,We don't have an overview translated in English. Help us expand our database by adding one.,Ramón Torrado,"Ramón Torrado, Ramón Perelló",Released,Spanish; Castilian,,
35552,https://www.themoviedb.org/movie/35552-les-aventures-extraordinaires-d-adele-blanc-sec,The Extraordinary Adventures of Adèle Blanc-Sec,107.0,2010-04-14,FR,"Fantasy, Adventure, Action, Mystery",6.3,"An adventure set in the early part of the 20th century, focused on a popular novelist and her dealings with would-be suitors, the cops, monsters, and other distractions.",Luc Besson,"Jacques Tardi, Luc Besson",Released,French,25000000.0,34604339.0
804219,https://www.themoviedb.org/movie/804219-la-traversee,The Journey,22.0,2021-12-17,CA,,3.0,"The Journey is the story of a father and daughter reunion. From Montreal’s airport, they will travel along a chaotic path, where their inability to find each other will unveil a complicated relationship and have them drift from their initial course.",Ève Saint-Louis,Ève Saint-Louis,Released,French,,
552178,https://www.themoviedb.org/movie/552178-dark-waters,Dark Waters,127.0,2020-03-11,KR,"Drama, Thriller",7.5,"A tenacious attorney uncovers a dark secret that connects a growing number of unexplained deaths to one of the world's largest corporations. In the process, he risks everything — his future, his family, and his own life — to expose the truth.",Todd Haynes,"Mario Correa, Matthew Michael Carnahan",Released,English,20000000.0,13601384.0
671569,https://www.themoviedb.org/movie/671569,Kathbirali,120.0,2020-01-17,BD,"Comedy, Romance, Drama, Thriller",4.5,"Hasu is a young, innocent village boy. He has none to be called as a family in this world. That's why he has made all the villagers his family members. Hasu's life revolves around the love of his life-Kajol and his childhood friend-Anis. When finally Hasu is going to be settled and live happily ever after with Kajol, life takes an unexpected turn and everything falls apart. When Hasu's love and friendship are at stake, what will Hasu do?",Niamul Hasan Mukta,Muhammad Tasneemul Hasan,Released,Bengali,84785.0,
1555331,https://www.themoviedb.org/movie/1555331-d-i-s-c-o,D.I.S.C.O.,102.0,2026-01-01,TR,"Action, Comedy",6.6,"The operation, which has been carried out in secret by the D.I.S.C.O. intelligence agency for a long time, fails because of Agent Ertan. Ertan, who was suspended from the organization, goes on vacation with his wife Seda. Here, the path crosses with Bandırma Hair Dryer First Zafer and his wife Aynur. Zafer, who learned about Ertan's profession, has only one condition to be silent. To finish Ertan's unfinished operation together. Because the organization that the organization is after is in the same hotel and the fate of the operation is in the hands of Ertan. Ertan, who has never been a field agent in his life, embarks on the operation by having to include Zafer. The unexpected support of Seda and Aynur will change everything.",Ömer Faruk Sorak,"Giray Altınok, Kerem Özdoğan",Released,Turkish,,5250000.0
1076364,https://www.themoviedb.org/movie/1076364-carl-s-date,Carl's Date,9.0,2023-09-13,KR,"Animation, Family, Comedy, Romance",7.4,"Carl Fredricksen reluctantly agrees to go on a date with a lady friend—but admittedly has no idea how dating works these days. Ever the helpful friend, Dug steps in to calm Carl's pre-date jitters and offer some tried-and-true tips for making friends—if you're a dog.",Bob Peterson,Bob Peterson,Released,English,,
1592586,https://www.themoviedb.org/movie/1592586,The Ogre's Bride,,2026-03-27,JP,"Romance, Fantasy",9.0,"In a Japan where humans and demons co-exist peacefully, Yuzu is an ordinary high school girl who lives in the shadow of her older sister, who is the bride of a demon. One day, she has a life-changing encounter with a beautiful ogre who claims her as his bride.",Chihiro Ikeda,"Kureha, Manato Hamada",Released,Japanese,,3890000.0
286448,https://www.themoviedb.org/movie/286448-pesti-haztetok,On the Roofs of Budapest,89.0,1961-08-10,HU,Drama,10.0,"Gráci has been recently released from a reformatory school. His old gang would like to involve him in a new action, but he hesitates. His past record is bad enough already, and he would not like to get into new trouble.",András Kovács,"Miklós Hubay, Tibor Cseres",Released,Hungarian,,
489817,https://www.themoviedb.org/movie/489817,Andro,25.0,2017-12-04,GE,Drama,0.0,"In a post war Georgia, an unemployed architect, Andro tries to help out his family, fills the car with household junk and goes to Turkey for private trading, with his son Dato. On the border they give a ride to a Turkish hitchhiker Taner, to Trabzon. This meeting turns this harmless journey, into series of unfortunate events for Andro and his son.",Tornike Gogrichiani,Tornike Gogrichiani,Released,Georgian,,
10474,https://www.themoviedb.org/movie/10474-the-basketball-diaries,The Basketball Diaries,102.0,2000-04-29,KR,"Drama, Crime",7.4,A high school basketball player’s life turns upside down after free-falling into the harrowing world of drug addiction.,Scott Kalvert,"Jim Carroll, Bryan Goluboff",Released,English,2000000.0,2381087.0
1363620,https://www.themoviedb.org/movie/1363620-2,The Undertaker 2: Afterlife,127.0,2026-02-12,TH,"Comedy, Drama, Horror",7.4,"Following the passing of Baikaow and Sak, life in the village slowly returns to normal. This calm is disrupted when Grandma Joy is suddenly struck by lightning and miraculously revives.",Thiti Srinuan,Thiti Srinuan,Released,Thai,,
502416,https://www.themoviedb.org/movie/502416-ma,Ma,99.0,2019-09-05,KR,"Horror, Thriller",5.8,"Sue Ann is a loner who keeps to herself in her quiet Ohio town. One day, she is asked by Maggie, a new teenager in town, to buy some booze for her and her friends, and Sue Ann sees the chance to make some unsuspecting, if younger, friends of her own.",Tate Taylor,Scotty Landes,Released,English,5000000.0,61220856.0
862551,https://www.themoviedb.org/movie/862551-me-time,Me Time,105.0,2022-08-26,KR,Comedy,5.9,"With his family away, a devoted stay-at-home dad enjoys his first me time in years by joining his hard-partying old friend on a wild birthday adventure.",John Hamburg,John Hamburg,Released,English,,
1426297,https://www.themoviedb.org/movie/1426297-play-dead,Play Dead,72.0,2025-03-29,US,Horror,6.2,"A woman wakes up injured in a basement surrounded by corpses. To survive, she pretends to be dead while a grotesque ritual unfolds in the house above.",Carlos Goitia,"Camilo Zaffora, Gonzalo Mellid",Released,English,,
1432547,https://www.themoviedb.org/movie/1432547-all-you-need-is-kill,ALL YOU NEED IS KILL,86.0,2025-10-25,KR,"Animation, Action, Mystery, Science Fiction",6.4,"When a massive alien flower known as ""Darol"" unexpectedly erupts in a deadly event, unleashing monstrous creatures that decimate the population of Japan, Rita is caught in the destruction—and killed. But then she wakes up again. And again. Caught in an endless time loop, Rita must navigate the trauma and repetition of death until she crosses paths with Keiji, a shy young man trapped in the same cycle. Together, they fight to break free from the loop and find meaning in the chaos around them.",Kenichiro Akimoto,"Hiroshi Sakurazaka, Yuichiro Kido",Released,Japanese,,
253376,https://www.themoviedb.org/movie/253376-la-cueva,In Darkness We Fall,76.0,2014-07-11,ES,"Horror, Adventure",5.9,"Three boys and two girls go backpacking from the city to a paradisiacal island. There they rent motorcycles, travel around the prettiest and most remote spots, camp out in the woods, on a coastal cliff, get drunk and swim in the sea. The following day they enter a deep, maze-like cave to explore it and get lost inside.",Alfredo Montero,"Alfredo Montero, Javier Gullón",Released,Spanish; Castilian,,
359674,https://www.themoviedb.org/movie/359674,Blue Ice,71.0,1970-01-05,RU,Drama,8.0,"The Berestovs, Elena and Sergei, are defeated in the European Figure Skating Championship and must change the program. Elena is unable to withstand the grueling new training. Sergei tries to find a new throwing partner, but realizes his mistake and must return to Elena.",Viktor Sokolov,"Yuriy Nagibin, Tsezar Solodar",Released,Russian,,
1216236,https://www.themoviedb.org/movie/1216236-vernissage,Vernissage,8.0,2023-12-10,BR,Comedy,0.0,"Seeking inspiration for his magnum opus, an eccentric painter tries to recreate a figure from his immemorial past.",Laura Azambuja,"Guilherme Eyng, Douglas Jansen",Released,Portuguese,,
15969,https://www.themoviedb.org/movie/15969-the-return-of-jafar,The Return of Jafar,69.0,2004-09-17,KR,"Family, Adventure, Animation, Romance",6.2,"The evil Jafar escapes from the magic lamp as an all-powerful genie, ready to plot his revenge against Aladdin. From battling elusive villains atop winged horses, to dodging flames inside an exploding lava pit, it's up to Aladdin - with Princess Jasmine and the outrageously funny Genie by his side - to save the kingdom once and for all.","Tad Stones, Alan Zaslove, Toby Shelton","Bob Roth, Brian Swenlin, Jan Strnad, Kevin D. Campbell, Bill Motz, Dev Ross, Steve Roberts, Mirith J. Colao",Released,English,3500000.0,
28850,https://www.themoviedb.org/movie/28850-endgame-bronx-lotta-finale,Endgame,98.0,1983-11-05,IT,"Science Fiction, Action, Thriller",4.9,A telepathic mutant recruits a post World War III TV game show warrior to lead her band of mutants to safety.,Joe D'Amato,"Joe D'Amato, Aldo Florio",Released,Italian,,
231233,https://www.themoviedb.org/movie/231233-meu-japao-brasileiro,Meu Japão Brasileiro,102.0,1964-04-03,BR,Comedy,7.4,"Fofuca is a farmer who faces the exploitation of an entrepreneur in a Japanese-Brazilian community. He joins the Japanese immigrants, who found a cooperative where they fight for their rights.",Glauco Mirko Laurelli,Amacio Mazzaropi,Released,Portuguese,,
14365,https://www.themoviedb.org/movie/14365-killing-me-softly,Killing Me Softly,100.0,2002-05-10,US,"Thriller, Crime",5.6,A woman grows suspicious of her controlling husband after she discovers secrets about the women in his past.,Chen Kaige,"Kara Lindstrom, Sean French",Released,English,25000000.0,7775138.0
310593,https://www.themoviedb.org/movie/310593-youth-la-giovinezza,Youth,125.0,2016-01-07,KR,"Comedy, Drama, Romance",6.9,"Two lifelong friends bond whilst vacationing in a luxury Swiss Alps lodge as they ponder retirement. While Fred has no plans to resume his musical career despite the urging of his loving daughter Lena, Mick is intent on finishing the screenplay for what may be his last important film for his muse Brenda. And where will inspiration lead their younger friend Jimmy, an actor grasping to make sense of his next performance?",Paolo Sorrentino,Paolo Sorrentino,Released,Italian,13360000.0,2000000.0
13673,https://www.themoviedb.org/movie/13673-christmas-with-the-kranks,Christmas with the Kranks,99.0,2004-11-24,US,"Comedy, Family",6.2,"When their only daughter Blair leaves the family nest, Luther and Nora Krank decide to book an island cruise to beat the yuletide blues and just skip the holidays. But their decision to boycott tradition has the whole neighborhood in an uproar, and when Blair calls on Christmas Eve to announce a surprise visit with her new fiancée, the Kranks have just twelve hours to perform a miracle and pull themselves and their neighbors together to throw the best celebration ever!",Joe Roth,"John Grisham, Chris Columbus",Released,English,60000000.0,
268335,https://www.themoviedb.org/movie/268335-no-fundo-nem-tudo-e-memoria,"No Fundo, Nem Tudo é Memória",,2012-01-01,BR,,0.0,We don't have an overview translated in English. Help us expand our database by adding one.,Carlos Segundo,,Released,Portuguese,,
375262,https://www.themoviedb.org/movie/375262-the-favourite,The Favourite,120.0,2019-02-21,KR,"History, Comedy, Drama",7.5,"England, early 18th century. The close relationship between Queen Anne and Sarah Churchill is threatened by the arrival of Sarah's cousin, Abigail Hill, resulting in a bitter rivalry between the two cousins to be the Queen's favourite.",Yorgos Lanthimos,"Deborah Davis, Tony McNamara",Released,English,15000000.0,95918706.0
1527163,https://www.themoviedb.org/movie/1527163,Moda Tharindu,121.0,2025-10-10,LK,"Comedy, Romance, Fantasy",8.0,"A family loss leads a man on a life-altering journey in which he gains new perspectives on his family, friendships and relationships.",Thisara Imbulana,,Released,Sinhala; Sinhalese,,
504,https://www.themoviedb.org/movie/504-monster,Monster,109.0,2004-06-18,KR,"Crime, Drama",7.2,"In 1989, prostitute Aileen Wuornos befriends and enters a relationship with a young woman named Selby. Determined to straighten out her life, Aileen's limited education lands her back on the corner. She's raped by a trick, who she kills. A string of murder and robbery follows that ultimately leads Aileen to becoming America's first female serial killer.",Patty Jenkins,Patty Jenkins,Released,English,8000000.0,58469210.0
1087822,https://www.themoviedb.org/movie/1087822-hellboy-the-crooked-man,Hellboy: The Crooked Man,100.0,2024-12-18,KR,"Fantasy, Horror, Action",5.2,"Hellboy and a rookie BPRD agent get stranded in 1950s rural Appalachia. There, they discover a small community haunted by witches, led by a local devil with a troubling connection to Hellboy's past: the Crooked Man.",Brian Taylor,"Brian Taylor, Christopher Golden, Mike Mignola",Released,English,20000000.0,2014050.0
1639837,https://www.themoviedb.org/movie/1639837-tavol,Távol,,2026-03-01,HU,"Drama, War",0.0,We don't have an overview translated in English. Help us expand our database by adding one.,Laudon Andrea,Előd Marosvölgyi,Released,Hungarian,,
45772,https://www.themoviedb.org/movie/45772-gnomeo-juliet,Gnomeo & Juliet,84.0,2011-04-14,KR,"Animation, Family",5.9,"A version of Shakespeare's play, set in the world of warring indoor and outdoor gnomes. Garden gnomes Gnomeo and Juliet have as many obstacles to overcome as their quasi namesakes when they are caught up in a feud between neighbors. But with plastic pink flamingos and lawnmower races in the mix, can this young couple find lasting happiness?",Kelly Asbury,"Kelly Asbury, Rob Sprackling, Steve Hamilton Shaw, Andy Riley, Johnny Smith, Kevin Cecil, Mark Burton, Emily Cook, Kathy Greenberg",Released,English,36000000.0,189712432.0
314095,https://www.themoviedb.org/movie/314095-the-lost-city-of-z,The Lost City of Z,141.0,2017-09-21,KR,"Adventure, Drama, History",6.4,"A true-life drama in the 1920s, centering on British explorer Col. Percy Fawcett, who discovered evidence of a previously unknown, advanced civilization in the Amazon and disappeared whilst searching for it.",James Gray,"James Gray, David Grann",Released,English,30000000.0,8574339.0
1461254,https://www.themoviedb.org/movie/1461254,Salmokji: Whispering Water,96.0,2026-04-08,KR,"Horror, Thriller",6.3,"An incident unfolds when a film crew goes to a reservoir to update the road view where an unidentified figure was filmed, and they encounter something in the dark, deep waters.",Lee Sang-min,Lee Sang-min,Released,Korean,2020000.0,17450000.0
413498,https://www.themoviedb.org/movie/413498-petecuy-la-pelicula,"Petecuy, La Película",,2014-08-30,CO,Drama,8.0,We don't have an overview translated in English. Help us expand our database by adding one.,Oscar Hincapie Mahecha,Oscar Hincapie Mahecha,Released,Spanish; Castilian,,
928333,https://www.themoviedb.org/movie/928333,Just For Meeting You,108.0,2025-08-27,KR,Romance,6.6,"Xu Niannian and Yang Yi met at the most beautiful time in their lives, sharing an unforgettable chapter of youthful love and growth.",Liu Yulin,"Fan Wenwen, Hu Shuxin",Released,Chinese,,
1712587,https://www.themoviedb.org/movie/1712587-kikirot-kirot,Kikirot Kirot,70.0,2026-06-12,PH,Drama,6.3,"A married couple’s life unravels when the wife’s cousin moves in. The husband realizes she’s the stripper he secretly met before, sparking temptation, deception, and fear of exposure.",Rodante Pajemna Jr.,,Released,Tagalog,,
1061798,https://www.themoviedb.org/movie/1061798-jim-queen,Jim Queen,85.0,2026-06-17,FR,"Animation, Comedy",7.9,"When Heterosis - a mysterious virus that turns gay men straight sweeps through the Parisian gay scene, Jim, the six packed sovereign of the Gym Queens, goes from Pride royalty to social outcast. With only Lucien, a freshly-out twink with more heart than abs, still by his side, Jim must race to find a cure before the disease erases the community that once worshipped him.","Marco Nguyen, Nicolas Athané","Marco Nguyen, Nicolas Athané, Simon Balteaux, Brice Chevillard",Released,French,,
827931,https://www.themoviedb.org/movie/827931-time-cut,Time Cut,90.0,2024-10-30,KR,"Horror, Science Fiction, Thriller",5.6,"A teen in 2024 accidentally time-travels to 2003, days before a masked killer murders her sister. Can she change the past without destroying the future?",Hannah Macpherson,"Hannah Macpherson, Michael Kennedy",Released,English,,
11948,https://www.themoviedb.org/movie/11948,"Merry Christmas, Mr. Lawrence",124.0,2024-11-20,KR,"Drama, History, War",7.3,"Island of Java, 1942, during World War II. British Major Jack Celliers arrives at a Japanese prison camp, run by the strict Captain Yonoi. Colonel John Lawrence, who has a profound knowledge of Japanese culture, and Sergeant Hara, brutal and simpleton, will witness the struggle of wills between two men from very different backgrounds who are tragically destined to clash.",Nagisa Ōshima,"Nagisa Ōshima, Laurens van der Post, Paul Mayersberg",Released,Japanese,,2306560.0
667520,https://www.themoviedb.org/movie/667520,A Whisker Away,104.0,2020-06-18,KR,"Animation, Drama, Romance, Fantasy",7.9,"A peculiar girl transforms into a cat to catch her crush's attention. But before she realizes it, the line between human and animal starts to blur.","Junichi Sato, Tomotaka Shibayama",Mari Okada,Released,Japanese,,
1109086,https://www.themoviedb.org/movie/1109086-2,War 2,173.0,2025-11-01,KR,"Action, Thriller",6.1,"Years ago Agent Kabir went rogue, became India’s greatest villain ever.  As he descends further into the deepest shadows... India sends its deadliest, most lethal agent after him, Agent Vikram  A Special Units Officer who is more than Kabir’s equal and a relentless Terminator driven by his own demons, determined to put a bullet into Kabir’s skull.",Ayan Mukerji,Shridhar Raghavan,Released,Hindi,47000000.0,3096145.0
1631485,https://www.themoviedb.org/movie/1631485-parque-lezama,Strangers in the Park,115.0,2026-03-06,KR,"Comedy, Drama",6.5,"A former communist militant and a ""live and let live"" man form an unlikely friendship on a park bench, sharing their life stories with humor and heart.",Juan José Campanella,Juan José Campanella,Released,Spanish; Castilian,,
365620,https://www.themoviedb.org/movie/365620-ferrari,Ferrari,131.0,2025-01-08,KR,"History, Drama",6.4,"Set during the summer of 1957. Ex-racecar driver, Enzo Ferrari, is in crisis. Bankruptcy stalks the company he and his wife, Laura, built from nothing ten years earlier. Their tempestuous marriage struggles with the mourning for one son and the acknowledgement of another.",Michael Mann,Troy Kennedy Martin,Released,English,95000000.0,39220516.0
1527599,https://www.themoviedb.org/movie/1527599-rua-escura,Rua Escura,,2025-08-07,BR,Drama,6.0,We don't have an overview translated in English. Help us expand our database by adding one.,"Bruno Santiago, Emanuel Caldin","Bruno Santiago, Emanuel Caldin",Released,Portuguese,,
3116,https://www.themoviedb.org/movie/3116-midnight-cowboy,Midnight Cowboy,113.0,1975-10-20,KR,Drama,7.5,"Joe Buck is a wide-eyed hustler from Texas hoping to score big with wealthy New York City women; he finds a companion in Enrico ""Ratso"" Rizzo, an ailing swindler with a bum leg and a quixotic fantasy of escaping to Florida.",John Schlesinger,"James Leo Herlihy, Waldo Salt",Released,English,3600000.0,44785053.0
432445,https://www.themoviedb.org/movie/432445-schon-muss-man-sein,Schön muß man sein,,1951-02-01,DE,"Comedy, Music",8.0,We don't have an overview translated in English. Help us expand our database by adding one.,Ákos Ráthonyi,"Kurt Schwabach, Gustav Kampendonk, Fritz von Woedtke",Released,German,,
1699155,https://www.themoviedb.org/movie/1699155-maternal-instinct,Maternal Instinct,97.0,2026-06-12,KR,"Documentary, Crime",7.2,Police pull over a woman who claims she just gave birth. But the baby — and the blood — aren't hers. Twisted lies unravel in this true-crime documentary.,Jessica Dimmock,,Released,English,,
10843,https://www.themoviedb.org/movie/10843-after-hours,After Hours,97.0,1985-09-13,US,"Comedy, Thriller, Drama",7.5,"Desperate to escape his mind-numbing routine, uptown Manhattan office worker Paul Hackett ventures downtown for a hookup with a mystery woman.",Martin Scorsese,Joseph Minion,Released,English,4500000.0,10609321.0
546121,https://www.themoviedb.org/movie/546121-run,Run,90.0,2020-11-20,KR,"Thriller, Horror, Drama",7.2,"Chloe, a teenager who is confined to a wheelchair, is homeschooled by her mother, Diane. Chloe soon becomes suspicious of her mother and begins to suspect that she may be harboring a dark secret.",Aneesh Chaganty,"Aneesh Chaganty, Sev Ohanian",Released,English,,5491510.0
47648,https://www.themoviedb.org/movie/47648,King of Beggars,96.0,1992-12-17,CN,"Action, Comedy, Drama",7.0,"The heir to a noble and influential family finds the love of his life, but she will only accept him if he becomes a kung-fu master. He becomes a legendary folk hero who tries to save the emperor.",Gordon Chan,"Gordon Chan, John Chan Kin-Chung, Albert Mak Kai-Kwong",Released,Cantonese,,
13004,https://www.themoviedb.org/movie/13004-barbie-and-the-diamond-castle,Barbie and the Diamond Castle,78.0,2008-09-09,US,"Animation, Family",7.4,"Liana and Alexa are best friends who share everything, including their love of singing. Upon meeting a girl inside a mirror, the duo embark on a journey that will put their friendship to the ultimate test.",Gino Nichele,,Released,English,,
447200,https://www.themoviedb.org/movie/447200-skyscraper,Skyscraper,102.0,2018-07-11,KR,"Action, Thriller, Adventure",6.3,"Framed and on the run, a former FBI agent must save his family from a blazing fire in the world's tallest building.",Rawson Marshall Thurber,Rawson Marshall Thurber,Released,English,125000000.0,304870828.0
607426,https://www.themoviedb.org/movie/607426-tempting-fate,Tempting Fate,87.0,2019-06-15,US,"Drama, Romance, TV Movie",5.6,"Gabby's picture perfect marriage to Elliott is jeopardized when she meets Matt, a handsome younger man who ignites a fire and desire within her. Based on the New York Times best-selling novel of the same name.","Kim Raver, Manu Boyer",Jane Green,Released,English,,
532260,https://www.themoviedb.org/movie/532260-proc-unesco,Why UNESCO?,10.0,1959-01-01,DE,Animation,0.0,The cartoon film sets out to justify the existence of UNESCO as an instrument for world peace.,Jiří Trnka,"Jiří Trnka, Adolf Hoffmeister, Jiří Brdečka",Released,Czech,,
82976,https://www.themoviedb.org/movie/82976-les-novices,The Novices,91.0,1970-10-28,FR,"Comedy, Drama",4.8,"Sister Agnès runs away from her convent in Brittany and seeks refuge in Paris with prostitute Mona Lisa. With absolutely no qualifications, the young novice has a hard job finding work, so Mona Lisa tries to teach her the ropes of the oldest profession of them all!",Guy Casaril,"Guy Casaril, Paul Gégauff",Released,French,,
47759,https://www.themoviedb.org/movie/47759,The Monkey King: Uproar in Heaven,114.0,1961-07-25,CN,"Animation, Adventure, Fantasy, Action",7.7,"Sun Wukong, the King of the Monkeys, sets off on his first adventure to gain a worthy weapon. This earns the attention of the Jade Emperor of Heaven.",Wan Laiming,"Wan Laiming, Li Keruo",Released,Chinese,,
1614194,https://www.themoviedb.org/movie/1614194-autoridade,Autoridade,,2014-05-28,BR,,0.0,We don't have an overview translated in English. Help us expand our database by adding one.,Danilo Daher,,Released,Portuguese,,
1646,https://www.themoviedb.org/movie/1646-freedom-writers,Freedom Writers,123.0,2007-04-04,DE,"Crime, Drama",7.9,"A young teacher inspires her class of at-risk students to learn tolerance, apply themselves, and pursue education beyond high school.",Richard LaGravenese,"Richard LaGravenese, Erin Gruwell",Released,English,21000000.0,43095175.0
96724,https://www.themoviedb.org/movie/96724-anna-karenina,Anna Karenina,129.0,2013-03-21,KR,"Drama, Romance, History",6.7,"In Imperial Russia, Anna, wife of the officer Karenin, goes to Moscow to visit her brother. On the way, she meets charming cavalry officer Vronsky, to whom she's immediately attracted. But in St. Petersburg’s high society, a relationship like this could destroy a woman’s reputation.",Joe Wright,"Leo Tolstoy, Tom Stoppard",Released,English,40600000.0,68929150.0
392,https://www.themoviedb.org/movie/392-chocolat,Chocolat,121.0,2001-02-24,KR,"Comedy, Drama, Romance",7.0,"In the winter of 1959, a single mother and her young daughter arrive in a rural French town, where they open an unusual chocolate shop that disrupts the moral fiber of the strictly Catholic townsfolk and mayor.",Lasse Hallström,"Joanne Harris, Robert Nelson Jacobs",Released,English,25000000.0,152700626.0
784130,https://www.themoviedb.org/movie/784130-la-nuit-aux-amants,The Night Belongs to Lovers,88.0,2022-04-06,FR,"Romance, Drama",5.7,"An encounter. Between waves and cliffs. The night. In a week, he gets married. For years, she no longer believes in pleasure. They meet. They play. They speak. They want each other. As a gift - unconditionally. Like a dance - on the edge of the void. For one night. One night only. Their only night.",Julien Hilmoine,Julien Hilmoine,Released,French,,
12219,https://www.themoviedb.org/movie/12219-12-angry-men,12 Angry Men,117.0,1997-08-17,US,"Drama, TV Movie",7.7,"During the trial of a man accused of his father's murder, a lone juror takes a stand against the guilty verdict handed down by the others as a result of their preconceptions and prejudices.",William Friedkin,Reginald Rose,Released,English,1750000.0,2000000.0
157354,https://www.themoviedb.org/movie/157354-fruitvale-station,Fruitvale Station,82.0,2014-01-16,KR,Drama,7.4,"Oakland, California. Young Afro-American Oscar Grant crosses paths with family members, friends, enemies and strangers before facing his fate on the platform at Fruitvale Station, in the early morning hours of New Year's Day 2009.",Ryan Coogler,Ryan Coogler,Released,English,900000.0,17600000.0
1086268,https://www.themoviedb.org/movie/1086268-troje,Three,97.0,2023-03-01,RS,Drama,6.5,"Ivan and Vera are a young married couple. Both successful in their work, they live in a luxurious villa with their daughters, Petra and Vanja. Aleksandar is their best friend, an architect, as well as Vera's work colleague, who regularly spends time with Ivan and Vera. Aleksanadar and Ivan are friends from childhood, they often go out to nightclubs where Ivan leads a double life. Everything will change one day when the surprising proposal Alexander makes to Ivan does havoc in their lives.",Petar Pašić,"Petar Pašić, Katarina Nikolić",Released,Serbian,,
625568,https://www.themoviedb.org/movie/625568-unhinged,Unhinged,90.0,2020-10-07,KR,"Action, Thriller, Crime",6.4,"Rachel is a divorced single mother whose bad day gets even worse. She's running late to drop her son off at school when she honks her horn impatiently at a fellow driver during rush-hour traffic. After an exchange of words, she soon realizes that the mysterious man is following her and her young son in his truck. A case of road rage quickly escalates, at horrifyingly psychotic proportions, into full-blown terror as Rachel discovers the psychopath's sinister plan for revenge. He is single-mindedly determined to teach her a deadly lesson.",Derrick Borte,Carl Ellsworth,Released,English,33000000.0,39238300.0
768362,https://www.themoviedb.org/movie/768362-missing,Missing,111.0,2023-02-22,KR,"Drama, Mystery, Thriller",7.4,"When her mother disappears while on vacation in Colombia with her new boyfriend, June’s search for answers is hindered by international red tape. Stuck thousands of miles away in Los Angeles, June creatively uses all the latest technology at her fingertips to try and find her before it’s too late. But as she digs deeper, her digital sleuthing raises more questions than answers... and when June unravels secrets about her mom, she discovers that she never really knew her at all.","Nicholas D. Johnson, Will Merrick","Nicholas D. Johnson, Will Merrick",Released,English,7000000.0,48767848.0
823482,https://www.themoviedb.org/movie/823482-dream-scenario,Dream Scenario,102.0,2024-05-29,KR,"Comedy, Fantasy",6.7,"Hapless family man Paul Matthews finds his life turned upside down when millions of strangers suddenly start seeing him in their dreams. But when his nighttime appearances take a nightmarish turn, Paul is forced to navigate his newfound stardom.",Kristoffer Borgli,Kristoffer Borgli,Released,English,10000000.0,14114415.0
9530,https://www.themoviedb.org/movie/9530-rv,RV,99.0,2006-04-28,US,"Family, Comedy, Adventure",5.9,"Climbing aboard their mammoth recreational vehicle for a cross-country road trip to the Colorado Rockies, the Munro family – led by dysfunctional patriarch, Bob – prepares for the adventure of a lifetime. But spending two weeks together in one seriously small space has a way of cramping their style.",Barry Sonnenfeld,Geoff Rodkey,Released,English,50000000.0,87528173.0
602713,https://www.themoviedb.org/movie/602713,Fury,74.0,1966-02-14,SU,"Drama, History",8.0,"Hearing about the revolution in the hospital, the sailor Gulyavin goes to Petrograd, and from there with a detachment of Ukrainian volunteers he is sent to Ukraine. The troop is joined by cavalrymen under the command of the anarchist Lelka. The chief of staff, Stroyev, reproaches Gulyavin with negligence - you cannot take an untested detachment. However, the desperate courage of Lelka in battle with the White Guards gives Gulyavin not only respect for her, but love...",Nikolai Ilyinsky,"Aleksandr Satsky, Yevgeni Onopriyenko",Released,Russian,,
14919,https://www.themoviedb.org/movie/14919-batman-mask-of-the-phantasm,Batman: Mask of the Phantasm,76.0,1993-12-25,US,"Animation, Crime, Mystery",7.5,"Andrea Beaumont leaves her father to return to Gotham, rekindling an old romance with Bruce Wayne. At the same time, a mysterious figure begins to hunt down Gotham's criminals, wrongly implicating Batman in the murders. Now on the run from the law, Batman must find and stop the culprit, while also navigating his relationship with Andrea.","Eric Radomski, Bruce Timm","Alan Burnett, Paul Dini, Michael Reaves, Martin Pasko",Released,English,6000000.0,5617391.0
9058,https://www.themoviedb.org/movie/9058-only-you,Only You,109.0,1994-03-04,KR,"Romance, Comedy",6.7,"Two childhood paranormal incidents have convinced schoolteacher Faith Corvatch that her true love is a guy named 'Damon Bradley', but she has yet to meet him. Preparing to marry podiatrist Dwayne in ten days, Faith receives a phone call from Dwayne's old classmate Damon Bradley, who is on his way to Venice. She impulsively decides to fly to Italy with the hope of finally encountering the man of her dreams. Accompanying her on the trip is her sister-in-law and best friend Kate, who has just left her husband, Faith's brother Larry.",Norman Jewison,Diane Drake,Released,English,,20059210.0
8408,https://www.themoviedb.org/movie/8408-day-of-the-dead,Day of the Dead,101.0,1985-07-03,US,"Horror, Drama, Mystery",7.0,"As the world is overrun by zombies, scientists and military personnel in an underground Florida bunker must decide on how they should deal with the undead.",George A. Romero,George A. Romero,Released,English,3750000.0,34000000.0
9454,https://www.themoviedb.org/movie/9454-everafter,EverAfter,121.0,1999-01-16,KR,"Drama, Romance, Comedy",7.5,"Danielle, a vibrant young woman, was forced into servitude after the death of her father when she was a young girl. Danielle's stepmother, Rodmilla, is a heartless woman who forces Danielle to do the cooking and cleaning, while she tries to marry off the eldest of her two daughters to the prince. But Danielle's life takes a wonderful turn when, under the guise of a visiting royal, she meets the charming Prince Henry.",Andy Tennant,"Andy Tennant, Charles Perrault, Rick Parks, Susannah Grant",Released,English,26000000.0,98005666.0
392641,https://www.themoviedb.org/movie/392641-el-fin-del-mundo-sera-en-brasil,El fin del mundo será en Brasil,11.0,2013-11-21,ES,Drama,0.0,"Everything points that the world is ending in two weeks. But Sergio’s family insists in leaving for Brazil where his father has found a job. In his last day together Sergio will try to deliver a love letter to Ana, his best friend’s girlfriend. All in all, who cares about consequences when it’s the end of the world?",Sergi Portabella,Sergi Portabella,Released,Spanish; Castilian,,
931842,https://www.themoviedb.org/movie/931842,Mini Hero,72.0,2022-01-28,CN,Comedy,1.0,We don't have an overview translated in English. Help us expand our database by adding one.,Xiong Chen,,Released,Chinese,,
11284,https://www.themoviedb.org/movie/11284-freddy-s-dead-the-final-nightmare,Freddy's Dead: The Final Nightmare,89.0,1991-09-13,US,"Horror, Thriller, Comedy",5.3,"Just when you thought it was safe to sleep, Freddy Krueger returns in this sixth installment of the Nightmare on Elm Street films, as psychologist Maggie Burroughs, tormented by recurring nightmares, meets a patient with the same horrific dreams. Their quest for answers leads to a certain house on Elm Street -- where the nightmares become reality.",Rachel Talalay,Michael De Luca,Released,English,10000000.0,34872033.0
343583,https://www.themoviedb.org/movie/343583,The Sun and the Little Snow Men,10.0,1985-06-07,UA,Animation,8.5,"This story took place one day in winter, when snowmen in the woods were afraid that the heat radiated by the sun would bring them irreparable harm. These kind creatures just did not want to melt and decided to find the sun, urged him not to warm the earth. They did not even know how it looks like when they started their path, and then they realized all living things need it...",Volodymyr Honcharov,,Released,Ukrainian,,
13680,https://www.themoviedb.org/movie/13680-the-game-plan,The Game Plan,110.0,2007-12-12,KR,"Comedy, Family",6.5,"Bachelor football star Joe Kingman seems to have it all. He is wealthy and carefree, and his team is on the way to capturing a championship. Suddenly, he is tackled by some unexpected news: He has a young daughter, the result of a last fling with his ex-wife. Joe must learn to balance his personal and professional lives with the needs of his child.",Andy Fickman,"Nichole Millard, Kathryn Price",Released,English,22000000.0,147880543.0
11829,https://www.themoviedb.org/movie/11829-continuavano-a-chiamarlo-trinita,Trinity Is Still My Name,118.0,1976-12-04,KR,"Comedy, Western",7.4,The two brothers Trinity and Bambino are exchanged by two federal agents and take advantage of the situation to steal a huge booty hidden in a monastery by a gang of outlaws.,Enzo Barboni,Enzo Barboni,Released,Italian,,2100000.0
263647,https://www.themoviedb.org/movie/263647,Needhikku Thalaivanangu,164.0,1976-03-17,IN,Drama,9.0,We don't have an overview translated in English. Help us expand our database by adding one.,P. Neelakantan,,Released,Tamil,,
1524027,https://www.themoviedb.org/movie/1524027,家庭教師が解く！～殺人方程式の推理ドリル～,,2013-05-20,JP,Mystery,7.0,We don't have an overview translated in English. Help us expand our database by adding one.,Yasushi Okada,Kuniho Yasui,Released,Japanese,,
15357,https://www.themoviedb.org/movie/15357-banlieue-13-ultimatum,District 13: Ultimatum,101.0,2009-04-16,KR,"Action, Thriller, Crime",6.4,"Damien and Leito return to District 13 on a mission to bring peace to the troubled sector that is controlled by five different gang bosses, before the city’s secret services take drastic measures to solve the problem.",Patrick Alessandrin,Luc Besson,Released,French,15000000.0,14103752.0
1076729,https://www.themoviedb.org/movie/1076729,Murder in Winter Yalta,97.0,2007-09-08,UA,"Adventure, Crime",2.5,"The public prosecution office of Yalta gets the next scheduled case about the murder in the business-circles. This time the victim is an accountant of one of the big businesses. The investigators set out a lot of leads. But the sphere of the alleged criminals is too wide, and the key will be very uncommon and exticiting.",Oleksandr Muratov,Oleksandr Muratov,Released,Ukrainian,,
830788,https://www.themoviedb.org/movie/830788-the-invitation,The Invitation,105.0,2023-05-02,KR,"Horror, Thriller",6.0,"After the death of her mother, Evie is approached by an unknown cousin who invites her to a lavish wedding in the English countryside. Soon, she realizes a gothic conspiracy is afoot and must fight for survival as she uncovers twisted secrets in her family’s history.",Jessica M. Thompson,Blair Butler,Released,English,10000000.0,33628000.0
1102493,https://www.themoviedb.org/movie/1102493-small-things-like-these,Small Things Like These,99.0,2024-12-11,KR,Drama,6.7,"In 1985, while working as a coal merchant to support his family, Bill Furlong discovers disturbing secrets kept by the local convent and uncovers truths of his own; forcing him to confront his past and the complicit silence of a small Irish town controlled by the Catholic Church.",Tim Mielants,Enda Walsh,Released,English,3000000.0,12534032.0
22907,https://www.themoviedb.org/movie/22907-takers,Takers,107.0,2010-12-03,KR,"Action, Crime, Drama, Thriller",6.3,"A seasoned team of bank robbers, including Gordon Jennings, John Rahway, A.J., and brothers Jake and Jesse Attica successfully complete their latest heist and lead a life of luxury while planning their next job. When Ghost, a former member of their team, is released from prison he convinces the group to strike an armored car carrying $20 million. As the ""Takers"" carefully plot out their strategy and draw nearer to exacting the grand heist, a reckless police officer inches closer to apprehending the criminals.",John Luessenhop,"John Luessenhop, Gabriel Casseus, Peter Allen, Avery Duff",Released,English,32000000.0,80205382.0
873,https://www.themoviedb.org/movie/873-the-color-purple,The Color Purple,154.0,1986-10-18,KR,"Drama, History",7.7,"An epic tale spanning forty years in the life of Celie, an African-American woman living in the South who survives incredible abuse and bigotry. After Celie's abusive father marries her off to the equally debasing 'Mister' Albert Johnson, things go from bad to worse, leaving Celie to find companionship anywhere she can. She perseveres, holding on to her dream of one day being reunited with her sister in Africa.",Steven Spielberg,"Alice Walker, Menno Meyjes",Released,English,15000000.0,146300000.0
763,https://www.themoviedb.org/movie/763-braindead,Braindead,103.0,1992-08-13,NZ,"Horror, Comedy",7.4,"When a Sumatran rat-monkey bites Lionel Cosgrove's mother, she's transformed into a zombie and begins killing (and transforming) the entire town while Lionel races to keep things under control.",Peter Jackson,"Peter Jackson, Stephen Sinclair, Fran Walsh",Released,English,3000000.0,242623.0
623491,https://www.themoviedb.org/movie/623491-the-babysitter-killer-queen,The Babysitter: Killer Queen,101.0,2020-09-10,KR,"Comedy, Horror",6.3,"Two years after defeating a satanic cult led by his babysitter Bee, Cole's trying to forget his past and focus on surviving high school. But when old enemies unexpectedly return, Cole will once again have to outsmart the forces of evil.",McG,"McG, Jimmy Warden, Dan Lagana, Brad Morris",Released,English,,
138300,https://www.themoviedb.org/movie/138300-sin-un-adios,Sin un adiós,90.0,1970-09-17,ES,Drama,6.2,"Mario Leyva, famous singer in full glory harassed every day more for his ""fans"", takes the life that they allow him, dedicated to his art and directed professionally by his ""manager"". His popularity makes him be mixed in the advertising of a brand of cigarettes by advertising phrases that repeat themselves in all the languages.",Vicente Escrivá,Vicente Escrivá,Released,Spanish; Castilian,,
1472940,https://www.themoviedb.org/movie/1472940-prisonni-re,Prisonnière,80.0,2026-06-25,KR,"TV Movie, Thriller",5.9,"Stuck in a tunnel after a car crash, an amnesic woman needs to escape the wreck before it explodes. But the memories that come back to her in flashes are revealing another shocking story…",Valentin Vincent,"Magali Rossitto, Jean-Luc Cano, David Morley",Released,French,,
365427,https://www.themoviedb.org/movie/365427-tropykaos,Tropykaos,85.0,2018-04-05,BR,,0.0,"The film tells the saga of Guima, a young poet who believes he suffers from “solar ultra violence” during the hottest summer in 50 years in Salvador. The alleged disease is caused by the relentless heat that hits the city. Under the marginal eyes of Guima, in a mix of reality and fantasy, the film presents a tropical/chaotic Salvador, as opposed to the stereotypical city seen in postcards, on a journey of a search for a redemptive air conditioning that can rid this contemporary antihero of what suffocates his existence.",Daniel Lisboa,"Daniel Lisboa, Guilherme Sarmiento",Released,Portuguese,,
371645,https://www.themoviedb.org/movie/371645-hunt-for-the-wilderpeople,Hunt for the Wilderpeople,101.0,2017-01-24,KR,"Adventure, Comedy, Drama",7.6,"Ricky is a defiant young city kid who finds himself on the run with his cantankerous foster uncle in the wild New Zealand bush. A national manhunt ensues, and the two are forced to put aside their differences and work together to survive.",Taika Waititi,"Taika Waititi, Barry Crump",Released,English,2500000.0,23900000.0
1241743,https://www.themoviedb.org/movie/1241743-kapalit,Kapalit,112.0,2024-11-08,KR,Drama,4.6,"Audrey is hired as a private nurse by Stan for his sick wife, Demi. But as Audrey spends time with the married couple, she falls for Stan and works her way to replace Demi as Stan’s lover.",Carlo Alvares,,Released,Tagalog,,
165140,https://www.themoviedb.org/movie/165140-jin,Jîn,122.0,2013-02-09,TR,"Drama, War",5.9,"A bitter conflict has raged between guerrillas and the army in Turkey's Kurdish regions for over 30 years. Large expanses have now become war zones. Countless young people have lost their lives to the conflict. This dangerous but incredibly beautiful mountainous country is home to 17-year-old Jîn. But she is no longer safe since she secretly stole away from a group of rebels with whom she was fighting. Now she wanders the picturesque landscape alone, caught between two fronts. All of a sudden, the sound of gunfire and explosions rend the air above the untouched natural scenery. Attack is threatened from all sides. Desperate to find peace, Jîn decides to escape to another part of the country – an impossible plan, since the military is omnipresent and there are road blocks everywhere. As a Kurd without identity papers she risks arrest at every turn. In addition, as a woman with no family to shield her, many men will see her as fair game. But her courage is unbroken.",Reha Erdem,Reha Erdem,Released,Turkish,,
8051,https://www.themoviedb.org/movie/8051-punch-drunk-love,Punch-Drunk Love,96.0,2003-05-08,KR,"Romance, Drama, Comedy",7.1,A socially awkward and volatile small business owner meets the love of his life after being threatened by a gang of scammers.,Paul Thomas Anderson,Paul Thomas Anderson,Released,English,25000000.0,24665649.0
15854,https://www.themoviedb.org/movie/15854-kung-fu-panda-secrets-of-the-furious-five,Kung Fu Panda: Secrets of the Furious Five,25.0,2008-11-08,US,"Animation, Family, Action",6.8,"Ordered to teach a martial arts class of rambunctious bunny kittens, Po tells stories of each of the Furious Five's pasts.",Raman Hui Shing-Ngai,"Paul McEvoy, Todd Berger",Released,English,,
1568546,https://www.themoviedb.org/movie/1568546-onde-raktha,Onde Raktha,148.0,1984-06-01,IN,"Action, Drama",10.0,Onde Raktha is a 1984 Kannada action film directed by Sreekumaran Thampi.,Sreekumaran Thampi,Sreekumaran Thampi,Released,Kannada,,
1658982,https://www.themoviedb.org/movie/1658982-the-roast-of-kevin-hart,The Roast of Kevin Hart,172.0,2026-05-10,US,Comedy,6.1,Kevin Hart is in the hot seat and ready for all the smoke as roastmaster Shane Gillis and a dais of A-listers unleash a raw and ruthless night of laughs.,Beth McCarthy-Miller,"Zac Amico, Bob Castrone, Emmy Blotnick, Dicky Eagan, Ray James, Joey Wells, Chris Spencer, Nick Mullen, Mike Lawrence, Jeff Ross, Frank Sebastiano, Brian Frange, Casey Patterson, Dan St. Germain, Harry Ratchford, Michael Ferrucci, J.P. McDade",Released,English,,
470095,https://www.themoviedb.org/movie/470095-peripatetico,Peripatético,15.0,2017-08-28,BR,,0.0,"Simone, Thiana and Michel are young people living on the outskirts of São Paulo. Simone is looking for her first job, Thiana tries to pass the medical exam, and Michel still does not know what to do. Amidst the demands of early adulthood, a historic event in May 2006 in the city of São Paulo changes the course of their lives forever.",Jessica Queiroz,Ananda Radhika,Released,Portuguese,,
1328234,https://www.themoviedb.org/movie/1328234-duty-calls,Duty Calls,8.0,2024-05-24,US,,0.0,"In ""Duty Calls,"" a group of friends gathers for what seems to be a military briefing, complete with banter and camaraderie. However, the truth soon emerges—they're not soldiers at all, but avid gamers immersed in the world of Call of Duty. But there's more to the story than meets the eye. When the soldiers' wives and girlfriends decide it's their turn to enjoy some gaming action, they hatch a plan to trick the men into leaving the house.",Michael David Carlisle,,Released,English,,
505283,https://www.themoviedb.org/movie/505283,My Cousin Sister,59.0,2019-06-03,KR,"Romance, Drama",3.0,"Cousins who work at a single workplace, the man having sex with her older cousin who is angry at him, his younger cousin he loves before who visits, and a hot love story that begins again. The story of a woman who wants to leave the countryside falls into the charm of an uncle who lives with her in town, and a new story written with entangled desires.",Yoon Joong-boo,,Released,Korean,,
14199,https://www.themoviedb.org/movie/14199-the-adventures-of-sharkboy-and-lavagirl,The Adventures of Sharkboy and Lavagirl,92.0,2005-07-21,KR,"Adventure, Family, Science Fiction",5.2,"Everyone always knew that Max had a wild imagination, but no one believed that his wildest creations -- a boy raised by watchful great white sharks and a girl with the force of a volcano -- were real. Now, these two pint-sized action masters will show Max that even an ordinary kid has what it takes to be extraordinary.",Robert Rodriguez,"Robert Rodriguez, Marcel Rodriguez",Released,English,50000000.0,72000000.0
422782,https://www.themoviedb.org/movie/422782,Two in the Morning,96.0,1987-10-19,CN,"Mystery, Horror",0.0,"A young woman lawyer, Xiao Qi work on an ordinary divorce case, but this one is more complex than imagined. In order to uphold justice and safeguard human rights, She re-investigate of the case.  And found that it could be link to Something more sinister.",Bao Zhifang,"Shen Yaoting, Zhiqiang Zhao, Huiying Hu",Released,Chinese,,
20544,https://www.themoviedb.org/movie/20544-something-the-lord-made,Something the Lord Made,110.0,2004-05-30,US,"TV Movie, Drama",7.9,A dramatization of the relationship between heart surgery pioneers Alfred Blalock and Vivien Thomas.,Joseph Sargent,"Peter Silverman, Robert Caswell",Released,English,,
13681,https://www.themoviedb.org/movie/13681-places-in-the-heart,Places in the Heart,111.0,1991-05-14,KR,Drama,7.2,"In 1935 rural Texas, recently widowed Edna Spaulding struggles to survive with two small children, a farm to run, and very little money in the bank - not to mention a deadly tornado and the unwelcome presence of the Ku Klux Klan. Edna is aided by her beautician sister, Margaret; a blind boarder, Mr. Will; and a would-be thief, Moze, who decides to teach Edna how to plant and harvest cotton.",Robert Benton,Robert Benton,Released,English,9500000.0,34901614.0
9593,https://www.themoviedb.org/movie/9593-last-action-hero,Last Action Hero,131.0,1993-07-24,KR,"Fantasy, Action, Comedy",6.5,"After his father's death, a young boy finds solace in action movies featuring an indestructible cop. Given a magic ticket by a theater manager, he is transported into the film and teams up with the cop to stop a villain who escapes into the real world.",John McTiernan,"David Arnott, Shane Black",Released,English,85000000.0,137298489.0
1542352,https://www.themoviedb.org/movie/1542352,Youth,141.0,2026-03-19,IN,"Comedy, Romance, Drama",7.2,"Youth follows Praveen, a 15-year-old boy who enters adolescence determined to find true love before school ends. As he goes through multiple relationships and heartbreaks, he slowly begins to understand what love truly means. Along the way, the experiences shape his growth, maturity, and outlook on life.",Ken Karunaas,Ken Karunaas,Released,Tamil,752800.0,7528000.0
1487688,https://www.themoviedb.org/movie/1487688-slyozy-drakona,Tears of the Dragon,107.0,2025-03-29,RU,"Drama, History",0.0,"Khan Suranzan always revered the Flame Dragon and brought him gifts on the shores of Lake Baikal. But one day the dragon became angry and deprived little Galshi, the Khan's only heir, of his mind. The young man grew up kind, but stupid... The Khan decided to find a wise wife for his son, but then his enemies rose up. Both his own and others. Will Khan Suranzan cope with his enemies, will anyone love Galshi, and what is the secret of the dragon's tears?",Tatyana Miroshnik,"Tatyana Miroshnik, Evgeniya Fakhrutdinova",Released,Russian,,
1469224,https://www.themoviedb.org/movie/1469224-r-quyusu,Ər Quyusu,94.0,2019-02-15,AZ,Comedy,0.0,"A mother with 6 daughters who relies on fortune tellers to give birth to a son, a father who becomes the object of ridicule from his fellow villagers because his daughters do not get married, and the girls who are labeled ""stay-at-home"" against the backdrop of all this.",Saidə Haqverdiyeva,Saidə Haqverdiyeva,Released,Azerbaijani,,
599134,https://www.themoviedb.org/movie/599134-la-libertad-es-una-palabra-grande,Freedom is a Big Word,71.0,2018-11-17,NL,Documentary,0.0,"After thirteen years in Guantanamo, Muhammad is set free and taken to Uruguay. He has a second chance in an unknown place where he shall start to live a new life in freedom.",Guillermo Rocamora,Guillermo Rocamora,Released,Spanish; Castilian,,
15613,https://www.themoviedb.org/movie/15613-fire-in-the-sky,Fire in the Sky,109.0,1993-03-12,US,"Science Fiction, Mystery, Thriller, Drama",6.7,"After clearing brush for the government, a group of men return to town claiming their friend was abducted. Despite no apparent motive or evidence of foul play, no-one believes their story and his disappearance is treated as murder.",Rob Lieberman,Tracy Tormé,Released,English,15000000.0,19885552.0
1003426,https://www.themoviedb.org/movie/1003426,Ximen Family,,1989-12-01,CN,Drama,0.0,We don't have an overview translated in English. Help us expand our database by adding one.,Sun Sha,Du Lijuan,Released,Chinese,,
548449,https://www.themoviedb.org/movie/548449-ye-dian,Night Inn,107.0,1947-01-01,CN,Drama,6.0,"Night Inn (Chinese: 夜店; pinyin: Yè Diǎn) is a Chinese black-and-white film released in 1947, directed by Huang Zuolin and starring the popular Shanghai singer Zhou Xuan.  The film is based on the Chinese theatrical adaptation of Maxim Gorky's The Lower Depths by playwright Ke Ling. The play and the film were both banned in China during the Cultural Revolution but were popular in the post-Mao period.",Huang Zuolin,Ling Ke,Released,Chinese,,
280844,https://www.themoviedb.org/movie/280844-das-bose,Das Böse,,1998-03-16,DE,Crime,5.7,We don't have an overview translated in English. Help us expand our database by adding one.,Christian Görlitz,,Released,German,,
999644,https://www.themoviedb.org/movie/999644-you-are-so-not-invited-to-my-bat-mitzvah,You Are So Not Invited to My Bat Mitzvah,103.0,2023-08-25,KR,"Comedy, Drama",6.5,Stacy and Lydia are BFFs who've always dreamed about having epic bat mitzvahs. But things start to go comically awry when a popular boy and middle school drama threatens their friendship and their rite of passage.,Sammi Cohen,Alison Peck,Released,English,,
435800,https://www.themoviedb.org/movie/435800,Journey to the West: The Demons Strike Back,109.0,2017-01-28,CN,"Adventure, Fantasy, Action",6.0,"Tang Monk brings three disciples on a journey to the West. On the outside, everything seems harmonious. However, tension is present beneath the surface, and their hearts and minds are not in agreement. After a series of demon-capturing events, the monk and his disciples gain mutual understanding of each others' hardships and unease. Finally, they resolve their inner conflict and work together to become an all-conquering, demon-exorcising team.",Tsui Hark,"Tsui Hark, Stephen Chow",Released,Chinese,63900000.0,248805149.0
1508159,https://www.themoviedb.org/movie/1508159-avatar,Narasimha Avatar,124.0,2025-05-23,NP,Drama,0.0,"Set in Kathmandu, Narsimha Avatar is an action thriller in which a feared gangster’s empire is challenged by a mysterious masked vigilante, while a disgraced cop seeking revenge and a young man haunted by a hidden past become entangled in a web of crime, justice, and destiny.",Diwakar Bhattrai,Diwakar Bhattrai,Released,Nepali,,
654,https://www.themoviedb.org/movie/654-on-the-waterfront,On the Waterfront,108.0,1995-05-23,KR,"Crime, Drama, Romance",7.9,"A prizefighter-turned-longshoreman with a conscience goes up against labor leaders to expose corruption, extortion, and murder among the union ranks.",Elia Kazan,Budd Schulberg,Released,English,910000.0,9600631.0
481492,https://www.themoviedb.org/movie/481492-agustos-bocekleri-ve-karincalar,Cicadas and Ants,118.0,2017-05-12,TR,Drama,5.0,Sibling visit their father who is in edge of  death and face what they have done in past.,Erhan Tuncer,Erhan Tuncer,Released,Turkish,,
452073,https://www.themoviedb.org/movie/452073-2,Young Sister-In-Law 2,94.0,2017-02-08,KR,Romance,4.9,"Won-jin is sent into a nearby region suddenly by the company. He is unprepared when he goes down so he calls his friend Chang-hoon who lives there. Chang-hoon lets Won-jin stay at his house for the time being but Won-jin gets to thinking.  The reason is, Chang-hoon's young wife Soo-yeong has a history with Won-jin. However, Won-jin decides to go to Chang-hoon's house to see Soo-yeong. Chang-hoon just happens to leave the house for a while and Won-jin meets Soo-yeong's glamorous friend Kyeong-hee who is also living there.  Won-jin starts living with Soo-yeong and Kyeong-hee who starts seducing him.",Kim Tae-soo,,Released,Korean,,
200279,https://www.themoviedb.org/movie/200279-dechires-graves,Déchirés / Graves,82.0,2013-06-12,FR,Documentary,0.0,We don't have an overview translated in English. Help us expand our database by adding one.,Vincent Dieutre,,Released,French,,
6038,https://www.themoviedb.org/movie/6038-shanghai-knights,Shanghai Knights,115.0,2003-02-14,KR,"Adventure, Comedy, Western",6.1,"When a Chinese rebel murders Chon's estranged father and escapes to England, Chon and Roy make their way to London with revenge on their minds.",David Dobkin,"Alfred Gough, Miles Millar",Released,English,50000000.0,88323487.0
286620,https://www.themoviedb.org/movie/286620-kotelek,Bondage,97.0,1968-08-12,HU,,7.0,"Molnár Karcsi, the former sport-pilot now sprays fertilizers somewhere in the country and feels that his present job is rather inferior. He is dreaming about limitless heights, but he behaves quite arrogantly with the people around him. He becomes estranged from his wife who waits for him patiently whenever he is away.",Félix Máriássy,Félix Máriássy,Released,English,,
763788,https://www.themoviedb.org/movie/763788-dangerous,Dangerous,99.0,2021-11-05,US,"Action, Thriller",6.0,"A reformed sociopath heads to a remote island after the death of his brother. Soon after his arrival, the island falls under siege from a deadly gang of mercenaries, and when he discovers their role in his brother’s demise, he sets out on a relentless quest for vengeance.",David Hackl,Christopher Borrelli,Released,English,,
511035,https://www.themoviedb.org/movie/511035-a-rajzolo,The Drawer,5.0,2016-03-11,HU,Animation,0.0,short animation,István Orosz,,Released,English,,
1712,https://www.themoviedb.org/movie/1712-giant,Giant,201.0,1957-10-30,KR,"Drama, Western",7.6,"Wealthy rancher Bick Benedict and dirt-poor cowboy Jett Rink both woo Leslie Lynnton, a beautiful young woman from Maryland who is new to Texas. She marries Benedict, but she is shocked by the racial bigotry of the White Texans against the local people of Mexican descent. Rink discovers oil on a small plot of land, and while he uses his vast, new wealth to buy all the land surrounding the Benedict ranch, the Benedict's disagreement over prejudice fuels conflict that runs across generations.",George Stevens,"Edna Ferber, Fred Guiol, Ivan Moffat",Released,English,5400000.0,32855818.0
12838,https://www.themoviedb.org/movie/12838-chacun-sa-nuit,One to Another,95.0,2006-07-21,FR,Drama,6.0,"A story about bunch of people who live in a town in provincial France. At the center of it all is Pierre, a conceited and vain bisexual musician in his late teens who acts as a magnet, to varying degrees, for a whole array of characters - from his sister Lucie, with whom he has a heated incestuous relationship, to a city councilor with whom he participates in gay orgies. When Pierre turns up dead, Lucie investigates the reasons for his demise and charts the network of sadomasochistic relationships that crisscross the town.","Pascal Arnold, Jean-Marc Barr",Pascal Arnold,Released,French,,
331313,https://www.themoviedb.org/movie/331313-keeping-up-with-the-joneses,Keeping Up with the Joneses,105.0,2016-10-21,US,"Action, Comedy",6.1,An ordinary suburban couple finds it’s not easy keeping up with the Joneses – their impossibly gorgeous and ultra-sophisticated new neighbors – especially when they discover that Mr. and Mrs. “Jones” are covert operatives.,Greg Mottola,Michael LeSieur,Released,English,40000000.0,29900000.0
104,https://www.themoviedb.org/movie/104-lola-rennt,Run Lola Run,80.0,1998-08-20,DE,"Action, Drama, Thriller",7.3,"Lola receives a phone call from her boyfriend Manni. He lost 100,000 DM in a subway train that belongs to a very bad guy. She has 20 minutes to raise this amount and meet Manni. Otherwise, he will rob a store to get the money. Three different alternatives may happen depending on some minor event along Lola's run.",Tom Tykwer,Tom Tykwer,Released,German,1530000.0,7660911.0
574060,https://www.themoviedb.org/movie/574060-gunpowder-milkshake,Gunpowder Milkshake,114.0,2021-09-08,KR,"Action, Crime, Thriller",6.3,"To protect an 8-year-old girl, a dangerous assassin reunites with her mother and her lethal associates to take down a ruthless crime syndicate and its army of henchmen.",Navot Papushado,"Navot Papushado, Ehud Lavski",Released,English,30000000.0,1015760.0
66312,https://www.themoviedb.org/movie/66312,Mangudi Minor,137.0,1978-05-19,IN,"Drama, Romance",4.0,Tragedy strikes a family of four when the train they are travelling in meets with an accident and separates them from each other.,V. C. Guhanathan,V. C. Guhanathan,Released,Tamil,,
401062,https://www.themoviedb.org/movie/401062-szulei-szeme,His Parents' Eyes,90.0,2015-09-23,HU,Documentary,0.0,"The documentary follows the life of a blind couple who, despite social prejudice, decided to have a child. Ferike has a dream: when he grows up, he will collect the money for his parents’ surgery so that they can regain their eyesight and be able to see just like him. For the time being, he accompanies them in their daily life. He assists them everywhere: in a shop, on the way to work, in a museum or the zoo. The parents do their best to have the son enjoy his childhood just like his peers and, at the same time, not move too far away from them.",Ágota Varga,Ágota Varga,Released,Hungarian,,
285892,https://www.themoviedb.org/movie/285892-der-schonste-mann-im-staate,The handsomest man in the state,,1932-02-18,DE,Drama,7.0,We don't have an overview translated in English. Help us expand our database by adding one.,Carl Boese,,Released,German,,
1014877,https://www.themoviedb.org/movie/1014877-bkfc-27-perry-vs-page,BKFC 27: Perry vs Page,,2022-08-20,GB,Action,0.0,"20th August 2022 from the OVO Arena Wembley. London, England",,,Released,English,,
676581,https://www.themoviedb.org/movie/676581-insula,The Island,85.0,2021-10-08,KR,"Animation, Drama, Music",6.5,"Robinson is a doctor and unlike Robinson Crusoe, his solitude is voluntary but his island in the Mediterranean Sea is invaded by migrants, NGOs, guards. Friday is a castaway, the only one from his boat to have survived when sailing from Africa to Italy. During his strolls on the island, Robinson confronts his own solitude by keeping a diary - that works like augmented reality - filled with extraordinary beings and events, which both fill and trouble his daily life.",Anca Damian,"Anca Damian, Augusto Zanovello",Released,Romanian,,
1128377,https://www.themoviedb.org/movie/1128377-in-cold-light,In Cold Light,96.0,2025-09-26,CA,"Thriller, Crime",5.9,"Fresh out of prison, Ava's attempt to reclaim her drug operation collapses when she witnesses a brutal crime, forcing her to flee into a nightmarish underworld where allies are scarce and enemies multiply by the minute.",Maxime Giroux,Patrick Whistler,Released,English,,
329900,https://www.themoviedb.org/movie/329900-ich-pfeif-auf-schone-manner,Ich pfeif auf schöne Männer,90.0,2001-03-16,DE,Comedy,5.7,"Linda is a successful art director, but not only her career but also her bad experiences with men have left her lonely. Linda's gay colleague Donald is her best ""friend,"" but at the moment he needs help himself. He is in love with the agency boss Peter König  but Peter doesn't dare openly admit to this relationship.",Helmut Metzger,,Released,German,,
10776,https://www.themoviedb.org/movie/10776-little-shop-of-horrors,Little Shop of Horrors,94.0,1986-12-19,US,"Horror, Comedy",7.0,"Seymour Krelborn is a nerdy orphan working at Mushnik's; a flower shop in urban Skid Row. He harbors a crush on fellow co-worker, Audrey Fulquard, and is berated by Mr. Mushnik daily. One day, Seymour finds a very mysterious unidentified plant which he calls Audrey II. The plant seems to have a craving for blood and soon begins to sing for it’s supper.",Frank Oz,Howard Ashman,Released,English,25000000.0,53964308.0
837,https://www.themoviedb.org/movie/837-videodrome,Videodrome,88.0,1989-08-21,KR,"Horror, Science Fiction, Mystery",7.2,"As the president of a trashy TV channel, Max Renn is desperate for new programming to attract viewers. When he happens upon ""Videodrome,"" a TV show dedicated to gratuitous torture and punishment, Max sees a potential hit and broadcasts the show on his channel. However, after his girlfriend auditions for the show and never returns, Max investigates the truth behind Videodrome and discovers that the graphic violence may not be as fake as he thought.",David Cronenberg,David Cronenberg,Released,English,5952000.0,2120439.0
1221037,https://www.themoviedb.org/movie/1221037-a-identidade,A Identidade,19.0,2023-12-20,BR,,0.0,"Helena, a forty-year-old woman whom, during a period of crisis, begins to receive anonymous letters from an admirer that watches her daily. Meanwhile, she tries to keep it hidden from her partner, João Pedro. Based on the novel by Czech author Milan Kundera.","Arthur Linden, Julia Villela","Arthur Linden, Julia Villela",Released,Portuguese,,
932086,https://www.themoviedb.org/movie/932086-horizon-an-american-saga-chapter-1,Horizon: An American Saga - Chapter 1,182.0,2024-06-28,US,"Western, Drama",6.8,"In 1859, families discover the lure of the Old West as they settle in territories from Wyoming to Kansas. Meanwhile, a gruff cowboy finds himself on the run with a prostitute and a young boy after killing a fellow gunman.",Kevin Costner,"Kevin Costner, Jon Baird",Released,English,50000000.0,38735702.0
9730,https://www.themoviedb.org/movie/9730-friday-the-13th-the-final-chapter,Friday the 13th: The Final Chapter,91.0,1985-06-21,KR,Horror,6.1,"After his revival in a hospital morgue, Jason fixes his vengeful attention on the Jarvis family and a group of hitherto carefree teenagers.",Joseph Zito,Barney Cohen,Released,English,2600000.0,32984636.0
9610,https://www.themoviedb.org/movie/9610-conan-the-destroyer,Conan the Destroyer,103.0,1986-06-14,KR,"Adventure, Fantasy, Action",6.1,"Conan is commissioned by the evil queen Taramis to safely escort a teen princess and her powerful bodyguard to a far away castle to retrieve the magic Horn of Dagoth. Unknown to Conan, the queen plans to sacrifice the princess when she returns and inherit her kingdom after the bodyguard kills Conan. The queen's plans fail to take into consideration Conan's strength and cunning and the abilities of his sidekicks: the eccentric wizard Akiro, the warrior woman Zula, and the inept Malak. Together the hero and his allies must defeat both mortal and supernatural foes in this voyage to sword-and-sorcery land.",Richard Fleischer,Stanley Mann,Released,English,18000000.0,31042035.0
56288,https://www.themoviedb.org/movie/56288-spy-kids-all-the-time-in-the-world,Spy Kids: All the Time in the World,89.0,2013-01-10,KR,"Family, Comedy, Action, Adventure",4.7,"Eight years after the third film, the OSS has become the world's top spy agency, while the Spy Kids department has since become defunct. Retired spy Marissa is called back into action, and to bond with her new stepchildren Rebecca and Cecil, she invites them along to stop the evil Timekeeper from taking over the world.",Robert Rodriguez,Robert Rodriguez,Released,English,27000000.0,85564310.0
1542995,https://www.themoviedb.org/movie/1542995,Bonolota Express,153.0,2026-03-21,BD,"Drama, Comedy, Family",8.4,"On a foggy winter journey, the Bonolota Express carries strangers burdened by secrets whose lives begin to collide within the train’s confined corridors. As the night unfolds, personal and political crises erupt, exposing hidden grief, moral decay, and moments of unexpected compassion amid chaos and revolt. By dawn, the train moves on, leaving its passengers irrevocably changed by a single journey where illusions collapse and human truths emerge.",Tanim Noor,"Humayun Ahmed, Ayman Asib Shadhin, Samiul Bhuiyan",Released,Bengali,,
931102,https://www.themoviedb.org/movie/931102,Ride On,126.0,2023-05-31,KR,"Action, Comedy, Drama",7.2,A washed-up stuntman and his stunt horse become an overnight social media sensation when their real-life fight with debt collectors goes viral.,Larry Yang,Larry Yang,Released,Chinese,,36232675.0
387732,https://www.themoviedb.org/movie/387732-mujeres-infieles-2,Mujeres infieles 2,109.0,2003-03-14,MX,Drama,6.2,"Anthology movie, three stories about marriages in crisis.",Adolfo Martínez Solares,Adolfo Martínez Solares,Released,Spanish; Castilian,,
1169537,https://www.themoviedb.org/movie/1169537,Batwara 1947,145.0,2026-08-13,IN,"Action, Drama, War",0.0,"The story of an elderly Muslim woman who refuses to leave her ancestral home in Lahore, only to have a Hindu refugee family from Lucknow allotted to her house following the events of the 1947 Partition of India and Pakistan.",Rajkumar Santoshi,Rajkumar Santoshi,Post Production,Hindi,,
1694254,https://www.themoviedb.org/movie/1694254-caravelle-114,Caravelle 114,,2026-05-19,BR,"Drama, Crime, History, TV Movie",0.0,"At the height of Brazil’s military dictatorship, a flight would change the fate of everyone on board. Among the passengers were a mother, her two young children, and militants from VAR-Palmares with a daring plan: to divert Flight 114 to Cuba.  Caravelle 114 reconstructs, in fiction, the events behind the hijacking that defied the Brazilian dictatorship.",William Biagioli,"William Biagioli, Valdelis Gubiã Antunes, Artur Ianckievicz, Raquel Ribeiro",Released,Portuguese,,
859214,https://www.themoviedb.org/movie/859214,Mom Lover,,2018-02-08,KR,Romance,7.5,"Min-hee, a college student living with her designer mother, has two secrets.For one thing, have an older sex partner you meet regularly. Min-hee fills her father's vacancy by meeting the man. Another secret is that she keeps getting drawn to her mom's personal trainer, Cheol-min, whom she recently introduced to her mom.One day, when her appointment is canceled, Min-hee comes home and secretly spies on her mother and Cheol-min's sex",정진호,,Released,Korean,,
623,https://www.themoviedb.org/movie/623-a-fish-called-wanda,A Fish Called Wanda,109.0,1988-07-15,US,"Comedy, Crime",7.2,"While a diamond advocate attempts to steal a collection of diamonds, troubles arise when he realises he’s not the only one after the collection.",Charles Crichton,John Cleese,Released,English,7500000.0,188593712.0
262841,https://www.themoviedb.org/movie/262841-monster-trucks,Monster Trucks,104.0,2017-04-11,KR,"Action, Comedy, Science Fiction",6.1,"Tripp is a high school senior with a knack for building trucks who makes an incredible discovery - a gas-guzzling creature named Creech. To protect his mischievous new friend, Tripp hides Creech under the hood of his latest creation, turning it into a real-life super-powered Monster Truck. Together, this unlikely duo with a shared taste for speed team up on a wild and unforgettable journey to reunite Creech with his family.",Chris Wedge,Derek Connolly,Released,English,125000000.0,64493915.0
10098,https://www.themoviedb.org/movie/10098-the-kid,The Kid,68.0,1989-12-15,KR,"Comedy, Drama",8.1,A tramp cares for a boy after he's abandoned as a newborn by his mother. Later the mother has a change of heart and aches to be reunited with her son.,Charlie Chaplin,Charlie Chaplin,Released,English,250000.0,5450000.0
5550,https://www.themoviedb.org/movie/5550-robocop-3,RoboCop 3,105.0,1993-05-28,KR,"Action, Science Fiction, Thriller",4.9,"The mega corporation Omni Consumer Products is still bent on creating their pet project, Delta City, to replace the rotting city of Detroit. Unfortunately, the inhabitants of the area have no intention of abandoning their homes simply for desires of the company. To this end, OCP have decided to force them to leave by employing a ruthless mercenary army to attack and harass them. An underground resistance begins and in this fight, RoboCop must decide where his loyalties lie.",Fred Dekker,"Fred Dekker, Frank Miller",Released,English,22000000.0,10696210.0
16113,https://www.themoviedb.org/movie/16113-the-delta-force,The Delta Force,129.0,1986-02-14,US,"Action, Thriller, War",6.0,"A 707 aircraft jetliner, en route from Athens to Rome and then to New York City, is hijacked by Lebanese terrorists, who demand that the pilot take them to Beirut. What the terrorists don't realize is that an elite team of commandos have been called in to eliminate all terrorists on the jetliner.",Menahem Golan,"Menahem Golan, James Bruner",Released,English,9000000.0,17768900.0
261295,https://www.themoviedb.org/movie/261295-ot-ora-40,The Five-Forty,85.0,1939-09-12,HU,"Crime, Drama",7.0,"Set in Paris (which looks more like Budapest), the story concerns a murder investigation conducted by one Judge Henri Tessier. The audience is led to believe that Robert Petrovich, estranged husband of Tessier's sweetheart Marion, is responsible for the murder.",André de Toth,"József Babay, Jenö Szatmári",Released,Hungarian,,
877010,https://www.themoviedb.org/movie/877010-nad-niemnem,Over the River,43.0,2021-06-16,PL,Documentary,0.0,Once he wanted to be a soldier and today he is a rural doctor and a hard-working farmer. He is also a lonely guardian of the memory of this land’s Jewish inhabitants whose only reminder is an overgrown cemetery. A bucolic landscape over the Neman River preserves the traces of the deceased.,Andrei Kutsila,,Released,English,,
10623,https://www.themoviedb.org/movie/10623-cradle-2-the-grave,Cradle 2 the Grave,101.0,2003-02-28,US,"Action, Crime, Drama",6.1,"Gang leader Tony pulls off a major diamond heist with his crew, but cop-turned-criminal Ling knows who has the loot and responds by kidnapping Tony's daughter and holding her for ransom. Unfortunately, Tony's lost the diamonds as well. As he frantically searches for his daughter and the jewels, Tony pairs with a high-kicking government agent who once worked with Ling and seeks revenge on him.",Andrzej Bartkowiak,"John O'Brien, Channing Gibson",Released,English,25000000.0,56500000.0
11683,https://www.themoviedb.org/movie/11683-land-of-the-dead,Land of the Dead,93.0,2005-09-02,KR,"Horror, Science Fiction, Thriller",6.3,"The living dead have taken over the world, and the remaining humans live in a walled city to protect themselves as they cope with the situation.",George A. Romero,George A. Romero,Released,English,15000000.0,47074133.0
11866,https://www.themoviedb.org/movie/11866-flight-of-the-phoenix,Flight of the Phoenix,113.0,2005-02-04,KR,"Action, Adventure, Drama",6.0,"When an oil rig in the Gobi Desert of Mongolia proves unproductive, an aircraft crew are sent to shut the operation down and fly them out. On the flight out over the desert on the way to Beijing, Capt. Frank Towns and co-pilot A.J. are unable to keep their cargo plane, a C-119 Flying Boxcar, in the air when a violent sandstorm strikes. Crash-landing in a remote uncharted part of the desert, the two pilots and their passengers -- a crew of oil workers and a drifter -- must work together to survive by rebuilding the aircraft. Soon, low supplies and a band of merciless smugglers add even greater urgency to their task.",John Moore,"Edward Burns, Scott Frank",Released,English,45000000.0,21009180.0
6615,https://www.themoviedb.org/movie/6615-lars-and-the-real-girl,Lars and the Real Girl,107.0,2008-03-20,KR,"Drama, Romance",7.2,"Extremely shy Lars finds it impossible to make friends or socialize. His brother and sister-in-law worry about him, so when he announces that he has a girlfriend he met on the Internet, they are overjoyed. But Lars' new lady is a life-size plastic woman. On the advice of a doctor, his family and the rest of the community go along with his delusion.",Craig Gillespie,Nancy Oliver,Released,English,12000000.0,11293663.0
1013601,https://www.themoviedb.org/movie/1013601-the-alto-knights,The Alto Knights,122.0,2025-03-21,US,"Crime, Drama, History",6.2,"Two of New York's most notorious organized crime bosses, Frank Costello and Vito Genovese, vie for control of the city's streets. Once the best of friends, petty jealousies and a series of betrayals place them on a deadly collision course that will reshape the Mafia (and America) forever.",Barry Levinson,Nicholas Pileggi,Released,English,45000000.0,10225566.0
1730510,https://www.themoviedb.org/movie/1730510-bagong-tukso-2,Bagong tukso 2,75.0,2026-07-14,PH,"Documentary, Drama",4.5,"Meet the newest faces setting VMX on fire. Angel Castro, Shalanie De Vera, Shannon Sizon, Kim Yashii, and Akira Takamura turn up the heat in this all-new VMX Special. Get to know the women everyone's talking about and discover what makes them the newest VMX craze.",Rodante Pajemna Jr.,,Released,Tagalog,,
597221,https://www.themoviedb.org/movie/597221,Juvenile Wife,80.0,1980-04-26,JP,Drama,4.7,A newlywed wife suffers the consequences for her husband’s actions when he cheats a customer at his credit company out of a large sum of money.,Shinichi Shiratori,Shoko Shikamizu,Released,Japanese,,
1242213,https://www.themoviedb.org/movie/1242213-blood-money,Blood & Money,90.0,2023-10-15,US,Drama,6.0,"Four cousins from a tight-knit family are thrust into a world of chaos when the youngest of them is suspected of stealing money from one of Memphis' most dangerous drug dealers. But when one of them falls for the mark, things get complicated.",Nina Stakz,Nina Stakz,Released,English,,
9564,https://www.themoviedb.org/movie/9564-asterix-obelix-contre-cesar,Asterix and Obelix Take On Caesar,109.0,1999-07-31,KR,"Family, Adventure, Comedy, Fantasy",6.0,"Set in 50 B.C., Asterix and Obelix are living in a small but well-protected village in Gaul, where a magic potion concocted by Druids turns the townsfolk into mighty soldiers. When Roman troops carve a path through Gaul to reach the English Channel, Caesar and his aide de camp Detritus discover the secret elixir and capture the Druid leader who knows its formula, and Asterix and Obelix are sent off to rescue them.",Claude Zidi,Claude Zidi,Released,French,48500000.0,101644060.0
1501018,https://www.themoviedb.org/movie/1501018-une-famille-de-batards,A Family of Bastards,105.0,2026-06-12,FR,"Comedy, Crime",5.5,"After the death of his father, Mohamed discovers the living of a step-brother and a step-sister. Together, they must manage the suspicious bar they inherited of linked to criminality, drug traffic and prostitution.",Mourad Winter,"Mourad Winter, Elias Belkeddar",Released,French,,
1858,https://www.themoviedb.org/movie/1858-transformers,Transformers,144.0,2007-06-28,KR,"Adventure, Science Fiction, Action",6.8,Young teenager Sam Witwicky becomes involved in the ancient struggle between two extraterrestrial factions of transforming robots – the heroic Autobots and the evil Decepticons. Sam holds the clue to unimaginable power and the Decepticons will stop at nothing to retrieve it.,Michael Bay,"Alex Kurtzman, Roberto Orci",Released,English,150000000.0,709709780.0
51429,https://www.themoviedb.org/movie/51429,Female Yakuza Tale,86.0,1973-06-06,JP,"Action, Crime, Drama, Thriller",6.1,"Ocho is accidentally captured by a drug trafficking cartel who use Chinese women to smuggle drugs into Japan by hiding it in their vaginas. She is tortured, and manages to escape, fighting both the male yakuzas and a gang of female thieves.",Teruo Ishii,"Teruo Ishii, Masahiro Kakefuda, Ikuo Sekimoto",Released,Japanese,,
11453,https://www.themoviedb.org/movie/11453-deuce-bigalow-european-gigolo,Deuce Bigalow: European Gigolo,83.0,2006-03-10,KR,Comedy,5.3,Deuce Bigalow goes to Amsterdam after a little accident including two irritating kids and a bunch of aggressive dolphins. There he meets up with his old friend T.J. Hicks. But a mysterious killer starts killing some of Amsterdam's finest gigolos and T.J. is mistaken for the extremely gay murderer. Deuce must enter the gigolo industry again to find the real murderer and clear T.J.'s name.,Mike Bigelow,"David Garrett, Jason Ward, Rob Schneider",Released,English,22000000.0,45109561.0
1487994,https://www.themoviedb.org/movie/1487994-spasibo,Thank You,68.0,1998-01-01,AZ,"Comedy, Drama",0.0,"The teacher, who has the idea of ​​getting married, cannot fulfill his wish due to poverty. In the end, he decides to make a belt from Soviet flags and earn money.","Yashar Nuri, Vagif Azeryar",Amir Pahlavan,Released,Azerbaijani,,
11199,https://www.themoviedb.org/movie/11199-wild-hogs,Wild Hogs,100.0,2007-03-02,US,"Action, Adventure, Comedy",6.0,"Restless and ready for an adventure, four suburban bikers leave the safety of their subdivision and head out on the open road. But complications ensue when they cross paths with an intimidating band of New Mexico bikers known as the Del Fuegos.",Walt Becker,Brad Copeland,Released,English,60000000.0,253625427.0
553512,https://www.themoviedb.org/movie/553512,Burn the Stage: The Movie,85.0,2018-11-15,KR,"Music, Documentary",8.3,"Burn the Stage: the Movie is the first movie from BTS, going behind-the-scenes of the BTS WINGS TOUR to reveal the full story of the band’s meteoric rise to fame. This unmissable film provides an intimate look at what happens when the most successful global boy band of all time breaks down barriers and invades the mainstream music scene. Exclusive tour footage and brand-new one-on-one interviews with BTS members give fans an unprecedented glimpse into their lives and an opportunity for everyone to celebrate together worldwide.",Park Jun-soo,,Released,Korean,,
192139,https://www.themoviedb.org/movie/192139-the-brink-of-war,The Brink of War,117.0,2026-08-14,US,"Drama, History, Thriller, War",0.0,"President Ronald Reagan races against time to salvage a deal with Soviet leader Mikhail Gorbachev that could dismantle nuclear arsenals—or ignite disaster. With pressure mounting on all sides, every word spoken brings the world closer to peace... or destruction.",Michael Russell Gunn,Michael Russell Gunn,Post Production,English,,
11407,https://www.themoviedb.org/movie/11407-der-schlussel-zum-erfolg,Der Schlüssel zum Erfolg,,2008-01-01,US,Comedy,0.0,We don't have an overview translated in English. Help us expand our database by adding one.,"Thorsten Löffler, Benjamin Swiczinsky",,Released,English,,
922,https://www.themoviedb.org/movie/922-dead-man,Dead Man,122.0,1998-05-23,KR,"Drama, Fantasy, Western",7.3,"On the run after committing murder, an accountant encounters a strange Native American man who prepares him for his journey into the spiritual world.",Jim Jarmusch,Jim Jarmusch,Released,English,9000000.0,1038000.0
8738,https://www.themoviedb.org/movie/8738-the-final-countdown,The Final Countdown,103.0,1980-08-01,US,"War, Action, Science Fiction",6.7,"During routine manoeuvres near Hawaii in 1980, the aircraft-carrier USS Nimitz is caught in a strange vortex-like storm, throwing the ship back in time to 1941—mere hours before the Japanese attack on Pearl Harbor.",Don Taylor,"Peter Powell, David Ambrose, Thomas Hunter, Gerry Davis",Released,English,12000000.0,16647800.0
7984,https://www.themoviedb.org/movie/7984-in-the-name-of-the-father,In the Name of the Father,133.0,1994-04-02,KR,Drama,7.9,"A small-time Belfast thief, Gerry Conlon, is wrongly convicted of an IRA bombing in London, along with his father and friends, and spends 15 years in prison fighting to prove his innocence.",Jim Sheridan,"Jim Sheridan, Terry George",Released,English,13000000.0,65796862.0
1717118,https://www.themoviedb.org/movie/1717118-le-miracle,Le miracle,11.0,2026-07-04,CH,,0.0,"After Angelica is disturbed by her adult son Mattia in her relaxation bath, she is finally able to let go. She begins to masturbate in front of the poster of footballer Valenti, her son's idol. Suddenly, Valenti's gaze fixes on her… a cry for help. An absurd euphoria spreads: the miracle crystallises into a struggle for power and intimacy between mother and son.","Yael Vallotton, Avril Lehmann","Yael Vallotton, Avril Lehmann",Released,French,,
1006219,https://www.themoviedb.org/movie/1006219,Jimmy Higgings,,1928-10-09,SU,"History, Adventure, War",10.0,"Jimmy Higgings is a worker of the plant making weapons for the Tsarist Russia and the German Empire. During World War I, Jimmy speaks at a spontaneous rally against the war. He is arrested. When released, he becomes unemployed. He is happy to hear the news about the revolution; he volunteers into the American expeditionary force thinking that having the weapons he can fight against Germans – the enemies of the Russian revolution. However, finding himself in Russia, Jimmy soon realises that the expeditionary force of American volunteers fights not against the Germans, but against the young Socialist Russia. Without any hesitations, he takes the path of revolutionary struggle, he spreads propaganda among the American soldiers and distributes Bolshevik leaflets. Captured by the American military police, Jimmy Higgings does not betray his friends. He is sentenced to twenty years in a military prison. Jimmy cannot stand it and loses his mind. Lost movie.",Heorhiy Tasin,"Heorhiy Tasin, Upton Sinclair, Isaak Babel",Released,Russian,,
461130,https://www.themoviedb.org/movie/461130-code-8,Code 8,99.0,2020-07-02,KR,"Science Fiction, Action, Crime",6.3,"In Lincoln City, some inhabitants have extraordinary abilities. Most live below the poverty line, under the close surveillance of a heavily militarized police force. Connor, a construction worker with powers, involves with a criminal gang to help his ailing mother. (Based on the short film “Code 8,” 2016.)",Jeff Chan,Chris Paré,Released,English,15000000.0,157209.0
436125,https://www.themoviedb.org/movie/436125-brev-till-en-seriemordare,Letters to a Serialkiller,85.0,2017-02-24,SE,Documentary,0.0,A thriller documentary where the director seek answers on why her brother was shot by the Swedish serial killer Peter Mangs.,Manal Masri,,Released,Swedish,,
106169,https://www.themoviedb.org/movie/106169-emilie-richards-fur-immer-neuseeland,Forever New Zealand,88.0,2010-04-25,DE,"Drama, Romance",6.2,"A millionaire, accused of killing his wife, rest in a paradise by the sea while waiting for the verdict. Thanks to the relationship he establishes with the hotel owner he recovers the illusion and finds a new meaning to life",Michael Keusch,"Emilie Richards, Barbara Engelke",Released,German,,
701952,https://www.themoviedb.org/movie/701952-2,My Girlfriend's Mother 2,74.0,2018-08-30,KR,Romance,3.0,"Young Se-hee gets married to middle aged Min-goo, but she's not happy with his 'item' as he's old. While she goes on vacation with her husband, Min-goo's daughter Yoo-jin calls her boyfriend Ji-hoon to the house when her parents are not there and they have sex. Meanwhile, Se-hee comes back home early from the vacation because her husband has to work and runs into a completely naked Ji-hoon.",Choi Min,So Young-hwan,Released,Korean,,
1388456,https://www.themoviedb.org/movie/1388456-bar-boys-after-school,Bar Boys: After School,126.0,2025-12-25,PH,Drama,0.0,"Set ten years after the events of the first film, the story explores the impact of time on institutions, relationships, and individuals, delivering a poignant yet inspiring tale about the invisible costs of pursuing one's dreams.",Kip Oebanda,"Kip Oebanda, Zig Madamba Dulay, Carlo Enciso Catu",Released,Tagalog,,
10393,https://www.themoviedb.org/movie/10393-the-replacements,The Replacements,118.0,2000-11-17,KR,Comedy,6.7,"Maverick old-guard coach Jimmy McGinty is hired in the wake of a players' strike to help the Washington Sentinels advance to the playoffs. But that impossible dream hinges on whether his replacements can hunker down and do the job. So, McGinty dusts off his secret dossier of ex-players who never got a chance (or screwed up the one they were given) and knits together a bad-dream team of guys who just may give the Sentinels their title shot.",Howard Deutch,Vince McKewin,Released,English,50000000.0,50054511.0
408355,https://www.themoviedb.org/movie/408355,Throne of Elves,90.0,2016-07-31,CN,"Fantasy, Animation, Family",7.6,"In the mythical Elven world of Altera, an epic battle unfolds between the beautiful Princess Liya and the Dark Elf Elena, who has gained possession of a jewel so powerful it allows its holder complete authority over all Alterans.","Yuefeng Song, Yi Ge","Bill Borden, Ran Zhuo, Roger Soffer",Released,Chinese,,3916195.0
2157,https://www.themoviedb.org/movie/2157-lost-in-space,Lost in Space,130.0,1998-06-04,KR,"Science Fiction, Adventure",5.4,"The prospects for continuing life on Earth in the year 2058 are grim. So the Robinsons are launched into space to colonize Alpha Prime, the only other inhabitable planet in the galaxy. But when a stowaway sabotages the mission, the Robinsons find themselves hurtling through uncharted space.",Stephen Hopkins,"Irwin Allen, Akiva Goldsman",Released,English,80000000.0,136159423.0
21278,https://www.themoviedb.org/movie/21278-frode-og-alle-de-andre-rodder,Frode and All the Other Rascals,75.0,2008-02-08,DK,"Family, Comedy, Adventure",6.1,Three friends are sent out on a quest to get money for a summer fair.,Niels Christian Meyer,"Ole Lund Kirkegaard, Lars Mering, Anne-Marie Olesen",Released,Danish,,
597116,https://www.themoviedb.org/movie/597116,Grand Bouquet,15.0,2019-05-23,FR,,3.0,"A helpless woman confronts a “black object” with a power greater than hers. The “black object” shoots her questions. The woman has answers to these questions, but can’t say them aloud. She feels up against the wall, and begins to throw up beautiful colorful flowers instead of speaking.",Nao Yoshigai,Nao Yoshigai,Released,Japanese,,
386370,https://www.themoviedb.org/movie/386370-quyen,"Farewell, Berlin Wall",98.0,2015-06-19,VN,Drama,8.5,We don't have an overview translated in English. Help us expand our database by adding one.,Nguyễn Phan Quang Bình,,Released,Vietnamese,,
14164,https://www.themoviedb.org/movie/14164-dragonball-evolution,Dragonball Evolution,85.0,2009-03-12,KR,"Action, Adventure, Fantasy, Science Fiction, Thriller",2.9,"On his 18th birthday, Goku receives a mystical Dragonball as a gift from his grandfather. There are only six others like it in the whole world, and legend has it that whoever possesses all seven will be granted one perfect wish. When the arrival of a dark force triggers a tragedy, Goku and his companions are propelled into an epic quest to collect the seven Dragonballs and save the Earth from destruction.",James Wong,Ben Ramsey,Released,English,30000000.0,58228460.0
1009016,https://www.themoviedb.org/movie/1009016,Two Maladroits in Life: A Love Story,86.0,2022-07-01,JP,Drama,0.0,Seven years of modest love between two people who are not good at living Yuta and Ayako can't communicate well with people. Two people meet by chance and fall in love. A coming-of-age movie that depicts the seven years from the meeting of two people whose lives are inadequate to their separation.,Sato Amane,Shinji Imaoka,Released,Japanese,,
287193,https://www.themoviedb.org/movie/287193-chuy-n-t-t,Living as One Should,43.0,1987-10-01,VN,Documentary,6.3,A Vietnamese documentary on human suffering and the meaning of kindness.,Trần Văn Thủy,"Trần Văn Thủy, Hồ Trí Phổ",Released,Vietnamese,,
2640,https://www.themoviedb.org/movie/2640-heathers,Heathers,103.0,1994-03-15,KR,"Comedy, Crime",7.3,"A girl who halfheartedly tries to be part of the ""in crowd"" of her school meets a rebel who teaches her a more devious way to play social politics: by killing the popular kids.",Michael Lehmann,Daniel Waters,Released,English,3000000.0,1166207.0
442512,https://www.themoviedb.org/movie/442512-elso-szerelem,First Love,20.0,2008-02-19,HU,"Science Fiction, Romance",0.0,"A girl meets a boy. The most normal thing to do when you are 16.A girl meets a boy she has never seen yet - alone, at night, in a dark parking lot.The most foolish thing to do when you are 16.",Ildikó Enyedi,Ildikó Enyedi,Released,Hungarian,,
4960,https://www.themoviedb.org/movie/4960-synecdoche-new-york,"Synecdoche, New York",124.0,2010-01-07,KR,Drama,7.5,"A theater director struggles with his work, and the women in his life, as he attempts to create a life-size replica of New York inside a warehouse as part of his new play.",Charlie Kaufman,Charlie Kaufman,Released,English,20000000.0,4383538.0
434455,https://www.themoviedb.org/movie/434455,Dui Duari,140.0,2000-01-01,BD,Family,8.3,A mysterious stranger befriends a middle class family.,Humayun Ahmed,Humayun Ahmed,Released,Bengali,,
10045,https://www.themoviedb.org/movie/10045-banlieue-13,District B13,84.0,2006-08-24,KR,"Action, Thriller, Science Fiction",6.8,"Set in the ghettos of Paris in 2010, an undercover cop and ex-thug try to infiltrate a gang in order to defuse a neutron bomb.",Pierre Morel,"Bibi Naceri, Luc Besson",Released,French,12000000.0,11169386.0
376660,https://www.themoviedb.org/movie/376660-the-edge-of-seventeen,The Edge of Seventeen,105.0,2017-06-28,KR,"Comedy, Drama",7.2,"Two high school girls are best friends until one dates the other's older brother, who is totally his sister's nemesis.",Kelly Fremon Craig,Kelly Fremon Craig,Released,English,9000000.0,18803648.0
1431071,https://www.themoviedb.org/movie/1431071,System,124.0,2026-05-22,IN,Thriller,7.0,"When Neha Rajvansh, a privileged public prosecutor, meets Sarika Rawat, a courtroom stenographer from a humble background, their lives are thrown into upheaval where power defines truth, blurring the system and raising a question of what justice truly means to them.",Ashwiny Iyer Tiwari,"Ashwiny Iyer Tiwari, Harman Baweja, Arun Sukumar, Tasneem Lokhandwala",Released,Hindi,,
34000,https://www.themoviedb.org/movie/34000-the-million-pound-note,The Million Pound Note,90.0,1954-06-18,US,Comedy,7.0,"An impoverished American sailor is fortunate enough to be passing the house of two rich gentlemen who have conceived the crazy idea of distributing a note worth one million pounds. The sailor finds that whenever he tries to use the note to buy something, people treat him like a king and let him have whatever he likes for free. Ultimately, the money proves to be more troublesome than it is worth when it almost costs him his dignity and the woman he loves.",Ronald Neame,Jill Craigie,Released,English,,
1339658,https://www.themoviedb.org/movie/1339658-oh-hi,"Oh, Hi!",95.0,2025-07-25,US,"Romance, Comedy, Thriller",6.3,"Iris and Isaac's first weekend away as a couple is going so well — until Isaac mentions he didn’t know they were a couple. Convinced she's met her perfect guy and that he's just confused, Iris goes to increasingly ridiculous and irrational lengths to prove to Isaac that they are meant to be together.",Sophie Brooks,Sophie Brooks,Released,English,,2086515.0
484570,https://www.themoviedb.org/movie/484570,White Clouds,68.0,1968-04-01,SU,Drama,8.0,"A man is notified of his father's imminent death. He travels to his father in a remote Ukrainian village, recalling his childhood during the disastrous forced collectivization and artificial famine (Holodomor) of the 1930s by the Soviet regime. The film was heavily cut due to censorship by the Soviet Government.",Rollan Serhiyenko,Oleksandr Syzonenko,Released,Ukrainian,,
123,https://www.themoviedb.org/movie/123-the-lord-of-the-rings,The Lord of the Rings,132.0,2001-08-17,KR,"Adventure, Animation, Fantasy",6.6,"Young Hobbit Frodo Baggins is thrown into an amazing adventure when he's tasked with destroying the One Ring, created by the dark lord Sauron. Frodo must travel in a small fellowship of nine warriors and accomplices. But it won't be an easy journey for the Fellowship of the Ring, on the ultimate quest to rid Middle-earth of evil.",Ralph Bakshi,"J. R. R. Tolkien, Peter S. Beagle, Chris Conkling",Released,English,4000000.0,30477175.0
1165116,https://www.themoviedb.org/movie/1165116-inkoqnito,Incognito,15.0,2012-03-02,AZ,Drama,0.0,We don't have an overview translated in English. Help us expand our database by adding one.,Zaur Gasimli,Emil Guliyev,Released,Azerbaijani,,
486358,https://www.themoviedb.org/movie/486358-inventario-de-um-feudalismo-cultural-nordestino,Inventário de um Feudalismo Cultural Nordestino,11.0,1978-01-01,BR,Fantasy,7.0,"An exercise critical of the official culture, based on a performance of the Vivencial Group. Scenography in the streets, alongside monuments of Recife.",Jomard Muniz de Britto,,Released,Portuguese,,
1155089,https://www.themoviedb.org/movie/1155089-justice-league-crisis-on-infinite-earths-part-one,Justice League: Crisis on Infinite Earths Part One,93.0,2024-01-09,US,"Animation, Science Fiction, Action",7.3,"Death is coming. Worse than death: oblivion. Not just for our Earth, but for everyone, everywhere, in every universe! Against this ultimate destruction, the mysterious Monitor has gathered the greatest team of Super Heroes ever assembled. But what can the combined might of Superman, Wonder Woman, Batman, The Flash, Green Lantern and hundreds of Super Heroes from multiple Earths even do to save all of reality from an unstoppable antimatter armageddon?!",Jeff Wamester,Jim Krieg,Released,English,,
755812,https://www.themoviedb.org/movie/755812-miraculous-world-new-york-les-heros-unis,"Miraculous World: New York, United HeroeZ",61.0,2024-04-05,KR,"Animation, Family, Action, Adventure, TV Movie",8.1,"Marinette's class is headed to New York, the city of superheroes, for French-American Friendship Week. But the arrival of Hawk Moth will complicate everything.",Thomas Astruc,"Thomas Astruc, Sébastien Thibaudeau, Matthieu Choquet, Mélanie Duval, Frédéric/que Engel Lenoir",Released,French,,
1633642,https://www.themoviedb.org/movie/1633642-movie-magic,Movie Magic,90.0,2026-02-11,GB,Comedy,0.0,"Kat, an aspiring writer, and Justin, a fantasizing director, once believed in the magic of movies - until making one of their own stalled their dreams. Now passing the days as ushers in a fading London indie cinema, they cling to the place as it edges toward closure. On the cinema’s final night, a half-serious wish to be part of the movies lands them inside the screen itself. Swept through a series of classic film worlds, they slip into shifting roles as spies, period protagonists, and something far more monstrous, while forces outside the frame race to bring them back. Filmed at London’s Phoenix Cinema, Movie Magic is a playful, self-aware romantic comedy that celebrates cinema as both escape and obsession.","Michael Magarren, Alex Kennedy","Michael Magarren, Alex Kennedy",Released,English,10000.0,
452244,https://www.themoviedb.org/movie/452244-la-lecon,La Leçon,15.0,2016-08-01,CH,"Drama, Comedy",0.0,"Ludovic, a weekend biker, has planned an afternoon with Axelle in a wooden shed. Despite her attraction to him, the young and bold Axelle is determined not to get caught in Ludovic’s well oiled game of seduction…",Tristan Aymon,,Released,French,,
13394,https://www.themoviedb.org/movie/13394-shrek-the-halls,Shrek the Halls,28.0,2007-11-28,US,"Adventure, Animation, Comedy, Fantasy, Family",6.4,"The Christmas tree isn't the only thing green in this new holiday classic. Shrek is back and trying to get into the spirit of the season. After promising Fiona and the kids a Christmas they'll remember, he is forced to take a crash course in the holiday. But just when he thinks he has everything for their quiet family Christmas just right, there is a knock at the door.",Gary Trousdale,"Gary Trousdale, Sean Bishop, Theresa Cullen, Bill Riling",Released,English,60000000.0,
720732,https://www.themoviedb.org/movie/720732,Timeless Romance,82.0,2019-10-08,CN,"Comedy, Romance, Fantasy",4.0,"There are four ancient Beauties: a female warrior Liu Rusi, a sentimental winebibber Chen Zilian, a startling geisha Li Mengying and a prodigal daughter Susu. Their souls were carried to modern society by a mystery necklace, and entered a girl Qin Duyi's body who is ordinary and hapless. The only way to send the four ancient beauties back, is to get the real love of four heartless men.",Tian Tian,,Released,Chinese,,
1832,https://www.themoviedb.org/movie/1832-dogma,Dogma,130.0,2000-06-17,KR,"Fantasy, Comedy, Adventure",6.9,An abortion clinic worker with a special heritage is called upon to save the existence of humanity from being negated by two renegade angels trying to exploit a loophole and reenter Heaven.,Kevin Smith,Kevin Smith,Released,English,10000000.0,33535478.0
401478,https://www.themoviedb.org/movie/401478-death-race-beyond-anarchy,Death Race: Beyond Anarchy,111.0,2018-10-02,US,"Action, Thriller, Science Fiction",6.2,Black Ops specialist Connor Gibson infiltrates a maximum security prison to take down legendary driver Frankenstein in a violent and brutal car race.,Don Michael Paul,"Don Michael Paul, Tony Giglio",Released,English,,
483122,https://www.themoviedb.org/movie/483122-hjartslag,Heartbeat,15.0,2004-01-30,SE,"Drama, Music",9.0,A dazzling musical about a young Arab woman facing deportation just as she is about to receive a heart transplant.,"Anette Skåhlberg, Martin Lima de Faria",Anette Skåhlberg,Released,Swedish,,
280266,https://www.themoviedb.org/movie/280266,A Date,12.0,2012-01-01,UA,Drama,0.0,"Ania has a little son and has no husband. To take care of the child she has to work two jobs – dubbing cartoons and... providing sexual services by phone. Ania has a regular customer. He always calls in time and never misses sessions.  Once the client calls to say goodbye – he leaves and won’t be able to call anymore. The girl feels sorry, so does he. They seem to have established s good relationship.  The girl suggests the last sex. Ania doesn’t have an idea that it can really be the last one for the man – not everyone returns from where he goes...",Yevhen Matviienko,"Yevhen Matviienko, Ivan Timshyn",Released,Ukrainian,,
10756,https://www.themoviedb.org/movie/10756-the-haunted-mansion,The Haunted Mansion,88.0,2004-04-15,KR,"Thriller, Fantasy, Comedy, Family, Mystery",5.7,"Workaholic Jim Evers and his wife/business partner Sara get a call one night from  a mansion owner, Edward Gracey, who wants to sell his house. Once the Evers family arrive at the mansion, a torrential thunderstorm of mysterious origin strands them with the brooding, eccentric Gracey, his mysterious butler, and a variety of residents both seen and unseen.",Rob Minkoff,David Berenbaum,Released,English,90000000.0,182290266.0
403649,https://www.themoviedb.org/movie/403649,The Song of First Love,102.0,1958-12-11,SU,Romance,4.6,"Very popular Soviet Armenian musical about a talented singer, spoiled by his success.","Laert Vagharshyan, Yuri Yerzinkyan","Yakov Volchek, Jan Hakobyan",Released,Armenian,,
449992,https://www.themoviedb.org/movie/449992-the-night-comes-for-us,The Night Comes For Us,121.0,2018-10-19,KR,"Action, Crime, Thriller",6.9,"After sparing a girl's life during a massacre, an elite Triad assassin is targeted by an onslaught of murderous gangsters.",Timo Tjahjanto,Timo Tjahjanto,Released,Indonesian,2000000.0,
497368,https://www.themoviedb.org/movie/497368,Kagazpatra,108.0,2019-03-22,NP,"Comedy, Drama, Romance",0.0,A young nursing graduate from a struggling family teams up with her sister to navigate the daunting challenges and desperate schemes of trying to move to Australia for higher education and a better future.,Apil Bista,Apil Bista,Released,Nepali,,
996821,https://www.themoviedb.org/movie/996821-you-re-cordially-invited,You're Cordially Invited,109.0,2025-01-30,US,"Comedy, Romance",5.8,"When two weddings are accidentally booked on the same day at the same venue, each bridal party is challenged with preserving their family's special moment while making the most of the unanticipated tight quarters. In a hilarious battle of determination and grit, the father of the bride and sister of the other bride chaotically go head-to-head as they stop at nothing to uphold an unforgettable celebration for their loved ones.",Nicholas Stoller,Nicholas Stoller,Released,English,,
2043,https://www.themoviedb.org/movie/2043-along-came-a-spider,Along Came a Spider,104.0,2001-08-18,KR,"Crime, Mystery, Thriller, Action",6.3,"After the harrowing death of his partner, forensic psychologist and best-selling author Alex Cross cannot forgive himself and has retreated to the peace of retirement. But when a brilliant criminal kidnaps a senator's young daughter, he is lured back into action as the kidnapper wants to deal with Alex personally. Teamed with Jezzie Flanigan, the Secret Service agent assigned to protect the missing girl, Alex follows a serpentine trail of clues that leads him to a stunning discovery - the kidnapper wants more than just ransom.",Lee Tamahori,"James Patterson, Marc Moss",Released,English,60000000.0,105200000.0
8007,https://www.themoviedb.org/movie/8007-behind-enemy-lines,Behind Enemy Lines,106.0,2002-01-18,KR,"Action, Drama, Thriller, War",6.4,"While flying a routine reconnaissance mission over Bosnia, fighter pilot Lt. Chris Burnett photographs something he wasn't supposed to see and gets shot down behind enemy lines, where he must outrun an army led by a ruthless Serbian general. With time running out and a deadly tracker on his trail, Burnett's commanding officer, Admiral Reigart, decides to risk his career and launch a renegade rescue mission to save his life.",John Moore,"Zak Penn, David Veloz",Released,English,40000000.0,91753202.0
4193,https://www.themoviedb.org/movie/4193-evil-under-the-sun,Evil Under the Sun,117.0,1982-03-23,GB,"Thriller, Crime, Mystery, Drama",6.9,An opulent beach resort provides a scenic background to this amusing whodunit as Poirot attempts to uncover the nefarious evildoer behind the strangling of a notorious stage star.,Guy Hamilton,"Agatha Christie, Anthony Shaffer, Barry Sandler",Released,English,10000000.0,6110804.0
9725,https://www.themoviedb.org/movie/9725-friday-the-13th-part-2,Friday the 13th Part 2,86.0,1981-12-01,KR,"Horror, Thriller",6.2,"Five years after the horrible bloodbath at Camp Crystal Lake, new counselors roam the area, not sensing the ominous lurking presence that proves that the grisly legend is real.",Steve Miner,Ron Kurz,Released,English,1250000.0,21724205.0
532352,https://www.themoviedb.org/movie/532352-viragvolgy,Blossom Valley,83.0,2018-08-30,HU,Drama,4.5,"Bianka (20) finds herself drifting in the suburbs without any particular purpose. She has the sudden urge to steal a baby, which she does, but now she has to find a father and a home. When none of her ex-boyfriends are willing to lend a hand, the only one happy to help is Laci (21) who is mentally disabled and living in a workers’ hostel.",László Csuja,"László Csuja, Gergö V. Nagy",Released,Hungarian,,
48988,https://www.themoviedb.org/movie/48988-hall-pass,Hall Pass,105.0,2011-02-25,US,"Comedy, Romance",5.7,"When best buds Rick and Fred begin to show signs of restlessness at home, their wives take a bold approach to revitalize their marriages, they grant the guys a 'hall pass'—one week of freedom to do whatever they want. At first, it seems like a dream come true, but they quickly discover that their expectations of the single life—and themselves—are completely and hilariously out of sync with reality.","Bobby Farrelly, Peter Farrelly","Bobby Farrelly, Peter Farrelly, Pete Jones, Kevin Barnett",Released,English,36000000.0,83200000.0
11371,https://www.themoviedb.org/movie/11371-the-score,The Score,124.0,2001-11-09,KR,"Action, Crime, Thriller, Mystery, Drama",6.7,An aging thief hopes to retire and live off his ill-gotten wealth when a young kid convinces him into doing one last heist.,Frank Oz,"Kario Salem, Lem Dobbs, Scott Marshall Smith",Released,English,68000000.0,113579918.0
900597,https://www.themoviedb.org/movie/900597-meu-amigo-que-trabalhou-com-manoel-de-oliveira-que-fez-100-anos,"Meu amigo que trabalhou com Manoel de Oliveira, que fez 100 anos",,2012-07-01,BR,"Comedy, Drama",0.0,We don't have an overview translated in English. Help us expand our database by adding one.,"João Marcos de Almeida, Sergio Silva",João Marcos de Almeida,Released,Portuguese,,
468668,https://www.themoviedb.org/movie/468668-lietus-bluzs,Rain Blues,85.0,1982-12-20,SU,Romance,6.0,"A lonely thirty year-old woman lives in a small apartment on the edge of town. She meets a man, life looks brighter, but she suspects he’s hiding something from her.",Oļģerts Dunkers,Dagnija Zigmonte,Released,Latvian,,
79246,https://www.themoviedb.org/movie/79246-az-elvarazsolt-dollar,The Enchanted Dollar,90.0,1986-05-01,HU,"Comedy, Crime",6.2,Tomboy accidentally found a fake dollar and gave it to detective Droplet. The operation is headed by Maj. Kardos. Now they have to investigate the crime in order to find and neutralize the counterfeiters.,István Bujtor,István Bujtor,Released,Hungarian,,
399582,https://www.themoviedb.org/movie/399582-historia-de-un-gangster,Historia de un gángster,105.0,1968-01-01,PR,"Crime, Action",6.7,"Sequel to Juan Orol's ""Organización criminal"". After 6 years in prison, gangster Tony Florino is released from custody. He repeatedly makes it clear he didn't snitch in exchange for a reduced sentence, but was given time off for good behavior.",Juan Orol,Juan Orol,Released,Spanish; Castilian,,
611291,https://www.themoviedb.org/movie/611291,Bring the Soul: The Movie,105.0,2019-08-07,KR,"Music, Documentary",8.3,"A glimpse into K-pop group BTS’ world away from the stage, featuring intimate group discussions alongside spectacular concert performances from their world tour.",Park Jun-soo,,Released,Korean,,12150259.0
266835,https://www.themoviedb.org/movie/266835-nachste-woche-ist-frieden,… nächste Woche ist Frieden,,1995-04-25,DE,TV Movie,10.0,We don't have an overview translated in English. Help us expand our database by adding one.,Peter Schulze-Rohr,,Released,German,,
343475,https://www.themoviedb.org/movie/343475-pokfoci,Spider Football,81.0,1976-06-05,HU,"Drama, Comedy",6.5,"This satire on film depicts the micro-climate of a technical vocational school newly established at a housing estate. The construction vocational school holds a name-giving ceremony, thus calling the attention of its supervisory organ to itself. The school-master distributes as well as receives presents from the sponsoring factory, and the pupils sit for a written examination of unheard-of material. The results are devastating, which the despotic school-master attempts to conceal by a staged disciplinary procedure.",János Rózsa,"János Rózsa, István Kardos",Released,Hungarian,,
533366,https://www.themoviedb.org/movie/533366-cinta-dan-noda,Love and Blood Stains,79.0,1991-01-01,ID,"Drama, Horror",0.0,Rusdi and Nia struggle to find happiness amidst interference from their families and colleagues.,Slamet Riyadi,,Released,Indonesian,,
241251,https://www.themoviedb.org/movie/241251-the-boy-next-door,The Boy Next Door,91.0,2015-01-23,US,Thriller,4.9,"A recently cheated on married woman falls for a younger man who has moved in next door, but their torrid affair soon takes a dangerous turn.",Rob Cohen,Barbara Curry,Released,English,4000000.0,52425855.0
12163,https://www.themoviedb.org/movie/12163-the-wrestler,The Wrestler,109.0,2009-03-05,KR,"Drama, Romance",7.5,"Aging wrestler Randy ""The Ram"" Robinson is long past his prime but still ready and rarin' to go on the pro-wrestling circuit. After a particularly brutal beating, however, Randy hangs up his tights, pursues a serious relationship with a long-in-the-tooth stripper, and tries to reconnect with his estranged daughter. But he can't resist the lure of the ring and readies himself for a comeback.",Darren Aronofsky,Robert D. Siegel,Released,English,6000000.0,44734660.0
419423,https://www.themoviedb.org/movie/419423-vom-traum-zum-terror-munchen-72,Vom Traum zum Terror - München '72,,2019-07-22,DE,Drama,0.0,We don't have an overview translated in English. Help us expand our database by adding one.,"Florian Huber, Marc Brasse",,Released,German,,
558915,https://www.themoviedb.org/movie/558915-the-color-purple,The Color Purple,141.0,2024-05-30,KR,Drama,7.0,"A decades-spanning tale of love and resilience and of one woman's journey to independence. Celie faces many hardships in her life, but ultimately finds extraordinary strength and hope in the unbreakable bonds of sisterhood.",Blitz Bazawule,"Alice Walker, Marcus Gardley",Released,English,90000000.0,68919191.0
1128557,https://www.themoviedb.org/movie/1128557-let-s-go-wgp-the-great-pursuit-of-the-berserk-mini-4wd-car,Let's & Go! WGP The Great Pursuit of the Berserk Mini 4WD car!,80.0,1997-07-05,JP,"Action, Adventure, Animation",5.5,"During the WGP's Royal Festival Cup, an unknown machine called the ""Gun Bluster XTO"" and its owner Rion Cusco appears racing without control and causing various riots with fellow racers. This makes Go's Cyclone Magnum reach the goal but a dissatisfied Go and the TRF Victorys decides to pursuit the situation.  This was all due to the Gun Bluster's special GP Chip invented by Professor Cusco gone haywire while emitting strange EM waves, making the machine a powerful weapon. To avoid further destruction to the city, Professor Cusco decides to destroy the machine before a rival association acquires it.  It's up for the TRF Victorys and Rion race together and safely halt the Gun Bluster before its too late!",Tetsuro Amino,Tetsuro Amino,Released,Japanese,,
581387,https://www.themoviedb.org/movie/581387,Ashfall,128.0,2019-12-19,KR,"Action, Adventure, Thriller",6.8,A group of unlikely heroes from across the Korean peninsula try to save the day after a volcano erupts on the mythical and majestic Baekdu Mountain.,"Lee Hae-jun, Kim Byung-seo","Lee Hae-jun, Kim Byung-seo, Lim Joon-hyung, Kwak Jieong-duk, Kim Tae-yun",Released,Korean,17700000.0,61321941.0
347647,https://www.themoviedb.org/movie/347647-traders,Traders,90.0,2016-03-11,IE,Thriller,6.2,"What if it made perfect sense for ordinary people to kill each other for money? Better than slow grinding financial ruin and misery, and all done according to a strict code by consenting adults. This is Trading.","Rachael Moriarty, Peter Murphy","Rachael Moriarty, Peter Murphy",Released,English,,
404733,https://www.themoviedb.org/movie/404733-overdrive,Overdrive,93.0,2017-12-14,KR,"Thriller, Action, Mystery",6.1,"Master car thieves square off against French gangsters in the South of France with money, women and lives all on the line.",Antonio Negret,"Michael Brandt, Derek Haas",Released,English,28210303.0,11247280.0
1552079,https://www.themoviedb.org/movie/1552079-posljednji-rimski-bog,The Last Roman God,136.0,2026-10-29,HR,"History, Drama, Romance, Thriller, Action",0.0,"Through both personal and political conflicts, the film tells the story of emperor Diocletian's rise to power and his complicated place in ancient Rome's court politics.",Božidar Domagoj Burić,Božidar Domagoj Burić,Post Production,Latin,11850000.0,
23631,https://www.themoviedb.org/movie/23631-machete,Machete,105.0,2011-04-20,KR,"Action, Comedy, Thriller",6.3,"After being set-up and betrayed by the man who hired him to assassinate a Texas Senator, an ex-Federale launches a brutal rampage of revenge against his former boss.","Robert Rodriguez, Ethan Maniquis","Robert Rodriguez, Álvaro Rodríguez",Released,English,10500000.0,45491656.0
362992,https://www.themoviedb.org/movie/362992-ha-megjon-jozsef,When Joseph Returns,89.0,1976-01-01,HU,Drama,8.0,"An unsentimental Hungarian film about the edgy relationship between a middle-aged woman and her young, restless daughter-in-law when the son-husband goes to sea for six months.",Zsolt Kézdi-Kovács,Zsolt Kézdi-Kovács,Released,Hungarian,,
906161,https://www.themoviedb.org/movie/906161-lottery,Lottery,10.0,2021-11-29,BD,Drama,0.0,"Lottery is the story of the friendship of two boys who grew up at the railway station. The tragedy unfolds as life and dreams unfold, centering on winning a lottery. Dreams grow with the tension of friendship and the desire to change the day.",KM Kanak,Al-Amin Hasan Nirjhar,Released,Bengali,,
721983,https://www.themoviedb.org/movie/721983-passeio-noturno,Night Drive,15.0,2015-11-21,BR,,0.0,"A successful Brazilian businessman quenches his thirst for death on his nightly drives with his luxury car, until he decides to meet one of his to-be victims out of curiosity.",Patrick Hanser,Patrick Hanser,Released,Portuguese,,
1618998,https://www.themoviedb.org/movie/1618998-carpenter,Carpenter,,2026-08-02,BR,Documentary,0.0,We don't have an overview translated in English. Help us expand our database by adding one.,"Pedro H. Vieira, Thales Rodrigues","Pedro H. Vieira, Thales Rodrigues",Planned,Portuguese,,100.0
118451,https://www.themoviedb.org/movie/118451,Eungyo,129.0,2012-04-25,KR,"Drama, Romance",6.7,"A reclusive elderly poet feels the fire of his youth when gamine schoolgirl Eun-gyo enters his life, to the chagrin of the old man's assistant.",Jung Ji-woo,"Jung Ji-woo, Park Bum-shin",Released,Korean,,9048531.0
9986,https://www.themoviedb.org/movie/9986-charlotte-s-web,Charlotte's Web,97.0,2006-12-15,US,"Comedy, Family, Fantasy",6.2,"Wilbur the pig is scared of the end of the season, because he knows that come that time, he will end up on the dinner table. He hatches a plan with Charlotte, a spider that lives in his pen, to ensure that this will never happen.",Gary Winick,"E.B. White, Karey Kirkpatrick, Susannah Grant",Released,English,85000000.0,148964660.0
1137844,https://www.themoviedb.org/movie/1137844-mayday,Mayday,110.0,2026-09-04,KR,"Adventure, Comedy, Action",0.0,"When a U.S. Navy pilot on a top-secret mission during the Cold War gets trapped behind enemy lines, his only chance at survival is to form an alliance with an eccentric ex-KGB agent.","John Francis Daley, Jonathan Goldstein","John Francis Daley, Jonathan Goldstein",Post Production,English,,
1509599,https://www.themoviedb.org/movie/1509599-2,Gatta Kusthi 2,153.0,2026-07-03,IN,"Comedy, Drama",1.2,"Picks up after the first film, with Veera and Keerthi balancing parenthood and Keerthi's wrestling career, featuring a role reversal where Veera takes on more domestic responsibilities.",Chella Ayyavu,Chella Ayyavu,Released,Tamil,,
1030293,https://www.themoviedb.org/movie/1030293,Forgive,21.0,2015-07-30,CN,Drama,0.0,We don't have an overview translated in English. Help us expand our database by adding one.,Fan Wen-han,Fan Wen-han,Released,Chinese,,
465595,https://www.themoviedb.org/movie/465595,Sweet Sex,89.0,2017-07-06,KR,"Romance, Drama",6.9,A famous patissier and his women enjoy work and sex.  Neung-geum has dreamt of being a pattisier. She stops supporting her boyfriends school bills.  Woo-hyeon is a famous dessert patissier and he has secretive sex to get secret recipes but to him this is just a way to find sweetness.  Neung-geum learns how to make dessert from Woo-hyeon. What kind of sex will they have today? What flavor?,Park Sun-Uk,Kim Min-joo-III,Released,Korean,,
4550,https://www.themoviedb.org/movie/4550,Lady Vengeance,115.0,2005-07-29,KR,"Drama, Thriller",7.5,"Released after being wrongfully convicted and imprisoned for 13 years, a woman begins executing her elaborate plan of retribution.",Park Chan-wook,"Park Chan-wook, Chung Seo-kyung",Released,Korean,,23803308.0
1297446,https://www.themoviedb.org/movie/1297446-slanted,Slanted,104.0,2026-06-26,KR,"Horror, Comedy, Science Fiction",5.9,"An insecure Chinese-American teenager undergoes experimental surgery to appear white, hoping to secure the prom queen title and peer acceptance.",Amy Wang,Amy Wang,Released,English,,906216.0
481093,https://www.themoviedb.org/movie/481093-foro-intimo,Inner Court,74.0,2017-10-19,BR,Drama,6.0,"Without committing any crime, an important criminal judge finds himself a prisoner in his own office. Due to his risky work, he is receiving critical death threats. In order to protect himself, he will need to live under tight security, spending his days locked and away from his family and friends.",Ricardo Mehedff,"Ricardo Mehedff, Guilherme Lessa",Released,Portuguese,,
1729552,https://www.themoviedb.org/movie/1729552-badman-kembali,Badman Kembali,,2022-01-01,MY,,0.0,Budiman wants to sell his mother's ancestral home but is shocked by the return of Badrol Zaman. Rogayah and Husin who want to obtain the ancestral home to get substantial profits.,Rosdi Md. Dali,,Released,English,,
353070,https://www.themoviedb.org/movie/353070-going-in-style,Going in Style,96.0,2021-03-09,KR,"Crime, Comedy",6.7,"Desperate to pay the bills and come through for their loved ones, three lifelong pals risk it all by embarking on a daring bid to knock off the very bank that absconded with their money.",Zach Braff,Theodore Melfi,Released,English,25000000.0,84618541.0
140823,https://www.themoviedb.org/movie/140823-saving-mr-banks,Saving Mr. Banks,126.0,2014-04-03,KR,"Comedy, Drama, History",7.3,"Author P.L. Travers looks back on her childhood while reluctantly meeting with Walt Disney, who seeks to adapt her Mary Poppins books for the big screen.",John Lee Hancock,"Kelly Marcel, Sue Smith",Released,English,35000000.0,112544580.0
91050,https://www.themoviedb.org/movie/91050-keluarga-69,Keluarga 69,116.0,1967-12-22,MY,"Comedy, Family",7.0,Keluarga 69 is a classic family comedy that is about wealth and reputation. Osman was driven out by his unscrupulous father but with a twist of fate he managed to clinch a recording contract and strive with the help of beautiful lady.,P. Ramlee,,Released,Malay,,
1567159,https://www.themoviedb.org/movie/1567159-radio-destino,Radio Destino,4.0,2025-10-21,ES,"Comedy, Drama, Science Fiction",0.0,"On a typical night, two friends drive home after a party. The radio searches for a signal while interference mixes with their voices. Between flashes of streetlights and tired laughter, Sara and Violeta talk about love, desire, and disappointment.",Yara Pérez Sánchez,Yara Pérez Sánchez,Released,Spanish; Castilian,,
10222,https://www.themoviedb.org/movie/10222-kickboxer,Kickboxer,98.0,1989-09-09,US,"Action, Thriller, Drama",6.8,"If your enemy refuses to be humbled... Destroy him. Accompanied by his brother Kurt, American kickboxing champion Eric Sloane, arrives in Thailand to defeat the Eastern warriors at their own sport. His opponent: ruthless fighter and Thai champion, Tong Po. Tong not only defeats Eric, he paralyzes him for life. Crazed with anger, Kurt vows revenge.","Mark DiSalle, David Worth",Glenn A. Bruce,Released,English,1500000.0,50000000.0
1203973,https://www.themoviedb.org/movie/1203973-la-distraction,Distracted,30.0,2023-11-19,FR,"Comedy, Drama",0.0,"Lucie, about to graduate university, has to stay in Paris for the summer to finish her master thesis. While she hopes to combine work and rest, she’s constantly distracted by the outside world, people in vacation, but also her own despise for routine…","Valentine Guégan, Hugo Lemaire","Valentine Guégan, Hugo Lemaire",Released,French,1500.0,
25538,https://www.themoviedb.org/movie/25538,Yi Yi,174.0,2000-10-28,KR,Drama,7.9,A Taipei family faces personal and moral uncertainty as everyday events test their relationships and sense of purpose.,Edward Yang,Edward Yang,Released,Chinese,,1528767.0
1510767,https://www.themoviedb.org/movie/1510767,Athiradi,156.0,2026-05-14,IN,"Comedy, Drama",6.6,"Energetic student Samkutty revives a banned college festival, igniting a fierce rivalry that transforms celebration into chaos.",Arun Anirudhan,"Arun Anirudhan, Paulson Skaria",Released,Malayalam,,
630392,https://www.themoviedb.org/movie/630392-the-cursed,The Cursed,111.0,2021-07-28,KR,"Horror, Drama, Thriller",6.6,"In the late 19th century, a brutal land baron slaughters a Roma clan, unleashing a curse on his family and village. In the days that follow, the townspeople are plagued by nightmares, the baron's son goes missing, and a boy is found murdered. The locals suspect a wild animal, but a visiting pathologist warns of a more sinister presence lurking in the woods.",Sean Ellis,Sean Ellis,Released,English,,4588389.0
700199,https://www.themoviedb.org/movie/700199-4,Mom's Friend 4,77.0,2018-01-08,KR,Romance,6.1,"Min Jung's husband has been traveling for 300 days and she feels lonely. When her friend Chung Hee moves in next door, Min Jung often visits her house, during which she keeps meeting Jae Ho, Jung Hee's son. After having an impulsive affair with Jae Ho, Min Jung tries to forget about it, saying, ""It was a mistake,"" but she keeps remembering his young body.",Chae Joon-woo,,Released,Korean,,
272371,https://www.themoviedb.org/movie/272371,Saanghuro,120.0,2013-05-14,NP,,0.0,A portrayal of the everyday struggles faced by a newly married couple in a slum in urban Nepal.,Joes Pandey,,Released,Nepali,,
185689,https://www.themoviedb.org/movie/185689,Beauty in Rope Hell,77.0,1983-08-26,JP,Drama,5.8,"A mailman becomes obsessed with a pretty, young wife. He captures the woman, tortures her and keeps her in his basement dungeon where she becomes his private sex toy.",Genji Nakamura,Toshimichi Saeki,Released,Japanese,,
137409,https://www.themoviedb.org/movie/137409,Cold War,102.0,2012-10-04,KR,"Action, Thriller",6.7,"After five specially trained officers and a van full of firearms fall off the grid, the Hong Kong police start receiving calls from the hijackers.","Sunny Luk Kim-Ching, Leung Lok-Man","Sunny Luk Kim-Ching, Leung Lok-Man",Released,Cantonese,,8839331.0
1376415,https://www.themoviedb.org/movie/1376415-l-affaire-bojarski,The Money Maker,128.0,2026-01-14,FR,"History, Drama, Crime",7.1,"In post-war France, Jan Bojarski, a young Polish refugee, became the greatest counterfeiter of all time, the ""Cézanne of counterfeit money"". For more than fifteen years, this man led a double life, unbeknownst to his family, making counterfeits in a garden shed that were ""truer"" than the bills issued by the Banque de France... All these years, this peerless counterfeiter managed to avoid being caught by the police, and became the bête noire of Commissaire Mattei in a hunt that, for these two obsessives, turned into a duel.",Jean-Paul Salomé,"Jean-Paul Salomé, Bastien Daret",Released,French,,
1121881,https://www.themoviedb.org/movie/1121881,Love You Anyway,90.0,2017-09-08,RU,"Drama, Romance",0.0,We don't have an overview translated in English. Help us expand our database by adding one.,Yuriy Kupavyh,Ekaterina Latanova,Released,Russian,,
2142,https://www.themoviedb.org/movie/2142-cop-land,Cop Land,104.0,2000-01-15,KR,"Crime, Drama, Thriller",6.8,"Freddy Heflin is the sheriff of a place everyone calls “Cop Land” — a small and seemingly peaceful town populated by the big city police officers he’s long admired. Yet something ugly is taking place behind the town’s peaceful facade. And when Freddy uncovers a massive, deadly conspiracy among these local residents, he is forced to take action and make a dangerous choice between protecting his idols and upholding the law.",James Mangold,James Mangold,Released,English,15000000.0,63706632.0
1644554,https://www.themoviedb.org/movie/1644554-hard-feelings,Hard Feelings,9.0,2026-03-01,AU,"Drama, Comedy",0.0,"Seeking closure after a devastating breakup, Chloe contacts an agency who send doppelgängers to the heartbroken to issue plastic apologies, however the interaction with her “ex” takes an unexpected turn.",Rachael Sampson,Rachael Sampson,Released,English,,
111969,https://www.themoviedb.org/movie/111969-stuck-in-love,Stuck in Love,97.0,2014-02-20,KR,"Drama, Comedy, Romance",7.4,"An acclaimed writer, his ex-wife, and their teenaged children come to terms with the complexities of love in all its forms over the course of one tumultuous year.",Josh Boone,Josh Boone,Released,English,,977671.0
2193,https://www.themoviedb.org/movie/2193-my-tutor,My Tutor,97.0,1983-12-07,KR,"Comedy, Drama, Romance",5.1,"High school senior Bobby Chrystal fails his French class, which will block him from entering Yale. His rich, authoritarian father hires an attractive 29-year-old to tutor Bobby over the summer and help him pass a make-up exam. While Bobby's friends lead him away into strange excursions aimed at losing their virginity, Bobby finds all the extracurricular activities he needs with his new tutor.",George Bowers,Joe Roberts,Released,English,,22587834.0
65759,https://www.themoviedb.org/movie/65759-happy-feet-two,Happy Feet Two,99.0,2012-02-02,KR,"Animation, Comedy, Family",6.2,"Mumble the penguin has a problem: his son Erik, who is reluctant to dance, encounters the Mighty Sven — a penguin who can fly! Things get worse for Mumble when the world is shaken by powerful forces, causing him to bring together the penguin nations and their allies to set things right.",George Miller,"George Miller, Paul Livingston, Gary Eck, Warren Coleman",Released,English,130000000.0,150406466.0
421223,https://www.themoviedb.org/movie/421223-la-mascara,La máscara,98.0,1977-07-31,ES,Drama,6.6,"Diana's parents have separated. Diana moves to a boarding school, by order of her parents, to complete her education. There she will meet her gym teacher, with whom she will have a close friendship. After an accident, this friendship will become something more.",Ignacio F. Iquino,"Ignacio F. Iquino, Enrique Escobar, Juliana San José de la Fuente, Fernando González Doria",Released,Spanish; Castilian,,
1122403,https://www.themoviedb.org/movie/1122403,Mathare Dei Pata Odhani,,2011-12-31,IN,Romance,0.0,"Deepak is taking two births in the movie. In first birth, he is the son of a Zamindar and fell in love with a potter’s daughter. But they couldn’t get married due to some other’s evil planning and got died. After intermission, he took birth in a aristocrat family. Then what happens is the suspense.",Ranjan Mishra,,Released,Oriya,,
845659,https://www.themoviedb.org/movie/845659-perfect-addiction,Perfect Addiction,97.0,2023-02-16,DE,"Drama, Romance",6.8,A female boxing trainer discovers that her champion cage-fighter boyfriend has been cheating on her with her sister and decides to seek revenge by training up his arch-rival to challenge him.,Castille Landon,"Claudia Tan, Stephanie Sanditz",Released,English,,143705.0
441931,https://www.themoviedb.org/movie/441931-angel-del-silencio,Ángel del silencio,85.0,1979-10-10,MX,,6.0,"Handicapped day-laborer crushes out on a ranchera singer, then has a chance to save her from ruffians. After that, he becomes a ward/employee of a Catholic orphanage and trains for lucha libre competition with an aging wrestler who mentors him.",Gilberto Martínez Solares,,Released,Spanish; Castilian,,
1619399,https://www.themoviedb.org/movie/1619399-fatal-fraud,Fatal Fraud,78.0,2025-11-05,US,Crime,0.0,"When a private investigator is hired to find a missing girl whose identity has been stolen by a con artist, he must race against time to locate her before it's too late. As he delves deeper into the case, he uncovers a web of secrets.",Denise Mone't,Denise Mone't,Released,English,,
1173357,https://www.themoviedb.org/movie/1173357,The Devil in Her,93.0,1974-11-27,HK,"Horror, Drama",7.0,A husband buys his wife a ring only to find out it belonged to a crazy woman who had committed suicide and is now terrorizing the family as a ghost.,Cheung Sum,Cheung Sum,Released,Chinese,,
451863,https://www.themoviedb.org/movie/451863,Power of Love,84.0,1993-09-02,HK,Romance,4.6,"A young girl gets a job as a maid to a lecherous old billionaire. During her time there he dies, and decides to leave his money to the object of his desire, rather than his own son. His son's wife however is less than happy about this and sets in motion a chain of sexual dalliances and murder.",Simon Leung Chi-Wa,,Released,Cantonese,,153536.0
12117,https://www.themoviedb.org/movie/12117-instinct,Instinct,124.0,1999-06-04,US,"Drama, Thriller",6.5,"In a prison for the criminally insane, deranged anthropologist Ethan Powell is set to be examined by a bright young psychiatrist, Theo Caulder. Driven by ambition and a hunger for the truth, Caulder will eventually risk everything—even put his very life on the line—in a harrowing attempt to understand the bizarre actions of this madman.",Jon Turteltaub,Gerald Di Pego,Released,English,80000000.0,34105207.0
491480,https://www.themoviedb.org/movie/491480-the-boy-who-harnessed-the-wind,The Boy Who Harnessed the Wind,113.0,2019-03-01,KR,"Drama, History",7.9,"Against all the odds, a thirteen year old boy in Malawi invents an unconventional way to save his family and village from famine.",Chiwetel Ejiofor,Chiwetel Ejiofor,Released,English,,
10996,https://www.themoviedb.org/movie/10996-stuart-little-2,Stuart Little 2,78.0,2002-08-02,KR,"Family, Adventure, Comedy",5.8,"Stuart, an adorable white mouse, still lives happily with his adoptive family, the Littles, on the east side of Manhattan's Central Park. More crazy mouse adventures are in store as Stuart, his human brother, George, and their mischievous cat, Snowbell, set out to rescue a friend.",Rob Minkoff,Bruce Joel Rubin,Released,English,120000000.0,169956806.0
910571,https://www.themoviedb.org/movie/910571-fair-play,Fair Play,113.0,2023-10-06,KR,"Drama, Thriller, Romance",6.3,"An unexpected promotion at a cutthroat hedge fund pushes a young couple's relationship to the brink, threatening to unravel not only their recent engagement but their lives.",Chloe Domont,Chloe Domont,Released,English,,
341842,https://www.themoviedb.org/movie/341842-a-padlas,A padlás,,1988-01-27,HU,"Fantasy, Music",10.0,We don't have an overview translated in English. Help us expand our database by adding one.,,,Released,Hungarian,,
1192548,https://www.themoviedb.org/movie/1192548-hannah-waddingham-home-for-christmas,Hannah Waddingham: Home for Christmas,44.0,2023-11-22,KR,Music,6.1,Ring in the holidays with Emmy-winning star Hannah Waddingham as she welcomes special guests for a musical extravaganza at the London Coliseum.,Hamish Hamilton,,Released,English,,
853425,https://www.themoviedb.org/movie/853425-diaries,Bou Diaries,74.0,2021-07-15,BD,"Family, Drama, Romance",0.0,"The memoirs of three women in three unique stages of life; ""Bou Diaries"".",Sameer Ahmed,Matia Banu Shuku,Released,Bengali,,
1336770,https://www.themoviedb.org/movie/1336770-ii,Vaazha II,162.0,2026-04-02,IN,"Comedy, Drama",7.4,"Four friends – Hashir, Alan, Ajin and Vinayak – are considered losers and troublemakers by parents, family and the school management. They face immense social pressure as they reach adulthood, embarking them on an emotional journey of self discovery and acceptance, where they finally learn to take up their responsibilities and find success.",Savin Sa,Vipin Das,Released,Malayalam,1079884.0,21181760.0
555285,https://www.themoviedb.org/movie/555285-are-you-there-god-it-s-me-margaret,"Are You There God? It's Me, Margaret.",106.0,2023-10-27,KR,"Comedy, Drama",7.2,"When her family moves from New York City to New Jersey, an 11-year-old girl navigates new friends, feelings, and the beginning of adolescence.",Kelly Fremon Craig,Kelly Fremon Craig,Released,English,30000000.0,21800000.0
534567,https://www.themoviedb.org/movie/534567-qara-daslar,The Black Stones,80.0,1956-12-02,SU,"Drama, Adventure",0.0,"Based on the novel of the same name of Mehdi Huseyn. Engineer-geologist Imanov assembles a young team to explore presumed oil reserves beneath the Black Rocks despite his superior Halilov’s bans. When the ministry greenlights offshore drilling, Halilov’s sabotage and political attacks only strengthen Imanov and his colleagues’ resolve to prove the field’s potential.",Aga-Rza Kuliyev,Mehdi Huseyn,Released,Azerbaijani,,
2976,https://www.themoviedb.org/movie/2976-hairspray,Hairspray,116.0,2007-12-06,KR,"Comedy, Romance, Drama",6.7,"Pleasantly plump teenager Tracy Turnblad auditions to be on Baltimore's most popular dance show - The Corny Collins Show - and lands a prime spot. Through her newfound fame, she becomes determined to help her friends and end the racial segregation that has been a staple of the show.",Adam Shankman,Leslie Dixon,Released,English,75000000.0,90450008.0
1025171,https://www.themoviedb.org/movie/1025171-el-balneari,El balneari,6.0,2022-10-08,ES,"Drama, Fantasy",7.0,"Two girls work at a spa helping old people. They help them going in and geting out of the swimming pool, they fill them with unguent... But the aged bodies generate a weird resistance when they leave the water.","Max Sorribas, Eloi Román","Max Sorribas, Gerard Leo, Paula Labazuy, Maria Farré, Eva Picazo, Júlia Sells",Released,Catalan; Valencian,,
2288,https://www.themoviedb.org/movie/2288-closer,Closer,104.0,2005-02-03,KR,"Drama, Romance",6.8,The relationships of two couples become complicated and deceitful when the man from one couple meets the woman of the other.,Mike Nichols,Patrick Marber,Released,English,27000000.0,115505027.0
11335,https://www.themoviedb.org/movie/11335-popeye,Popeye,114.0,1980-12-12,US,"Action, Adventure, Comedy, Family",5.6,"Popeye is a super-strong, spinach-scarfing sailor man who's searching for his father. During a storm that wrecks his ship, Popeye washes ashore and winds up rooming at the Oyl household, where he meets Olive. Before he can win her heart, he must first contend with Olive's fiancé, Bluto.",Robert Altman,Jules Feiffer,Released,English,20000000.0,49823037.0
1606956,https://www.themoviedb.org/movie/1606956-sentimentalnoe-puteshestvie,Сентиментальное путешествие,11.0,2025-12-25,RU,Drama,0.0,"A visiting granddaughter tries to get her withdrawn grandmother to open up and encourages her to sort through her old wardrobe. While sorting through the clothes, the grandmother suddenly recalls stories associated with them, and the granddaughter unexpectedly discovers that the dresses, jackets, and scarves hold much more than just family photo archives. Trying on the past, the grandmother begins to subtly change before her granddaughter's eyes, gradually returning to her own youth.",Sergey Ramz,"Sergey Ramz, Elena Vanina",Released,Russian,,
1127110,https://www.themoviedb.org/movie/1127110-diablo,Diablo,91.0,2025-10-29,KR,"Action, Thriller, Crime",7.3,"Ex-con Kris Chaney seizes the daughter of a Colombian gangster to fulfill a noble promise to the young girl's mother. When her father enlists both the criminal underworld and a psychotic killer to exact his revenge, Kris relies on everything he's ever learned to stay alive and keep his word.",Ernesto Díaz Espinoza,Mat Sansom,Released,English,,85000000.0
616820,https://www.themoviedb.org/movie/616820-halloween-ends,Halloween Ends,111.0,2022-10-13,KR,"Horror, Thriller",6.0,"Four years after the events of Halloween in 2018, Laurie has decided to liberate herself from fear and rage and embrace life. But when a young man is accused of killing a boy he was babysitting, it ignites a cascade of violence and terror that will force Laurie to finally confront the evil she can’t control, once and for all.",David Gordon Green,"David Gordon Green, Danny McBride, Chris Bernier, Paul Brad Logan",Released,English,33000000.0,105400796.0
952680,https://www.themoviedb.org/movie/952680-dependencias,Dependencies,9.0,2015-04-07,BR,,0.0,"Between walls that still stand, stories live.",João Real Piovan,João Real Piovan,Released,Portuguese,,
525661,https://www.themoviedb.org/movie/525661-bombshell,Bombshell,109.0,2020-07-08,KR,Drama,6.8,Bombshell is a revealing look inside the most powerful and controversial media empire of all time; and the explosive story of the women who brought down the infamous man who created it.,Jay Roach,Charles Randolph,Released,English,32000000.0,61404394.0
1631,https://www.themoviedb.org/movie/1631-une-vraie-jeune-fille,A Real Young Girl,94.0,1999-04-28,FR,"Romance, Drama",5.3,"Reluctantly, a sulky adolescent returns to her parents' house for yet another boring summer vacation, dabbling in desire and the art of desirability, eventually mixing reality with vision, caged fantasies with the fierce female sexuality.",Catherine Breillat,Catherine Breillat,Released,French,,17245.0
892717,https://www.themoviedb.org/movie/892717-eco,Eco,,2021-11-22,BR,,0.0,We don't have an overview translated in English. Help us expand our database by adding one.,Caetano Grippo,Caetano Grippo,Released,Portuguese,,
110,https://www.themoviedb.org/movie/110-trois-couleurs-rouge,Three Colors: Red,100.0,1994-05-12,KR,"Drama, Mystery, Romance",7.9,"Part-time model Valentine unexpectedly befriends a retired judge after she runs over his dog. At first, the grumpy man shows no concern about the dog, and Valentine decides to keep it. But the two form a bond when she returns to his house and catches him listening to his neighbors’ phone calls.",Krzysztof Kieślowski,"Krzysztof Kieślowski, Krzysztof Piesiewicz",Released,French,,4127033.0
98008,https://www.themoviedb.org/movie/98008-nerosubianco,Attraction,80.0,1969-02-26,IT,"Drama, Comedy",4.8,A married woman's journey through the psychedelic English youth scene awakens her to the carnal offerings of an African-American man.,Tinto Brass,"Tinto Brass, Gian Carlo Fusco, Franco Longo",Released,Italian,,
605722,https://www.themoviedb.org/movie/605722-long-distance,Long Distance,87.0,2025-07-03,US,"Science Fiction, Comedy, Action",6.6,"After crash-landing on an alien planet, an asteroid miner must contend with the challenges of his new surroundings, while making his way across the harsh terrain to the only other survivor – a woman who is trapped in her escape pod.","Josh Gordon, Will Speck",Spenser Cohen,Released,English,,
432548,https://www.themoviedb.org/movie/432548-aranypava,The Golden Peacock,91.0,1943-11-02,HU,Drama,8.0,"Bálint Zeke, the honest old miller of the village, leaves his water-mill to Anna, his only daughter, while the will also provides for the mill to be managed by Forintos Mátyás, a young miller, whom he has been raising since he was very young and treats as his own son. The two young people seem to ""like each other anyway"", and their marriage would make the old man happy.",László Cserépy,István Fekete,Released,Hungarian,,
100,https://www.themoviedb.org/movie/100-lock-stock-and-two-smoking-barrels,"Lock, Stock and Two Smoking Barrels",105.0,1999-06-12,KR,"Comedy, Crime",8.1,A card shark and his unwillingly-enlisted friends need to make a lot of cash quick after losing a sketchy poker match. To do this they decide to pull a heist on a small-time gang who happen to be operating out of the flat next door.,Guy Ritchie,Guy Ritchie,Released,English,1350000.0,28356188.0
1413052,https://www.themoviedb.org/movie/1413052-bloodrunner-zero,Bloodrunner Zero,12.0,2018-04-18,JP,,3.0,film by Sade Satô,Sade Satô,,Released,English,,
1440194,https://www.themoviedb.org/movie/1440194-passage,Passage,11.0,2021-05-16,GB,Horror,0.0,"A young woman finds herself stuck in a peculiar surrealistic place, but she isn't alone... She must come to face the inevitability of death.",Felix Round,"Felix Round, Rowland Smith",Released,English,,
13812,https://www.themoviedb.org/movie/13812-quarantine,Quarantine,89.0,2009-03-03,KR,"Horror, Science Fiction, Thriller",5.8,A television reporter and her cameraman are trapped inside a building quarantined by the CDC after the outbreak of a mysterious virus which turns humans into bloodthirsty killers.,John Erick Dowdle,"John Erick Dowdle, Drew Dowdle, Luiso Berdejo, Paco Plaza, Jaume Balagueró",Released,English,12000000.0,40855419.0
539064,https://www.themoviedb.org/movie/539064-zombieworld-2,Zombieworld 2,88.0,2017-03-15,US,"Horror, Comedy",5.6,"Zombies are back in this highly anticipated sequel to 2015’s popular Zombieworld. In the wake of a terrible virus that claimed most of the human population, zombies have risen. As the undead take control of Earth and grow in numbers, the remaining survivors struggle to save themselves and their planet from total annihilation in this unique horror anthology produced by the twisted mind of DreadCentral’s Steve Barton and Miguel Rodriguez. Welcome to Zombieworld!","Aaron McCann, Stefan Androv Radanovich, Abraham Sánchez, Fernando González Gómez, Adam O'Brien, Christopher G. Moore, Evan Tramel","Aaron McCann, Stefan Androv Radanovich, Abraham Sánchez, Fernando González Gómez, Adam O'Brien, Christopher G. Moore, Eryk Pruitt",Released,English,,
988716,https://www.themoviedb.org/movie/988716,Naadi Dosh,131.0,2022-06-17,IN,"Drama, Family, Romance",6.5,"New generation love birds, Riddhi and Kevin, shrewdly tackle the issue of 'Naadi Dosh', an old and dogmatic faith.",Krishnadev Yagnik,Krishnadev Yagnik,Released,Gujarati,,
1437256,https://www.themoviedb.org/movie/1437256,Just Once Before l Die,,2025-02-14,KR,Drama,4.0,"After giving up on her company, Min-jeong is living as a wreck in her house. After being given a terminal diagnosis, Min-jeong is told to break up with the man she loves without saying a word. With money running low and an unfulfilled hunger no matter how much she eats, Min-jeong calls her ex-boyfriend Yoon-jae.  Min-jeong wants Yoon-jae to regret breaking up with her, but Yoon-jae fights with Min-jeong's stubbornness and leaves. After that, Min-jeong goes to find the men she loved...",Min Chae-yeon,,Released,Korean,,
530896,https://www.themoviedb.org/movie/530896,Gilan's Daughter,72.0,1928-12-30,SU,"Drama, War, History",5.0,This drama is about Gilan's downfall in 1920th under onslaught of Iran's shah & English army.,Leo Mur,"Leo Mur, Yuriy Slyozkin",Released,Russian,,
2069,https://www.themoviedb.org/movie/2069-the-whole-nine-yards,The Whole Nine Yards,98.0,2000-03-11,KR,"Comedy, Crime",6.5,"After a mobster agrees to cooperate with an FBI investigation in order to stay out of prison, he's relocated by the authorities to a life of suburban anonymity as part of a witness protection program. It's not long before a couple of his new neighbours figure out his true identity and come knocking to see if he'd be up for one more hit—suburban style.",Jonathan Lynn,Mitchell Kapner,Released,English,41300000.0,106371651.0
53445,https://www.themoviedb.org/movie/53445-the-unloved,The Unloved,106.0,2009-05-17,GB,"Drama, TV Movie",6.8,"Lucy is eleven years old. Having been neglected by her estranged mother and father, she is placed in a children's home. Through her eyes, we follow her struggle to cope with the system; her only saving being her self-belief and certainty that she is being watched over and protected by the holy spirit.",Samantha Morton,"Samantha Morton, Tony Grisoni",Released,English,,
619509,https://www.themoviedb.org/movie/619509-tanyasi-dekameron-bizarr-romanc,A Bizarre Romance - Rural Decameron,82.0,2002-05-30,HU,Drama,9.0,"Living on the farms of Homoktanya, Józsi spends his time drinking and stealing valuables from others until he finds true love in the form of a blow-up doll.",Dezső Zsigmond,,Released,Hungarian,,
1468688,https://www.themoviedb.org/movie/1468688-a-una-isla-de-ti,An Island Away From You,102.0,2026-04-10,ES,"Comedy, Romance",6.1,"A romantic comedy set in the breathtaking Canary Islands. After being left at the altar, uptight chef Harry is convinced by his best friend to escape to her homeland, Gran Canaria. There, amid stunning beaches, vibrant culture, and delicious cuisine, Harry rediscovers joy—and unexpectedly falls in love with his best friend's father. Woven with humor, heart, and sun-soaked adventures, the film is a celebration of second chances and the power of unexpected love.",Alexis Morante,"Alexis Morante, Fernando Pérez, Paula López Cuervo",Released,Spanish; Castilian,,
522212,https://www.themoviedb.org/movie/522212-just-mercy,Just Mercy,137.0,2020-12-27,KR,"Drama, Crime, History",7.9,"The powerful true story of Harvard-educated lawyer Bryan Stevenson, who goes to Alabama to defend the disenfranchised and wrongly condemned — including Walter McMillian, a man sentenced to death despite evidence proving his innocence. Bryan fights tirelessly for Walter with the system stacked against them.",Destin Daniel Cretton,"Destin Daniel Cretton, Bryan Stevenson, Andrew Lanham",Released,English,25000000.0,50401502.0
15080,https://www.themoviedb.org/movie/15080,Only Yesterday,119.0,2006-06-08,KR,"Animation, Drama, Romance",7.4,"In lyrical switches between the present and the past, Taeko contemplates the arc of her life, and wonders if she has been true to the dreams of her childhood self.",Isao Takahata,Isao Takahata,Released,Japanese,,473110.0
499753,https://www.themoviedb.org/movie/499753,Sister-in-law's Seduction,97.0,2017-07-06,KR,Romance,7.0,You only live once. Jeong-min lives everyday in gambling debt and sex. He finds out his rich twin brother is missing and plans to take his place but his plans get complicated when his brother's sister-in-law Sae-eun appears. Jeong-min and Sae-eun who loves him start living together. Will Jeong-min overcome Sae-eun's seduction and put his brother's wealth in his hands?,Park Sun-Uk,Kim Min-joo-III,Released,Korean,,
305257,https://www.themoviedb.org/movie/305257,Credenza,81.0,2014-01-23,UA,Drama,0.0,"Christmas Lviv. Cellist Orest is entangled in a chain of personal, domestic and work problems. And at some point it reaches the boiling point.",Valentyn Vasyanovych,"Valentyn Vasyanovych, Iya Myslytska",Released,Ukrainian,,
300389,https://www.themoviedb.org/movie/300389-chuy-n-di-cu-i-cung-c-a-ch-ph-ng,Madam Phung's Last Journey,87.0,2014-03-24,FR,Documentary,8.0,"Endearing Madame Phung and her transvestite singers travel around Vietnam, sparking fascination and hostility from the local people.",Nguyễn Thị Thắm,Nguyễn Thị Thắm,Released,Vietnamese,,
768744,https://www.themoviedb.org/movie/768744-the-movie,My Hero Academia: World Heroes' Mission,105.0,2022-03-09,KR,"Animation, Action, Adventure, Science Fiction",7.6,"A mysterious group called Humarize strongly believes in the Quirk Singularity Doomsday theory which states that when quirks get mixed further in with future generations, that power will bring forth the end of humanity. In order to save everyone, the Pro-Heroes around the world ask UA Academy heroes-in-training to assist them and form a world-class selected hero team. It’s up to the heroes to save the world and the future of heroes in what is the most dangerous crisis to take place yet in My Hero Academia.",Kenji Nagasaki,Yosuke Kuroda,Released,Japanese,,46940541.0
232954,https://www.themoviedb.org/movie/232954-transformations-elastiques,Elastic Transformation,1.0,1908-11-21,FR,"Fantasy, Comedy",6.0,A woman enters a room with a man.  She creates a duplicate of him and changes his personality by throwing his clothes from one man to the next.,Jean Durand,,Released,French,,
1143961,https://www.themoviedb.org/movie/1143961,Weavers,64.0,1973-12-16,SU,"Drama, TV Movie",0.0,About the life and loves of Tajik woman textile workers in the early ’70s USSR.,Margarita Kasymova,,Released,Russian,,
13654,https://www.themoviedb.org/movie/13654-101-dalmatians-ii-patch-s-london-adventure,101 Dalmatians II: Patch's London Adventure,74.0,2003-05-05,KR,"Family, Animation, Adventure, Comedy",6.0,"Being one of 101 takes its toll on Patch, who doesn't feel unique. When he's accidentally left behind on moving day, he meets his idol, Thunderbolt, who enlists him on a publicity campaign.","Jim Kammerud, Brian Smith","Jim Kammerud, Brian Smith, Dodie Smith",Released,English,,
1241634,https://www.themoviedb.org/movie/1241634,Saiyaara,150.0,2026-02-20,KR,"Romance, Drama, Music",6.4,"Two artistic souls find harmony through music despite their contrasting worlds. As feelings deepen, age and circumstances challenge their undeniable bond.",Mohit Suri,"Sankalp Sadanah, Rohan Shankar",Released,Hindi,5500000.0,63539300.0
37786,https://www.themoviedb.org/movie/37786-sex-and-the-city-2,Sex and the City 2,146.0,2010-06-10,KR,"Comedy, Drama, Romance",6.0,"Carrie, Charlotte, and Miranda are all married now, but they're still up for a little fun in the sun. When Samantha gets the chance to visit one of the most extravagant vacation destinations on the planet and offers to bring them all along, they surmise that a women-only retreat may be the perfect excuse to eschew their responsibilities and remember what life was like before they decided to settle down.",Michael Patrick King,Michael Patrick King,Released,English,100000000.0,290700000.0
129310,https://www.themoviedb.org/movie/129310,Groper Train: Wedding Capriccio,67.0,1984-05-01,JP,"Comedy, Mystery",3.8,"The world’s greatest detective, Ippei Kuroda, is back and this time hired by a politician to find his estranged daughter. When the daughter is found dead, the mystery deepens. Meanwhile, Kuroda’s assistant tries to stop her arranged marriage to a country hick by shacking-up with a composer who writes symphonies on his calculator — when he’s not groping women on the Tokyo trains!",Yojiro Takita,Isao Takagi,Released,Japanese,,
585730,https://www.themoviedb.org/movie/585730-a-halfway-house-christmas,A Halfway House Christmas,51.0,2005-12-16,US,"Comedy, Drama",8.0,"When the counselor of a halfway house, Daryl, agrees to let cameras film the residents for reality television, he soon realizes the show's ""do anything for ratings"" producer has some tricks up his sleeve.",Eric Moyer,Eric Moyer,Released,English,,
41498,https://www.themoviedb.org/movie/41498-one-piece-film-strong-world,One Piece Film: Strong World,114.0,2010-02-11,KR,"Animation, Fantasy, Adventure",7.4,"20 years after his escape from Impel Down, the legendary pirate Shiki, the Golden Lion, reappears causing massive upheaval to the Marines. During his long seclusion, he was able to come up with a scheme to bring the World Government to his knees. On his way to execute the plan, Shiki crosses paths with the Straw Hat Pirates and becomes so impressed with Nami's knowledge of meteorology that he abducts her to forcedly enlist her into his crew. Luffy and the gang end up on a strange land populated with monstrous beasts as they desperately search for Shiki and Nami.",Munehisa Sakai,Hirohiko Uesaka,Released,Japanese,,53000000.0
11884,https://www.themoviedb.org/movie/11884-the-last-starfighter,The Last Starfighter,101.0,1984-07-13,US,"Adventure, Science Fiction, Action",6.6,"Video game expert Alex Rogan finds himself transported to another planet after conquering the video game The Last Starfighter, only to find out it was just a test. He was recruited to join the team of best Starfighters to defend their world from the attack.",Nick Castle,Jonathan R. Betuel,Released,English,15000000.0,28733290.0
442790,https://www.themoviedb.org/movie/442790-evoe-retrato-de-um-antropofago,Evoé: Portrait of an Anthropophage,104.0,2011-11-25,BR,Documentary,2.3,"A film that mixes labyrinthine recent testimonies and historical images of the career of the tropicalista director, actor and playwright Zé Celso, of Teatro Oficina, one of the greatest personalities of the Brazilian arts of all time. The documentary acquired its main verb in four trips to key points in the trajectory of Zé: Bahia badlands, Cururipe Beach in Alagoas (where Bishop Sardinha was devoured), Epidaurus and Athens in Greece and his apartment in São Paulo.","Elaine Cesar, Tadeu Jungle",,Released,Cantonese,,
390062,https://www.themoviedb.org/movie/390062-jungle,Jungle,115.0,2018-05-31,KR,"Adventure, Drama, Thriller",6.7,"In 1981, an enthusiastic young adventurer follows his dreams into the Bolivian Amazon jungle with two friends and a guide with a mysterious past. Their journey quickly turns into a terrifying ordeal as the darkest elements of human nature and the deadliest threats of the wilderness lead to an all-out fight for survival.",Greg McLean,Justin Monjo,Released,English,,1906640.0
13683,https://www.themoviedb.org/movie/13683-tarzan-jane,Tarzan & Jane,75.0,2002-07-23,US,"Animation, Family, Adventure",6.0,"With the first anniversary of her wedding to Tarzan beckoning, Jane ponders how to make it the perfect English celebration.","Don MacKinnon, Steve Loter, Victor Cook, Lisa Schaffer","Mirith J. Colao, Bob Roth, Rob Humphrey, Bill Motz, John Behnke, Jim Peterson, Jess Winfield",Released,English,,
519692,https://www.themoviedb.org/movie/519692-budynok-slovo,Slovo House,81.0,2017-11-09,UA,Documentary,7.0,"Chain-smoking artists, poets and playwrights were among the colourful array of intellectuals living in the ‘Slovo House’ in 1920s Ukraine. The communist paradise was built under Stalin's approval, but it quickly became a prison. The brutal Soviet regime spied on the inhabitants, destroying their eccentric way of life and sealing their fate. This fascinating film explores the extraordinary story of the building and its residents.",Taras Tomenko,"Taras Tomenko, Liubov Yakymchuk, Yaryna Tsymbal",Released,Ukrainian,,
463821,https://www.themoviedb.org/movie/463821-the-house-with-a-clock-in-its-walls,The House with a Clock in Its Walls,105.0,2018-10-31,KR,"Comedy, Family, Fantasy, Horror, Mystery",6.3,"When ten-year-old Lewis is suddenly orphaned, he is sent to live with his Uncle Jonathan in a creaky (and creepy) old mansion with a mysterious ticking noise that emanates from the walls. Upon discovering that his uncle is a warlock, Lewis begins learning magic, but when he rebelliously resurrects an evil warlock he must find the secret of the house and save the world from destruction.",Eli Roth,"John Bellairs, Eric Kripke",Released,English,42000000.0,131523093.0
760941,https://www.themoviedb.org/movie/760941,Shambala,86.0,2020-07-25,CN,Drama,6.0,"Based on the story of Chingiz Aitmatov ""The White Steamer"". In a forest cordon, lost high in the mountains, an old man and an old woman and his daughter live with their family - a husband and a seven-year-old son named Shambala, which means ""boy-candle"" or ""boy who radiates light."" Shambhala faithfully believes in the ancient myth of the Mother Deer, who saved the last baby of their kind, Bugu, from enemies and fed him with her milk. And although over time people exterminated the deer, the boy believes that someday the deer will still return to their land.",Artyk Suyundukov,"Artyk Suyundukov, Chinghiz Aitmatov",Released,Kirghiz; Kyrgyz,,
11077,https://www.themoviedb.org/movie/11077-problem-child,Problem Child,81.0,1990-07-27,US,"Comedy, Family",6.2,"Ben Healy and his social climbing wife Flo adopt fun-loving seven year old Junior. But they soon discover he's a little monster as he turns a camping trip, a birthday party and even a baseball game into comic nightmares.",Dennis Dugan,"Scott Alexander, Larry Karaszewski",Released,English,10000000.0,72000000.0
295012,https://www.themoviedb.org/movie/295012-wenn-manner-schwindeln,Wenn Männer schwindeln,,1950-08-25,DE,Comedy,8.0,We don't have an overview translated in English. Help us expand our database by adding one.,Carl Boese,,Released,German,,
377362,https://www.themoviedb.org/movie/377362-clarisse-ou-alguma-coisa-sobre-nos-dois,Clarisse or Something About Us,84.0,2015-10-30,BR,"Mystery, Drama, Fantasy, Horror",4.4,"The dry quarry and a forest that still beats. A very sick father reviews the daughter. Resentments are brought to the table. The memory of the dead awakened by blood, objects, shadows and dreams affects Clarisse at this scenario of beauty and agony. Husband and business are expecting she in the city for a cathartic outcome.",Petrus Cariry,"Petrus Cariry, Rosemberg Cariry, Firmino Holanda",Released,Portuguese,,
150100,https://www.themoviedb.org/movie/150100,Sun of the Sleepless,123.0,1992-03-01,GE,"Crime, Drama",5.7,"The director dedicated this lyrical, epic film-confession to the memory of his father who was a doctor. The film’s protagonist, an ambulance doctor, conducts dangerous experiments in search of a vitally important vaccine. His wife believes in his work, though his daughter would not understand him. His son, who is absolutely unlike his father in character, is trying to protect him. But self-denial in the name of science proves too high a price. Just when he is on the verge of discovery, the doctor loses everything he has gathered as a result of his twenty-year-long work. This loss brings him even closer to his son. The shooting of the film continued for seven years (1985-1992), making it a metaphorical culmination of the Soviet cinematography and the Soviet way of life as a whole.",Temur Babluani,Temur Babluani,Released,Georgian,,
307977,https://www.themoviedb.org/movie/307977-fuera-del-aire-la-pelicula,Fuera Del Aire: La Película,113.0,2014-11-28,VE,"Documentary, Comedy",0.0,"After his departure from the Televen network on June 10th, 2014, Luis Chataing decided to make a tour of theater performances with the crew of ""ChataingTV"" to thank the viewers for their support and to transmit into the hearts of Venezuelans the determination to stand up and keep fighting against adversities, and defend freedom of speech.",,"Amarís Páez, Antonio Martín",Released,Spanish; Castilian,,
1733510,https://www.themoviedb.org/movie/1733510,Themmangu Paattukaaran,116.0,1997-10-30,IN,Drama,0.0,We don't have an overview translated in English. Help us expand our database by adding one.,Gangai Amaran,Gangai Amaran,Released,Tamil,,
18148,https://www.themoviedb.org/movie/18148,Tokyo Story,137.0,2014-08-16,KR,Drama,8.1,"The elderly Shukishi and his wife, Tomi, take the long journey from their small seaside village to visit their adult children in Tokyo. Their elder son, Koichi, a doctor, and their daughter, Shige, a hairdresser, don't have much time to spend with their aged parents, and so it falls to Noriko, the widow of their younger son who was killed in the war, to keep her in-laws company.",Yasujirō Ozu,"Yasujirō Ozu, Kōgo Noda",Released,Japanese,,
77931,https://www.themoviedb.org/movie/77931-the-smurfs-2,The Smurfs 2,105.0,2013-08-01,KR,"Fantasy, Family, Comedy, Animation",5.8,"The evil wizard Gargamel creates a couple of mischievous Smurf-like creatures called the Naughties that he hopes will let him harness the all-powerful, magical Smurf-essence. But when he discovers that only a real Smurf can give him what he wants, and only a secret spell that Smurfette knows can turn the Naughties into real Smurfs, Gargamel kidnaps Smurfette and brings her to Paris, where he has been winning the adoration of millions as the world¹s greatest sorcerer. It's up to Papa, Clumsy, Grouchy, and Vanity to return to our world, reunite with their human friends Patrick and Grace Winslow, and rescue her! Will Smurfette, who has always felt different from the other Smurfs, find a new connection with the Naughties Vexy and Hackus or will the Smurfs convince her that their love for her is True Blue?",Raja Gosnell,"J. David Stem, David N. Weiss, David Ronn, Jay Scherick, Karey Kirkpatrick",Released,English,105000000.0,347434178.0
868854,https://www.themoviedb.org/movie/868854-a-ko,The Stone,4.0,2021-08-22,HU,Drama,0.0,"Pál Schäfer is 22 years old. His school-leaving exam didn't go well, so now he works for his father's washing machine repair company. Nóra Abonyi is 25 and a half years old. She always wanted to be a painter, but now she works for a tattoo salon. None of them had luck in love before, but one-day Pál found a colourful stone in the riverside.",Vilmos Heim,"Vilmos Heim, Pál Békés",Released,Hungarian,,
1161617,https://www.themoviedb.org/movie/1161617-code-3,Code 3,100.0,2025-09-12,US,"Comedy, Action, Drama",7.1,A burned-out paramedic tries to survive his last 24 hours on the job while training a new recruit.,Christopher Leone,"Christopher Leone, Patrick Pianezza",Released,English,,35190.0
76285,https://www.themoviedb.org/movie/76285-percy-jackson-sea-of-monsters,Percy Jackson: Sea of Monsters,106.0,2013-09-12,KR,"Adventure, Family, Fantasy",6.0,"In their quest to confront the ultimate evil, Percy and his friends battle swarms of mythical creatures to find the mythical Golden Fleece and to stop an ancient evil from rising.",Thor Freudenthal,"Rick Riordan, Marc Guggenheim",Released,English,90000000.0,199850315.0
66303,https://www.themoviedb.org/movie/66303,Ellam Un Kairasi,141.0,1980-10-10,IN,Drama,5.5,"A mechanic, constantly gets into a brawl with a well-known smuggler. All hell breaks loose, when he discovers that the smuggler is none other than his father, who alienated him.",M. A. Thirumugam,M. A. Thirumugam,Released,Tamil,,
26123,https://www.themoviedb.org/movie/26123-american-pie-presents-the-book-of-love,American Pie Presents: The Book of Love,93.0,2009-12-22,US,Comedy,5.3,"Ten years after the first American Pie movie, three new hapless virgins discover the Bible hidden in the school library at East Great Falls High. Unfortunately for them, the book is ruined, and with incomplete advice, the Bible leads them on a hilarious journey to lose their virginity.",John Putch,David H. Steinberg,Released,English,8000000.0,5021219.0
197998,https://www.themoviedb.org/movie/197998,Minazuki,114.0,1999-10-23,JP,Drama,5.8,"Akira's wife walks out on him, leaving him to confide in his gangster brother-in-law. Using only a cryptic note as a clue the two brothers go on a road trip to find his wife. After a series of violent encounters with strangers, Akira meets a prostitute. The pair start a relationship. After Akira finds his wife, he questions whether he still wants to be with her.",Rokurō Mochizuki,"Mangetsu Hanamura, Haruhiko Arai",Released,Japanese,,
4959,https://www.themoviedb.org/movie/4959-the-international,The International,118.0,2009-02-26,KR,"Action, Thriller, Crime, Mystery",6.3,"An interpol agent and an attorney are determined to bring one of the world's most powerful banks to justice. Uncovering money laundering, arms trading, and conspiracy to destabilize world governments, their investigation takes them from Berlin, Milan, New York and Istanbul. Finding themselves in a chase across the globe, their relentless tenacity puts their own lives at risk.",Tom Tykwer,Eric Warren Singer,Released,English,50000000.0,60161391.0
609,https://www.themoviedb.org/movie/609-poltergeist,Poltergeist,114.0,1991-06-01,KR,Horror,7.2,"The Freelings' suburban home becomes the center of paranormal activity that opens a portal to the 'other side'. With help, they must cross over to get their daughter back.",Tobe Hooper,"Steven Spielberg, Michael Grais, Mark Victor",Released,English,10700000.0,121733131.0
446021,https://www.themoviedb.org/movie/446021-bad-times-at-the-el-royale,Bad Times at the El Royale,141.0,2021-11-19,KR,"Thriller, Mystery, Crime",6.8,"Lake Tahoe, 1969. Seven strangers, each one with a secret to bury, meet at El Royale, a decadent motel with a dark past. In the course of a fateful night, everyone will have one last shot at redemption.",Drew Goddard,Drew Goddard,Released,English,32000000.0,31882724.0
483,https://www.themoviedb.org/movie/483-wild-at-heart,Wild at Heart,125.0,1991-03-16,KR,"Crime, Thriller, Romance",7.0,"Young lovers Sailor and Lula hit the road to start a new life together away from the wrath of Lula’s deranged, disapproving mother, who has hired a team of hitmen to cut the lovers’ surreal honeymoon short.",David Lynch,"David Lynch, Barry Gifford",Released,English,9500000.0,14569027.0
10160,https://www.themoviedb.org/movie/10160-a-nightmare-on-elm-street-the-dream-child,A Nightmare on Elm Street: The Dream Child,89.0,1989-08-11,US,"Horror, Thriller",5.4,"The pregnant Alice finds Freddy Krueger striking through the sleeping mind of her unborn child, hoping to be reborn into the real world.",Stephen Hopkins,Leslie Bohem,Released,English,8000000.0,22168359.0
17899,https://www.themoviedb.org/movie/17899-mentiras-y-gordas,"Sex, Party and Lies",107.0,2009-03-27,ES,"Comedy, Drama",4.6,"A youth group is preparing for what will be the summer of their life, including secrets, lies, sex, confusion, evenings and holidays.","Alfonso Albacete, David Menkes","Alfonso Albacete, David Menkes, Ángeles González-Sinde",Released,Spanish; Castilian,,5723917.0
206938,https://www.themoviedb.org/movie/206938-fotografija-ar-sievieti-un-mezakuili,The Photo of a Woman with a Boar,99.0,1987-07-12,SU,"Mystery, Thriller, Crime",4.0,"The 1980s. Kārlis did his military service in Afghanistan and is now confined to a wheelchair. Before he left, he had fallen in love with the teacher Judīte, but she has now married a rich man...and poses nude for Kārlis' neighbour, the cynical photographer Rūdofs. Soon Rūdolfs is found dead, and Kārlis admits to having murdered him. But investigator Konrāds suspects that Kārlis is incriminating himself.",Arvīds Krievs,Andris Kolbergs,Released,Latvian,,
1090648,https://www.themoviedb.org/movie/1090648-palesz-a-karma-to-burn,MOONSHINE - A Karma to Burn,21.0,2021-10-12,HU,Drama,0.0,"A seemingly regular day of the drifter 'Moonshine', wanted by the police, who's trying to to get along by working as a hired hand. Little does he know how this day will differ from the others, thanks to two unexpected encounters.",Gergely Riba,,Released,Hungarian,,
1540946,https://www.themoviedb.org/movie/1540946-entre-raizes,Between Roots,5.0,2023-11-09,BR,,0.0,"Larissa, a Black trans woman, faces the challenges of discrimination in the job market as she confronts the prejudice of recruiter Rubens. With courage and dignity, she finds strength in the care of her aunt Salete, the support of her family, and in her faith.",Alexandre Dkriwat,Alexandre Dkriwat,Released,Portuguese,,
645788,https://www.themoviedb.org/movie/645788-the-protege,The Protégé,109.0,2021-12-01,KR,"Action, Thriller, Crime",6.6,"Rescued as a child by the legendary assassin Moody and trained in the family business, Anna is the world’s most skilled contract killer. When Moody, the man who was like a father to her and taught her everything she needs to know about trust and survival, is brutally killed, Anna vows revenge. As she becomes entangled with an enigmatic killer whose attraction to her goes way beyond cat and mouse, their confrontation turns deadly and the loose ends of a life spent killing will weave themselves ever tighter.",Martin Campbell,Richard Wenk,Released,English,,8639684.0
8286,https://www.themoviedb.org/movie/8286-la-femme-infidele,The Unfaithful Wife,94.0,1969-01-22,FR,"Crime, Drama, Thriller",6.9,A man begins to believe his wife is cheating on him.,Claude Chabrol,Claude Chabrol,Released,French,,
380723,https://www.themoviedb.org/movie/380723,Pepo,75.0,1935-06-15,SU,"Drama, Comedy",4.9,"A poor but honest fisherman Pepo opposes a cunning trader Zimzimov, who tries to rob him by trickery refusing to pay a lost bill. Pepo choses prison to paying-off his honour.",Hamo Bek-Nazaryan,Hamo Bek-Nazaryan,Released,Armenian,,
851278,https://www.themoviedb.org/movie/851278,Didochok,9.0,2016-07-16,UA,"Comedy, Drama",0.0,"An absurd story reflecting contemporary social problems in Ukraine, told in the century-old language of cinema, linking modernity and traditional Soviet socialist realism. Classical imagery imitates an old ideology contradicting the author’s worldview revealing the roots of reality’s distortion in this post-Soviet ambience showing that cultural, political and economic problems are knotted in military conflict.",Volodymyr Tykhyy,Volodymyr Tykhyy,Released,Ukrainian,26000.0,
65057,https://www.themoviedb.org/movie/65057-the-descendants,The Descendants,115.0,2012-02-16,KR,"Comedy, Drama",6.8,"With his wife Elizabeth on life support after a boating accident, Hawaiian land baron Matt King takes his daughters on a trip from Oahu to Kauai to confront a young real estate broker, who was having an affair with Elizabeth before her misfortune.",Alexander Payne,"Alexander Payne, Kaui Hart Hemmings, Nat Faxon, Jim Rash",Released,English,20000000.0,177200000.0
189664,https://www.themoviedb.org/movie/189664-el-negro-que-tenia-el-alma-blanca,The Black Man Who Had a White Soul,88.0,1927-04-28,ES,Drama,6.0,"Pedro (played by a white actor in blackface), a son of a former slave, leaves Cuba (where he was being mistreated for being black) to seek his fortune in Paris. While working as a bellboy at a dance club, his dancing prowess is discovered and then he goes to become a famous dancer of the Charleston in the city. He falls in love with his dancing partner, who could not stand the thought of marrying him because of his skin color.",Benito Perojo,"Benito Perojo, Alberto S. Insúa",Released,Spanish; Castilian,,
27327,https://www.themoviedb.org/movie/27327-phantom-of-the-paradise,Phantom of the Paradise,92.0,1974-10-31,US,"Comedy, Horror, Music",7.5,"Singer-songwriter Winslow Leach seeks revenge on the nefarious music producer Swan, who steals both Winslow's music and his favorite singer for the grand opening of Swan's new rock palace, the Paradise.",Brian De Palma,"Brian De Palma, Louisa Rose",Released,English,1300000.0,250000.0
816776,https://www.themoviedb.org/movie/816776,Feifei,108.0,1996-01-01,CN,"War, Action",0.0,"During the war against the Japanese, a white horse named Feifei steers away a enemy raiding teams to save its wounded master.",Zien Zhang,王星泉,Released,Chinese,,
533642,https://www.themoviedb.org/movie/533642-child-s-play,Child's Play,90.0,2019-06-20,KR,"Horror, Science Fiction",6.0,"Karen, a single mother, gifts her son Andy a Buddi doll for his birthday, unaware of its more sinister nature. A contemporary re-imagining of the 1988 horror classic.",Lars Klevberg,Tyler Burton Smith,Released,English,10000000.0,44902237.0
1099639,https://www.themoviedb.org/movie/1099639-50,The Temptation of the Mature 50s Mother-in-law,74.0,2023-02-03,KR,"Romance, Drama",7.4,"A young couple, Wan-jin and So-hee, are living with Wan-jin's single father, Seok-bong. Seok-bong was preying on his daughter-in-law, who was doing the housework and preparing meals for him while her husband was away at work. He pretended to have dementia and attacked her. So-hee, who was suffering from her shame, suggested to Wan-jin to hire his father a caregiver, saying that his father seemed to be suffering from dementia, and so Bok-ja, a sexy and voluptuous caregiver who was about Seok-bong's age, came in. Seok-bong is captivated by Bok-ja's passionate charm and soon begins to share his love with her, and in this way, she takes the place of Wan-jin's new mother.",김태훈,,Released,Korean,,
10521,https://www.themoviedb.org/movie/10521-bride-wars,Bride Wars,89.0,2009-04-02,KR,"Comedy, Romance",6.3,Two best friends become rivals when their respective weddings are accidentally booked for the same day.,Gary Winick,"Greg DePaul, Casey Wilson, June Diane Raphael",Released,English,30000000.0,115375850.0
8984,https://www.themoviedb.org/movie/8984-disclosure,Disclosure,128.0,1995-01-14,KR,"Thriller, Drama, Crime",6.2,"A computer specialist is sued for sexual harassment by a former lover turned boss who initiated the act forcefully, which threatens both his career and his personal life.",Barry Levinson,"Michael Crichton, Paul Attanasio",Released,English,55000000.0,214015089.0
15789,https://www.themoviedb.org/movie/15789-a-goofy-movie,A Goofy Movie,78.0,2002-04-19,KR,"Adventure, Comedy, Romance, Animation, Family",7.0,"Goofy’s teenage son Max is desperate to impress his crush and fit in at school. After well-meaning but ignorant Goofy suddenly whisks him away on a cross-country road trip—messing up Max’s first date plans in the process—Goofy’s old-school parenting and Max’s desire for independence lead to a vacation of hilarious mishaps, as they both learn to see eye to eye and listen to each other.",Kevin Lima,"Jymn Magon, Brian Pimental, Chris Matheson",Released,English,18000000.0,35348597.0
487171,https://www.themoviedb.org/movie/487171-o-dia-do-camelo,Hard Season,19.0,2012-01-01,BR,Drama,0.0,"Gabriel and Laura are two strangers drawn to each other by a spark of restlessness in their eyes. At Laura's sanctuary, an abandoned factory, a man with a camera will put their revolutionary fantasies to the test.",Dante Vescio,,Released,Portuguese,,
1677,https://www.themoviedb.org/movie/1677-ray,Ray,152.0,2005-02-25,KR,"Drama, Music",7.5,"Born on a sharecropping plantation in Northern Florida, Ray Charles went blind at seven. Inspired by a fiercely independent mom who insisted he make his own way, He found his calling and his gift behind a piano keyboard. Touring across the Southern musical circuit, the soulful singer gained a reputation and then exploded with worldwide fame when he pioneered coupling gospel and country together.",Taylor Hackford,James L. White,Released,English,40000000.0,124700000.0
1231828,https://www.themoviedb.org/movie/1231828-konotopska-vidma,The Witch. Revenge,100.0,2024-08-22,UA,"Horror, Fantasy, War, Drama",6.7,"The tale unfolds around an ancient witch from the Ukrainian town of Konotop, who  long ago abandoned her extraordinary powers after falling in love with a mortal man. However, tragedy strikes when her beloved is brutally murdered by the russian soldiers as they occupy Konotop in February 2022. Fueled by grief and a thirst for revenge, she reclaims her supernatural abilities, embarking on a blood-soaked quest to mete out justice to her fiancé's killers.",Andrii Kolesnyk,Yaroslav Voytseshek,Released,Ukrainian,,
481728,https://www.themoviedb.org/movie/481728-tien-n-khong-kieng-c,Tiên Nữ Không Kiêng Cử,,2015-07-31,VN,,0.0,We don't have an overview translated in English. Help us expand our database by adding one.,,,Released,Vietnamese,,
536869,https://www.themoviedb.org/movie/536869-cats,Cats,110.0,2019-12-24,KR,"Fantasy, Comedy, Drama",4.1,A tribe of cats called the Jellicles must decide yearly which one will ascend to the Heaviside Layer and come back to a new Jellicle life.,Tom Hooper,"Tom Hooper, Lee Hall",Released,English,95000000.0,77276321.0
242224,https://www.themoviedb.org/movie/242224-the-babadook,The Babadook,94.0,2015-07-09,KR,"Drama, Horror",6.5,A grieving single mother and her child fall into a deep well of paranoia when an eerie children's book manifests in their home.,Jennifer Kent,Jennifer Kent,Released,English,2000000.0,10300000.0
60670,https://www.themoviedb.org/movie/60670-les-rivieres-pourpres,The Crimson Rivers,106.0,2001-02-10,KR,"Crime, Mystery, Thriller",6.9,"Two French policemen, one investigating a grisly murder at a remote mountain college, the other working on the desecration of a young girl's grave by skinheads, are brought together by the clues from their respective cases. Soon after they start working together, more murders are committed, and the pair begin to discover just what dark secrets are behind the killings.",Mathieu Kassovitz,"Mathieu Kassovitz, Jean-Christophe Grangé",Released,French,2365000.0,
1098830,https://www.themoviedb.org/movie/1098830,Suka Bhaira Sholay,96.0,2023-06-10,IN,"Romance, Comedy, Drama",0.0,"A young man Suka of Buguda, a village in Ganjam District. Who is a film buff and a die-hard fan of Amitabh Bachhan? To brush off his body-shaming he tries to imitate his screen idol and recreates the magic of the iconic movie “SHOLAY” with some real-life adaptations.",Snehasis Das,,Released,Oriya,,
227306,https://www.themoviedb.org/movie/227306-unbroken,Unbroken,137.0,2015-01-07,KR,"Drama, War",7.4,"A chronicle of the life of Louis Zamperini, an Olympic runner who was taken prisoner by Japanese forces during World War II.",Angelina Jolie,"William Nicholson, Richard LaGravenese, Joel Coen, Ethan Coen",Released,English,65000000.0,163400000.0
268399,https://www.themoviedb.org/movie/268399,May Night,63.0,1938-01-01,SU,Fantasy,7.0,"By Nikolai Gogol's ""May Night, or the Drowned Maiden"". Son of a stubborn mayor can not get his father's agreement to marry an ordinary peasant girl. Unexpectedly he gets the help from an ""evil force""",Nikolai Sadkovich,Nikolai Sadkovich,Released,Russian,,
11422,https://www.themoviedb.org/movie/11422-midway,Midway,132.0,1976-06-18,US,"Action, Drama, History, War",6.6,"This war drama depicts the U.S. and Japanese forces in the naval Battle of Midway, which became a turning point for Americans during World War II.",Jack Smight,Donald S. Sanford,Released,English,4000000.0,100000000.0
9585,https://www.themoviedb.org/movie/9585-not-without-my-daughter,Not Without My Daughter,116.0,1991-11-23,KR,"Drama, Thriller",6.7,"An American woman, trapped in Islamic Iran by her brutish husband, must find a way to escape with her daughter as well.",Brian Gilbert,"William Hoffer, Betty Mahmoody, David W. Rintels",Released,English,,14789113.0
1500099,https://www.themoviedb.org/movie/1500099-versa,Versa,8.0,2025-04-15,US,"Animation, Family, Drama, Fantasy",8.1,"A young couple looking to start a family who experience emotions—from grief and loss to ultimate joy—as they embark on an ethereal, abstract, and imaginative cosmic dance of life.",Malcon Pierce,Malcon Pierce,Released,English,,
1209293,https://www.themoviedb.org/movie/1209293-parejita-feliz,Parejita Feliz,16.0,2023-10-10,ES,Drama,8.0,"Nora and Aroa have been in a relationship for years that seems idyllic, but it has really been dying for a long time. Aroa can't stand the pressure anymore and explodes, exploding the pink bubble in which Nora lives.",Ian Loren,Amarú Rivera Vargas,Released,Spanish; Castilian,,
407451,https://www.themoviedb.org/movie/407451-a-wrinkle-in-time,A Wrinkle in Time,109.0,2018-12-26,KR,"Adventure, Science Fiction, Family, Fantasy",5.1,"After the disappearance of her scientist father, three peculiar beings send Meg, her brother, and her friend to space in order to find him.",Ava DuVernay,"Madeleine L'Engle, Jeff Stockwell, Jennifer Lee",Released,English,103000000.0,132675864.0
829487,https://www.themoviedb.org/movie/829487-je-m-appelle-agneta,Je m'appelle Agneta,114.0,2026-04-29,KR,"Comedy, Drama, Romance",6.5,"Craving a fresh start, recently unemployed Agneta accepts an au pair gig in Provence that turns into an indulgent escape — and an unexpected awakening.",Johanna Runevad,"Johanna Runevad, Emma Hamberg, Isabel Nylund",Released,Swedish,,
23047,https://www.themoviedb.org/movie/23047-season-of-the-witch,Season of the Witch,95.0,2011-01-07,US,"Adventure, Fantasy, Action",5.5,"A 14th century Crusader returns with his comrade to a homeland devastated by the Black Plague. The Church commands the two knights to transport a witch to a remote abbey, where monks will perform a ritual in hopes of ending the pestilence.",Dominic Sena,Bragi F. Schut,Released,English,40000000.0,91627228.0
1047034,https://www.themoviedb.org/movie/1047034-stillness-in-the-wave,Stillness in the Wave,28.0,2022-09-08,HK,Documentary,0.0,"The documentary portrayed one of the most established dance companies in Hong Kong which has a history of over four decades. With a tradition of blending Chinese dance and ballet together in the training, the dance company has set sail to re-evaluate its artistic essence by adapting new physical disciplines and philosophy, picking up different cultural traces, meditation and Chinese martial arts. Through monologues of the company members, the film unveiled their fears, self-doubts, and findings in their quest to refine their dance forms and express their cultural roots. It's an uncertain journey towards the cultivation of inner peace and the essence of movement and stillness.",Cheuk Cheung,,Released,English,,
1211029,https://www.themoviedb.org/movie/1211029-orfanato,Orfanato,,2022-12-14,ES,,8.5,We don't have an overview translated in English. Help us expand our database by adding one.,Antonio Pérez-Prat Gómez de Terreros,Marina G. Aldeunde,Released,Spanish; Castilian,,
17379,https://www.themoviedb.org/movie/17379-last-holiday,Last Holiday,112.0,2007-03-28,KR,"Adventure, Comedy, Drama",7.3,"The discovery that she has a terminal illness prompts introverted department store saleswoman Georgia Byrd to reflect on what she realizes has been an overly cautious life. With weeks to live, she withdraws her life savings, sells all her possessions and jets off to Europe where she lives it up at a posh hotel. Upbeat and passionate, Georgia charms everybody she meets, including renowned Chef Didier. The only one missing from her new life is her longtime crush Sean Williams.",Wayne Wang,"Peter S. Seaman, Jeffrey Price",Released,English,45000000.0,38399961.0
1446898,https://www.themoviedb.org/movie/1446898-mu-ki-ra,Mu-Ki-Ra,82.0,2026-08-12,CH,"Animation, Adventure, Music",0.0,"When her brother is kidnapped by Mu-Ki-Ra, Cleo ventures into a monster-plagued jungle with unlikely allies.",Estefania Piñeres,"Estefania Piñeres, María Barro",In Production,Spanish; Castilian,,
223340,https://www.themoviedb.org/movie/223340,The Perfect Wife,94.0,2007-12-23,RU,Comedy,8.0,"Valentine's day can fulfill our dreams, and then the perfect woman will appear in front of a man in the form of an unexpected trio of Housewives, sex bombs and a business lady, and a modest Secretary will forever win the heart of the notorious don Juan. All the characters of the film suddenly find themselves in a modern fairy tale and get a unique chance to see the world in a new way — through the eyes of lovers…",Vladimir Yankovsky,,Released,Russian,,
1013052,https://www.themoviedb.org/movie/1013052-ti-kosmos,U Are the Universe,101.0,2025-07-06,KR,"Science Fiction, Adventure, Comedy",7.6,"After the explosion of the Earth, the Ukrainian space trucker Andriy becomes the only human in the Universe until French woman Catherine calls him from the faraway space station. Andriy decides to see her despite all the obstacles.",Pavlo Ostrikov,Pavlo Ostrikov,Released,Ukrainian,,
1533567,https://www.themoviedb.org/movie/1533567-prema-katha,Prema Katha,135.0,2023-12-15,IN,Drama,0.0,"Prem, a middle class boy falls in love with his friend's fiance's female friend will his love get's succeed or ends up as tragic? is the remaining story. The story set back in a metaphoric representation of the intellect world to the real world gives us Prema Katha.",,,Released,Telugu,,
809140,https://www.themoviedb.org/movie/809140-father-stu,Father Stu,124.0,2022-12-28,KR,Drama,7.1,"The true-life story of boxer-turned-priest. When an injury ends his amateur boxing career, Stuart Long moves to Los Angeles to find money and fame. While scraping by as a supermarket clerk, he meets Carmen, a Sunday school teacher who seems immune to his bad-boy charm. Determined to win her over, the longtime agnostic starts going to church to impress her. However, a motorcycle accident leaves him wondering if he can use his second chance to help others, leading to the surprising realization that he's meant to be a Catholic priest.",Rosalind Ross,Rosalind Ross,Released,English,4000000.0,21591034.0
11238,https://www.themoviedb.org/movie/11238-aladdin-and-the-king-of-thieves,Aladdin and the King of Thieves,81.0,1996-12-15,KR,"Adventure, Animation, Family",6.3,"Legendary secrets are revealed as Aladdin and his friends—Jasmine, Abu, Carpet and, of course, the always entertaining Genie—face all sorts of terrifying threats and make some exciting last-minute escapes pursuing the King Of Thieves and his villainous crew.",Tad Stones,"Mark McCorkle, Bob Schooley",Released,English,,
262882,https://www.themoviedb.org/movie/262882,The New Moscow,100.0,1938-04-01,RU,"Science Fiction, Comedy",5.8,A comedy about a naive young architect and his wild designs for a “New Moscow.” The Soviet censors weren't at all amused and shelved it.,Aleksandr Medvedkin,Aleksandr Medvedkin,Released,Russian,,
315846,https://www.themoviedb.org/movie/315846-diary,Our Little Sister,127.0,2015-12-17,KR,Drama,7.6,"After the death of their estranged father, 3 adult sisters invite their teenaged half-sister to live with them.",Hirokazu Kore-eda,Hirokazu Kore-eda,Released,Japanese,,346485.0
32985,https://www.themoviedb.org/movie/32985-solomon-kane,Solomon Kane,104.0,2010-03-25,KR,"Adventure, Fantasy, Action",6.0,"A nomadic 16th century warrior, condemned to hell for his brutal past, seeks redemption by renouncing violence, but finds some things are worth burning for as he fights to free a young Puritan woman from the grip of evil.",MJ Bassett,MJ Bassett,Released,English,45000000.0,19700000.0
1018936,https://www.themoviedb.org/movie/1018936-evrilish,Alteration,105.0,2022-10-08,KR,"Crime, War",0.0,"Rustam is a Soviet soldier from Uzbekistan who has been drafted for the Afghanistan war. In the war, he experiences the harsh reality of being unable to categorize the friendly and enemy forces into good and evil.",Yalkin Tuychiev,Yalkin Tuychiev,Released,Uzbek,,
1278950,https://www.themoviedb.org/movie/1278950-the-ritual,The Ritual,98.0,2025-04-18,US,"Horror, Drama, Thriller",5.9,"Two priests, one in crisis with his faith and the other confronting a turbulent past, must overcome their differences to perform a risky exorcism.",David Midell,David Midell,Released,English,,3195869.0
437557,https://www.themoviedb.org/movie/437557-blockers,Blockers,102.0,2019-06-13,KR,Comedy,6.3,"When three parents discover that each of their daughters have a pact to lose their virginity at prom, they launch a covert one-night operation to stop the teens from sealing the deal.",Kay Cannon,"Brian Kehoe, Jim Kehoe",Released,English,21000000.0,94019120.0
986425,https://www.themoviedb.org/movie/986425-un-nome-scritto-nell-acqua,A Name Written in Water,14.0,2021-11-02,IT,Drama,6.0,"On the last day of the earth’s life, Greta, a shy and introverted girl decides to upset its certainties. She decides to spend the remaining few hours together with strangers, on the bank of a lake, completely naked. These are the best moments of her life, however, she chooses to terminate its existence alone, as it has always been.",Simone Consoli,,Released,Italian,,
1603472,https://www.themoviedb.org/movie/1603472,Hijo Aja Ka Kura,148.0,2022-10-14,NP,"Comedy, Drama",0.0,"Three young people decide on choosing to emigrate for better lives, but their families say otherwise.",Sakar Pant,Sakar Pant,Released,Nepali,,
1124491,https://www.themoviedb.org/movie/1124491-entre-muros,Entre Muros,,2023-04-28,BR,"Documentary, History",10.0,We don't have an overview translated in English. Help us expand our database by adding one.,Samuel Erthal,Samuel Erthal,Released,Portuguese,,
446807,https://www.themoviedb.org/movie/446807-the-girl-in-the-spider-s-web,The Girl in the Spider's Web,115.0,2018-11-28,KR,"Action, Crime, Thriller",6.2,"After being enlisted to recover a dangerous computer program, hacker Lisbeth Salander and journalist Mikael Blomkvist find themselves caught in a web of spies, cybercriminals and corrupt government officials.",Fede Álvarez,"Fede Álvarez, David Lagercrantz, Steven Knight, Jay Basu",Released,English,43000000.0,35164920.0
849092,https://www.themoviedb.org/movie/849092-as-orbitas-da-agua-versao-solida,The Orbits of Water (Solid Version),75.0,2021-11-26,BR,Drama,5.0,The Orbits of Water (Solid Version) is a fable about a family waiting for a return of a son and a brother. A revenge story with contours of tragedy and fantasy. This film version is a special cut for movie theatres only.,Frederico Machado,,Released,Portuguese,100.0,
364289,https://www.themoviedb.org/movie/364289-samba-riachao,Samba Riachão,85.0,2001-11-20,BR,"Documentary, Music",7.0,"Documentary about samba musician from Bahia Clementino Rodrigues, aka Riachão.",Jorge Alfredo,Jorge Alfredo,Released,Portuguese,,
822273,https://www.themoviedb.org/movie/822273,Jundai Gundai,95.0,2007-11-30,LK,Comedy,0.0,Jundai Gundai is a 2007 Sinhala-language Comedy film written by K. Lingam and directed by Sunil Soma Peiris.,Sunil Soma Peiris,"Sunil Soma Peiris, K.M. Lingam",Released,Sinhala; Sinhalese,,
29926,https://www.themoviedb.org/movie/29926-dead-boyz-don-t-scream,Dead Boyz Don't Scream,78.0,2006-11-02,US,"Horror, Thriller",3.5,"The country's top male models are turning up naked and dead during a cowboy mountain photo shoot. Who would want to off such flawless, muscular pretty boys? They're a little self-involved and clueless, but that's no reason to take an ax to them. Fearless agent Tess Oster and her forest ranger girlfriend Belle Van Dyke must stop the slaughter before there are no models left to shoot. From the producer of Leather Jacket Love Story and crammed with top models and centerfolds from the pages of Playgirl and Men's Workout. Dead Boyz Don't Scream is a funny, sexy thrill ride through the dark side of male modeling filled with gratuitous nudity, politically incorrect violence and lesbians with guns!",Marc Saltarelli,Rick Jensen,Released,English,100000.0,
1166757,https://www.themoviedb.org/movie/1166757-villa-oculta,Villa Oculta,40.0,2010-11-01,AR,Drama,0.0,"Story of friendship between Maria and Brian that lasts over time, despite the distance, and their socioeconomic differences.",Martín Santiago Conti,Martín Santiago Conti,Released,Spanish; Castilian,,
784175,https://www.themoviedb.org/movie/784175,Happiness,85.0,1958-03-11,CN,Drama,0.0,"Wang Jiayou, a young worker at the Shanghai New Machinery Factory, is a man whose life is unorganized, does not pay attention to labor discipline, and often spends his youth in dance halls, skating rinks and cafes. When working during the day, he appears listless and often has accidents.","Ran Tian, Fu Chaowu",Mingzhi Ai,Released,Chinese,,
9913,https://www.themoviedb.org/movie/9913-the-skeleton-key,The Skeleton Key,104.0,2005-08-25,KR,"Drama, Horror, Mystery, Thriller",6.6,A hospice nurse working at a spooky New Orleans plantation home finds herself entangled in a mystery involving the house's dark past.,Iain Softley,Ehren Kruger,Released,English,43000000.0,93983911.0
1555297,https://www.themoviedb.org/movie/1555297,Number 23,92.0,2026-04-21,CN,"Drama, Mystery",0.0,"A son, whose relationship with his mother is strained after his father’s disappearance, becomes acquainted with telephone dating service operator No. 23, bringing unexpected changes to him and his mother.",Xia Hao,Xia Hao,Released,Chinese,,
243688,https://www.themoviedb.org/movie/243688-poltergeist,Poltergeist,93.0,2015-05-22,US,Horror,5.2,"A family's suburban home is invaded by angry spirits. When the terrifying apparitions escalate their attacks and take the youngest daughter, the family must come together to rescue her.",Gil Kenan,David Lindsay-Abaire,Released,English,35000000.0,95682614.0
59940,https://www.themoviedb.org/movie/59940-zebra-lounge,Zebra Lounge,93.0,2001-11-01,CA,Thriller,4.4,"Alan and Wendy Barnet have been married just long enough for the excitement to have gone out of their relationship, and they're looking for a way to put some spice back in their lives. After placing a personal ad looking for another couple interested in swapping mates, the Barnets are led to the Zebra Lounge, where they meet Jack and Louise Bauer, a pair of seasoned erotic adventurers. While the Barnets find the swinging scene exciting at first, they soon decide it may be doing more harm than good to their marriage. But easing the Bauers out of their lives proves to be neither simple nor safe.",Kari Skogland,"Claire Montgomery, Monte Montgomery",Released,English,,
662702,https://www.themoviedb.org/movie/662702-2,Mother's Seduction 2,72.0,2020-01-09,KR,Romance,5.5,"Jeong-hee goes to her parents' home to take care of her sick mother. And then, a young lady, Se-hee, came to Jeong-hee's house to work as a household helper for a while. Yoon-soo, Jeong-hee's son, fell in love at first sight, and her husband, Seok-jin fell asleep from Se-hee's massage. Meanwhile, Jeong-hee who came to her parents' house, met Hyeok-jin who used to like her, and says she will be leaving her home for a while…",Kim Min-woo-I,,Released,Korean,,
337007,https://www.themoviedb.org/movie/337007-alagut,The Tunnel,75.0,1980-04-23,HU,,0.0,"He starts going, carrying a dinner-can. His eyes are suddenly arrested by the breasts of the girl on the bicycle, riding towards him. Prompted by the strange movements of the girl as well as by seeing another girl in a wheel-chair, his imagination starts working. In his dream, as he follows a young woman dressed in white, he comes to a tunnel. On its wall, which is full of candles, he reads the sign, ""Memories Prohibited"". Yet he is still able to enter the Tunnel of Memories.",Andor Lukáts,Andor Lukáts,Released,English,,
289720,https://www.themoviedb.org/movie/289720-outcast,Outcast,98.0,2015-07-02,KR,"Action, Adventure",5.2,"A mysterious warrior teams up with the daughter and son of a deposed Chinese Emperor to defeat their cruel brother, who seeks their deaths.",Nick Powell,James Dormer,Released,English,25000000.0,5148503.0
14813,https://www.themoviedb.org/movie/14813-mickey-s-christmas-carol,Mickey's Christmas Carol,25.0,1983-12-16,US,"Family, Animation",7.7,"Ebenezer Scrooge is far too greedy to understand that Christmas is a time for kindness and generosity. But with the guidance of some new found friends, Scrooge learns to embrace the spirit of the season. A retelling of the classic Dickens tale with Disney's classic characters.",Burny Mattinson,"Burny Mattinson, Charles Dickens, Alan Dinehart, Ed Gombert, Tony Marino, Don Griffith, Alan Young",Released,English,3000000.0,21000000.0
239829,https://www.themoviedb.org/movie/239829-a-morte-comanda-o-cangaco,Death Commands Brigandage,100.0,1960-12-28,BR,"Action, Western",6.6,"A man's farm is attacked and his mother gets killed. Looking for revenge, he goes about chasing the men who killed her.",Carlos Coimbra,"Carlos Coimbra, Walter Guimarães Motta, Francisco Pereira da Silva",Released,Portuguese,,
486589,https://www.themoviedb.org/movie/486589,Red Shoes and the Seven Dwarfs,92.0,2019-07-25,KR,"Animation, Fantasy, Family, Comedy, Romance, Adventure",7.7,"Princes who have been turned into Dwarfs seek the red shoes of a lady in order to break the spell, although it will not be easy.",Hong Sung-ho,Hong Sung-ho,Released,Korean,20000000.0,10054356.0
792471,https://www.themoviedb.org/movie/792471,An Appointment Under the Fernleaf Hedge Bamboo,84.0,1984-10-01,CN,,0.0,Two young people of the Dai nationality are attracted to each other.,"Chen Xuejie, Wang Jiayi, Zhou Wei",,Released,Chinese,,
947938,https://www.themoviedb.org/movie/947938-malychik-delyfin,Dolphin Boy,90.0,2023-01-25,KR,"Animation, Adventure, Fantasy, Comedy",6.3,"When a plane crashes at sea, dolphins rescue a little boy and raise him as family. He lives a carefree life beneath the waves until an evil monster seizes power over the underwater world. Banished to dry land, the boy is taken in by a kind-hearted captain. With his new companion's help, the boy embarks on a journey to solve the mystery of his true identity.",Mohammad Kheirandish,"Mohammad Kheirandish, Mohammad Shokouhi, Abdullah Maleki, Yana Kuzmina, Milad Haji Parvaneh, Mona Shahi, Mohamed Hamedani",Released,Russian,4000000.0,2613252.0
399173,https://www.themoviedb.org/movie/399173-the-assignment,The Assignment,95.0,2017-11-23,KR,"Action, Crime, Thriller",5.5,"Ace assassin Frank Kitchen is double crossed by gangsters and falls into the hands of rogue surgeon known as The Doctor who turns him into a woman. The hitman, now a hitwoman, sets out for revenge, aided by a nurse named Johnnie who also has secrets.",Walter Hill,"Walter Hill, Denis Hamill",Released,English,5000000.0,388789.0
419446,https://www.themoviedb.org/movie/419446-sangre-en-la-boca,"Tiger, Blood in the Mouth",97.0,2017-03-07,KR,Drama,5.0,"Ramón Alvia is a professional boxer who, although he has won several international championships, is old and is at the end of his career. He resists. In the gym, Ramon discovers among the young boxers Deborah, a beautiful girl.",Hernán Belón,"Hernán Belón, Marcelo Pitrola",Released,Spanish; Castilian,469704.0,77451.0
1484932,https://www.themoviedb.org/movie/1484932-ate-amanha,Até Amanhã,,2024-12-19,BR,"Horror, Drama",0.0,We don't have an overview translated in English. Help us expand our database by adding one.,Patricia Silva,Patricia Silva,Released,Portuguese,,
318093,https://www.themoviedb.org/movie/318093-stinking-heaven,Stinking Heaven,70.0,2015-12-09,US,Drama,4.6,A black-as-tar comedy charting the dissolution of a commune for sober living in suburban 1990s New Jersey.,Nathan Silver,"Nathan Silver, Jack Dunphy, Deragh Campbell",Released,English,,
1163345,https://www.themoviedb.org/movie/1163345,Blown Kiss,84.0,1991-07-19,SU,Drama,4.0,"A young nurse, Nastya, on the eve of her successful marriage to the man she loves, a prosperous doctor, has doubts dictated by her desire to assert herself.",Abay Karpykov,"Abay Karpykov, Igor Poberezhsky",Released,Russian,,
279429,https://www.themoviedb.org/movie/279429,Behind the Monastery Wall,58.0,1928-01-15,SU,Drama,0.0,"The old nunnery owns the best lands. Nuns rent out the land to local rich men, and exploiting peasants they have a wealthy life. The peasants live in misery. Especially, the family of the peasant named Levin. He is forced to give away his last horse, his son Andrii is imprisoned, his daughter Nastia becomes a maid of a rich landlord. Trying to prevent the master’s harassment, Nastia escapes and gets to the nunnery. She can see the other life of the nuns who manufacture false relics, drink alcohol and kill children. Nastia ends up in the basement for resisting one of the “spiritual pastors.” Meanwhile, her brother Andrii escapes from prison. He stirs up a rebellion and saves his sister.  The film is lost.",Pyotr Chardynin,"Boris Shcharansky, Nikolay Yatko, A. Usatyuk",Released,Russian,,
1036045,https://www.themoviedb.org/movie/1036045,Paradesi Babu,128.0,1999-12-03,IN,"Romance, Drama",0.0,"Oriya artist Raju comes to a village to capture the beauties of nature in his canvas where he falls in love with Chumki. Phula, another village girl, also falls for Raju.",Hara Patnaik,Hara Patnaik,Released,Oriya,,
559912,https://www.themoviedb.org/movie/559912-une-fille-a-croquer,Good Enough to Eat,83.0,1951-06-08,FR,,6.8,"Rose Chaperon is asked by her confectioner mother Mathilde to bring jewels to her sick grandmother, Madame de Mergrand. But Hugues, the latter's brother, is prepared to do anything to get his hands on the loot. To this end he hires a villainous young man, Jean-Louis nicknamed Loup, to do the job. Will Loup engulf and devour Little ""Rose ""Riding Hood?",Raoul André,,Released,French,,
243119,https://www.themoviedb.org/movie/243119-a_etica,a_ética,15.0,2008-09-28,BR,"Crime, Thriller",4.3,"A man awakes in an abandoned shed.Confused, he finds itself tied to a chair. Standing in front of him is an unknown man, who begins a weird speech about his unique professional ethics, until the conversation rovers to a new and tense situation.",Pablo Villaça,,Released,Portuguese,,
1092,https://www.themoviedb.org/movie/1092-the-third-man,The Third Man,105.0,2008-08-09,KR,"Thriller, Mystery",7.9,"In postwar Vienna, Austria, Holly Martins, a writer of pulp Westerns, arrives penniless as a guest of his childhood chum Harry Lime, only to learn he has died. Martins develops a conspiracy theory after learning of a ""third man"" present at the time of Harry's death, running into interference from British officer Major Calloway, and falling head-over-heels for Harry's grief-stricken lover, Anna.",Carol Reed,Graham Greene,Released,English,,1226098.0
11978,https://www.themoviedb.org/movie/11978-men-of-honor,Men of Honor,129.0,2001-02-10,KR,Drama,7.5,"Against formidable odds -- and an old-school diving instructor embittered by the U.S. Navy's new, less prejudicial policies -- Carl Brashear sets his sights on becoming the Navy's first African-American master diver in this uplifting true story. Their relationship starts out on the rocks, but fate ultimately conspires to bring the men together into a setting of mutual respect, triumph and honor.",George Tillman Jr.,Scott Marshall Smith,Released,English,32000000.0,82300000.0
134374,https://www.themoviedb.org/movie/134374-pain-gain,Pain & Gain,130.0,2013-12-26,KR,"Comedy, Crime, Action",6.3,"Daniel Lugo, manager of the Sun Gym in 1990s Miami, decides that there is only one way to achieve his version of the American dream: extortion. To achieve his goal, he recruits musclemen Paul and Adrian as accomplices. After several failed attempts, they abduct rich businessman Victor Kershaw and convince him to sign over all his assets to them. But when Kershaw makes it out alive, authorities are reluctant to believe his story.",Michael Bay,"Christopher Markus, Stephen McFeely",Released,English,25000000.0,87305549.0
13648,https://www.themoviedb.org/movie/13648,Resident Evil: Degeneration,97.0,2008-12-30,KR,"Animation, Horror, Action, Science Fiction",6.8,"Leon S. Kennedy and Claire Redfield must battle a rogue warrior seeking revenge after unleashing the deadly G-Virus, whilst a mutated monster goes on a rampage.",Makoto Kamiya,Shoutarou Suga,Released,Japanese,,403117.0
416148,https://www.themoviedb.org/movie/416148-rocco,Rocco,105.0,2016-11-30,FR,Documentary,5.5,"Rocco Siffredi is to pornography what Mike Tyson is to boxing or Mick Jagger is to rock’n’roll: a living legend. His mother wanted him to be a priest; with her blessing he became a hardcore performer, devoting his life to one God only: Desire. Rocco Siffredi reveals all, even if it sometimes means busting his own myth: his true story, beginnings, career, wife and children… and the ultimate revelation that will change his life forever.","Alban Teurlai, Thierry Demaizière",,Released,French,,
149871,https://www.themoviedb.org/movie/149871,The Tale of The Princess Kaguya,137.0,2014-06-04,KR,"Animation, Drama, Fantasy",8.1,"Found inside a shining stalk of bamboo by an old bamboo cutter and his wife, a tiny girl grows rapidly into an exquisite young lady. The mysterious young princess enthrals all who encounter her. But, ultimately, she must confront her fate.",Isao Takahata,"Isao Takahata, Riko Sakaguchi",Released,Japanese,49300000.0,24366656.0
639220,https://www.themoviedb.org/movie/639220,The Cook and the Singer,63.0,1979-07-09,SU,"Comedy, Romance, Music",0.0,We don't have an overview translated in English. Help us expand our database by adding one.,"Mukadas Makhmudov, Valeriy Kharchenko",Timur Zulfikarov,Released,Russian,,
1506862,https://www.themoviedb.org/movie/1506862,Rakkayi Koyil,145.0,1993-02-05,IN,Drama,0.0,We don't have an overview translated in English. Help us expand our database by adding one.,Manivasagam,Manivasagam,Released,Tamil,,
104819,https://www.themoviedb.org/movie/104819-orozco-el-embalsamador,Orozco the Embalmer,92.0,2001-10-06,CO,"Documentary, Horror",6.4,"In 1996, Tsurisaki Kiyotaka, one of Japan’s most infamous death photographers, ventured into the center of Hell itself - the Rue Morgue neighborhood of Bogota, Colombia. With death and murder rampant, the corpses eventually find their way to embalmer Froilan Orozco, who has been tending the dead for over 50 years. We watch as bodies are brought in to his shop and he prepares them for their funerals.",Kiyotaka Tsurisaki,Kiyotaka Tsurisaki,Released,Spanish; Castilian,,
836225,https://www.themoviedb.org/movie/836225-the-exorcism-of-god,The Exorcism of God,98.0,2022-03-11,US,"Horror, Crime, Drama, Fantasy",7.1,"An American priest working in Mexico is considered a saint by many local parishioners. However, due to a botched exorcism, he carries a secret that’s eating him alive until he gets an opportunity to face his demon one final time.",Alejandro Hidalgo,"Alejandro Hidalgo, Santiago Fernández Calvete",Released,English,1500000.0,
53163,https://www.themoviedb.org/movie/53163,Love on Delivery,97.0,2022-01-01,KR,"Comedy, Action",7.0,"Ho Kam-An is a lovestruck dim sum delivery boy who falls for a beautiful judo student. After being humiliated by her boyfriend, Ho Kam-An seeks the services of an aging master who teaches him a half-assed style of kung fu, ""Karate Kid""-style.",Lee Lik-Chi,Vincent Kok Tak-Chiu,Released,Cantonese,,
1130225,https://www.themoviedb.org/movie/1130225,Ilya Sobolev: Third,121.0,2023-05-18,RU,Comedy,0.0,"It is primarily about family and children. And also about planes, childbirth, Amsterdam, men, women, Olegs and Efims, gender parties, mushrooms, flowers, conversations with the audience, knives, avocados in the back, crab chips and much, much more.",Ivan Makhrov,Ilya Sobolev,Released,Russian,,
10057,https://www.themoviedb.org/movie/10057-the-three-musketeers,The Three Musketeers,105.0,1993-12-11,KR,"Action, Adventure, Comedy",6.4,"D'Artagnan travels to Paris hoping to become a musketeer, one of the French king's elite bodyguards, only to discover that the corps has been disbanded by conniving Cardinal Richelieu, who secretly hopes to usurp the throne. Fortunately, Athos, Porthos and Aramis have refused to lay down their weapons and continue to protect their king. D'Artagnan joins with the rogues to expose Richelieu's plot against the crown.",Stephen Herek,"Alexandre Dumas, David Loughery",Released,English,30000000.0,111898845.0
12113,https://www.themoviedb.org/movie/12113-body-of-lies,Body of Lies,128.0,2008-10-23,KR,"Action, Drama, Thriller",6.6,"The CIA’s hunt is on for the mastermind of a wave of terrorist attacks. Roger Ferris is the agency’s man on the ground, moving from place to place, scrambling to stay ahead of ever-shifting events. An eye in the sky – a satellite link – watches Ferris.  At the other end of that real-time link is the CIA’s Ed Hoffman, strategizing events from thousands of miles away. And as Ferris nears the target, he discovers trust can be just as dangerous as it is necessary for survival.",Ridley Scott,"David Ignatius, William Monahan",Released,English,70000000.0,113280098.0
774100,https://www.themoviedb.org/movie/774100-alexander-and-the-terrible-horrible-no-good-very-bad-road-trip,"Alexander and the Terrible, Horrible, No Good, Very Bad Road Trip",96.0,2025-03-28,KR,"Family, Comedy",6.1,Eleven-year-old Alexander and his family embark on a dream Spring Break vacation to Mexico City only to have all their plans go terribly wrong when they discover a cursed idol.,Marvin Lemus,Matt Lopez,Released,English,,
6972,https://www.themoviedb.org/movie/6972-australia,Australia,165.0,2008-12-10,KR,"Adventure, Romance, Drama",6.6,"Set in northern Australia before World War II, an English aristocrat who inherits a sprawling ranch reluctantly pacts with a stock-man in order to protect her new property from a takeover plot. As the pair drive 2,000 head of cattle over unforgiving landscape, they experience the bombing of Darwin by Japanese forces firsthand.",Baz Luhrmann,"Baz Luhrmann, Ronald Harwood, Richard Flanagan, Stuart Beattie",Released,English,130000000.0,211787511.0
18670,https://www.themoviedb.org/movie/18670,Legend of the Red Dragon,95.0,1994-02-05,US,"Action, Comedy, Thriller",7.1,"A young father and his infant son are beset by forces of evil and corruption. They wander China, upholding their sense of honor and protecting the weak. When they are forced into combat, spectacular and hilarious fast-motion kung fu sequences follow. In the end, they must call on all of their abilities in a battle royale, to attempt to vanquish a supernatural man-monster or die trying.",Wong Jing,Wong Jing,Released,Cantonese,,
923939,https://www.themoviedb.org/movie/923939-the-wonderful-story-of-henry-sugar,The Wonderful Story of Henry Sugar,39.0,2023-09-27,KR,"Comedy, Fantasy, Adventure, Drama",7.3,A rich man learns about a guru who can see without using his eyes. He sets out to master the skill in order to cheat at gambling.,Wes Anderson,Wes Anderson,Released,English,4000000.0,
10312,https://www.themoviedb.org/movie/10312-patch-adams,Patch Adams,115.0,1999-04-03,KR,"Comedy, Drama",7.3,"The true story of Dr. Hunter ""Patch"" Adams, who in the 1970s found that humor is the best medicine, and was willing to do just anything to make his patients laugh—even if it meant risking his own career.",Tom Shadyac,"Patch Adams, Steve Oedekerk",Released,English,50000000.0,202292902.0
891621,https://www.themoviedb.org/movie/891621-wild-horse-nine,Wild Horse Nine,118.0,2026-11-06,US,"Comedy, Crime, Thriller",0.0,"Shortly before the 1973 Chilean coup, CIA agents Chris and Lee are dispatched from Santiago to Easter Island by their bureau chief, MJ. Amongst the Island's iconic statues, and as the longtime partners wrestle with their dark pasts and present conspiracies, Chris's newfound bond with a pair of rebellious students threatens to send everyone’s trip to this remote paradise sideways.",Martin McDonagh,Martin McDonagh,Post Production,English,5000000.0,
1131676,https://www.themoviedb.org/movie/1131676-sopa-nortena,Sopa norteña,6.0,2008-05-01,US,Drama,0.0,We don't have an overview translated in English. Help us expand our database by adding one.,Ignacio Luccisano,Ignacio Luccisano,Released,Spanish; Castilian,,
507076,https://www.themoviedb.org/movie/507076-climax,Climax,97.0,2018-10-07,KR,"Drama, Horror, Music",7.0,"When a dance troupe is lured to an empty school, a bowl of drug-laced sangria causes their jubilant rehearsal to descend into a dark and explosive nightmare as they try to survive the night—and find who's responsible—before it's too late.",Gaspar Noé,Gaspar Noé,Released,French,2900000.0,1696075.0
453135,https://www.themoviedb.org/movie/453135-un-film-reclame,"A Film, Reclaimed",20.0,2015-05-15,US,,0.0,"The ecologic crisis is a political, economic and social crisis. It is also cinematographic, as cinema coincides historically and in a critical and descriptive way with the development of the Anthropocene. A Film, Reclaimed is a conversation, an essay that reads the terrestrial crisis under the influence and with the help of the beautiful and terrible films which have accompanied it.","Ana Vaz, Tristan Bera","Ana Vaz, Tristan Bera",Released,French,,
1678782,https://www.themoviedb.org/movie/1678782-laser-gato,Laser-Cat,22.0,2026-05-19,FR,"Thriller, Comedy",0.0,"When a laser pointer prank goes wrong, an anxious teenager crosses São Paulo in a single night to save his crush’s severely injured cat, as guilt and paranoia drive him toward collapse.",Lucas Acher,Lucas Acher,Released,Portuguese,,
304545,https://www.themoviedb.org/movie/304545,Sashti Viratham,,1983-01-01,IN,Drama,0.0,We don't have an overview translated in English. Help us expand our database by adding one.,R. Thyagarajan,,Released,Tamil,,
13205,https://www.themoviedb.org/movie/13205-bambi-ii,Bambi II,72.0,2011-03-04,KR,"Animation, Drama, Family",6.5,"Return to the forest and join Bambi as he reunites with his father, The Great Prince, who must now raise the young fawn on his own. But in the adventure of a lifetime, the proud parent discovers there is much he can learn from his spirited young son.",Brian Pimental,"Felix Salten, Alicia Kirk, Roger S.H. Schulman",Released,English,,
614933,https://www.themoviedb.org/movie/614933-atlas,Atlas,118.0,2024-05-24,KR,"Science Fiction, Action",6.7,A brilliant counterterrorism analyst with a deep distrust of AI discovers it might be her only hope when a mission to capture a renegade robot goes awry.,Brad Peyton,"Aron Eli Coleite, Leo Sardarian",Released,English,100000000.0,
1471385,https://www.themoviedb.org/movie/1471385-silent-trespasser,Silent Trespasser,11.0,2025-05-17,US,"Horror, Drama, Thriller",0.0,"A Navajo student, Christina, finds a mysterious leather pouch after her night class in the midst of her constant college burnout.",Samuel Shorty,"Samuel Shorty, Emily Candelaria",Released,English,1000.0,
235602,https://www.themoviedb.org/movie/235602,Latif,49.0,1930-11-11,SU,"Drama, Family",6.0,Latif a seven year old boy living during the collectivization policy in USSR.,Mikayil Mikayilov,Mikayil Mikayilov,Released,Russian,,
1557547,https://www.themoviedb.org/movie/1557547-farz,Farz,75.0,2025-12-12,UZ,Drama,10.0,"An honest craftsman sacrifices years of savings meant for Hajj with his wife to help his late friend’s homeless family. His selfless act leads to envy, false accusations, and tests his faith and integrity.",Sarvar Karimov,"Sarvar Karimov, Ochilbek Hamidov",Released,Uzbek,,
80286,https://www.themoviedb.org/movie/80286-les-heroines-du-mal,Immoral Women,109.0,1979-03-07,FR,Drama,4.9,"The first episode – featuring frequent Borowczyk muse Marina Pierro – is the longest and, in a way, most substantial: it’s set in Renaissance Rome, with the lusty (and perpetually nude) leading lady sexually involved with famous painters and church benefactors. The second episode is the most notorious and, consequently, gave the film its controversial poster – featuring a rabbit slowly disappearing under the skirt of a teenage girl (played by Gaelle Legrand). The third and final episode, which has a modern-day setting, is the shortest – but also, possibly, the most outrageous: Pascale Christophe is a young married woman who’s abducted on a busy Parisian street by a small-time hood hidden inside a cardboard box!",Walerian Borowczyk,Walerian Borowczyk,Released,French,,
961323,https://www.themoviedb.org/movie/961323-nimona,Nimona,99.0,2023-06-30,KR,"Animation, Family, Fantasy, Adventure, Science Fiction, Action",7.9,"A knight framed for a tragic crime teams with a scrappy, shape-shifting teen to prove his innocence.","Nick Bruno, Troy Quane","Lloyd Taylor, Robert L. Baird",Released,English,,
4441,https://www.themoviedb.org/movie/4441-candy,Candy,116.0,2006-05-25,AU,"Drama, Romance",7.1,"A poet falls in love with an art student, who gravitates to his bohemian lifestyle — and his love of heroin. Hooked as much on one another as they are on the drug, their relationship alternates between states of oblivion, self-destruction, and despair.",Neil Armfield,"Neil Armfield, Luke Davies",Released,English,,2105096.0
15999,https://www.themoviedb.org/movie/15999-d,Vampire Hunter D: Bloodlust,103.0,2025-11-12,KR,"Animation, Fantasy, Horror",7.7,"Legendary dhampir D competes with a motley family of bounty hunters to track down Charlotte Elbourne, a young woman seemingly abducted by undead nobleman Meier Link.",Yoshiaki Kawajiri,"Yoshiaki Kawajiri, Hideyuki Kikuchi",Released,Japanese,,151086.0
328328,https://www.themoviedb.org/movie/328328-uj-gilgames,New Gilgames,94.0,1963-03-02,HU,Drama,8.0,"The story recalling the spirit of Gilgamesh, the Sumerian king quarrelling with his approaching death, takes place in a cancer hospital in Budapest. Dávid, the young ethnography scientist resigned to his lot and is indifferent to his approaching death. His specialist reckons, however, that such a searching and stubborn mind with thorough knowledge of the nature of his own illness, will be able to fight death.",Mihály Szemes,"József Solymár, Ida András",Released,English,,
1614321,https://www.themoviedb.org/movie/1614321-qiz-qalasi,The Maiden Tower,,2000-01-01,AZ,"Fantasy, Drama, Romance",0.0,"Fidan lives in two time periods - the past and the present. In modern times, when entrepreneurship is developing, Fidan, a businessman who has lost his way and thinks that arbitrariness and the possibility of solving everything with money, falls in love with him, so he wants to privatize the ""Maiden Tower"" and somehow buys the tower. However, just as Fidan protected the tower from foreign usurpers in the past, he also fights against the businessman in the present. In the film, the girl's lover Sabir is also a militant young man who participates in the process of demanding rights at rallies and pickets.",Vagif Azeryar,Amir Pahlavan,Released,Azerbaijani,,
789551,https://www.themoviedb.org/movie/789551,Hug Me,17.0,2018-09-26,UA,Drama,0.0,"An unexpected arrival of his beloved Andrew became a true surprise for the 25-year-old Forest. However, after two happy days, spent together , the boy suddenly disappears. What turned out to be stronger than reality?",Volodymyr Bakum,Volodymyr Bakum,Released,Ukrainian,,
1646950,https://www.themoviedb.org/movie/1646950-capture,Capture,85.0,2026-03-17,US,Horror,5.3,"After mysteriously inheriting her parents house, a lifelong orphan finds a camcorder and a collection of video tapes containing the gruesome secrets of her family's past, and the horrifying truth behind the camcorder they were captured on.",Bruce Wemple,Bruce Wemple,Released,English,,
537116,https://www.themoviedb.org/movie/537116-tick-tick-boom,"tick, tick... BOOM!",120.0,2021-11-12,KR,"Drama, Music",7.6,"On the brink of turning 30, a promising theater composer navigates love, friendship and the pressure to create something great before time runs out.",Lin-Manuel Miranda,Steven Levenson,Released,English,,
977726,https://www.themoviedb.org/movie/977726-klima,Climate,18.0,2022-06-02,HU,,0.0,"Anna and Bálint have a blind date, organized by a scientific service company in the near future. They have to learn, that even Sári, the love expert AI, can not help them to fall in love.",Márton István Szabó,"Márton István Szabó, Nóra Rainer-Micsinyei",Released,Hungarian,,
7442,https://www.themoviedb.org/movie/7442-sleeping-with-the-enemy,Sleeping with the Enemy,99.0,1991-02-08,US,"Drama, Thriller",6.5,"A young woman fakes her own death in an attempt to escape her nightmarish marriage, but discovers it is impossible to elude her controlling husband.",Joseph Ruben,"Nancy Price, Ronald Bass",Released,English,19000000.0,175000000.0
864,https://www.themoviedb.org/movie/864-cool-runnings,Cool Runnings,98.0,1994-02-05,KR,"Comedy, Adventure, Drama",7.0,"When a Jamaican sprinter is disqualified from the Olympic Games, he enlists the help of a dishonored coach to start the first Jamaican bobsled team.",Jon Turteltaub,"Lynn Siefert, Michael Goldberg, Tommy Swerdlow",Released,English,14000000.0,154856263.0
332855,https://www.themoviedb.org/movie/332855-puente-aereo,Airlift,94.0,1981-12-21,ES,Comedy,3.5,We don't have an overview translated in English. Help us expand our database by adding one.,Pedro Masó,"Pedro Masó, Rafael Azcona",Released,Spanish; Castilian,,
16690,https://www.themoviedb.org/movie/16690-return-to-never-land,Return to Never Land,72.0,2002-05-02,KR,"Adventure, Fantasy, Animation, Family",6.5,"In 1940, the world is besieged by World War II. Wendy, all grown up, has two children; including Jane, who does not believe Wendy's stories about Peter Pan.",Robin Budd,Temple Mathews,Released,English,20000000.0,109862682.0
391387,https://www.themoviedb.org/movie/391387-que-despeloton,¡Qué Despelotón!,96.0,2014-03-20,PR,Comedy,0.0,"Tony Banana becomes an actor and a Puerto Rican producer makes him an offer to make a film in Puerto Rico with the condition that he leaves his bad life. Rocky and Billy convince him to celebrate, but chaos is unleashed at the party. All three are involved in a mess that will make them question their friendship and maturity to life.",Eduardo Ortiz,Gabriel Gabo Ramos,Released,Spanish; Castilian,,
338947,https://www.themoviedb.org/movie/338947-hellraiser,Hellraiser,121.0,2023-04-06,KR,"Horror, Thriller",6.2,"A young woman struggling with addiction comes into possession of an ancient puzzle box, unaware that its purpose is to summon the Cenobites, a group of sadistic supernatural beings from another dimension.",David Bruckner,"Ben Collins, Luke Piotrowski",Released,English,14000000.0,10303.0
301337,https://www.themoviedb.org/movie/301337-downsizing,Downsizing,135.0,2018-01-11,KR,"Drama, Science Fiction, Comedy",5.4,A kindly occupational therapist undergoes a new procedure to be shrunken to four inches tall so that he and his wife can help save the planet and afford a nice lifestyle at the same time.,Alexander Payne,"Alexander Payne, Jim Taylor",Released,English,68000000.0,55003890.0
450100,https://www.themoviedb.org/movie/450100-the-holly-kane-experiment,The Holly Kane Experiment,103.0,2017-03-25,US,"Drama, Thriller",5.0,"An obsessive psychologist attempts to reprogramme her subconscious mind, but when her actions become increasingly uncharacteristic she fears her experiment is dangerously out of control.",Tom Sands,Mick Sands,Released,English,,
123719,https://www.themoviedb.org/movie/123719-kanimdaki-barut,Kanımdaki Barut,,2009-03-26,TR,,4.0,We don't have an overview translated in English. Help us expand our database by adding one.,Haluk Piyes,,Released,Turkish,,
553,https://www.themoviedb.org/movie/553-dogville,Dogville,178.0,2003-08-01,KR,"Crime, Drama, Thriller",7.8,"A woman on the run from the mob is reluctantly accepted in a small Colorado community in exchange for labor, but when a search visits the town, she learns that their support has a price.",Lars von Trier,Lars von Trier,Released,English,10000000.0,16690617.0
623929,https://www.themoviedb.org/movie/623929,Leave of Absence,12.0,2020-08-14,RU,Drama,7.0,"Artyom, a regular butchery worker, gets confused with his life circumstances. Suddenly he comes up with an unusual way out of his crisis.",Anton Sazonov,Anton Sazonov,Released,Russian,,
606856,https://www.themoviedb.org/movie/606856-togo,Togo,113.0,2021-11-12,KR,"Adventure, Family",8.1,"The untold true story set in the winter of 1925 that takes you across the treacherous terrain of the Alaskan tundra for an exhilarating and uplifting adventure that will test the strength, courage and determination of one man, Leonhard Seppala, and his lead sled dog, Togo.",Ericson Core,Tom Flynn,Released,English,,
10718,https://www.themoviedb.org/movie/10718-torque,Torque,84.0,2004-04-16,KR,"Action, Comedy, Crime",5.3,"Biker Cary Ford is framed by an old rival and biker gang leader for the murder of another gang member who happens to be the brother of Trey, leader of the most feared biker gang in the country. Ford is now on the run trying to clear his name from the murder with Trey and his gang looking for his blood.",Joseph Kahn,Matt Johnson,Released,English,40000000.0,46546197.0
52629,https://www.themoviedb.org/movie/52629-el-infierno,El Infierno,148.0,2010-09-03,MX,"Action, Crime, Western, Comedy, Drama",7.9,"After being deported back to Mexico, a man has no choice but to join the vicious drug cartel that has corrupted his hometown in order to survive.",Luis Estrada,Jaime Sampietro,Released,Spanish; Castilian,,6703873.0
535304,https://www.themoviedb.org/movie/535304-yeni-horizont,The New Skyline,83.0,1941-06-08,SU,"Drama, History",6.5,Young engineer is fighting against conservatives who don't want to find new oil deposits.,"Aga-Rza Kuliyev, Grigoriy Braginsky",Imran Kasumov,Released,Azerbaijani,,
1688933,https://www.themoviedb.org/movie/1688933-la-nina,The Girl,90.0,2026-05-07,PE,"Horror, Thriller, Mystery",0.0,"Haunted by her recent past, a police lieutenant investigates a mysterious case known as 'The Sugar Girl': the appearance of a young girl in a city hotel. Although the authorities do not take the case seriously, the lieutenant suspects there is something deeper hidden, unaware that a macabre truth lies beneath.",Javier Velasquez,"Javier Velasquez, Rogger Vergara Adrianzén, Dorian Fernández-Moris",Released,Spanish; Castilian,,
66299,https://www.themoviedb.org/movie/66299,Naan Potta Saval,130.0,1980-08-17,IN,"Western, Action, Drama",6.0,"Four men who have a vengeance against Shiva's father kill his brother, his mother and his father. Shiva grows up and vows to seek revenge against the culprits who destroyed his family.",Puratchidasan,Puratchidasan,Released,Tamil,,
552643,https://www.themoviedb.org/movie/552643-2,My Wife's Lover 2,70.0,2018-06-14,KR,"Drama, Romance",4.5,"Sung-joo and Joo-hee moved into a new house next to Jong-gyu and Min-joo. Joo-hee gives out ddeok to tell them they've moved in next door. Jong-gyu falls in love with Joo-hee at once and thinks about having sex with her. Meanwhile, Sung-joo goes next door to borrow a tool and he falls for Min-joo. The husbands are attracted to each others' wives and soon they cross the line.",Jo Tae-ho,Gi Dae-ho,Released,Korean,,
271116,https://www.themoviedb.org/movie/271116-devil-angel,Devil Angel,95.0,1995-11-09,HK,Drama,4.4,"Chi Kit worked in a stock company. One day, the stock market crashed and Chi Kit ran into bankruptcy. He called his girlfriend Siu Suen and told her everything. Siu Suen loved Chi Kit so much that she took all her savings and ran away with him to Singapore to hide away from their debts. Unfortunately, Chi Kit met a wealthy woman with an interesting proposal, and it changed everything.",Fu Li,Fu Li,Released,Cantonese,,216341.0
1251717,https://www.themoviedb.org/movie/1251717-vicious,Vicious,98.0,2025-09-19,US,"Horror, Thriller",6.0,"When Polly receives a mysterious box, it comes with one rule: place inside something she needs, something she hates, and something she loves. If she doesn’t obey, it will consume everything—and everyone—she’s ever known.",Bryan Bertino,Bryan Bertino,Released,English,,
375631,https://www.themoviedb.org/movie/375631-joao-ninguem,João Ninguém,15.0,2016-12-20,BR,Documentary,0.0,We don't have an overview translated in English. Help us expand our database by adding one.,Erê Carvalho Zimmer,"Erê Carvalho Zimmer, Mateus dos Anjos",Released,Portuguese,,
1264854,https://www.themoviedb.org/movie/1264854-wanted-girlfriend,Wanted: Girlfriend,48.0,2024-04-16,PH,"Drama, Romance",5.2,Sheina Yu and Reina Castillo date a man who likes to have sex anytime and anywhere. See who can keep up with his strong sexual appetite and be his girlfriend.,Rember Gelera,,Released,Tagalog,,
225574,https://www.themoviedb.org/movie/225574-non-stop,Non-Stop,107.0,2014-02-27,KR,"Action, Thriller, Mystery",6.8,"Bill Marks is a Federal Air Marshall for whom every day is the same until this one. On this plane ride, he starts receiving text messages from someone claiming to be on the flight and threatening to kill passengers. In a race against the clock, he must identify and stop the killer to save everyone on board.",Jaume Collet-Serra,"Christopher Roach, John W. Richardson, Ryan Engle",Released,English,50000000.0,222809600.0
1072876,https://www.themoviedb.org/movie/1072876-self-reliance,Self Reliance,91.0,2025-01-01,KR,"Comedy, Thriller",5.9,"When a man is offered a million dollars to play a game in which hunters try to kill him, he thinks he has found the perfect loophole: they can only attack when he’s alone. His only problem is that none of his friends or family believe the game is real. Forced to seek companionship in unexpected places, he navigates the bizarre challenge with humor, paranoia, and a surprising search for connection.",Jake Johnson,Jake Johnson,Released,English,70000000.0,
55931,https://www.themoviedb.org/movie/55931-the-animatrix,The Animatrix,102.0,2003-06-03,KR,"Animation, Science Fiction",7.2,"Straight from the creators of the groundbreaking Matrix trilogy, this collection of short animated films from the world's leading anime directors fuses computer graphics and Japanese anime to provide the background of the Matrix universe and the conflict between man and machines. The shorts include Final Flight of the Osiris, The Second Renaissance, Kid's Story, Program, World Record, Beyond, A Detective Story and Matriculated.","Shinichiro Watanabe, Yoshiaki Kawajiri, Koji Morimoto, Peter Chung, Andrew R. Jones, Mahiro Maeda, Takeshi Koike","Shinichiro Watanabe, Yoshiaki Kawajiri, Koji Morimoto, Peter Chung, Lana Wachowski, Lilly Wachowski",Released,English,5000000.0,68000000.0
67457,https://www.themoviedb.org/movie/67457-vendemiaire,Vendémiaire,148.0,1919-01-17,FR,Drama,6.0,"If you’re already familiar with Louis Feuillade, his little-known opus Vendémiaire may come as a surprise. Unlike the bulk of his work which was characterised as ‘Fantastic Realism’, Vendémiaire is wonderfully down-to-earth realism – or down-to-French-earth realism to be specific. The film itself is divided into four chapters, the titles of which suggest that this is a movie about the cultivation and consumption of wine. But as the narrative unfolds, it becomes clear that the cultivation and consumption of wine is an allegory for French culture and French land as a whole, and the real purpose of the film is to persuade the director’s fellow citizens to defend that spirit and those lands at all costs. It’s September 1918 and the war is coming to an end, but here on the Castelviel estate in the south of France the news has not yet arrived and everyone is busy with the grape harvest....",Louis Feuillade,Louis Feuillade,Released,French,,
10774,https://www.themoviedb.org/movie/10774-network,Network,122.0,1976-11-27,US,Drama,7.8,"When veteran anchorman Howard Beale is forced to retire his 25-year post because of his age, he announces to viewers that he will kill himself during his farewell broadcast. Network executives rethink their decision when his fanatical tirade results in a spike in ratings.",Sidney Lumet,Paddy Chayefsky,Released,English,3800000.0,23700000.0
60145,https://www.themoviedb.org/movie/60145,"All's Well, Ends Well",100.0,1992-03-25,KR,"Comedy, Romance",7.1,Three brothers living with their father fib and play pranks to win parental approval for themselves and their romances.,Clifton Ko Chi-Sum,"Roman Cheung Shiu-Lun, Tessa Choy Ting-Ting, Vincent Kok Tak-Chiu",Released,Cantonese,,
1149485,https://www.themoviedb.org/movie/1149485,Oh My School!,91.0,2023-07-14,CN,"Comedy, Animation",6.5,"Wang Qiang (Xing Yuanyuan), the most naughty “scumbag” in the third class of junior high school, and Shi Miona (Wang Bowen), a cranky homeroom teacher, accidentally swap bodies. Wang, who had been oppressed for a long time, got a taste of being a homeroom teacher, and Shi also experienced the feeling of being considered the “school scum”. As the date of Shi’s open class competition is approaching, the two urgently need to find a way to change back into their bodies. But first, they’ll have to overcome numerous obstacles…","Xia Mingze, Yan Kai",Zheng Yan,Released,Chinese,,
715931,https://www.themoviedb.org/movie/715931-emancipation,Emancipation,132.0,2022-12-09,KR,"Drama, War, History",7.8,"Inspired by the gripping true story of a man who would do anything for his family—and for freedom. When Peter, an enslaved man, risks his life to escape and return to his family, he embarks on a perilous journey of love and endurance.",Antoine Fuqua,Bill Collage,Released,English,,
452557,https://www.themoviedb.org/movie/452557-2,Wolf Warrior 2,124.0,2017-11-30,KR,"War, Action",6.5,"China's deadliest special forces operative settles into a quiet life on the sea. When sadistic mercenaries begin targeting nearby civilians, he must leave his newfound peace behind and return to his duties as a soldier and protector.",Wu Jing,"Wu Jing, Liu Yi, Gao Yan, Dong Qun",Released,Chinese,30100000.0,870325439.0
471996,https://www.themoviedb.org/movie/471996-baratom-bonca,Barátom Bonca,,1976-01-01,HU,Family,8.0,We don't have an overview translated in English. Help us expand our database by adding one.,Ilona Katkics,,Released,Hungarian,,
2171,https://www.themoviedb.org/movie/2171-wet-hot-american-summer,Wet Hot American Summer,97.0,2001-07-27,US,Comedy,6.3,"It's the last day of Camp Firewood's season, but there's still time for the big talent show, a little romance… and for everyone to be wiped out by the piece of NASA's Skylab that's hurtling toward Earth.",David Wain,"David Wain, Michael Showalter",Released,English,5000000.0,295206.0
485400,https://www.themoviedb.org/movie/485400-espectro-cromatico,Color Spectrum,3.0,2015-01-01,ES,,0.0,Color Spectrum shows the comings and goings of passersby on a boardwalk. Multiple exposure and color filters transform human figures in ghostly presences of variable color shades.,Albert Alcoz,,Released,Spanish; Castilian,,
1244944,https://www.themoviedb.org/movie/1244944-the-woman-in-the-yard,The Woman in the Yard,88.0,2025-03-28,US,"Horror, Mystery, Fantasy",5.6,"In the aftermath of her husband's death, widow Ramona's struggle to raise her two kids is hindered by the arrival of a mysterious woman with supernatural abilities.",Jaume Collet-Serra,Sam Stefanak,Released,English,12000000.0,23311502.0
570103,https://www.themoviedb.org/movie/570103-kizlar-sinifi,Kızlar Sınıfı,90.0,1984-01-01,TR,"Comedy, Drama",5.5,"In the film, which takes place between students and teachers in a girls' high school, İlyas replaces the teacher who was expelled from the school because he had a relationship with a female student. Students who do not forgive the expulsion of their previous teacher do their best to have İlyas fired as well.",Ümit Efekan,Gökhan Akçura,Released,Turkish,,
1022350,https://www.themoviedb.org/movie/1022350,Eurodonbas,73.0,2022-10-06,UA,Documentary,8.0,"Throughout time, Eastern Ukraine (such as Donbas) has been referred to as a 'Russian world', but this is indeed not the case. The history of Donbas was re-written during the Soviet era. Although the Soviet Union edited out and withheld all references to the European background of this region from history books in schools and universities. There were, in fact, numerous French, Belgian, German, British, Polish, Swiss, Dutch, and even American settlements and more than 100 wide-scale enterprises in the region. Therefore, this film reveals the pro-European industrialization of Ukrainian Donbas at the turn of the 19th century. It aims to emphasize the European roots of Ukraine long before the official integration process of Ukraine into the EU in 2022.",Kornii Hrytsiuk,"Kornii Hrytsiuk, Anna Palenchuk",Released,Ukrainian,,
1025872,https://www.themoviedb.org/movie/1025872,All In,96.0,2019-12-26,KZ,Comedy,6.8,A desperate clerk robs the bank where he works at.,Alisher Utev,,Released,Russian,,
1125,https://www.themoviedb.org/movie/1125-dreamgirls,Dreamgirls,130.0,2007-02-22,KR,"Drama, Music",6.7,"A trio of female soul singers cross over to the pop charts in the early 1960s, facing their own personal struggles along the way.",Bill Condon,Bill Condon,Released,English,70000000.0,154937680.0
524369,https://www.themoviedb.org/movie/524369-the-many-saints-of-newark,The Many Saints of Newark,120.0,2021-10-01,US,"Crime, Drama",6.3,"Young Anthony Soprano is growing up in one of the most tumultuous eras in Newark, N.J., history, becoming a man just as rival gangsters start to rise up and challenge the all-powerful DiMeo crime family. Caught up in the changing times is the uncle he idolizes, Dickie Moltisanti, whose influence over his nephew will help shape the impressionable teenager into the all-powerful mob boss, Tony Soprano.",Alan Taylor,"David Chase, Lawrence Konner",Released,English,50000000.0,13037403.0
267050,https://www.themoviedb.org/movie/267050-vento-di-primavera,Vento di primavera,103.0,1958-10-22,DE,"Drama, Music",9.0,We don't have an overview translated in English. Help us expand our database by adding one.,"Giulio Del Torre, Arthur Maria Rabenalt","Giulio Del Torre, Aldo De Benedetti, Gina Falckenberg",Released,German,,
373496,https://www.themoviedb.org/movie/373496-viuvas-precisam-de-consolo,Viúvas Precisam de Consolo,,1979-12-19,BR,Comedy,9.0,We don't have an overview translated in English. Help us expand our database by adding one.,Ewerton de Castro,Ewerton de Castro,Released,Portuguese,,
922934,https://www.themoviedb.org/movie/922934,Ekjon Telapoka,39.0,2022-01-06,BD,Drama,0.0,"Rickshaw puller Aslam lost his primary source of livelihood, his rickshaw in an accident. He wandered aimlessly and picked up a pistol in the slum. With this pistol he went out to avenge all the wrongs done to him. But in a city full of rubbish, Aslam squirmed like a cockroach trapped in a spider's web.",Golam Muntakim Fahim,,Released,Bengali,,
1171094,https://www.themoviedb.org/movie/1171094,Ek Din,125.0,2026-05-01,IN,"Romance, Drama",0.0,"Dino is in love with his colleague Meera but lacks the courage to express his feelings. He finally gets his chance during the company trip. He makes a wish to be with Meera for just one day, and his wish comes true.",Sunil Pandey,"Sneha Desai, Spandan Mishra",Released,Hindi,,
10633,https://www.themoviedb.org/movie/10633-in-the-heat-of-the-night,In the Heat of the Night,109.0,1967-08-02,US,"Crime, Drama, Mystery, Thriller",7.7,"African-American Philadelphia police detective Virgil Tibbs is arrested on suspicion of murder by Bill Gillespie, the racist police chief of tiny Sparta, Mississippi. After Tibbs proves not only his own innocence but that of another man, he joins forces with Gillespie to track down the real killer. Their investigation takes them through every social level of the town, with Tibbs making enemies as well as unlikely friends as he hunts for the truth.",Norman Jewison,"John Ball, Stirling Silliphant",Released,English,2000000.0,27379978.0
17993,https://www.themoviedb.org/movie/17993-henry-june,Henry & June,136.0,1995-04-22,KR,Romance,6.0,"While traveling in Paris, author Henry Miller and his wife, June, meet Anais Nin, and sexual sparks fly as Nin starts an affair with the openly bisexual June. When June is forced to return to the U.S., she gives Nin her blessing to sleep with her husband. Then, when June returns to France, an unexpected, and sometimes contentious, threesome forms.",Philip Kaufman,"Philip Kaufman, Anaïs Nin, Rose Kaufman",Released,English,,11567449.0
570297,https://www.themoviedb.org/movie/570297,The Girl from Mount Huangshan,,1984-12-01,CN,Drama,8.0,"Mount Yellow is the famous tourist attraction, the yellow mountain, in Anhui Province of China. In the early era of reforms, many peasants left their home and move to cities in search of jobs and better life, and many female migrant workers from the rural areas are from Anhui Province. Most of these female peasants found jobs as house maid and the protagonist in this movie is no exception. This film is about the experience of her and many like her, reflecting the reform from a personal perspective.","Yu Yanfu, Yuan Zhang","Mingyan Peng, Bi Jianchang",Released,Chinese,,
83651,https://www.themoviedb.org/movie/83651-hababam-sinifi,The Chaos Class,85.0,1975-04-01,TR,"Comedy, Drama",8.0,A group of affluent private school slackers enjoy a prankster lifestyle until a tough new disciplinarian headmaster arrives.,Ertem Eğilmez,"Rıfat Ilgaz, Umur Bugay",Released,Turkish,,
1432474,https://www.themoviedb.org/movie/1432474-nimrods,Nimrods,116.0,2026-08-14,US,"Comedy, Music",0.0,"Three friends journey from Kansas City to Los Angeles, mistakenly believing that their band is opening for Green Day on New Year’s Eve.",Lee Kirk,Lee Kirk,Released,English,,
417830,https://www.themoviedb.org/movie/417830-diary-of-a-wimpy-kid-the-long-haul,Diary of a Wimpy Kid: The Long Haul,91.0,2017-07-20,KR,"Adventure, Comedy, Family",5.3,A Heffley family road trip to attend Meemaw's 90th birthday party goes hilariously off course thanks to Greg's newest scheme to get to a video gaming convention.,David Bowers,"David Bowers, Jeff Kinney",Released,English,22000000.0,40120144.0
281,https://www.themoviedb.org/movie/281-strange-days,Strange Days,145.0,1996-11-02,KR,"Crime, Science Fiction, Thriller",7.0,"In the last days of 1999, ex-cop turned street hustler Lenny Nero receives a disc which contains the memories of the murder of a prostitute. With the help of bodyguard Mace, he starts to investigate and is pulled deeper and deeper in a whirl of murder, blackmail and intrigue.",Kathryn Bigelow,"James Cameron, Jay Cocks",Released,English,42000000.0,17000000.0
118406,https://www.themoviedb.org/movie/118406-road-to-ninja-naruto-the-movie,Road to Ninja: Naruto the Movie,109.0,2013-02-21,KR,"Animation, Fantasy, Action",7.4,"Sixteen years ago, a mysterious masked ninja unleashes a powerful creature known as the Nine-Tailed Demon Fox on the Hidden Leaf Village Konoha, killing many people. In response, the Fourth Hokage Minato Namikaze and his wife Kushina Uzumaki, the Demon Fox's living prison or Jinchūriki, manage to seal the creature inside their newborn son Naruto Uzumaki. With the Tailed Beast sealed, things continued as normal. However, in the present day, peace ended when a group of ninja called the Akatsuki attack Konoha under the guidance of Tobi, the mysterious masked man behind Fox's rampage years ago who intends on executing his plan to rule the world by shrouding it in illusions.",Hayato Date,Yuka Miyata,Released,Japanese,,17876559.0
1050684,https://www.themoviedb.org/movie/1050684,Ivan and the Mare,64.0,1992-01-01,UA,Comedy,0.0,"Ivan is a simple, good-hearted man who wakes up in his apartment and notices a mare named Kasia just outside his window. Being a kind soul, he keeps her and takes her around the city. What is that mare capable of, and where do you find a shelter for her? Kasia becomes a problem for Ivan and the subject of all kinds of speculation. But unlike everyday problems, you can easily get rid of it by letting go of the reins.",Volodymyr Fesenko,Bohdan Zholdak,Released,Ukrainian,,
17360,https://www.themoviedb.org/movie/17360-escape-to-victory,Escape to Victory,116.0,1982-04-03,KR,"Drama, War",6.9,A group of POWs in a German prison camp during World War II play the German National Soccer Team in this powerful film depicting the role of prisoners during wartime.,John Huston,"Yabo Yablonsky, Evan Jones",Released,English,10000000.0,27453418.0
10664,https://www.themoviedb.org/movie/10664-rec,[REC]²,84.0,2009-10-01,ES,"Thriller, Horror",6.6,"The action continues from [REC], with the medical officer and a SWAT team outfitted with video cameras are sent into the sealed off apartment to control the situation.","Paco Plaza, Jaume Balagueró","Paco Plaza, Jaume Balagueró, Manu Díez",Released,Spanish; Castilian,5600000.0,18469680.0
14035,https://www.themoviedb.org/movie/14035-meatballs,Meatballs,92.0,1979-06-28,CA,Comedy,5.8,"Tripper is the head counselor at a budget summer camp called Camp Northstar. In truth, he's young at heart and only marginally more mature than the campers themselves. Tripper befriends Rudy, a loner camper who has trouble fitting in. As Tripper inspires his young charges to defeat rival Camp Mohawk in the annual Olympiad competition, Rudy plays matchmaker between Tripper and Roxanne, a female counselor at Northstar.",Ivan Reitman,"Len Blum, Harold Ramis, Daniel Goldberg, Janis Allen",Released,English,1207520.0,
22971,https://www.themoviedb.org/movie/22971-dear-john,Dear John,108.0,2010-03-04,KR,"Drama, Romance, War",6.8,"While Sergeant John Tyree is home on two weeks leave from Germany, he meets Savannah after he dives into the ocean to retrieve Savannah's purse that had fallen off a pier. John eventually falls in love with Savannah, who promises to write to him until he returns from overseas.",Lasse Hallström,"Nicholas Sparks, Jamie Linden",Released,English,25000000.0,114977104.0
272108,https://www.themoviedb.org/movie/272108,Alien from the Darkness,50.0,1997-01-24,JP,"Animation, Horror, Science Fiction",6.2,"The all female crew of the transport ship Muse is on a mission in deep space. They pick up an SOS signal and discover a derelict space cruiser where all the women have died mysteriously. They take the only survivor, a young woman named Flair, and detonate the ghost ship. However, the danger is just beginning. With Flair on the Muse, the romances between the women begin to take a new turn. One by one, the crewmembers are attacked by a mysterious alien presence, desperate to find a way to reproduce with human women!",Norio Takanami,Shino Taira,Released,Japanese,,
22824,https://www.themoviedb.org/movie/22824-the-fourth-kind,The Fourth Kind,98.0,2010-02-25,KR,"Mystery, Science Fiction, Thriller",6.4,"Since the 1960s, a disproportionate number of the population in and around Nome, Alaska, have gone missing. Despite FBI investigations, the disappearances remain a mystery. Dr. Abigail Tyler, a psychologist, may be on the verge of blowing the unsolved cases wide open when, during the course of treating her patients, she finds evidence of alien abductions.",Olatunde Osunsanmi,Olatunde Osunsanmi,Released,English,10000000.0,47709193.0
929066,https://www.themoviedb.org/movie/929066,The Odessa Foundling,90.0,2018-04-21,UA,Comedy,0.0,"A lonely 70-year-old man, an eccentric artist from Odessa, Sir Pinkhus, dreams to have grandchildren. But he even does not have children. Obviously first he needs to have a son to realize a dream about having a grandson. The old man has friends at the orphanage. They choose a guy Arkasha for the role of son. Arkasha is a 50-year old bonehead who recently hit the bricks and worked at the orphanage as a stoker.",Georgiy Deliev,Georgiy Deliev,Released,Russian,,
285148,https://www.themoviedb.org/movie/285148-gorus,The Meeting,72.0,1955-12-25,SU,"Comedy, Romance",3.3,The film is about Azerbaijanian and Uzbekistan's cotton-growers contest and about two young people's love.,Tofig Taghizadeh,"Nina Mustafayeva, Adham Gulubayov",Released,Azerbaijani,,
19899,https://www.themoviedb.org/movie/19899-couples-retreat,Couples Retreat,113.0,2009-10-09,US,"Comedy, Romance",5.6,"Four couples, all friends, descend on a tropical island resort. Though one husband and wife are there to work on their marriage, the others just want to enjoy some fun in the sun. They soon find, however, that paradise comes at a price: Participation in couples therapy sessions is mandatory. What started out as a cut-rate vacation turns into an examination of the common problems many face.",Peter Billingsley,"Jon Favreau, Vince Vaughn, Dana Fox",Released,English,70000000.0,171844840.0
10587,https://www.themoviedb.org/movie/10587-police-academy-4-citizens-on-patrol,Police Academy 4: Citizens on Patrol,88.0,1987-04-02,US,"Comedy, Crime",5.5,"A new batch of recruits arrives at Police Academy, this time a group of civilian volunteers who have joined Commandant Lassard's new Citizens on Patrol program. Although the community relations project has strong governmental support, a disgusted Captain Harris is determined to see it fail.",Jim Drake,Gene Quintano,Released,English,17000000.0,76800000.0
5038,https://www.themoviedb.org/movie/5038-vicky-cristina-barcelona,Vicky Cristina Barcelona,96.0,2009-04-15,KR,"Drama, Romance",6.8,"Two girlfriends on a summer holiday in Spain become enamored with the same painter, unaware that his ex-wife, with whom he has a tempestuous relationship, is about to re-enter the picture.",Woody Allen,Woody Allen,Released,English,15000000.0,96409830.0
1046261,https://www.themoviedb.org/movie/1046261-paraguacu,Paraguaçu,,2022-08-30,BR,"Drama, Animation, Fantasy",0.0,We don't have an overview translated in English. Help us expand our database by adding one.,Isabela de Oliveira,Isabela de Oliveira,Released,Portuguese,,
637676,https://www.themoviedb.org/movie/637676-lin-li,Neighbors,106.0,2019-10-17,BR,Drama,4.5,"The 43rd edition screens Neighbors, with five segments about the theme “neighbors”: not only about physical proximity, but also about relationships. In Brazil, Olga is a 90-year-old black woman who lost her husband one year ago; her neighbors, who come from different parts of the world, interrupt her grief. In Russia, an employee tries so hard to please his boss that he becomes inconvenient. An Indian woman, with the help of her male friend, decides to learn how to drive, an uncommon practice for women in the country. In China, an elderly, owner of an old and decadent barbershop, argues with his son, who wants to change the business. In South Africa, a group of homeless fights for the right to housing.","Beatriz Seigner, Jenna Cato Bass, Rima Das, Alexander Zolotukhin, Han Yan","Beatriz Seigner, Jenna Cato Bass, Rima Das, Alexander Zolotukhin, He Keke, Babalwa Baartman",Released,English,,
648579,https://www.themoviedb.org/movie/648579-the-unbearable-weight-of-massive-talent,The Unbearable Weight of Massive Talent,107.0,2022-04-22,US,"Action, Comedy, Crime",6.8,"Creatively unfulfilled and facing financial ruin, Nick Cage must accept a $1 million offer to attend the birthday of a dangerous superfan. Things take a wildly unexpected turn when Cage is recruited by a CIA operative and forced to live up to his own legend, channeling his most iconic and beloved on-screen characters in order to save himself and his loved ones.",Tom Gormican,"Tom Gormican, Kevin Etten",Released,English,30000000.0,29116320.0
48261,https://www.themoviedb.org/movie/48261,Green Hat,94.0,2004-01-01,US,Drama,5.8,A sexually frustrated policeman starts investigating the doings of his wife.,Liu Fendou,Liu Fendou,Released,Chinese,,
37710,https://www.themoviedb.org/movie/37710-the-tourist,The Tourist,103.0,2010-12-09,KR,"Action, Thriller, Romance",6.2,"American tourist Frank meets mysterious British woman Elise on the train to Venice. Romance seems to bud, but there's more to her than meets the eye.",Florian Henckel von Donnersmarck,"Florian Henckel von Donnersmarck, Christopher McQuarrie, Julian Fellowes",Released,English,100000000.0,278731369.0
283395,https://www.themoviedb.org/movie/283395-seventy-8,Seventy-8,95.0,2004-09-02,US,Mystery,10.0,"It is present day in Arkham Heights, a seemingly desolate town that has decayed much since the eighties. Renny Meeks is a lonely, mentally challenged man with an IQ of 78, who sacks groceries at a small store. He's a simple man, recently released from an institution for a crime he was accused of that rocked the town ten years ago.",Erik Clapp,,Released,English,,
25195,https://www.themoviedb.org/movie/25195-leap-year,Leap Year,100.0,2010-04-08,KR,"Romance, Comedy",6.9,"When yet another anniversary passes without a marriage proposal from her boyfriend, Anna decides to take action. Aware of a Celtic tradition that allows women to pop the question on Feb. 29, she plans to follow her lover to Dublin and ask him to marry her. Fate has other plans, however, and Anna winds up on the other side of the Emerald Isle with handsome, but surly, Declan -- an Irishman who may just lead Anna down the road to true love.",Anand Tucker,"Deborah Kaplan, Harry Elfont",Released,English,19000000.0,32686500.0
22683,https://www.themoviedb.org/movie/22683-gifted-hands-the-ben-carson-story,Gifted Hands: The Ben Carson Story,86.0,2022-05-27,KR,Drama,7.8,Gifted Hands: The Ben Carson Story is a movie based on the life story of world-renowned neurosurgeon Ben Carson from 1961 to 1987.,Thomas Carter,John Pielmeier,Released,English,,
160745,https://www.themoviedb.org/movie/160745-porto-dos-mortos,Beyond the Grave,89.0,2010-09-09,BR,"Horror, Action, Crime",4.8,"In a devastated post-apocalyptic world where the rules of reality are transformed by magic and madness, a vengeful police officer searches for a possessed serial killer in a battle of the not-so-good versus absolute evil.",Davi de Oliveira Pinheiro,Davi de Oliveira Pinheiro,Released,Portuguese,,
1135869,https://www.themoviedb.org/movie/1135869-kelas-bintang-salome,Salome,59.0,2023-05-13,ID,"Drama, Romance",10.0,Kelas Bintang is back with this pack of drama called Salome.,,,Released,No Language,,
1220422,https://www.themoviedb.org/movie/1220422-hoa-dao,Peach Blossoms,83.0,2010-01-01,VN,Drama,0.0,"The movie ""Peach blossom"" ""borrows"" the pink color of the peach blossom to talk about the colors of life. Pink has no place in the soul of humans living in the modern urban, who desire the material enjoyment. They are Thu, an astute young woman with wild passion; Quy, a student who has burning desire to reach the Western civilization; or Thanh a romantic but spineless archaeological researcher... The profound meaning of the movie is wrapped up in its last scene - inside the towering apartment buildings, the peach blossom still remains its gorgeous pink despite such unprecedented storm and painful tragedy in a rustic family.",Nguyễn Thế Vĩnh,Nguyễn Thị Hồng Ngát,Released,Vietnamese,,
1661189,https://www.themoviedb.org/movie/1661189-balqabaq,Pumpkin,35.0,2007-08-28,AZ,"Comedy, TV Movie",0.0,"The film tells the story of a dispute between two neighbors over a pumpkin. However, neither the villagers, nor the police, nor other officials are able to resolve this dispute.",Yusif Akbarov,Imir Mammadli,Released,Azerbaijani,,
254904,https://www.themoviedb.org/movie/254904-the-november-man,The November Man,108.0,2014-10-16,KR,"Crime, Action, Thriller",6.1,An ex-CIA operative is brought back in on a very personal mission and finds himself pitted against his former pupil in a deadly game involving high level CIA officials and the Russian president-elect.,Roger Donaldson,"Michael Finch, Karl Gajdusek",Released,English,15000000.0,32600000.0
1712035,https://www.themoviedb.org/movie/1712035-pustye-mesta,Empty Places,148.0,2026-06-27,RU,Drama,0.0,"Four friends convene at a café and engage in a peculiar game entitled ""Empty Space"". Thereafter, their paths diverge for a prolonged period. Each endeavours to find self-realisation through various forms of creative activity, seeking to impose their minor and superfluous art upon a vast and indifferent world.",Nikita Miklushov,Nikita Miklushov,Released,Russian,,
625413,https://www.themoviedb.org/movie/625413,No Way Home,36.0,2012-06-20,TW,"Drama, TV Movie",1.0,"Chunmei, away from home, she boards a taxi in the city. She goes to see the sea, to the hair salon for a youthful haircut, and is invited to dinner with her taxi driver. They go to karaoke and drink wine. The taxi driver finds Chunmei's behavior bizarre, but he knows she is a dissatisfied woman, and he begins to feel pity for her. When dawn comes, looking out the window, searching in the busy crowded city, can they find their way back home again?",Li Shih,"Li Shih, Kuo Cheng-chui",Released,Chinese,,
378303,https://www.themoviedb.org/movie/378303-le-president-sa-femme-et-moi,"Le Président, sa femme et moi !",,2010-06-24,FR,Comedy,2.0,We don't have an overview translated in English. Help us expand our database by adding one.,Bernard Uzan,Bernard Uzan,Released,French,,
31867,https://www.themoviedb.org/movie/31867-repo-men,Repo Men,111.0,2010-03-18,CA,"Action, Science Fiction, Thriller, Crime",6.3,"In the future, medical technology has advanced to the point where people can buy artificial organs to extend their lives. But if they default on payments, an organization known as the Union sends agents to repossess the organs. Remy is one of the best agents in the business, but when he becomes the recipient of an artificial heart, he finds himself in the same dire straits as his many victims.",Miguel Sapochnik,"Eric Garcia, Garrett Lerner",Released,English,32000000.0,18409891.0
342326,https://www.themoviedb.org/movie/342326-legionnaires-du-christ-scandale-au-vatican,Légionnaires du Christ: Scandale au Vatican,,2013-05-01,FR,Documentary,0.0,We don't have an overview translated in English. Help us expand our database by adding one.,"Bernard Nicolas, Linda Salas Vega",,Released,French,,
19277,https://www.themoviedb.org/movie/19277-in-hell,In Hell,96.0,2003-11-24,US,"Action, Drama, Thriller",6.6,A man must survive a prison where hardened criminals battle to the death for the warden's entertainment.,Ringo Lam Ling-Tung,"Jorge Alvarez, Eric James Virgets",Released,English,17000000.0,293671.0
1195518,https://www.themoviedb.org/movie/1195518-the-unholy-trinity,The Unholy Trinity,95.0,2026-05-21,KR,"Western, Adventure, Crime",6.3,"Set against the turbulent backdrop of 1870s Montana, in the moments before the execution of Isaac Broadway, he gives his estranged son, Henry, an impossible task: murder the man who framed him for a crime he didn’t commit. Intent on fulfilling his promise, Henry travels to the remote town of Trinity, where an unexpected turn of events traps him in town and leaves him caught between Gabriel Dove, the town’s upstanding new sheriff, and a mysterious figure named St. Christopher.",Richard Gray,Lee Zachariah,Released,English,,1000526.0
146451,https://www.themoviedb.org/movie/146451-91-an-karlsson,Private Number 91-Karlsson,88.0,1946-09-02,SE,Comedy,7.2,The Squadron leader throws big a party where one of his colleagues is going to demonstrate a new type of explosive substance.,Hugo Bolander,Harry Iseborg,Released,Swedish,,
133400,https://www.themoviedb.org/movie/133400-ido-van,Time,112.0,1986-11-02,HU,"Comedy, Drama",6.0,"Peter Gothar films give a sharp, uncensored view of the society. This film is no different. The plot is rather simple: a family goes to vacation with the usual stress. Then on the vacation the wife gets a strange kind of sickness and they go back to Budapest for a cure. While the wife is in the hospital, the husband visits his family. This is quite banal. However the scenario was written by Peter Esterhazy, one of the most influential contemporary writers in Hungary. His style uses a lot of surrealism but in a way that profoundly illuminates the reality. In this film, the reality is an atomized society where the so-called communist ideals are nowhere so everyday people are fully disoriented.",Péter Gothár,"Péter Gothár, Péter Esterházy",Released,Hungarian,,
371729,https://www.themoviedb.org/movie/371729-moleque-tiao,Moleque Tião,,1943-12-07,BR,Drama,8.0,We don't have an overview translated in English. Help us expand our database by adding one.,José Carlos Burle,"José Carlos Burle, Alinor Azevedo",Released,Portuguese,,
9587,https://www.themoviedb.org/movie/9587-little-women,Little Women,115.0,1995-03-18,KR,"Drama, Romance",7.3,Four sisters come of age in America in the aftermath of the Civil War.,Gillian Armstrong,"Louisa May Alcott, Robin Swicord",Released,English,18000000.0,94983123.0
21407,https://www.themoviedb.org/movie/21407-the-collector,The Collector,90.0,2011-05-26,KR,"Horror, Thriller",6.6,"Desperate to repay his debt to his ex-wife, an ex-con plots a heist at his new employer's country home, unaware that a second criminal has also targeted the property, and rigged it with a series of deadly traps.",Marcus Dunstan,"Marcus Dunstan, Patrick Melton",Released,English,3400000.0,114000000.0
280019,https://www.themoviedb.org/movie/280019,For the Emperor,104.0,2014-06-11,KR,"Action, Crime, Thriller",5.7,A former professional baseball player becomes entangled in loan-sharking and mob connections after a fixing scandal ejects him from his sport. When his girlfriend vanishes he is forced to confront his mentor and enter a deadly battle.,Park Sang-joon,Lee Yong-soo,Released,Korean,,3930965.0
765056,https://www.themoviedb.org/movie/765056,My Sister's Idol Trainee Friends,71.0,2020-11-12,KR,Drama,5.2,"Jae Hoon was discharged from the army and came to his idol trainee younger sister's accommodation to stay for a few days. At the house, his sister's idol trainee friends, Hyeon Joo and Yeon Joo, are there. Her friends have a good feeling about good-looking Jae Hoon. In the middle of the war between the two women for possession of Jae Hoon, embarrassed Jae Hoon makes a shocking proposal to Hyun Joo and Yeon Joo...",Lee Dong-hyun,,Released,Korean,,
8328,https://www.themoviedb.org/movie/8328-step-up-2-the-streets,Step Up 2: The Streets,98.0,2008-03-13,KR,"Music, Drama, Romance",6.7,"When rebellious street dancer Andie West lands at the elite Maryland School of the Arts, she finds herself fighting to fit in while also trying to hold onto her old life. When she joins forces with the school's hottest dancer, Chase Collins, to form a crew of fellow outcasts to compete in Baltimore's underground dance battle The Streets.",Jon M. Chu,"Karen Barna, Duane Adler, Toni Ann Johnson",Released,English,23000000.0,150988382.0
44024,https://www.themoviedb.org/movie/44024-d-p-t-ng-centimet,Beauty in Each Centimeter,109.0,2009-01-15,VN,"Comedy, Romance",7.5,"An aspiring photographer tries to convince a girl to pose for his ""art photos"" by pretending to be a director. Ngo Dong (by Ha) dreams of becoming a famous actress. Quang Hy (by Hai) wants to take nude “artistic’ photos. They meet and Quang Hy lies that he’s a director to get Ngo Dong to participate in taking photos. Their relationship begins.",Vũ Ngọc Đãng,Vũ Ngọc Đãng,Released,Vietnamese,,
261510,https://www.themoviedb.org/movie/261510,Taiwan Canasta,90.0,1985-03-30,YU,"Drama, Comedy",5.9,"A frustrated and unemployed architect experiences flashbacks of his youth and 1968 protests while the life passes by. Unable to adapt and to accept the reality, he’s constantly getting into conflicts with the people around him.",Goran Marković,"Goran Marković, Milan Nikolić",Released,Serbo-Croatian,,
647518,https://www.themoviedb.org/movie/647518-bruno-sammartino-la-mia-mama,Bruno Sammartino,96.0,2019-10-26,US,Documentary,2.0,A documentary about World Wrestling Federation Hall of Famer Bruno Sammartino.,Patrea Patrick,Patrea Patrick,Released,English,,
1400336,https://www.themoviedb.org/movie/1400336-focker-in-law,Focker-In-Law,,2026-11-25,US,"Comedy, Romance",0.0,"Henry, son of Greg and Pam Focker, faces family chaos when he decides to marry a strong-willed woman who appears to be his complete mismatch.",John Hamburg,John Hamburg,Post Production,English,,
109431,https://www.themoviedb.org/movie/109431-identity-thief,Identity Thief,111.0,2013-02-09,US,"Comedy, Crime",5.8,"When a mild-mannered businessman learns his identity has been stolen, he hits the road in an attempt to foil the thief -- a trip that puts him in the path of a deceptively harmless-looking woman.",Seth Gordon,Craig Mazin,Released,English,35000000.0,173965010.0
1730079,https://www.themoviedb.org/movie/1730079-saa-vee,Saa Vee,105.0,2025-12-05,IN,"Comedy, Mystery, Thriller, Drama",10.0,A young man's life turns into a nightmare when his uncle's dead body disappears the moment he closes his eyes.,Anton Ajith,Anton Ajith,Released,Tamil,78673.0,
576174,https://www.themoviedb.org/movie/576174,Easy Virtue,109.0,1992-05-16,KR,"Drama, Horror, Thriller",8.3,"Jang is attacked in her home by a masked man two nights in a row. Her husband is reluctant to call the police, but they both begin to suspect the odd young man living next door",Um Jong-sun,,Released,Korean,,
496041,https://www.themoviedb.org/movie/496041-ils-s-aiment-aussi-depuis-20-ans,Ils s'aiment aussi depuis 20 ans,,2017-01-01,FR,Comedy,5.7,We don't have an overview translated in English. Help us expand our database by adding one.,Muriel Robin,Michèle Laroque,Released,French,,
13600,https://www.themoviedb.org/movie/13600-city-of-ember,City of Ember,95.0,2008-10-07,US,"Adventure, Family, Fantasy",6.4,"For generations, the people of the City of Ember have flourished in an amazing world of glittering lights. But Ember's once powerful generator is failing and the great lamps that illuminate the city are starting to flicker. Now, two teenagers, in a race against time, must search Ember for clues that will unlock the ancient mystery of the city's existence, before the the lights go out forever.",Gil Kenan,Caroline Thompson,Released,English,55000000.0,17869048.0
268227,https://www.themoviedb.org/movie/268227-erotica-luz-de-luna,Erotica: Moonlight,114.0,2008-12-19,MX,Drama,5.9,"These three stories are about sex, relationships and fantasy. A couple in their 30's is looking to satisfy their sexual fantasies, so they invite a nurse to join them for a threesome.  A nurse falls in love with the wrong man, an old doctor friend. A young kid meets a troubled girl outside a club.","Carlos Bolado, Fernando Sariñana",,Released,English,,
1040782,https://www.themoviedb.org/movie/1040782-zalizni-meteliki,Iron Butterflies,84.0,2023-09-16,KR,Documentary,10.0,"This lesson in political revelation focuses on the shooting down of the Malaysian passenger jet MH17 over eastern Ukraine in 2014. A meticulous, investigative exposé that lays bare the mechanisms of Russian warfare.",Roman Liubyi,"Roman Liubyi, Mila Zhluktenko",Released,Ukrainian,,
997265,https://www.themoviedb.org/movie/997265-regra-34,Rule 34,101.0,2023-01-19,BR,Drama,5.3,"Simone is a young law student who studies criminal law and advocates for women's rights. On her free time, she's a cam girl that makes live sexual performances on the Internet. One night, she watches a video that awakens her interest in BDSM-related activities, leading her into a series of conflicts dominated by violence and eroticism.",Julia Murat,"Julia Murat, Rafael Lessa, Gabriel Bortolini, Gabriela Capello, Roberto Winter",Released,Portuguese,,
313058,https://www.themoviedb.org/movie/313058-donde-se-nacionaliza-la-marea,¿Dónde se nacionaliza la marea?,,2010-06-18,ES,,0.0,We don't have an overview translated in English. Help us expand our database by adding one.,Carlos Benpar,,Released,Spanish; Castilian,,
1480790,https://www.themoviedb.org/movie/1480790,The Sin Trade,98.0,2026-04-10,CN,"Crime, Action, Mystery",8.0,"In the late 1990s, detective Chi Feng navigates a violent turf war between rival trafficking syndicates to dismantle both criminal groups and rescue a group of abducted women.",Cheng Siyi,"He Bing, Zhang Lin",Released,Chinese,,
1267270,https://www.themoviedb.org/movie/1267270-yarimshtat,Part-time,88.0,1995-03-22,AZ,"Comedy, Drama, TV Movie",0.0,"Due to the difficult financial situation in the circus, magician Zaman is demoted to a part-time role, while his beautiful assistant Atlaz is laid off. To show the circus director the difficulty of being a part-timer for a day, Zaman uses a magic trick to ""divide"" him in two.",Sharif Qurbanaliyev,Məcnun Vahidov,Released,Azerbaijani,,
1306144,https://www.themoviedb.org/movie/1306144,Pleasant Goat and Big Big Wolf: The World Guardians,98.0,2024-07-13,CN,"Animation, Fantasy",8.3,"A kind of magical gemstone maintains the stability and peace of the world, when a mysterious force is on the move and crisis spreads everywhere. Sheep and wolves and new partners to embark on the journey of guarding the world, racing against the mysterious forces of the conspiracy, and in the adventures and breakthroughs in the common growth, and ultimately understand the significance of the guardianship.","Huang Junming, Chen Lijin","Wei Liu, 耿漪淼, 刘泽敏, Chaowei Wu",Released,Chinese,,
129533,https://www.themoviedb.org/movie/129533-barbie-the-princess-the-popstar,Barbie: The Princess & the Popstar,86.0,2012-09-30,US,"Family, Animation",7.2,"Tori is a blonde princess who is bored of living her royal life, and has dreams of becoming a popstar. Keira, on the other hand, is a brunette popstar who dreams of being a princess. When the two meet, they magically trade places, but after realising it is best to be themselves.",Ezekiel Norton,"Steve Granat, Cydne Clark",Released,English,,
269795,https://www.themoviedb.org/movie/269795-2-22,2:22,99.0,2017-06-30,US,"Science Fiction, Mystery, Thriller, Romance",6.0,"Two planes almost collide after a blinding flash of light paralyzes air traffic controller Dylan Branson for a few seconds. Suspended from his job, Dylan starts to notice an ominous pattern of sounds and events that repeats itself in exactly the same manner every day, ending precisely at 2:22 p.m. Also drawn into a complex relationship with a woman, Dylan must figure out a way to break the power of the past and take control of time itself.",Paul Currie,"Todd Stein, Nathan Parker",Released,English,,3945729.0
367809,https://www.themoviedb.org/movie/367809,Dream Maker,75.0,2021-11-17,KR,"Drama, Science Fiction",5.0,"Dreamband is an auxiliary device that creates virtual dreams. Seo Yoon, who modified the device and monitored others' dreams, uploaded the contents under the name Admin K on the public SNS of Hanyeong High School, when the crime was revealed.  Joo Hwan who was aware of the truth about Seo Yoon's existence, steps on her tail and suggests a way to play a game that can hide the real bad guy by telling her secret. Joo Hwan's game, which began when Seo Yoon accepted an offer to raise his mother's hospital bills, thrilled Hanyeong High School's influential figure Seung Hwan, and the secret game between the two flows in an unknown direction.",Kim Seung-tae,,Released,Korean,,
1121070,https://www.themoviedb.org/movie/1121070-supermarket-affairs,Supermarket Affairs,16.0,2023-02-05,US,"Drama, Comedy",0.0,"A Vietnamese immigrant mother and daughter in the US argue over how to honor the late patriarch as they shop for his second death anniversary, and inadvertently involve a handsome stranger at the local Asian supermarket.",Nguyễn Lương Hằng,Nguyễn Lương Hằng,Released,English,,
421863,https://www.themoviedb.org/movie/421863-groland-100-ans-deja,Groland - 100 ans déjà,,2002-12-30,FR,Comedy,0.0,We don't have an overview translated in English. Help us expand our database by adding one.,,,Released,French,,
235591,https://www.themoviedb.org/movie/235591-half-marriage,Half Marriage,68.0,1929-10-13,US,"Drama, Romance",5.8,"A young couple marries in secret. Judy's afraid her parents won't approve of Dick and she'll lose her generous allowance. Her parents bring her home from the city where she's been studying art and encourage the attentions of Tom, a persistent suitor. Judy and her jealous husband have an argument that leads her back to the city, a drunken, amorous Tom and a tragedy.",William J. Cowen,Jane Murfin,Released,English,,
1510583,https://www.themoviedb.org/movie/1510583,Rakkhosh,141.0,2026-03-21,BD,"Action, Romance",5.5,"The story about a man pushed to his limits by love and greed, who eventually embraces his darker side to seek justice or revenge in a world filled with ""monsters.""",Mehedi Hasan Hridoy,,Released,Bengali,,
292011,https://www.themoviedb.org/movie/292011-richard-jewell,Richard Jewell,131.0,2020-02-03,KR,"Drama, History",7.4,"Richard Jewell thinks quick, works fast, and saves hundreds, perhaps thousands, of lives after a domestic terrorist plants several pipe bombs and they explode during a concert, only to be falsely suspected of the crime by sloppy FBI work and sensational media coverage.",Clint Eastwood,Billy Ray,Released,English,45000000.0,33900000.0
12228,https://www.themoviedb.org/movie/12228-inside-deep-throat,Inside Deep Throat,90.0,2006-01-12,KR,Documentary,6.4,"In 1972, a seemingly typical shoestring budget pornographic film was made in a Florida hotel: ""Deep Throat,"" starring Linda Lovelace. This film would surpass the wildest expectation of everyone involved to become one of the most successful independent films of all time. It caught the public imagination which met the spirit of the times, even as the self-appointed guardians of public morality struggled to suppress it, and created, for a brief moment, a possible future where sexuality in film had a bold artistic potential. This film covers the story of the making of this controversial film, its stunning success, its hysterical opposition along with its dark side of mob influence and allegations of the on set mistreatment of the film's star.","Randy Barbato, Fenton Bailey","Randy Barbato, Fenton Bailey",Released,English,2000000.0,653621.0
611684,https://www.themoviedb.org/movie/611684,Khorfakkan,105.0,2020-12-17,AE,"History, Action",5.2,"In the beginning of 1500's, during the Portuguese conquests on Indian Ocean, Red Sea, and Arabian Gulf, a village on the edge of sea revolts against the Portuguese rule and conquer after years of oppression, In pursuit of freedom.","Maurice Sweeney, Ben Mole",,Released,Arabic,,
1121545,https://www.themoviedb.org/movie/1121545-tiempos-muertos,Tiempos muertos,,2017-01-01,ES,,5.0,We don't have an overview translated in English. Help us expand our database by adding one.,David Pérez Sañudo,Sergio Granda,Released,Spanish; Castilian,,
2239,https://www.themoviedb.org/movie/2239-hallam-foe,Hallam Foe,95.0,2008-04-30,KR,"Drama, Comedy, Thriller",6.7,"Hallam's talent for spying on people reveals his darkest fears-and his most peculiar desires. Driven to expose the true cause of his mother's death, he instead finds himself searching the rooftops of the city for love.",David Mackenzie,"David Mackenzie, Ed Whitmore",Released,English,8000000.0,2149799.0
14564,https://www.themoviedb.org/movie/14564-rings,Rings,102.0,2017-02-03,US,Horror,5.0,"Julia becomes worried about her boyfriend Holt when he explores the dark urban legend of a mysterious videotape said to kill the watcher seven days after viewing. She sacrifices herself to save her boyfriend and in doing so makes a horrifying discovery: there is a ""movie within the movie"" that no one has ever seen before.",F. Javier Gutiérrez,"David Loucka, Jacob Aaron Estes, Kōji Suzuki, Akiva Goldsman",Released,English,25000000.0,83080890.0
143449,https://www.themoviedb.org/movie/143449,Lusty Sisters,70.0,1972-11-29,JP,"Crime, Drama",4.8,"Three sisters live alienated existences in modern day Tokyo. One works as a secretary, one is a prostitute, and one is a criminal. The secretary is cynically unhappy with the sexist business world which limits her opportunities for advancement and makes her a target for her lecherous boss. The prostitute lives an aimless life, drifting between men, and often the target of either police or jealous wives. The criminal, who lives by disrupting the society which oppresses her two sisters, is the only happy one of the three.",Chūsei Sone,Masayasu Ōebara,Released,Japanese,,
287627,https://www.themoviedb.org/movie/287627-orfeusz-es-eurydike,Orpheus and Eurydice,95.0,1986-01-06,HU,"Music, Drama",8.0,"The opera-film, as opposed to Gluck's Vienna version, is a recollection of the ancient tragic Greek myth. Orpheus, who is able to defeat Hades with the power of art, is unable to conquer his own human defects. Amor is sympathetic to Orpheus' sufferings as he mourns his dead beloved, and lets him know the message sent by the Gods, namely that he may take her home from the underworld if he is capable of not looking at her.",István Gaál,"István Gaál, Ranieri de’ Calzabigi",Released,Hungarian,,
1396,https://www.themoviedb.org/movie/1396,Mirror,107.0,1975-03-07,SU,"Drama, History",8.0,"A dying man in his forties recalls his childhood, his mother, the war and personal moments that tell of and juxtapose pivotal moments in Soviet history with daily life.",Andrei Tarkovsky,"Andrei Tarkovsky, Aleksandr Misharin",Released,Russian,825000.0,124367.0
40075,https://www.themoviedb.org/movie/40075-ator-l-invincibile,"Ator, the Fighting Eagle",92.0,1982-10-07,IT,"Action, Adventure, Fantasy",4.0,"The son of Torren learns of his heritage, goes to avenge the deaths of his fellow villagers, and rescue his sister/love interest from the evil Dakkar and his spider cult.",Joe D'Amato,Joe D'Amato,Released,Italian,,
11782,https://www.themoviedb.org/movie/11782,Hard Boiled,126.0,1992-07-04,KR,"Action, Thriller, Crime",7.5,A cop who loses his partner in a shoot-out with gun smugglers goes on a mission to catch them. In order to get closer to the leaders of the ring he joins forces with an undercover cop who's working as a gangster hitman. They use all means of excessive force to find them.,John Woo,"Barry Wong Ping-Yiu, Gordon Chan",Released,Cantonese,4500000.0,2592782.0
522244,https://www.themoviedb.org/movie/522244-saur-sepuh-iii-kembang-gunung-lawu,Saur Sepuh III: The Flower of Mount Lawu,86.0,1990-09-01,ID,Action,7.0,"Set during the kingdom of Majapahit after the reign of King Hayam Wuruk, the Saur Sepuh films were based on the popular radio plays in the 80s. Lasmini is raped and thrown into a ravine, but is saved by Granny Lawu. She is then taught martial arts until the granny dies. Then Lasmini leaves the mountain to find her rapists and kills them one by one. One day, she has a fight with Mantili because she is close to Bentar. Then Lasmini returns to Mount Lawu to improve her martial arts. After learning new skills, she returns to challenge all the martial arts experts and is victorious. Mantili then goes to improve his skills from Brama and challenges Lasmini. Now Lasmini is defeated.",Imam Tantowi,Imam Tantowi,Released,Indonesian,,
801937,https://www.themoviedb.org/movie/801937-silent-night-deadly-night,"Silent Night, Deadly Night",96.0,2025-12-12,US,"Horror, Thriller",6.4,"After witnessing his parents' brutal murder on Christmas Eve, Billy transforms into a Killer Santa, delivering a yearly spree of calculated, chilling violence. This year, his blood-soaked mission collides with love, as a young woman challenges him to confront his darkness.",Mike P. Nelson,Mike P. Nelson,Released,English,,5586884.0
1555883,https://www.themoviedb.org/movie/1555883-emparelhamento,Emparelhamento,,2025-10-01,BR,"Science Fiction, Drama",10.0,"Jorge, a mechanical scientist, builds a teleportation machine to see his daughter in Portugal during a pandemic. Driven by love, he pushes the limits of science, but discovers that every invention comes with a price.",Artur Darwich,Riccardo Walmir,Released,Portuguese,,
36231,https://www.themoviedb.org/movie/36231-4,Guinea Pig Part 4: Devil Doctor Woman,48.0,1986-09-10,JP,"Horror, Comedy",4.4,A doctor conducts experiments on patients which end up in anguish!,Hajime Tabe,"Hajime Tabe, Satoru Ogura",Released,Japanese,25000.0,
17335,https://www.themoviedb.org/movie/17335-obsessed,Obsessed,108.0,2009-06-11,KR,"Drama, Thriller",5.8,"Things couldn't be better for Derek Charles. He's just received a big promotion at work, and has a wonderful marriage with his beautiful wife, Sharon. However, into this idyllic world steps Lisa, a temporary worker at Derek's office. Lisa begins to stalk Derek, jeopardizing all he holds dear.",Steve Shill,David Loughery,Released,English,20000000.0,73830340.0
849,https://www.themoviedb.org/movie/849-krull,Krull,121.0,1983-07-29,US,"Action, Adventure, Fantasy, Science Fiction",6.0,A prince and a fellowship of companions set out to rescue his bride from a fortress of alien invaders who have arrived on their home planet.,Peter Yates,Stanford Sherman,Released,English,27000000.0,16916617.0
1734262,https://www.themoviedb.org/movie/1734262-makcik-bawang,Makcik Bawang,,2021-01-01,MY,,0.0,"The story of Isha and Azri, who have three children and have just moved to a new place, so everything is new to them. Home, work, school and many other things. What is interesting about this family's story? Isha starts her spice paste business on a small scale by giving samples of her products to her neighboring housewives. To market the product on a larger scale, Isha takes a basic product marketing course and subsequently uses the knowledge she has learned with the help of Nabila. Isha's daily routine is filled with busyness in fulfilling customer orders for her spice paste products. However, Isha never neglects her responsibilities as a wife and also as a mother to her three children. Seeing Isha's determination, Azri's employer, Hj. Azman is willing to extend assistance to Isha to further develop her business.",Hafiz Nolan,,Released,English,,
1096197,https://www.themoviedb.org/movie/1096197-no-way-up,No Way Up,90.0,2024-02-12,GB,"Thriller, Horror, Action",6.2,Characters from different backgrounds are thrown together when the plane they're travelling on crashes into the Pacific Ocean. A nightmare fight for survival ensues with the air supply running out and dangers creeping in from all sides.,Claudio Fäh,Andy Mayson,Released,English,,
13285,https://www.themoviedb.org/movie/13285-barbie-fairytopia-mermaidia,Barbie Fairytopia: Mermaidia,76.0,2006-03-14,US,"Animation, Family, Adventure, Fantasy",6.9,"In this animated follow-up to Fairytopia, Elina enlists the help of a mermaid, Nori, to save her friend Nalu, a merman prince who has been captured by the wicked Laverna.","William Lau, Walter P. Martishius",Elise Allen,Released,English,,
533170,https://www.themoviedb.org/movie/533170-dair,The Circle,17.0,1989-05-07,SU,Drama,7.0,The film is about political events which took place in 1989.,Ziya Shikhlinski,"Ziya Shikhlinski, Toghrul Juvarli",Released,Azerbaijani,,
972897,https://www.themoviedb.org/movie/972897,Heaven,130.0,2022-06-17,IN,"Thriller, Crime, Mystery",7.0,"Circle Inspector of Police, Peter Kurishinkal is a stoic and taciturn officer, who prefers brain over brawn to solve his cases. His world is brought upside down when he is assigned a sensational case of a homicide.",Unni Govindraj,"Unni Govindraj, P. S. Subramanian",Released,Malayalam,,
1310321,https://www.themoviedb.org/movie/1310321-hakk,Hakki,98.0,2024-06-04,TR,Drama,5.5,"Middle-aged HAKKI lives in a historical Aegean village with his family. He provides for them by selling statuettes in front of the nearby ancient city as well as guiding local tours. The region harbors business opportunities as touristic interest booms; however, HAKKI fails to catch the trend. One day, he finds a historical artifact in his garden by chance and sells it for a car's price, later he finds out the actual value of the artifact is a hundred times higher. With great ambition, he starts digging tunnels in his garden, hoping to find more valuables, yet he gets nothing. He is now obsessed, sacrifices much of his life and takes on a dark journey for both him and his family.",Hikmet Kerem Özcan,Hikmet Kerem Özcan,Released,Turkish,,
77076,https://www.themoviedb.org/movie/77076-le-spie-vengono-dal-semifreddo,Dr. Goldfoot and the Girl Bombs,83.0,1966-07-29,IT,"Science Fiction, Comedy",5.0,"Mad scientist Dr. Goldfoot plots another twisted scheme to take over the world by killing off the major military leaders of every country; to that end, he creates in his secret lab a bevy of bodacious girl bombs; full-length, life-size robots that explode when embraced.",Mario Bava,"Louis M. Heyward, Robert Kaufman",Released,Italian,1500000.0,
1006392,https://www.themoviedb.org/movie/1006392,A Female Communicant,83.0,1978-03-01,CN,Drama,8.0,We don't have an overview translated in English. Help us expand our database by adding one.,Qin Fusheng,Xue Shouxian,Released,Chinese,,
37702,https://www.themoviedb.org/movie/37702,Forbidden City Cop,89.0,2014-05-01,KR,"Action, Adventure, Comedy",7.0,"An imperial agent gets ridiculed for his various inventions, until his supportive wife encourages him to attend a conference, which's actually a trap to kill all the doctors serving the emperor, where his crazy inventions come in handy.","Vincent Kok Tak-Chiu, Stephen Chow","Vincent Kok Tak-Chiu, Stephen Chow, Lo Man-Sang",Released,Cantonese,,
13019,https://www.themoviedb.org/movie/13019-young-people-fucking,Young People Fucking,90.0,2007-09-05,CA,"Comedy, Drama, Romance",5.8,"On a Tuesday night, five couples have separate sexual adventures. Matt and Kris, friends for years, want to have an only-once, no-strings good time. Abby and Andrew, married, celebrate his birthday, but it's marred by angst and miscommunication. Mia and Eric are exes, making sure they are over each other. Jaime and Ken work together and this is a first date. Inez and Gord invite his roommate, Dave, to join them. By the time each couple has gone through a prelude, foreplay, sex, an interlude, orgasm, and afterglow, they've answered basic questions: can sex be anonymous, are we bored, is our marriage really finished, does anyone tell the truth, and how do we make someone happy?",Martin Gero,"Martin Gero, Aaron Abrams",Released,English,1500000.0,
8069,https://www.themoviedb.org/movie/8069-barbarella,Barbarella,98.0,2001-03-16,KR,"Science Fiction, Adventure, Comedy",6.0,"In the far future, a highly sexual woman is tasked with finding and stopping the evil Durand-Durand. Along the way she encounters various unusual people.",Roger Vadim,"Roger Vadim, Terry Southern, Claude Brulé, Clement Biddle Wood, Vittorio Bonicelli, Brian Degas, Tudor Gates",Released,English,9000000.0,2500000.0
275048,https://www.themoviedb.org/movie/275048-natsionalnaya-bomba,National Bomb,104.0,2007-02-10,AZ,Comedy,8.5,"In capital city Baku, eminent editor Yusef Abranov and director Mehmet are determined to get their latest movie made by any means necessary, after being shut down by the bankrupt national studio. Following various schemes, the only way left to raise the cash is to marry off Yusef’s son to the daughter of the rich guy who’s bought Yusef’s bizarre, mirror-filled house.",Vagif Mustafayev,"Vagif Mustafayev, Elchin Afandiyev",Released,Russian,,
1545238,https://www.themoviedb.org/movie/1545238-lio,Lio,,2025-10-10,FR,"Documentary, Music",0.0,We don't have an overview translated in English. Help us expand our database by adding one.,Tristan Le Guillou,,Released,French,,
1638911,https://www.themoviedb.org/movie/1638911-el-show-de-ziggy-la-maldicion-del-mariachi-bondage,Ziggy's Show: The Curse of Mariachi Bondage,10.0,2026-10-03,GB,"Comedy, Horror",0.0,"Ziggy, a rising influencer, is trying to increase her number of followers on social media by awakening the curse of an old song. Now a gloomy mariachi who makes people dance until they die is chasing Ziggy until he fulfills her dream of making her viral.",Giorgio Ross,Giorgio Ross,In Production,English,,
