movie_id,url,title,runtime,release_date,release_country,genres,user_score,overview,director,writer,status,original_language,budget,revenue
523014,https://www.themoviedb.org/movie/523014-una-funcion-para-olvidar,Una función para olvidar,,2017-11-10,ES,Drama,7.0,We don't have an overview translated in English. Help us expand our database by adding one.,Martín Garrido Ramis,Martín Garrido Ramis,Released,Spanish; Castilian,,
1104941,https://www.themoviedb.org/movie/1104941-sereia,Sereia,15.0,2023-06-08,BR,,0.0,"Lúcio who live with his family in a village near the sea has to cope with the daily psychological violence of his father, Jorge. Lúcio loves mermaids and on his birthday his mother gives him a surprise, but quickly the little joys are put in check by the guy who refuses to accept things as they are.",Estevan de La Fuente,,Released,Portuguese,,
813774,https://www.themoviedb.org/movie/813774-groupe-merle-noir,The Blackbird Group,44.0,2021-04-17,CH,Drama,0.0,"In the heart of a french village in 2020, five individuals united under the name ‘The Blackbird Group’, wander in silence in their house and prepare themselves for an extreme symbolic action.",Anton Bialas,,Released,French,,
1173347,https://www.themoviedb.org/movie/1173347-lyubov-navsegda,Любовь навсегда,19.0,2023-08-19,RU,Comedy,0.0,"An ordinary employee of the Siberian branch of a company selling raincoats meets the owner of the business at a corporate party in Moscow and wins the heart of the boss. They are both not free, but together they escape from the corporate party to walk around night and morning Moscow, trying to again experience the forgotten feeling of romance. During their walk, they will meet various characters from today's life and find themselves in funny situations. And the capital itself, with its spring streets, bridges, parks and even Red Square, will help them become happy.",Ilya Olenev,Ilya Olenev,Released,Russian,,
758724,https://www.themoviedb.org/movie/758724-the-cellar,The Cellar,94.0,2022-11-17,KR,"Horror, Mystery",6.5,"When Keira Woods' daughter mysteriously vanishes in the cellar of their new house in the country, she soon discovers there is an ancient and powerful entity controlling their home that she will have to face or risk losing her family's souls forever.",Brendan Muldowney,Brendan Muldowney,Released,English,,
11687,https://www.themoviedb.org/movie/11687-les-visiteurs,The Visitors,107.0,1993-01-27,FR,"Fantasy, Comedy",7.1,"After a wizard's spell goes awry, 12th-century Gallic knight Godefroy de Papincourt, Count of Montmirail finds himself transported to 1993, along with his dimwitted servant, Jacquouille la Fripouille. Startled and perplexed by modern technology, the duo run amok, destroying cars and causing chaos until they meet Beatrice de Montmirail, an aristocratic descendant of the nobleman, who may be able to help them get back to 1123.",Jean-Marie Poiré,"Jean-Marie Poiré, Christian Clavier",Released,French,9500000.0,98800000.0
18904,https://www.themoviedb.org/movie/18904-a-summer-place,A Summer Place,130.0,1959-11-18,US,"Drama, Romance",6.6,A self-made businessman rekindles a romance with a former flame while their two teenage children begin a romance of their own with drastic consequences for both couples.,Delmer Daves,"Delmer Daves, Sloan Wilson",Released,English,,
463653,https://www.themoviedb.org/movie/463653-livsalas-zeni,Boys from Liv Island,70.0,1969-06-27,LV,"Adventure, Family, Drama",0.0,A group of young Latvian boys enroll to a pioneers movement during the first years after WWII.,"Ēriks Lācis, Janis Streics","Ēriks Lācis, Janis Streics, Laimonis Vāczemnieks",Released,Latvian,,
678899,https://www.themoviedb.org/movie/678899-gerval-le-maitre-de-forges,"Gerval, the Iron-Master",18.0,1912-10-11,FR,,8.0,We don't have an overview translated in English. Help us expand our database by adding one.,Henri Pouctal,Georges Ohnet,Released,French,,
1272212,https://www.themoviedb.org/movie/1272212-fallen-waves,Fallen Waves,26.0,2022-06-01,VE,Drama,0.0,"In the totalitarian Venezuela, Andrea, a teenager, heavily argues with her mother and runs away to the beach with her boyfriend Juan, a man 15 years older than her. Between jokes, rogueries and booze, the fun trip starts to grow violently as the waves bring her home.",Alan Ohep,Alan Ohep,Released,Spanish; Castilian,,
211816,https://www.themoviedb.org/movie/211816-la-promesse,Secret World,94.0,1969-07-09,US,Drama,6.3,"Wendy is the British guest of a French couple and the daughter of the man who saved the host's life during World War II. Living with the couple is their 20-year-old son and a 12-year-old nephew whose parents were killed in an automobile accident. The father and son both try to seduce the attractive guest. The young boy retreats into his own world and dreams of being taken back to Britain by Wendy in this romantic drama. The mother spends her time bleaching her hair and is seemingly uninterested in anything that goes on with her family at the beachfront villa. Meanwhile, Wendy and the younger boy develop a fondness for each other, while his aunt and uncle fail to understand his needs.",Robert Freeman,"Gérard Brach, Jacky Glass",Released,English,1150000.0,900000.0
485767,https://www.themoviedb.org/movie/485767,Gangster Girls,103.0,2016-11-23,MN,"Comedy, Adventure",0.0,Five girls friends 20-25 year old will awake in a black basement. Unfortunately they don't remember why they are in that position. They have to figure out what made them to be there.,Zoljargal Tsagaantogtokh,Zoljargal Tsagaantogtokh,Released,Mongolian,,
803410,https://www.themoviedb.org/movie/803410-true-pac,Agent Mambo: True Pac,107.0,2021-04-15,RU,"Comedy, Crime, Action",0.0,"Dyulus and Afonya are ordinary country guys who love rap and cool cars. During the day they work in the boiler room, in the evenings they record their album and every day they dream of a better life. Especially Afonya, nicknamed Appos, who dreams of dumping into the city, believing that real life is passing by. His comrade Dyulus, nicknamed Trupak, on the contrary, is not eager to leave his native village. But one day, Dyulus receives a letter that radically changes his life and makes him leave for the city, towards fate...",Alexey Ambrosyev,Alexey Ambrosyev,Released,Russian,45000.0,
397691,https://www.themoviedb.org/movie/397691-tokio,Tokio,13.0,2014-06-21,PR,"History, Drama",5.8,"When all the residents of Tokío are evicted from their houses, two kids, Emiliano and Aurelia, are forced to end their friendship. But before that, they make a plan to save the life of a kitten that is going to be abandoned when everybody leaves the neighborhood. This seems like a very simple scheme, but it turns out to be a lesson of beauty, and humanity, that emerges from themselves as an act of rebellion in a world full of destruction.",Joel Pérez Irizarry,Glorimar Marrero Sánchez,Released,Spanish; Castilian,,
938008,https://www.themoviedb.org/movie/938008,The Killer,95.0,2022-07-13,KR,"Action, Crime, Thriller",7.6,"While his girlfriend is away on a trip, retired assassin Bang Ui-kang is tasked with looking after her friend's 17-year-old daughter. After a street attack, Bang Ui-kang becomes embroiled in a murder investigation and dangerous trafficking gang.",Choi Jae-hoon,Nam Ji-woong,Released,Korean,,595112.0
337898,https://www.themoviedb.org/movie/337898-dias-de-combate,Días de Combate,93.0,1982-09-30,MX,"Crime, Thriller, Mystery",6.5,A private detective starts a game of cat and mouse with a psychopath who strangles women who leaves messages on the bodies of his victims.,Alfredo Gurrola,"Jorge Patiño, Paco Ignacio Taibo II",Released,Spanish; Castilian,,
55931,https://www.themoviedb.org/movie/55931-the-animatrix,The Animatrix,102.0,2003-06-03,KR,"Animation, Science Fiction",7.2,"Straight from the creators of the groundbreaking Matrix trilogy, this collection of short animated films from the world's leading anime directors fuses computer graphics and Japanese anime to provide the background of the Matrix universe and the conflict between man and machines. The shorts include Final Flight of the Osiris, The Second Renaissance, Kid's Story, Program, World Record, Beyond, A Detective Story and Matriculated.","Shinichiro Watanabe, Yoshiaki Kawajiri, Peter Chung, Koji Morimoto, Mahiro Maeda, Takeshi Koike, Andrew R. Jones","Shinichiro Watanabe, Yoshiaki Kawajiri, Peter Chung, Koji Morimoto, Lilly Wachowski, Lana Wachowski",Released,English,5000000.0,68000000.0
9036,https://www.themoviedb.org/movie/9036-eight-below,Eight Below,120.0,2006-04-06,KR,"Adventure, Drama, Family",7.0,"In the Antarctic, after an expedition with Dr. Davis McClaren, the sled dog trainer Jerry Shepherd has to leave the polar base with his colleagues due to the proximity of a heavy snow storm. He ties his dogs to be rescued after, but the mission is called-off and the dogs are left alone at their own fortune. For six months, Jerry tries to find a sponsor for a rescue mission.",Frank Marshall,David DiGilio,Released,English,40000000.0,120453565.0
8676,https://www.themoviedb.org/movie/8676-fool-s-gold,Fool's Gold,112.0,2008-02-28,KR,"Adventure, Romance, Comedy",5.8,"Treasure hunter Ben ""Finn"" Finnegan has sunk his marriage to Tess and his trusty boat in his obsessive quest to find the legendary Queen's Dowry. When he finds a vital clue that may finally pinpoint the treasure's whereabouts, he drags Tess and her boss, billionaire Nigel Honeycutt, along on the hunt. But Finn is not the only one interested in the gold; his former mentor-turned-enemy Moe Fitch, hired by rapper-turned-gangster Bigg Bunny, will stop at nothing to beat him to it.",Andy Tennant,"Andy Tennant, John Claflin, Daniel Zelman",Released,English,70000000.0,111231041.0
1501953,https://www.themoviedb.org/movie/1501953-marrow,Marrow,15.0,2026-12-12,US,"Drama, Horror",0.0,Madison's hopeless lesbian crush on her straight and taken roommate takes a dark turn when she learns of an arcane recipe for a love potion - one that calls for her own bones.,Dakota Roth,Dakota Roth,Post Production,English,4000.0,
22683,https://www.themoviedb.org/movie/22683-gifted-hands-the-ben-carson-story,Gifted Hands: The Ben Carson Story,86.0,2022-05-27,KR,Drama,7.8,Gifted Hands: The Ben Carson Story is a movie based on the life story of world-renowned neurosurgeon Ben Carson from 1961 to 1987.,Thomas Carter,John Pielmeier,Released,English,,
1548113,https://www.themoviedb.org/movie/1548113-the-muppet-show,The Muppet Show,32.0,2026-02-04,KR,"Comedy, Family, Music, TV Movie",7.2,"Music, comedy, and a whole lot of chaos is bound to ensue when The Muppets once again take the stage of the original Muppet Theatre with their very special guest, Sabrina Carpenter!",Alex Timbers,"Albertina Rizzo, Nedaa Sweiss, Kelly Younger, Gabe Liedman, Andrew Williams",Released,English,,
1646870,https://www.themoviedb.org/movie/1646870-ferment,Ferment,12.0,2024-01-26,CA,Drama,0.0,"A group of ""friends"" flirt and fight their way through the final minutes leading up to a hastily thrown surprise party.",Ivy Watson,Silken Lawson,Released,English,,5115.0
274965,https://www.themoviedb.org/movie/274965-le-vent-du-sud,Wind from the South,99.0,1975-01-02,DZ,Drama,10.0,"Néfissa, a student in Algiers, returns to her village in the south in the summer. Her father wants her to marry the mayor but she wants to continue her studies. Confronting her father and the opinion of the villagers who do not understand her, she decides to flee to Algiers. The shepherd Rabah discovering her wounded and lost in the mountains, has her treated by her mother. In contact with Nefissa, Rabat becomes aware of his exploited condition and discovers the possibilities offered to him by the cooperatives of the agrarian revolution. The two young people will go through the decisive stage together which will allow them to escape obscurantism and exploitation. Based on the novel ""Le vent du sud"" by Abdelhamid Benahouga",Mohamed Slimane Riad,"Mohamed Slimane Riad, Abdelhamid Benhedouga",Released,Arabic,,
1211029,https://www.themoviedb.org/movie/1211029-orfanato,Orfanato,,2022-12-14,ES,,8.5,We don't have an overview translated in English. Help us expand our database by adding one.,Antonio Pérez-Prat Gómez de Terreros,Marina G. Aldeunde,Released,Spanish; Castilian,,
1612710,https://www.themoviedb.org/movie/1612710-l-appel,L'Appel,,2025-09-07,FR,,0.0,We don't have an overview translated in English. Help us expand our database by adding one.,Maroussia Bleitrach,Maroussia Bleitrach,Released,French,,
1697589,https://www.themoviedb.org/movie/1697589-vento-frio,Vento Frio,,2018-07-10,BR,,0.0,We don't have an overview translated in English. Help us expand our database by adding one.,Taciano Valério,,Released,Portuguese,,
428352,https://www.themoviedb.org/movie/428352-jovenes-viciosas,Jóvenes viciosas,,1981-04-06,ES,Drama,3.3,We don't have an overview translated in English. Help us expand our database by adding one.,Manuel Iglesias,Manuel Iglesias,Released,Spanish; Castilian,,
66806,https://www.themoviedb.org/movie/66806-la-nuit-sacree,La nuit sacrée,110.0,1993-06-23,FR,Drama,4.3,"A rich Moroccan who belongs to the better circles has seven daughters. Whatever happens, the eighth offspring must be a son. It is a girl again, but she is given a male name, Ahmed and grows up like a boy. When Ahmed is 21, he is in an identity crisis: he wants to shave, leave a mustache and take his niece to wife. In the meantime, Ahmed's father is dying and wants to sail to heaven. He calls to Ahmed and calls her a female name Zahra and gives her freedom so that she can go out.",Nicolas Klotz,"Tahar Ben Jelloun, Elisabeth Perceval",Released,French,,
435615,https://www.themoviedb.org/movie/435615-possessor,Possessor,103.0,2021-02-03,KR,"Horror, Thriller, Science Fiction",6.4,"Tasya Vos, an elite corporate assassin, uses brain-implant technology to take control of other people’s bodies to terminate high profile targets. As she sinks deeper into her latest assignment, Vos becomes trapped inside a mind that threatens to obliterate her.",Brandon Cronenberg,Brandon Cronenberg,Released,English,2500000.0,911000.0
39939,https://www.themoviedb.org/movie/39939-super-troopers,Super Troopers,100.0,2002-02-15,US,"Comedy, Crime, Mystery",6.5,"Five bored, occasionally high and always ineffective Vermont state troopers must prove their worth to the governor or lose their jobs. After stumbling on a drug ring, they plan to make a bust, but a rival police force is out to steal the glory.",Jay Chandrasekhar,"Jay Chandrasekhar, Erik Stolhanske, Paul Soter, Kevin Heffernan, Steve Lemme",Released,English,3000000.0,23182223.0
86838,https://www.themoviedb.org/movie/86838-seven-psychopaths,Seven Psychopaths,110.0,2014-09-18,KR,"Comedy, Crime",6.8,A struggling screenwriter inadvertently becomes entangled in the Los Angeles criminal underworld after his oddball friends kidnap a gangster's beloved Shih Tzu.,Martin McDonagh,Martin McDonagh,Released,English,15000000.0,33035736.0
2171,https://www.themoviedb.org/movie/2171-wet-hot-american-summer,Wet Hot American Summer,97.0,2001-07-27,US,Comedy,6.2,"It's the last day of Camp Firewood's season, but there's still time for the big talent show, a little romance… and for everyone to be wiped out by the piece of NASA's Skylab that's hurtling toward Earth.",David Wain,"David Wain, Michael Showalter",Released,English,5000000.0,295206.0
325348,https://www.themoviedb.org/movie/325348-hardcore-henry,Hardcore Henry,97.0,2016-05-28,KR,"Action, Adventure, Science Fiction",6.4,"Henry, a newly resurrected cyborg who must save his wife/creator from the clutches of a psychotic tyrant with telekinetic powers, AKAN, and his army of mercenaries. Fighting alongside Henry is Jimmy, who is Henry's only hope to make it through the day. Hardcore Henry takes place over the course of one day, in Moscow, Russia.",Ilya Naishuller,Ilya Naishuller,Released,English,2000000.0,16810562.0
852385,https://www.themoviedb.org/movie/852385,Those Flower,7.0,2021-04-15,MY,Drama,0.0,"A grown up recalling her childhood life, living in a “kampung” before it was demolished for developments. She recalls the good and bad times of living there. When comparing the past and the present, she noticed that things have changed, but life goes on anyways. She learned to appreciate the random flowers in life although some of them might not even have a name.",Loo Yuan Ling,,Released,Chinese,,
1732458,https://www.themoviedb.org/movie/1732458-angah,Angah,,2022-01-01,MY,,0.0,"A soul-stirring television film about Angah, a person with disabilities who is pregnant with an illegitimate child without anyone knowing who the father is. Angah gives birth to Rahul bin Abdullah through caesarean section and dies 4 days after childbirth.",Eyra Rahman,,Released,English,,
206829,https://www.themoviedb.org/movie/206829-es-milu-jusu-meitu,I'm In Love With Your Daughter!,80.0,2004-05-06,LV,"Comedy, TV Movie",6.0,"A young guy from impoverished family moves to the big city and by unlikely chance falls in love with a girl who has a wealthy father. When planning their wedding, he asks his father-in-law for a significant amount of money and decides to keep a part of it for himself. To have the wedding on the cheap, he hires inexperienced wedding organizers and asks them to make it look as posh as possible for the low cost. His plan ultimately backfires when the organizers overdo it.","Aldis Kalniņš, Edmunds Jansons, Viesturs Dūle","Aldis Kalniņš, Edmunds Jansons, Viesturs Dūle, Krišs Ozols, Valters Krauze",Released,Latvian,,
176679,https://www.themoviedb.org/movie/176679,The Lin Family Shop,85.0,1959-10-06,CN,Drama,6.6,Financial and political pressures bankrupt a Chinese store owner.,Choui Khoua,"Mao Dun, Yan Xia",Released,Chinese,,
1730494,https://www.themoviedb.org/movie/1730494-aroma-cinta,Aroma Cinta,,2022-01-01,MY,,0.0,"Yulia has broken off her engagement and gets to know Salleh without knowing about Salleh's complicated relationship with Laila, the wife of Sham. What will happen?",Lah Ahmad,,Released,English,,
15720,https://www.themoviedb.org/movie/15720-the-man-from-elysian-fields,The Man from Elysian Fields,106.0,2001-09-13,US,"Drama, Romance",5.9,"A failed novelist's inability to pay the bills strains relations with his wife and leads him to work at an escort service, where he becomes entwined with a wealthy woman whose husband is a successful writer.",George Hickenlooper,Phillip Jayson Lasker,Released,English,6500000.0,2006391.0
14164,https://www.themoviedb.org/movie/14164-dragonball-evolution,Dragonball Evolution,85.0,2009-03-12,KR,"Action, Adventure, Fantasy, Science Fiction, Thriller",2.9,"On his 18th birthday, Goku receives a mystical Dragonball as a gift from his grandfather. There are only six others like it in the whole world, and legend has it that whoever possesses all seven will be granted one perfect wish. When the arrival of a dark force triggers a tragedy, Goku and his companions are propelled into an epic quest to collect the seven Dragonballs and save the Earth from destruction.",James Wong,Ben Ramsey,Released,English,30000000.0,58228460.0
2926,https://www.themoviedb.org/movie/2926-the-three-musketeers,The Three Musketeers,107.0,1973-12-20,ES,"Action, Adventure, Romance",6.7,"In 17th century France, young D'Artagnan wants to join the King's Musketeers, but instead befriends three legendary musketeers—Athos, Porthos, and Aramis—and together, they become embroiled in the political intrigue surrounding King Louis XIII and his adversaries, particularly the powerful Cardinal Richelieu.",Richard Lester,"Alexandre Dumas, George MacDonald Fraser",Released,English,4500000.0,22018000.0
1489252,https://www.themoviedb.org/movie/1489252-samni,Three,78.0,2006-01-01,GE,Fantasy,0.0,We don't have an overview translated in English. Help us expand our database by adding one.,David Kvartskhava,David Kvartskhava,Released,Georgian,,
368943,https://www.themoviedb.org/movie/368943-sob-o-ditame-de-rude-almajesto-sinais-de-chuva,Sob o Ditame de Rude Almajesto (Sinais de Chuva),13.0,1976-01-01,BR,Documentary,0.0,We don't have an overview translated in English. Help us expand our database by adding one.,Olney São Paulo,Olney São Paulo,Released,Portuguese,,
866463,https://www.themoviedb.org/movie/866463-reptile,Reptile,136.0,2023-09-29,KR,"Crime, Mystery, Thriller, Drama",6.7,"Following the brutal murder of a young real estate agent, a hardened detective attempts to uncover the truth in a case where nothing is as it seems, and by doing so dismantles the illusions in his own life.",Grant Singer,"Grant Singer, Benjamin Brewer, Benicio del Toro",Released,English,,
290512,https://www.themoviedb.org/movie/290512-the-mountain-between-us,The Mountain Between Us,109.0,2017-11-28,KR,"Drama, Adventure, Romance",6.6,"Stranded on a mountain after a tragic plane crash, two strangers must work together to endure the extreme elements of the remote, snow-covered terrain. When they realize help is not coming, they embark on a perilous journey across hundreds of miles of wilderness, pushing each other to survive and discovering their inner strength.",Hany Abu-Assad,"Charles Martin, Chris Weitz, J. Mills Goodloe",Released,English,35000000.0,62832209.0
1631485,https://www.themoviedb.org/movie/1631485-parque-lezama,Strangers in the Park,115.0,2026-03-06,KR,"Comedy, Drama",6.5,"A former communist militant and a ""live and let live"" man form an unlikely friendship on a park bench, sharing their life stories with humor and heart.",Juan José Campanella,Juan José Campanella,Released,Spanish; Castilian,,
122081,https://www.themoviedb.org/movie/122081-spring-breakers,Spring Breakers,94.0,2013-07-25,KR,"Drama, Crime",5.3,"After four college girls rob a restaurant to fund their spring break in Florida, they get entangled with a weird dude with his own criminal agenda.",Harmony Korine,Harmony Korine,Released,English,5000000.0,32016127.0
1681812,https://www.themoviedb.org/movie/1681812-sindisis-patimrebi,Prisoners of Conscience,62.0,2026-02-14,DE,Documentary,0.0,Kaleidoscopic omnibus film with 11 documentaries about Georgian political prisoners: from animation and archive work to letters from the heroes and podcast with their friends.,"Keti Machavariani, Sandro Katamashvili, Anna Dziapshipa, Giorgi Varsimashvili, Vajiko Chachkhiani, Kote Chlaidze, Salomé Alexi, Tinatin Kobiashvili, Salome Jashi, Elene Naveriani",,Released,Georgian,,
841755,https://www.themoviedb.org/movie/841755-mortal-kombat-legends-battle-of-the-realms,Mortal Kombat Legends: Battle of the Realms,80.0,2021-08-31,US,"Animation, Action, Fantasy",7.6,"When Shao Kahn's Outworld barbarians terrorize Earthrealm, Lord Raiden is determined to put an end to the carnage once and for all. This leaves one option: a final Mortal Kombat tournament for the future of Earthrealm – win it or lose everything. Raiden's elite fighters Liu Kang, Johnny Cage, Sonya Blade, and a few new faces kick the action into overdrive as they go head-to-head with Outworld's most bloodthirsty warriors. But deep in the Netherrealm, an unspeakable scheme by the malevolent Shinnok unfolds, threatening to obliterate existence.",Ethan Spaulding,Jeremy Adams,Released,English,,
940139,https://www.themoviedb.org/movie/940139-here,Here,104.0,2025-02-19,KR,Drama,6.5,"An odyssey through time and memory, centered on a place in New Jersey where—from wilderness, and then, later, from a home—love, loss, struggle, hope and legacy play out between couples and families over generations.",Robert Zemeckis,"Robert Zemeckis, Eric Roth",Released,English,40000000.0,15397270.0
226395,https://www.themoviedb.org/movie/226395,"If It's Not Now, Then When?",82.0,2012-09-01,CA,Drama,6.2,"If It’s Not Now, Then When? mostly takes place in an apartment inhabited by three members of a family (though never at the same time): mother Pearlly Chua (from Tsai Ming-liang’s I Don’t Want to Sleep Alone), daughter Tan Bee Hung and young son Kenny Gan. Their father seems recently to have died. The mother leaves early and returns late, out on long walks in the park with a lover whom the daughter and her best friend try to spy on. The daughter pecks away at a computer at work and has a desultory affair with her married boss, which he carries on between his business and family phone calls. And the son breaks into cars and “recycles” the electronics he finds.",James Lee,,Released,Cantonese,,
4538,https://www.themoviedb.org/movie/4538-the-darjeeling-limited,The Darjeeling Limited,91.0,2007-12-13,KR,"Adventure, Drama, Comedy",7.1,"Three American brothers who have not spoken to each other in a year set off on a train voyage across India with a plan to find themselves and bond with each other -- to become brothers again like they used to be. Their ""spiritual quest"", however, veers rapidly off-course (due to events involving over-the-counter pain killers, Indian cough syrup, and pepper spray).",Wes Anderson,"Wes Anderson, Jason Schwartzman, Roman Coppola",Released,English,16000000.0,24377151.0
1530349,https://www.themoviedb.org/movie/1530349-fragmentos,Fragmentos,90.0,2025-12-12,ES,Drama,6.5,"Diego decides to travel to Lanzarote with his wife Alba to try and save their marriage for the umpteenth time. A toxic relationship, with no sexual chemistry and constant arguments, amidst comings and goings with other people, not caring how much they hurt one another. Alba keeps her shell drawn tightly around herself, not realising that her attitude is the cause of their failed relationship.",Horacio Alcalá,,Released,Spanish; Castilian,,
14741,https://www.themoviedb.org/movie/14741-the-goodbye-girl,The Goodbye Girl,111.0,1977-11-27,US,"Comedy, Drama, Romance",6.9,"After being dumped by her live-in boyfriend, an unemployed dancer and her 10-year-old daughter are reluctantly forced to live with a struggling off-Broadway actor.",Herbert Ross,Neil Simon,Released,English,,102000000.0
1734688,https://www.themoviedb.org/movie/1734688-kalis-kasih,Kalis Kasih,,2017-01-01,MY,,0.0,"A story about Amanda and Dania who are cousins of the same age but with distinctly different characters. Amanda is a city girl who is forced to live with Dania's family in the village since her parents' death. As adults, Amanda has married Khair. Dania becomes the caregiver for Amanda's child, Iris. Amanda becomes jealous seeing Iris close to Dania. Amanda falls down the stairs causing her second pregnancy to miscarry and her uterus has to be removed. Iris also dies from food poisoning when Amanda is distressed as her mother-in-law pressures Khair to remarry. Dania's face becomes disfigured as a result of being attacked by Sandra who harbors old resentment toward Amanda for failing to marry Khair. Bard, Dania's former fiancé, sincerely marries Dania despite her disfigured face. Dania and Bard gift one of their twin children to Amanda and Dania. CAST PHOTO",Nazir Jamaluddin,,Released,English,,
36184,https://www.themoviedb.org/movie/36184-gto,GTO: The Movie,108.0,1999-12-18,JP,"Comedy, Drama",7.0,"Great Teacher Onizuka is back, using his unorthodox brand of inspiration and education as a substitute teacher in a depressed small town in Hokkaido.",Masayuki Suzuki,Mitsuru Tanabe,Released,Japanese,,
513176,https://www.themoviedb.org/movie/513176,Amarakavi,,1952-02-09,IN,,0.0,Amarakavi (English: Immortal Poet) is a 1952 Indian Tamil language film produced and directed by F. Nagoor. The film featured M. K. Thyagaraja Bhagavathar and T. R. Rajakumari in the lead roles.,F. Nagoor,Suratha,Released,Tamil,,
1610413,https://www.themoviedb.org/movie/1610413-one-last-adventure-the-making-of-stranger-things-5,One Last Adventure: The Making of Stranger Things 5,123.0,2026-01-12,KR,Documentary,7.3,An inside look at the years of effort and craft that went into the final installment of the Duffer Brothers' generation-defining series.,Martina Radwan,,Released,English,,
439735,https://www.themoviedb.org/movie/439735,"Savushkin, Who Didn't Believe in Miracles",9.0,1983-02-05,SU,Animation,6.0,"How many times did a miracle come to the pragmatic clerk Savushkin - and each time he brushed it off, and then powerlessly watched how the miracle and happiness go to another.",Elena Barinova,Elena Barinova,Released,Russian,,
147,https://www.themoviedb.org/movie/147-les-quatre-cents-coups,The 400 Blows,99.0,2016-04-13,KR,Drama,8.0,"For young Parisian boy Antoine Doinel, life is one difficult situation after another. Surrounded by inconsiderate adults, including his neglectful parents, Antoine spends his days with his best friend, Rene, trying to plan for a better life. When one of their schemes goes awry, Antoine ends up in trouble with the law, leading to even more conflicts with unsympathetic authority figures.",François Truffaut,François Truffaut,Released,French,,
1241693,https://www.themoviedb.org/movie/1241693,Do Deewane Seher Mein,137.0,2026-02-20,IN,"Romance, Drama, Comedy",6.4,"Two socially awkward millennials in Mumbai find love while struggling with self-acceptance. As they battle insecurities and societal pressure, their journey takes them from city chaos to mountain serenity.",Ravi Udyawar,Abhiruchi Chand,Released,Hindi,,
12775,https://www.themoviedb.org/movie/12775-flesh-blood,Flesh + Blood,126.0,1985-09-12,NL,"Adventure, Drama",6.6,"A band of medieval mercenaries take revenge on a noble Lord who cheated them by kidnapping his son's fiancée. As the plague and warfare cut a swathe of destruction throughout the land, the mercenaries hole up in a castle and await their fate.",Paul Verhoeven,"Paul Verhoeven, Gerard Soeteman",Released,English,6500000.0,100000.0
1561100,https://www.themoviedb.org/movie/1561100-questions-and,Questions And...,9.0,2025-12-31,AU,Drama,0.0,"As the Ricci family confront the imminent loss of one of their own, 10-year-old Jonah aims to uncover the truth about what happened to his sister.",Anna Chierchia,Anna Chierchia,Released,English,,
534111,https://www.themoviedb.org/movie/534111-mezozoy-hvalati,Mesozoic Story,66.0,1976-05-30,SU,"Drama, History",3.7,After the novelette of the same name of Magsud Ibrahimbeyov.,Rashid Atamalibeyov,Magsud Ibrahimbeyov,Released,Azerbaijani,,
408866,https://www.themoviedb.org/movie/408866-re-born,RE:BORN,101.0,2017-08-12,JP,"Action, Crime, Drama",7.2,A former special forces operative struggling to contain the destructive impulses of his past goes on a rampage against a squad of ruthless assassins.,Yuji Shimomura,"Sion Sono, Benio Saeki, Tak Sakaguchi",Released,Japanese,,
1181630,https://www.themoviedb.org/movie/1181630-stationary-bike,Stationary Bike,15.0,2023-09-14,GB,"Drama, Mystery",0.0,"When a lonely artist becomes obsessed with a stationary bike in his basement, he begins to suspect a mysterious presence is haunting him.",Luca Pappalardo,Luca Pappalardo,Released,English,2250.0,
856388,https://www.themoviedb.org/movie/856388,Melancholy Hatred,115.0,1938-01-01,CN,"Drama, Romance, Music",0.0,We don't have an overview translated in English. Help us expand our database by adding one.,Wu Yonggang,,Released,Chinese,,
545712,https://www.themoviedb.org/movie/545712-kthimi,The Return,81.0,2017-11-28,MK,Drama,0.0,A young Albanian immigrant and his French fiance decide to pay a surprise visit to his native village. Their surprise turns sour when his family learns the true reasons behind their son's return.,Kastriot Abdyli,Kastriot Abdyli,Released,Albanian,,
8066,https://www.themoviedb.org/movie/8066-stay,Stay,99.0,2005-11-03,KR,"Mystery, Thriller, Drama",6.6,"Psychiatrist Sam Foster has a new patient, Henry Letham, who claims to be suicidal. In trying to diagnose him, Sam visits Henry's prior therapist and also finds Henry's mother -- even though Henry has said that he murdered both of his parents. As reality starts to contradict fact, Sam spirals into an unstable mental state. Then he finds a clue as to how and when Henry may try to kill himself, and races to try to stop him.",Marc Forster,David Benioff,Released,English,50000000.0,8342132.0
263738,https://www.themoviedb.org/movie/263738,Gulebagavali,,1955-07-29,IN,Drama,6.0,"A king has two wives. He banishes his first wife as an astrologer told him that he would lose his vision because of her son. The mother and son live in the woods and when he meets his father without knowing his identity, the king loses his sight. When the son gets to know about the sad tale from his mother, he sets out to bring a rare flower from Bakavali, which would restore the king's sight. To achieve it, he undergoes many adventures — enters into a debate with a queen and wins the battle of wits, challenges a woman held captive by a crook in a fake dice contest, and rescues a slave dancer of a tribal chief. The hero wins them all and succeeds in getting the flower along with the three women who turn out to be princesses and siblings! Meanwhile, his stepbrothers try to steal the flower, but are exposed.",T. R. Ramanna,,Released,Tamil,,
1371838,https://www.themoviedb.org/movie/1371838-tatova-podriapynka,Daddy’s Little Scratch,24.0,2024-10-27,UA,Drama,4.0,"For the first time, Slava spends a day with her father, Roman, who is home on leave from the war. They go to return an expensive carpet he bought for her, and Slava must navigate the distance that eight years of service has created between them.",Yehor Harmash,"Yehor Harmash, Andriy Khimich",Released,Ukrainian,,
399170,https://www.themoviedb.org/movie/399170-logan-lucky,Logan Lucky,119.0,2018-03-14,KR,"Comedy, Crime, Action, Drama",6.7,"Trying to reverse a family curse, brothers Jimmy and Clyde Logan set out to execute an elaborate robbery during the legendary Coca-Cola 600 race at the Charlotte Motor Speedway.",Steven Soderbergh,Jules Asner,Released,English,29000000.0,48453605.0
392,https://www.themoviedb.org/movie/392-chocolat,Chocolat,121.0,2001-02-24,KR,"Comedy, Drama, Romance",7.0,"In the winter of 1959, a single mother and her young daughter arrive in a rural French town, where they open an unusual chocolate shop that disrupts the moral fiber of the strictly Catholic townsfolk and mayor.",Lasse Hallström,"Joanne Harris, Robert Nelson Jacobs",Released,English,25000000.0,152700626.0
306860,https://www.themoviedb.org/movie/306860-lanchang-kuning,Lanchang Kuning,118.0,1962-01-01,MY,,0.0,"To seek revenge on a woman whom doesn't reciprocate his love, Dato Ali lies to the Sultan that misfortune will befall him and his kingdom if a sacrificial ritual is not performed. The Sultan believes him and orders that the sacrificial ritual be carried out, without knowing that it involves the use of blood from a woman in her first pregnancy on the sail boat 'Lancang Kuning' before its maiden voyage.",M. Amin,,Released,English,,
290131,https://www.themoviedb.org/movie/290131-o-engenho-de-ze-lins,The Spirit of Zé Lins,80.0,2006-01-01,BR,Documentary,10.0,"Documentary on the life and work of José Lins do Rego (1901-1957), one of Brazil's greatest 20th century literary authors, writer of celebrated novels ""Menino de Engenho"", ""Fogo Morto"", ""Moleque Ricardo"", ""Riacho Doce"" and many more.",Vladimir Carvalho,Vladimir Carvalho,Released,Portuguese,,
10669,https://www.themoviedb.org/movie/10669-deliverance,Deliverance,109.0,2023-01-01,KR,"Drama, Adventure, Thriller",7.3,"Intent on seeing the Cahulawassee River before it's turned into one huge lake, outdoor fanatic Lewis Medlock takes his friends on a river-rafting trip they'll never forget into the dangerous American back-country.",John Boorman,James Dickey,Released,English,2000000.0,46122355.0
11974,https://www.themoviedb.org/movie/11974-the-burbs,The 'Burbs,102.0,1989-02-17,US,"Comedy, Horror, Thriller",6.8,"When secretive new neighbors move in next door, suburbanite Ray Peterson and his friends let their paranoia get the best of them as they start to suspect the newcomers of evildoings and commence an investigation. But it's hardly how Ray, who much prefers drinking beer, reading his newspaper and watching a ball game on the tube expected to spend his vacation.",Joe Dante,Dana Olsen,Released,English,18000000.0,49101993.0
1231828,https://www.themoviedb.org/movie/1231828-konotopska-vidma,The Witch. Revenge,100.0,2024-08-22,UA,"Horror, Fantasy, War, Drama",6.7,"The tale unfolds around an ancient witch from the Ukrainian town of Konotop, who  long ago abandoned her extraordinary powers after falling in love with a mortal man. However, tragedy strikes when her beloved is brutally murdered by the russian soldiers as they occupy Konotop in February 2022. Fueled by grief and a thirst for revenge, she reclaims her supernatural abilities, embarking on a blood-soaked quest to mete out justice to her fiancé's killers.",Andrii Kolesnyk,Yaroslav Voytseshek,Released,Ukrainian,,
91417,https://www.themoviedb.org/movie/91417-dragons-gift-of-the-night-fury,Dragons: Gift of the Night Fury,22.0,2011-11-15,US,"Animation, Comedy, Adventure, Family",7.3,Hiccup and Toothless go on an exciting adventure and discover an island of new dragons.,Tom Owens,Adam F. Goldberg,Released,English,,
10336,https://www.themoviedb.org/movie/10336-spawn,Spawn,96.0,1998-07-17,KR,"Action, Adventure, Fantasy, Horror, Science Fiction, Thriller",5.5,"After being murdered by corrupt colleagues in a covert government agency, Al Simmons makes a pact with the devil to be resurrected to see his beloved wife Wanda. In exchange for his return to Earth, Simmons agrees to lead Hell's Army in the destruction of mankind.",Mark A.Z. Dippé,Alan B. McElroy,Released,English,40000000.0,87840042.0
59350,https://www.themoviedb.org/movie/59350-vidas-pequenas,Vidas pequeñas,,2011-03-18,ES,"Drama, Romance",7.5,We don't have an overview translated in English. Help us expand our database by adding one.,Enrique Gabriel,Enrique Gabriel,Released,Spanish; Castilian,,
1589007,https://www.themoviedb.org/movie/1589007-fire-breather,Fire Breather,71.0,2025-10-10,US,Adventure,8.7,A reclusive father and his daughter find themselves in the crosshairs of a battle between dragons and the Military.,Brett Bentman,Brett Bentman,Released,English,,
1055623,https://www.themoviedb.org/movie/1055623,The Gigolo Revelation,92.0,1994-03-03,HK,Documentary,6.5,"A look at Hong Kong's nightlife, where gigolos service women.",Ally Wong,,Released,English,,
1668574,https://www.themoviedb.org/movie/1668574-un-portero-muy-improbable,A Very Unlikely Goalkeeper,90.0,2026-05-14,MX,Drama,0.0,"Martín, a humble teenager with extraordinary talent as a goalkeeper, dreams of becoming a professional footballer. Facing rejection and bullying for his singular way of seeing the world, he must rely on his eccentric neighborhood friends to navigate his challenges and seize the one chance he has to turn his dream into reality.",Mike R. Ortiz,Mike R. Ortiz,Released,Spanish; Castilian,,
9208,https://www.themoviedb.org/movie/9208-broken-arrow,Broken Arrow,108.0,1996-05-18,KR,"Action, Thriller",6.1,"When rogue stealth-fighter pilot Vic Deakins deliberately drops off the radar while on maneuvers, the Air Force ends up with two stolen nuclear warheads -- and Deakins's co-pilot, Riley Hale, is the military's only hope for getting them back. Traversing the deserted canyons of Utah, Hale teams with park ranger Terry Carmichael to put Deakins back in his box.",John Woo,Graham Yost,Released,English,50000000.0,150300000.0
137402,https://www.themoviedb.org/movie/137402,Hand in Hand,140.0,2011-11-18,TW,Documentary,0.0,This documentary focuses on the love story between Dr. Tian and Mrs. Tian. And how fought for democratization of Taiwan.,"Yen Lan-Chuan, Cres Chuang",,Released,Chinese,,
669501,https://www.themoviedb.org/movie/669501-hotel-mundial,Hotel Mundial,,2019-03-03,BR,Drama,0.0,We don't have an overview translated in English. Help us expand our database by adding one.,Jarleo Barbosa,"Jarleo Barbosa, Pedro Novaes",Released,Portuguese,,
1015003,https://www.themoviedb.org/movie/1015003,Qandil Mountains,94.0,2010-08-01,IQ,Drama,9.0,"Against the violent yet stunning backdrop of the Qandil Mountains, a film that asks the most basic yet painful of questions about war, love, and lost ones.",Taha Karimi,"Taha Karimi, Mohammadreza Vatandoust",Released,Kurdish,,
287903,https://www.themoviedb.org/movie/287903-krampus,Krampus,98.0,2015-12-04,US,"Horror, Comedy, Fantasy",6.2,"When his dysfunctional family clashes over the holidays, young Max is disillusioned and turns his back on Christmas.  Little does he know, this lack of festive spirit has unleashed the wrath of Krampus: a demonic force of ancient evil intent on punishing non-believers.",Michael Dougherty,"Michael Dougherty, Zach Shields, Todd Casey",Released,English,15000000.0,61800000.0
669398,https://www.themoviedb.org/movie/669398-dias-rojos,Días rojos,15.0,2004-10-01,ES,War,7.0,"In 1936, the Spanish Civil War has just begun. Rebel army is taking at force a republican village, So, Juan and ""Bicho"" are obligated to go away the death. They will try to arrive the mines, where some refugees want to create a resistance against the rebels. Will they get their purpose?",Gonzalo Bendala,Gonzalo Bendala,Released,Spanish; Castilian,,
1415664,https://www.themoviedb.org/movie/1415664-vignettes,Vignettes,80.0,2025-06-28,US,Horror,10.0,A Child Lost. A Loved One Gone. A Friend.,Dylan Anglin,Dylan Anglin,Released,English,1000.0,
1097556,https://www.themoviedb.org/movie/1097556,Larysa Kadochnikova. The War,70.0,2023-02-24,UA,Documentary,0.0,"Larysa Kadochnikova is a screen legend of Ukrainian cinema who played Marichka in Serhii Paradzhanov’s Shadows of Forgotten Ancestors. On 24 February 2022, when Russia launched a full-scale invasion of Ukraine, she refused to evacuate and stayed in Kyiv during the offensive. The film tells the story of her life in those dire times. The story of a new reality where the past, the present, the future, memories, meditations, and dreams intertwine as the war goes on…",Dmytro Tomashpolskyi,,Released,Ukrainian,,
11825,https://www.themoviedb.org/movie/11825-police-academy-5-assignment-miami-beach,Police Academy 5: Assignment Miami Beach,90.0,1988-03-17,US,"Comedy, Crime",5.2,The Police Academy misfits travel to Miami Beach for Commandant Lassard to be honored with a prestigious lifetime award pending his retirement. Things take a turn when Lassard unknowingly ends up in possession of stolen diamonds from a jewel heist.,Alan Myerson,Stephen Curwick,Released,English,14000000.0,19510371.0
467568,https://www.themoviedb.org/movie/467568,Meherjaan,119.0,2011-01-21,BD,"Drama, History",0.0,"During the war in 1971, Meher falls in love with a soldier from the enemy side. When her love is discovered, she is shamed and silenced by her family and society. Today 38 years after the war, Meher has a visitor she cannot turn down.",Rubaiyat Hossain,"Rubaiyat Hossain, Ebadur Rahman",Released,Bengali,,
10860,https://www.themoviedb.org/movie/10860-steel-magnolias,Steel Magnolias,118.0,1989-11-15,US,"Comedy, Drama, Romance",7.2,"A young beautician, newly arrived in a small Louisiana town, finds work at the local salon, where a small group of women share a close bond of friendship and welcome her into the fold.",Herbert Ross,Robert Harling,Released,English,15000000.0,95904091.0
1315091,https://www.themoviedb.org/movie/1315091-akiplesa,Toxic,99.0,2025-07-09,KR,Drama,6.9,"Dreaming of an escape from the bleakness of their hometown, two teens form a unique bond at a local modeling school, where the promise of a better life pushes girls to violate their bodies in increasingly extreme ways.",Saulė Bliuvaitė,Saulė Bliuvaitė,Released,Lithuanian,,
225197,https://www.themoviedb.org/movie/225197-miss-amerigua,Miss Ameriguá,97.0,1994-05-19,CL,Comedy,7.0,"In the small town called Amerigua where most things are controlled by the influential Colonel Banderas, the people are preparing themselves for the annual beauty contest. At the same time the revolutionist Evaristo returns after twenty years of exile in Nicaragua. He now seeks revenge aswell as his childhood friend Maria...",Luis R. Vera,"Luis R. Vera, Andrés Colmán",Released,Spanish; Castilian,,
6520,https://www.themoviedb.org/movie/6520-first-knight,First Knight,134.0,1995-07-22,KR,"Action, Adventure, Drama, Romance",6.1,"The timeless tale of King Arthur and the legend of Camelot are retold in this passionate period drama. Arthur is reluctant to hand the crown to Lancelot, and Guinevere is torn between her loyalty to her husband and her growing love for his rival. But Lancelot must balance his loyalty to the throne with the rewards of true love.",Jerry Zucker,William Nicholson,Released,English,55000000.0,127600435.0
263827,https://www.themoviedb.org/movie/263827-azonositas,Identification,93.0,1975-02-28,HU,Drama,8.0,"While awaiting his release from the Soviet detention camp he is being held in, a half-starved refugee (Andras Ambrus) finds that an error has been made and his name is not on the to-be-released list. It is then that he is forced to assume the identity of a dead man whose name is on the list. Ambrus at first refuses, but because he was an orphan and cannot produce evidence of his true identity, he has no other choice. However, when he returns to the outer world and the community he was raised in, he is greeted with suspicion. When he tries to claim his part-ownership of a farm from his adopted uncle, he is refused and beaten by farmhands the uncle sets on him.",László Lugossy,"István Kardos, Luca Karall",Released,Hungarian,,
816014,https://www.themoviedb.org/movie/816014-frontera-roja,Frontera Roja,90.0,2009-12-31,MX,,5.0,Raymundo Hernandez comes back to Michoacan as the sole inheritor of a big drug trafficking ring. He gets into a war with the local kidnappers.,Miguel Ángel Saldaña,Max Hernandez Jr,Released,Spanish; Castilian,,
1646238,https://www.themoviedb.org/movie/1646238-ruhjottu-mies,The Man Up North,38.0,2025-04-25,FI,"Drama, History",0.0,"In 1938, Finland is slowly coming out of a recession. Large amounts of nickel have been found from Petsamo in Lapland and a mine is underway. Dreaming of a new life, metal worker Eino Forsell and his family head there for a new beginning.",Emilia Kovanen,Emilia Kovanen,Released,Finnish,,
8328,https://www.themoviedb.org/movie/8328-step-up-2-the-streets,Step Up 2: The Streets,98.0,2008-03-13,KR,"Music, Drama, Romance",6.7,"When rebellious street dancer Andie West lands at the elite Maryland School of the Arts, she finds herself fighting to fit in while also trying to hold onto her old life. When she joins forces with the school's hottest dancer, Chase Collins, to form a crew of fellow outcasts to compete in Baltimore's underground dance battle The Streets.",Jon M. Chu,"Karen Barna, Duane Adler, Toni Ann Johnson",Released,English,23000000.0,150988382.0
1661551,https://www.themoviedb.org/movie/1661551-accidente,Accidente,10.0,2026-04-20,AR,,0.0,"A band makes its debut in Mar del Plata, but its singer disappears before the show. Amid chaos, desire, and an uncertain wait, the big night tests the bonds of the group.",Valentine Torre,"Valentine Torre, Casiana Vera, Santiago Casas",Released,Spanish; Castilian,,
527561,https://www.themoviedb.org/movie/527561-ojaadili-i,Ojaadili I,96.0,2016-05-31,NG,Drama,0.0,"A Queen revenges the death of her family in her village. However, the decision to take matters into her own hands lands her entire village in calamity. In order to save her village she embarks on a journey of no return.",Emeka Nnakihe,Ikenna Donald Ekwuibe,Released,English,,
71880,https://www.themoviedb.org/movie/71880-jack-and-jill,Jack and Jill,91.0,2011-11-11,US,"Comedy, Family",4.4,"Jack Sadelstein, a successful advertising executive in Los Angeles with a beautiful wife and kids, dreads one event each year: the Thanksgiving visit of his twin sister Jill. Jill's neediness and passive-aggressiveness is maddening to Jack, turning his normally tranquil life upside down.",Dennis Dugan,"Adam Sandler, Steve Koren",Released,English,79000000.0,149700000.0
486013,https://www.themoviedb.org/movie/486013-juventud-desenganos-y-anhelos-de-hernan-cortes-delgado,"Youth, Disillusions and Yearnings of Hernán Cortés Delgado",111.0,2010-11-08,MX,Drama,5.4,"Director Jaime Humberto Hermosillo's filmed memoir about his late-teen years in an unglamorous smaller town. Going to the movies a lot, discovering his artistic vocation, stuff like that.",Jaime Humberto Hermosillo,Jaime Humberto Hermosillo,Released,Spanish; Castilian,,
146451,https://www.themoviedb.org/movie/146451-91-an-karlsson,Private Number 91-Karlsson,88.0,1946-09-02,SE,Comedy,7.2,The Squadron leader throws big a party where one of his colleagues is going to demonstrate a new type of explosive substance.,Hugo Bolander,Harry Iseborg,Released,Swedish,,
23048,https://www.themoviedb.org/movie/23048-hot-tub-time-machine,Hot Tub Time Machine,101.0,2010-03-26,US,"Science Fiction, Comedy, Adventure",6.0,"Four pals are stuck in a rut in adulthood: Adam has just been dumped, Lou is a hopeless party animal, Nick is a henpecked husband, and Jacob does nothing but play video games in his basement. But they get a chance to brighten their future by changing their past after a night of heavy drinking in a ski-resort hot tub results in their waking up in 1986.",Steve Pink,"Josh Heald, John Morris, Sean Anders",Released,English,36000000.0,64780213.0
15969,https://www.themoviedb.org/movie/15969-the-return-of-jafar,The Return of Jafar,69.0,2004-09-17,KR,"Family, Adventure, Animation, Romance",6.2,"The evil Jafar escapes from the magic lamp as an all-powerful genie, ready to plot his revenge against Aladdin. From battling elusive villains atop winged horses, to dodging flames inside an exploding lava pit, it's up to Aladdin - with Princess Jasmine and the outrageously funny Genie by his side - to save the kingdom once and for all.","Tad Stones, Toby Shelton, Alan Zaslove","Kevin D. Campbell, Brian Swenlin, Dev Ross, Steve Roberts, Bill Motz, Mirith J. Colao, Bob Roth, Jan Strnad",Released,English,3500000.0,
1130481,https://www.themoviedb.org/movie/1130481-the-calling,The Calling,107.0,2023-06-20,US,Drama,0.0,"Tamar has been called to become a minister, and for most, this would be an honorable moment, but for Tamar, it is the worst thing that could happen. Tamar is the daughter of prominent Deacon Jessup, and is a lesbian. Taught that her desires are not that of God, Tamar has suppressed them for the last 16 years and has never dated a woman. When the Future Minister's Ministry opens for a new class, Tamar finds herself falling for the only other woman in the class.",B. Danielle Watkins,B. Danielle Watkins,Released,English,,
520023,https://www.themoviedb.org/movie/520023-bodies-bodies-bodies,Bodies Bodies Bodies,94.0,2023-01-13,KR,"Comedy, Mystery, Horror",6.1,"In an isolated family mansion, a group of rich 20-somethings decides to play Bodies Bodies Bodies, a game where one of them is secretly a ""killer"" while the rest tries to ""escape"". Things take a turn for the worse when real bodies start turning up, setting off a paranoid and dangerous chain of events.",Halina Reijn,Sarah DeLappe,Released,English,3000000.0,13929670.0
20907,https://www.themoviedb.org/movie/20907-opium-egy-elmebeteg-no-naploja,Opium: Diary of a Madwoman,109.0,2007-03-29,HU,Drama,5.4,A drug-addicted doctor who works in an asylum discovers that one of his patients is a gifted writer.,János Szász,János Szász,Released,Hungarian,,
320636,https://www.themoviedb.org/movie/320636-fruhlings-erwachen,Spring Awakening,95.0,2009-12-05,DE,Drama,3.7,"Young adults growing up in an oppressed society, finding ways to fight back and discovering as individuals who they truly are.",Nuran Calis,Nuran Calis,Released,German,,
1088514,https://www.themoviedb.org/movie/1088514-la-habitacion-de-al-lado,The Room Next Door,106.0,2024-10-23,KR,"Drama, Comedy",6.7,"Ingrid and Martha were close friends in their youth, when they worked together at the same magazine. Ingrid went on to become an autofiction novelist while Martha became a war reporter, and they were separated by the circumstances of life. After years of being out of touch, they meet again in an extreme but strangely sweet situation.",Pedro Almodóvar,"Pedro Almodóvar, Sigrid Nunez",Released,Spanish; Castilian,15000000.0,21519488.0
1003579,https://www.themoviedb.org/movie/1003579-batman-the-doom-that-came-to-gotham,Batman: The Doom That Came to Gotham,86.0,2023-03-28,US,"Animation, Fantasy, Action, Mystery",6.7,"Explorer Bruce Wayne accidentally unleashes an ancient evil, and returns to Gotham after being away for two decades. There, Batman battles Lovecraftian supernatural forces and encounters allies and enemies such as Green Arrow, Ra's al Ghul, Mr. Freeze, Killer Croc, Two-Face and James Gordon.","Christopher Berkeley, Sam Liu",Jase Ricci,Released,English,,
14248,https://www.themoviedb.org/movie/14248-igor,Igor,87.0,2008-09-19,US,"Animation, Comedy, Family, Fantasy, Horror",6.0,"A cliché hunchbacked evil scientist's assistant aspires to become a scientist himself, much to the displeasure of the rest of the evil science community.",Tony Leondis,"Tony Leondis, John Hoffman, Dimitri Toscas, Chris McKenna",Released,English,25000000.0,30700000.0
4959,https://www.themoviedb.org/movie/4959-the-international,The International,118.0,2009-02-26,KR,"Action, Thriller, Crime, Mystery",6.3,"An interpol agent and an attorney are determined to bring one of the world's most powerful banks to justice. Uncovering money laundering, arms trading, and conspiracy to destabilize world governments, their investigation takes them from Berlin, Milan, New York and Istanbul. Finding themselves in a chase across the globe, their relentless tenacity puts their own lives at risk.",Tom Tykwer,Eric Warren Singer,Released,English,50000000.0,60161391.0
18487,https://www.themoviedb.org/movie/18487-the-taking-of-pelham-1-2-3,The Taking of Pelham 1 2 3,106.0,2009-06-11,KR,"Crime, Thriller, Action",6.4,"Armed men hijack a New York City subway train, holding the passengers hostage in return for a ransom, and turning an ordinary day's work for dispatcher Walter Garber into a face-off with the mastermind behind the crime.",Tony Scott,"John Godey, Brian Helgeland",Released,English,100000000.0,150166126.0
1051340,https://www.themoviedb.org/movie/1051340-hotel-jasmim,Hotel Jasmim,20.0,2016-06-19,BR,,1.0,"Jorge, an immigrant from Northern Brazil, arrives in Sao Paulo and shares a room in Hotel Jasmim with Fernando, a low life male prostitute. The clash of characters escalates quickly, but they have to join efforts to stop an attempt of murder.",Claudia Barral,"Claudia Barral, Barbosa Marcos",Released,Portuguese,,
224141,https://www.themoviedb.org/movie/224141-into-the-woods,Into the Woods,125.0,2014-12-24,KR,"Fantasy, Comedy",5.8,"In a woods filled with magic and fairy tale characters, a baker and his wife set out to end the curse put on them by their neighbor, a spiteful witch.",Rob Marshall,James Lapine,Released,English,50000000.0,212902372.0
1653108,https://www.themoviedb.org/movie/1653108-opa-papa,Opa Papa,100.0,2026-04-29,AM,"Comedy, Drama, Family",0.0,"A carefree young man discovers he has a son and returns to his small Armenian village, where fatherhood, village life, and unexpected love turn his world upside down.",Gor Grigoryan,"Tigran Galstyan, Varuzhan Galtakyan, Raphael Jalalyan",Released,Armenian,400000.0,
883688,https://www.themoviedb.org/movie/883688-mae-fatima,Mãe Fátima,80.0,2009-10-17,PT,Documentary,0.0,"This documentary follows a 70 years old, Angolan nurse on a nearly impossible humanitarian mission into her home country. In a southern region that was specially affected by the long lasting, recent civil war, the local hospital has to be restructured. At this place where accidental death, poverty and lack of hygiene continue to be a part of people's daily life, the subversive presence of mystical forces seem to reinvent the meaning of life.",Christine Reeh,,Released,Portuguese,,
482916,https://www.themoviedb.org/movie/482916,Beauty Head of the Haunted House,,1989-01-01,CN,"Science Fiction, Horror",5.5,"Centers around experiments on a disembodied, living female head. This is one of only a small handful of horror films produced by Mainland China in the 80s since genre films were banned there until the late 80s.","Liu Yichuan, Hu Qingshi","Shang Xuejun, Xin Sheng",Released,Chinese,,
1233728,https://www.themoviedb.org/movie/1233728-7,Seven-day Swapping,84.0,2023-05-23,KR,Romance,0.0,"Cheon-seok and Mi-seon remarried. Mi-seon goes on a trip with her friends and asks her daughter-in-law to take care of her father-in-law for a week. Her father-in-law and her daughter-in-law came to live together for 7 days. Her daughter-in-law, who tasted her father-in-law's crispy pork belly, falls in love with her father-in-law...",Kim Man-seok-I,,Released,Korean,,
736526,https://www.themoviedb.org/movie/736526-troll,Troll,104.0,2022-12-01,KR,"Fantasy, Action, Adventure",6.6,"When an explosion in the Norwegian mountains awakens an ancient troll, officials appoint a fearless paleontologist to stop it from wreaking deadly havoc.",Roar Uthaug,Espen Aukan,Released,Norwegian,,
1545238,https://www.themoviedb.org/movie/1545238-lio,Lio,,2025-10-10,FR,"Documentary, Music",0.0,We don't have an overview translated in English. Help us expand our database by adding one.,Tristan Le Guillou,,Released,French,,
1310321,https://www.themoviedb.org/movie/1310321-hakk,Hakki,98.0,2024-06-04,TR,Drama,5.5,"Middle-aged HAKKI lives in a historical Aegean village with his family. He provides for them by selling statuettes in front of the nearby ancient city as well as guiding local tours. The region harbors business opportunities as touristic interest booms; however, HAKKI fails to catch the trend. One day, he finds a historical artifact in his garden by chance and sells it for a car's price, later he finds out the actual value of the artifact is a hundred times higher. With great ambition, he starts digging tunnels in his garden, hoping to find more valuables, yet he gets nothing. He is now obsessed, sacrifices much of his life and takes on a dark journey for both him and his family.",Hikmet Kerem Özcan,Hikmet Kerem Özcan,Released,Turkish,,
356657,https://www.themoviedb.org/movie/356657-gib-mich-die-kirsche-die-1-deutsche-fussballrolle,Gib mich die Kirsche! – Die 1. deutsche Fußballrolle,,2004-09-28,DE,Documentary,6.0,We don't have an overview translated in English. Help us expand our database by adding one.,"Oliver Gieth, Peter Hüls","Oliver Gieth, Peter Hüls",Released,German,500000.0,
931842,https://www.themoviedb.org/movie/931842,Mini Hero,72.0,2022-01-28,CN,Comedy,1.0,We don't have an overview translated in English. Help us expand our database by adding one.,Xiong Chen,,Released,Chinese,,
40205,https://www.themoviedb.org/movie/40205-16-wishes,16 Wishes,90.0,2010-06-25,US,"Fantasy, Drama, Family",6.3,"The story about Abby Jensen, a girl who's been eager to reach her 16th birthday and has kept a secret wish list since she was a little girl. When the Big Day actually arrives, utter disaster strikes, leaving Abby to think her birthday is ruined. But when a mysterious box of magical birthday candles arrives to turn things around, Abby's 16 Wishes start to come true. Her day gets better and better...until she makes one wish that threatens to change everything.",Peter DeLuise,Annie DeYoung,Released,English,,
341958,https://www.themoviedb.org/movie/341958,Hatred,26.0,1930-09-04,RU,Drama,8.0,"The end of the 1920s. Polish Diet a bill discusses the War Ministry to increase the production of weapons and oil for the needs of the army. Occur violent clashes between right-wing forces and the Communist faction, opposed the war with the USSR. The leader of the Social Democrats Staszewski asks to project that a heavy burden will fall on the budget for improvements to the commission. At this time, in oilfield Bohuslav strike, caused by hard labor working conditions, starvation wages and anti-Soviet policy of the government.",Yuri Tarich,"Yuri Tarich, Leonid Iyerikhonov",Released,Russian,,
14069,https://www.themoviedb.org/movie/14069,The Girl Who Leapt Through Time,98.0,2007-06-14,KR,"Fantasy, Animation, Drama, Science Fiction",7.8,"When 17-year-old Makoto Konno gains the ability to 'leap' backwards through time, she immediately sets about improving her grades and preventing personal mishaps. However, she soon realises that changing the past isn't as simple as it seems, and eventually, will have to rely on her new powers to shape the future of herself and her friends.",Mamoru Hosoda,"Yasutaka Tsutsui, Satoko Okudera",Released,Japanese,,3478290.0
1732464,https://www.themoviedb.org/movie/1732464-juliet,Juliet,,2022-01-01,MY,,0.0,"The Love Between Julia and Ashraf  The love between Julia and Ashraf ends after discovering they are actually long-separated siblings who did not recognize each other due to a past conflict. Julia lives a simple life with her mother, Maryam. However, Julia's life is unlike others because of her mother's fearful demeanor, living as if afraid of her own shadow. Julia's innocence captures the attention of Ashraff, a young man from a wealthy family. The friendship blossoms into true love but is hindered by Maryam, who despises the rich. She, having a history of being married to a wealthy man, does not want that history to repeat itself with Julia. Ashraff shares his love story with his grandmother, Matilda. Matilda cares for Ashraff like guarding a full vessel of oil because her grandson grew up without parental affection. When young, Ashraff's parents, Ariff and Mina, were involved in an accident. Ariff was confirmed dead while Mina suffered mental disorder.",Ahmad Tarmimi Siregar,,Released,English,,
1672781,https://www.themoviedb.org/movie/1672781-dear-ellis,Dear Ellis,13.0,2026-04-20,DE,,0.0,"After finding a century old letter I imagined was from my father, I began a journey that questions distance, memory, and the act of documenting.",Wang Yinuo,,Released,German,,
82505,https://www.themoviedb.org/movie/82505-house-at-the-end-of-the-street,House at the End of the Street,101.0,2012-12-06,KR,"Horror, Thriller",5.8,"A mother and daughter move to a new town and find themselves living next door to a house where a young girl murdered her parents. When the daughter befriends the surviving son, she learns the story is far from over.",Mark Tonderai,David Loucka,Released,English,6900000.0,44287131.0
514417,https://www.themoviedb.org/movie/514417-dr-nawariyan,Dr. Nawariyan,133.0,2017-12-08,LK,"Action, Comedy",8.0,"Dr. Nawariyan (Dr. නවරියන්) is a 2017 Sri Lankan Sinhala action, comedy film directed by Ranjan Ramanayake and produced by Ranjan himself with Flash Entertainment. It stars Ranjan Ramanayake and Ruwangi Rathnayake in lead roles along with Rex Kodippili, Sriyani Amarasena and Sarath Chandrasiri. The film has influenced by 2003 Bollywood film Munna Bhai M.B.B.S.",Ranjan Ramanayake,,Released,Sinhala; Sinhalese,,
527435,https://www.themoviedb.org/movie/527435-the-christmas-chronicles,The Christmas Chronicles,104.0,2025-12-10,US,"Comedy, Adventure, Family, Fantasy",7.2,"Siblings Kate and Teddy try to prove Santa Claus is real, but when they accidentally cause his sleigh to crash, they have to save Christmas.",Clay Kaytis,Matt Lieberman,Released,English,,
373508,https://www.themoviedb.org/movie/373508-pour-se-frayer-un-chemin-dans-la-jungle-il-est-bon-de-frapper-avec-un-baton-pour-ecarter-les-dangers-invisibles,"Pour se frayer un chemin dans la jungle, il est bon de frapper avec un bâton pour écarter les dangers invisibles",25.0,2013-01-01,FR,,0.0,"This short film is part of the clandestine dialogues of the Nicolas Klotz and Élisabeth Perceval’s 2015 feature, “Ceremony”.","Nicolas Klotz, Elisabeth Perceval",,Released,French,,
406952,https://www.themoviedb.org/movie/406952-et-ta-prostate-ca-va,How's Your Prostrate?,4.0,2016-11-09,PT,"Comedy, Animation",7.5,"A discussion between two girlfriends: one tells the other of the strange moment when, by the swimming pool, she got news of her father’s prostate, his erectile function, and then quite unexpectedly, his nighttime fantasies.","Jeanne Paturle, Cécile Rousset","Jeanne Paturle, Cécile Rousset, Cécile Mille",Released,French,,
239571,https://www.themoviedb.org/movie/239571-the-best-of-me,The Best of Me,117.0,2015-06-18,KR,"Drama, Romance",7.5,A pair of former high school sweethearts reunite after many years when they return to visit their small hometown.,Michael Hoffman,"Nicholas Sparks, Will Fetters, J. Mills Goodloe",Released,English,26000000.0,35926213.0
1419968,https://www.themoviedb.org/movie/1419968-fratrum,Fratrum,,2025-02-04,HU,Drama,0.0,Two orphaned brothers from a marginalised segment of society have to face separation.,Edit Nagyistók,Edit Nagyistók,Released,Hungarian,,
488213,https://www.themoviedb.org/movie/488213,More Than a Movie,100.0,2017-11-23,KZ,Comedy,0.0,"The young director struggles unsuccessfully to find funding for his debut film. Desperate, he goes to work as a director for a small children's TV project. Once on the set, he realizes that it is possible to make an inexpensive film here. All that is needed is to persuade the group and the actors to help him.",Askar Bissembin,Askar Bissembin,Released,Russian,,
1495521,https://www.themoviedb.org/movie/1495521-actor-eal,Actor:eal,9.0,2024-02-29,KR,"Drama, Romance",6.0,"Two actors rehearsing a love scene start off just doing their job—but one unexpected kiss changes everything. When the scene ends but their feelings don't, both must face what's truly in their hearts.",,,Released,Korean,,
429415,https://www.themoviedb.org/movie/429415-extinction,Extinction,96.0,2018-07-27,KR,"Action, Drama, Science Fiction, Thriller",6.0,"A chief mechanic at a factory, haunted by apocalyptic nightmares, becomes a hero when Earth is invaded by a mysterious army bent on destruction.",Ben Young,"Spenser Cohen, Eric Heisserer, Brad Kane",Released,English,,1451864.0
371608,https://www.themoviedb.org/movie/371608-the-strangers-prey-at-night,The Strangers: Prey at Night,86.0,2018-05-04,GB,"Horror, Thriller",5.7,"A family's road trip takes a dangerous turn when they arrive at a secluded mobile home park to stay with some relatives and find it mysteriously deserted. Under the cover of darkness, three masked killers pay them a visit to test the family's every limit as they struggle to survive.",Johannes Roberts,"Ben Ketai, Bryan Bertino",Released,English,12500000.0,32144262.0
1093457,https://www.themoviedb.org/movie/1093457,Cupid and Demon,84.0,1994-01-01,UA,"Adventure, History",8.0,"The story is based on the true story of a Lviv antique collector who collaborated with the KGB in the postwar years in Western Ukraine. The property seized from the masters was deposited in his collection and, at his will, after the owner's death, was transferred to the Hermitage.",Mykola Fedyuk,"Mykola Fedyuk, Yuri Andrukhovych",Released,Ukrainian,,
504827,https://www.themoviedb.org/movie/504827-the-bob-s-burgers-movie,The Bob's Burgers Movie,102.0,2022-05-27,US,"Animation, Comedy, Crime, Mystery",6.9,"When a ruptured water main creates an enormous sinkhole right in front of Bob's Burgers, it blocks the entrance indefinitely and ruins the Belchers’ plans for a successful summer. While Bob and Linda struggle to keep the business afloat, the kids try to solve a mystery that could save their family's restaurant. As the dangers mount, these underdogs help each other find hope and fight to get back behind the counter, where they belong.","Loren Bouchard, Bernard Derriman","Loren Bouchard, Nora Smith",Released,English,38000000.0,34148750.0
522235,https://www.themoviedb.org/movie/522235,What Is Love?,100.0,1980-01-01,CN,Drama,0.0,"Set in the period just after ten years of chaos, several love stories associated with the tourists on a bus indicate more meanings of love.",Yan Bili,Li Tian-Ji,Released,Chinese,,
44024,https://www.themoviedb.org/movie/44024-d-p-t-ng-centimet,Beauty in Each Centimeter,109.0,2009-01-15,VN,"Comedy, Romance",7.5,"An aspiring photographer tries to convince a girl to pose for his ""art photos"" by pretending to be a director. Ngo Dong (by Ha) dreams of becoming a famous actress. Quang Hy (by Hai) wants to take nude “artistic’ photos. They meet and Quang Hy lies that he’s a director to get Ngo Dong to participate in taking photos. Their relationship begins.",Vũ Ngọc Đãng,Vũ Ngọc Đãng,Released,Vietnamese,,
1492625,https://www.themoviedb.org/movie/1492625-de4th-drive,DE4TH DRIVE,19.0,2025-06-06,AU,"Crime, Thriller, Comedy",0.0,"After a celebratory drink goes wrong, Looney accidentally kills the lead singer of his band. He must pull his bandmates into a cover-up before it is too late.",Fu Liu,Kabir Wankhede,Released,English,,
1729584,https://www.themoviedb.org/movie/1729584,Avalum Penn Thaane,164.0,1974-12-13,IN,Drama,0.0,"Seetha, a prostitute, attempts to quit the trade as she wishes to marry Muthu, a businessman. However, when her agent ruins her chances, she decides to end her life.",Durai,Durai,Released,Tamil,,
10708,https://www.themoviedb.org/movie/10708-daddy-day-care,Daddy Day Care,92.0,2003-05-09,US,"Comedy, Family",5.9,"Two men get laid off and have to become stay-at-home dads when they can't find jobs, which inspires them to open their own day-care center.",Steve Carr,Geoff Rodkey,Released,English,60000000.0,164433867.0
157354,https://www.themoviedb.org/movie/157354-fruitvale-station,Fruitvale Station,82.0,2014-01-16,KR,Drama,7.4,"Oakland, California. Young Afro-American Oscar Grant crosses paths with family members, friends, enemies and strangers before facing his fate on the platform at Fruitvale Station, in the early morning hours of New Year's Day 2009.",Ryan Coogler,Ryan Coogler,Released,English,900000.0,17600000.0
1471385,https://www.themoviedb.org/movie/1471385-silent-trespasser,Silent Trespasser,11.0,2025-05-17,US,"Horror, Drama, Thriller",0.0,"A Navajo student, Christina, finds a mysterious leather pouch after her night class in the midst of her constant college burnout.",Samuel Shorty,"Samuel Shorty, Emily Candelaria",Released,English,1000.0,
342845,https://www.themoviedb.org/movie/342845-estrella-de-sierra-morena,Estrella de Sierra Morena,,1952-09-22,ES,Drama,7.3,We don't have an overview translated in English. Help us expand our database by adding one.,Ramón Torrado,"Ramón Torrado, Ramón Perelló",Released,Spanish; Castilian,,
143449,https://www.themoviedb.org/movie/143449,Lusty Sisters,70.0,1972-11-29,JP,"Crime, Drama",4.8,"Three sisters live alienated existences in modern day Tokyo. One works as a secretary, one is a prostitute, and one is a criminal. The secretary is cynically unhappy with the sexist business world which limits her opportunities for advancement and makes her a target for her lecherous boss. The prostitute lives an aimless life, drifting between men, and often the target of either police or jealous wives. The criminal, who lives by disrupting the society which oppresses her two sisters, is the only happy one of the three.",Chūsei Sone,Masayasu Ōebara,Released,Japanese,,
1239251,https://www.themoviedb.org/movie/1239251-megamind-vs-the-doom-syndicate,Megamind vs. the Doom Syndicate,83.0,2024-03-01,US,"Animation, Comedy, Science Fiction",5.0,"Megamind's former villain team, The Doom Syndicate, has returned. Our newly crowned blue hero must now keep up evil appearances until he can assemble his friends (Roxanne, Ol' Chum and Keiko) to stop his former evil teammates from launching Metro City to the Moon.",Eric Fogel,"Brent Simons, Alan Schoolcraft",Released,English,,
724209,https://www.themoviedb.org/movie/724209-heart-of-stone,Heart of Stone,122.0,2023-08-11,KR,"Action, Crime, Thriller",6.7,An intelligence operative for a shadowy global peacekeeping agency races to stop a hacker from stealing its most valuable — and dangerous — weapon.,Tom Harper,"Greg Rucka, Allison Schroeder",Released,English,,
798021,https://www.themoviedb.org/movie/798021-family-switch,Family Switch,106.0,2023-11-30,KR,"Comedy, Fantasy, Family",6.4,"When the Walker family members switch bodies with each other during a rare planetary alignment, their hilarious journey to find their way back to normal will bring them closer together than they ever thought possible.",McG,"Victoria Strouse, Adam Sztykiel",Released,English,,
249,https://www.themoviedb.org/movie/249-the-war-of-the-roses,The War of the Roses,116.0,1990-09-29,KR,"Comedy, Drama",6.9,"Barbara and Oliver Rose live happily as a married couple. When Barbara starts to wonder what life would be like without Oliver and likes what she sees, the two begin a campaign to force each other to leave their house, with their divorce lawyer D'Amato caught in the middle.",Danny DeVito,"Warren Adler, Michael J. Leeson",Released,English,26000000.0,160188546.0
1095006,https://www.themoviedb.org/movie/1095006-b,Plan B,121.0,2021-09-17,IN,"Thriller, Crime",6.0,"The story begins with the demise of a lawyer named Vishwanath and travels through multiple twists, suspense and turns without leaving a single clue for the police to find.",K.V. Rahamahi,K.V. Rahamahi,Released,Telugu,,
353929,https://www.themoviedb.org/movie/353929,Egorka,69.0,1984-12-23,SU,Family,8.7,The crew of a navy boat rescue a bear cub.,Aleksandr Yanovskiy,"Peter Gavrilov, Vsevolod Yegorov",Released,Russian,,
505600,https://www.themoviedb.org/movie/505600-booksmart,Booksmart,102.0,2021-01-27,KR,Comedy,7.0,"Two academic teenage superstars realize, on the eve of their high school graduation, that they should have worked less and played more. Determined to never fall short of their peers, the girls set out on a mission to cram four years of fun into one night.",Olivia Wilde,"Emily Halpern, Katie Silberman, Susanna Fogel, Sarah Haskins",Released,English,6000000.0,24849029.0
471456,https://www.themoviedb.org/movie/471456,I'll Be Back,80.0,1935-01-01,TM,Drama,0.0,"It was based on a poem ""Batrak"" by Oraz Tachnazarov. Batrak Kurban is denied to get married with his beloved since the girl’s father, a serf, depends on a wealthy landlord. After that, he joins the partisan movement and the Red Army. The story has a happy ending as Kurban marries the girl.",Aleksandr Ledashchev,"Aleksandr Ledashchev, Evgeniy Shatunivskiy",Released,Russian,,
1580,https://www.themoviedb.org/movie/1580-rope,Rope,81.0,1948-09-25,US,"Thriller, Crime, Drama",7.9,Two young men attempt to prove they committed the perfect murder by hosting a dinner party for the family of a classmate they just strangled to death.,Alfred Hitchcock,Arthur Laurents,Released,English,1500000.0,2200000.0
4241,https://www.themoviedb.org/movie/4241-q,Visitor Q,84.0,2001-03-17,JP,"Comedy, Drama, Horror, Thriller",6.3,"In a dysfunctional family where the mother is a heroin addict and prostitute, beaten by her son, and the father is an ex-TV reporter, sleeping with his daughter and filming his son being beaten up, ‘Q’, a complete stranger enters the bizarre family, changing their lives for the better, finding a balance in their disturbing natures.",Takashi Miike,Itaru Era,Released,Japanese,60400.0,
306403,https://www.themoviedb.org/movie/306403,En Bommukutty Ammavukku,136.0,1988-04-15,IN,"Drama, Family",6.8,"Vinod and Lakshmi, who lost their daughter in an accident, adopt Tinu, a vivacious young girl, from an orphanage. However, the family faces challenges when Tinu's birth parents set out to find her.",Fazil,Fazil,Released,Tamil,,
349057,https://www.themoviedb.org/movie/349057-blood-money,Blood Money,87.0,1997-01-01,NG,Horror,0.0,A man loses his bank job and is drawn into the world of rituals where the only way for him is by taking the life of another.,Chico Ejiro,Chico Ejiro,Released,English,,
433296,https://www.themoviedb.org/movie/433296-loyal-enemies,Loyal Enemies,,2010-01-01,NG,,0.0,"Shadrack and Meshark suffer the terrible death of their mother. Prior to her death, she reveals the truth about their father and impressed on them to search for his whereabouts. For fear that their claim could not be corroborated, the two boys decide on posing as job seekers. Would they be offered the job? How does their presence turntables and change the relative dynamics of a calm setting? Enjoy the succeeding chaos and anarchy, with intermittent hilarious scenery. [parts 1-2]",Ikechukwu Onyeka,,Released,English,,
1623025,https://www.themoviedb.org/movie/1623025-cinema-moderno,Cinema Moderno,,2026-01-27,BR,"Comedy, Documentary",0.0,We don't have an overview translated in English. Help us expand our database by adding one.,Felipe André Silva,Felipe André Silva,Released,Portuguese,,
963764,https://www.themoviedb.org/movie/963764,Craving,16.0,2021-10-11,TW,Drama,0.0,An apartment. Two nights. A strange romance between a lonely policeman and a senior player.,Chen Yen-chu,Lin Keng-cheng,Released,Chinese,,
650670,https://www.themoviedb.org/movie/650670-match-64-the-maracana,Match 64: The Maracanã,58.0,2015-07-10,DE,Documentary,3.5,"A documentary following the day life of fans in Brazil on July 13, 2014: the day when Germany and Argentina met up in the finals of FIFA World Cup.",Daniel Gordon,,Released,English,,
526051,https://www.themoviedb.org/movie/526051-look-away,Look Away,103.0,2019-08-21,KR,"Horror, Thriller, Fantasy",6.5,A timid and socially alienated 17-year-old high school student's life is turned upside down when she switches places with her sinister mirror image.,Assaf Bernstein,Assaf Bernstein,Released,English,,1119537.0
457697,https://www.themoviedb.org/movie/457697-xxxxxxx,XXXXXXX,13.0,2016-09-01,GB,Documentary,6.9,A tarot card reading as a starting point.  A disruptive relationship as a point.  Translation of the cards' symbols to a joint.Of the domestic exploration for finding my voice.,Liliana Colombo,,Released,English,,
776148,https://www.themoviedb.org/movie/776148,The Flying Boy,6.0,2015-03-19,RU,Animation,7.0,"The story is about an unusual boy who, when he shouted, sang or laughed, took off.",Evgeniya Zhirkova,Yulia Aronova,Released,Russian,,
791728,https://www.themoviedb.org/movie/791728,On the Thirtieth Floor,95.0,1986-04-01,CN,Comedy,0.0,A garden design project commissioned by the Singapore Overseas Chinese Association leads to a comedy of errors.,"Bei Zhaocheng, Li Geng",,Released,Chinese,,
618588,https://www.themoviedb.org/movie/618588-arthur-the-king,Arthur the King,107.0,2024-04-17,KR,"Adventure, Drama",7.5,"Over the course of ten days and 435 miles, an unbreakable bond is forged between pro adventure racer Michael Light and a scrappy street dog companion dubbed Arthur. As the team is pushed to their outer limits of endurance in the race, Arthur redefines what victory, loyalty and friendship truly mean.",Simon Cellan Jones,Michael Brandt,Released,English,19000000.0,40829138.0
452557,https://www.themoviedb.org/movie/452557-2,Wolf Warrior 2,124.0,2017-11-30,KR,"War, Action",6.5,"China's deadliest special forces operative settles into a quiet life on the sea. When sadistic mercenaries begin targeting nearby civilians, he must leave his newfound peace behind and return to his duties as a soldier and protector.",Wu Jing,"Wu Jing, Liu Yi, Dong Qun, Gao Yan",Released,Chinese,30100000.0,870325439.0
6639,https://www.themoviedb.org/movie/6639-love-in-the-time-of-cholera,Love in the Time of Cholera,139.0,2008-06-19,KR,"Drama, Romance",6.7,"In Colombia just after the Great War, an old man falls from a ladder; dying, he professes great love for his wife. After the funeral, a man calls on the widow - she dismisses him angrily. Flash back more than 50 years to the day Florentino Ariza, a telegraph boy, falls in love with Fermina Daza, the daughter of a mule trader.",Mike Newell,"Gabriel García Márquez, Ronald Harwood",Released,English,45000000.0,4607608.0
4193,https://www.themoviedb.org/movie/4193-evil-under-the-sun,Evil Under the Sun,117.0,1982-03-23,GB,"Thriller, Crime, Mystery, Drama",6.9,An opulent beach resort provides a scenic background to this amusing whodunit as Poirot attempts to uncover the nefarious evildoer behind the strangling of a notorious stage star.,Guy Hamilton,"Agatha Christie, Anthony Shaffer, Barry Sandler",Released,English,10000000.0,6110804.0
1200026,https://www.themoviedb.org/movie/1200026-langue-noire,Black Tongue,18.0,2015-09-15,FR,Drama,0.0,"Erwan is a young man from Brittany, a sailor and worker at the shipyard. He goes out with Clara. After cheating on her, he develops a strange form of guilt.",Victor Boyer,Victor Boyer,Released,French,,
461992,https://www.themoviedb.org/movie/461992-hostile,Hostile,82.0,2017-09-13,US,"Drama, Horror, Romance, Science Fiction",5.9,"Juliette, a lone survivor of an apocalyptic era, fights to survive against hunger, thirst, a broken leg and strange disturbing creatures that only come out at nighttime.",Mathieu Turi,Mathieu Turi,Released,English,1000000.0,385428.0
38142,https://www.themoviedb.org/movie/38142-5,5 Centimeters per Second,63.0,2007-06-21,KR,"Animation, Romance, Drama",7.3,"Three moments in Takaki's life: his relationship with Akari and their forced separation; his friendship with Kanae, who is secretly in love with him; the demands and disappointments of adulthood, an unhappy life in a cold city.",Makoto Shinkai,Makoto Shinkai,Released,Japanese,5000000.0,548192.0
1638128,https://www.themoviedb.org/movie/1638128-soldiers,Soldiers,14.0,2026-03-27,US,"Drama, History",0.0,"In a time of political turmoil, a striking factory worker struggles to find sexual satisfaction. As unrest turns to violence, his desire takes him down an unexpected path.",Jonas Serpa Souza,Jonas Serpa Souza,Released,English,3500.0,
340875,https://www.themoviedb.org/movie/340875-seducao-a-mulher-fatal,Sedução - A Mulher Fatal,105.0,1974-05-19,BR,Comedy,7.0,"An wealthy Italian immigrant from São Paulo, watches closely the suitors of his daughter Fiametta, whose two previous husbands ""suffered accidents"" because they did not bear good children. She can only get pregnant of someone who, like her, bears the blood of the rare K factor.",Fauzi Mansur,,Released,Portuguese,,
662638,https://www.themoviedb.org/movie/662638,Detective Conan: The Scarlet Bullet,110.0,2021-04-16,KR,"Animation, Action, Crime, Mystery, Romance, Thriller",6.5,"At the opening ceremony of the WSG (World Sports Games) Tokyo Games, a sports festival held once every four years, it is announced that the world's first vacuum superconducting maglev with a maximum speed of 1,000 kilometers per hour will open. While attracting attention from around the world, top executives of large companies are kidnapped from the party venue where WSG tournament sponsors gather. Conan moves toward a solution and eventually finds a connection with the WSG abduction case that occurred 15 years ago in Boston, USA.",Chika Nagaoka,Takeharu Sakurai,Released,Japanese,,95371578.0
37768,https://www.themoviedb.org/movie/37768-borotalco,Talcum Powder,97.0,1982-01-22,IT,Comedy,6.8,"Sergio Benvenuti is a shy seller of contracts for a Roman company of music, but because of his character he cannot find even a customer, so he asks for help from a fellow named Nadia.",Carlo Verdone,"Carlo Verdone, Enrico Oldoini",Released,Italian,,
594151,https://www.themoviedb.org/movie/594151-le-pays,Le pays,45.0,2019-04-08,CH,Documentary,0.0,"Chady and David work on cargo ships on Lake Geneva. They are both foreigners in Switzerland. On the oscillating waters of the lake, the young men, who are haunted by the memories of their home countries, share secrets, memories and the same feeling of being uprooted. A strange intimacy forms between the two men.",Lucien Monot,,Released,French,,
795343,https://www.themoviedb.org/movie/795343-the-light,The Light,6.0,2022-07-23,AU,Drama,0.0,A dream-like day in the life of a young woman as she meditates on her upbringing and the unknown possibilities of her future.,Kii Belling,"Kii Belling, Conor Herbert",Released,English,,
10843,https://www.themoviedb.org/movie/10843-after-hours,After Hours,97.0,1985-09-13,US,"Comedy, Thriller, Drama",7.5,"Desperate to escape his mind-numbing routine, uptown Manhattan office worker Paul Hackett ventures downtown for a hookup with a mystery woman.",Martin Scorsese,Joseph Minion,Released,English,4500000.0,10609321.0
1722358,https://www.themoviedb.org/movie/1722358-voros-csokolade,Red Chocolate,76.0,2026-06-27,HU,Drama,6.0,"A hidden communist cell and two young Jewish girls who risk everything to survive. Imre, the brilliant mathematician-philosopher, a cold manipulator, is not afraid to play with fire. Éva, the naive girl, flees World War II and the gendarmes with her sister Mária in 1944, but they quickly realize that the real danger is Imre and his housekeeper Eszter. Darker secrets come to the surface within the walls of the Oradea mansion. What happens when Imre promises not only protection, but also death? Jealousy, betrayal, escape and self-sacrifice, faith in the Creator and a piece of chocolate. Years later, his dark past catches up with the man in London. In 1975, a young girl, Elizabeth, reveals Imre's crimes, and the lies collapse. The story is unsparing and only one question remains: How does the horrors of war turn a man into a tyrant without hope and love?",László Kriskó,"Csongor Nagy, Bálint L. Takács",Released,Hungarian,,
9454,https://www.themoviedb.org/movie/9454-everafter,EverAfter,121.0,1999-01-16,KR,"Drama, Romance, Comedy",7.5,"Danielle, a vibrant young woman, was forced into servitude after the death of her father when she was a young girl. Danielle's stepmother, Rodmilla, is a heartless woman who forces Danielle to do the cooking and cleaning, while she tries to marry off the eldest of her two daughters to the prince. But Danielle's life takes a wonderful turn when, under the guise of a visiting royal, she meets the charming Prince Henry.",Andy Tennant,"Andy Tennant, Charles Perrault, Susannah Grant, Rick Parks",Released,English,26000000.0,98005666.0
1523522,https://www.themoviedb.org/movie/1523522-mangkat,Mangkat,,2025-10-01,ID,"Drama, Comedy",0.0,"Rian, a university student from Lampung, sets out on a journey to his campus in Bandung. He travels in a shared car with three other passengers. Conflict arises when the car breaks down and the driver is unable to fix it, causing some of the passengers to grow frustrated and angry. Amid the tension and uncertainty, they begin to open up to each other—sharing their backgrounds and the personal struggles they face. Through this unexpected moment of connection, they come to a new realization: “mangkat” (to depart) is not just about a physical journey, but about the courage to face life itself. Eventually, they manage to repair the car and continue their journey.",Zainal Ferdiansyah,Zainal Ferdiansyah,Released,Indonesian,,
626435,https://www.themoviedb.org/movie/626435-taxi-707,Taxi 707,,2010-09-11,PK,Romance,10.0,We don't have an overview translated in English. Help us expand our database by adding one.,Waseem Hassan,,Released,Panjabi; Punjabi,,
292011,https://www.themoviedb.org/movie/292011-richard-jewell,Richard Jewell,131.0,2020-02-03,KR,"Drama, History",7.4,"Richard Jewell thinks quick, works fast, and saves hundreds, perhaps thousands, of lives after a domestic terrorist plants several pipe bombs and they explode during a concert, only to be falsely suspected of the crime by sloppy FBI work and sensational media coverage.",Clint Eastwood,Billy Ray,Released,English,45000000.0,33900000.0
11205,https://www.themoviedb.org/movie/11205,Wheels on Meals,108.0,1985-01-01,KR,"Romance, Action, Comedy, Crime",6.9,"Cousins Thomas and David, owners of a mobile restaurant, team up with their friend Moby, a bumbling private detective, to save the beautiful Sylvia, a pickpocket.",Sammo Hung Kam-Bo,"Edward Tang, Johnny Lee Kwing-Kai",Released,Cantonese,,13084714.0
129386,https://www.themoviedb.org/movie/129386-lowenzahn-die-reise-ins-abenteuer,Löwenzahn - Die Reise ins Abenteuer,68.0,2005-10-16,DE,Family,6.3,We don't have an overview translated in English. Help us expand our database by adding one.,Hannes Spring,,Released,German,,
431400,https://www.themoviedb.org/movie/431400-tristezas-nao-pagam-dividas,Tristezas Não Pagam Dívidas,,1943-12-22,BR,"Comedy, Music",9.0,We don't have an overview translated in English. Help us expand our database by adding one.,"Ruy Costa, José Carlos Burle",Ruy Costa,Released,Portuguese,,
1051,https://www.themoviedb.org/movie/1051-the-french-connection,The French Connection,104.0,1972-05-27,KR,"Action, Crime, Thriller",7.5,Tough narcotics detective 'Popeye' Doyle is in hot pursuit of a suave French drug dealer who may be the key to a huge heroin-smuggling operation.,William Friedkin,Ernest Tidyman,Released,English,1800000.0,41200000.0
592831,https://www.themoviedb.org/movie/592831-megalopolis,Megalopolis,138.0,2024-09-27,US,"Science Fiction, Drama, Fantasy",5.2,"In a futuristic New York known as New Rome, visionary architect Cesar Catilina dreams of building ""Megalopolis,"" a utopian city that redefines society’s limits. Opposing him is the corrupt Mayor Franklyn Cicero, who clings to power and profit. Between them stands Julia, the mayor’s daughter, whose love for Cesar forces her to choose between loyalty, ambition, and the fate of humanity.",Francis Ford Coppola,Francis Ford Coppola,Released,English,120000000.0,14387154.0
43539,https://www.themoviedb.org/movie/43539-the-next-three-days,The Next Three Days,133.0,2010-12-22,KR,"Romance, Drama, Thriller, Crime",7.1,"Life seems perfect for John Brennan until his wife, Lara, is arrested for a murder she says she didn’t commit. Three years into her sentence, John is struggling to hold his family together, raising their son and teaching at college while he pursues every means available to prove her innocence. With the rejection of their final appeal, Lara becomes suicidal and John decides there is only one possible, bearable solution: to break his wife out of prison.",Paul Haggis,Paul Haggis,Released,English,30000000.0,67448651.0
409433,https://www.themoviedb.org/movie/409433-onesime-a-un-duel-a-l-americaine,Onésime a un duel à l'américaine,5.0,1912-12-31,FR,,8.0,Onésime short,Jean Durand,,Released,English,,
843228,https://www.themoviedb.org/movie/843228,"Lu Ping, the Chivalrous Thief",94.0,1989-01-01,CN,"Crime, Thriller",0.0,A detective teams up with a chivalrous thief to catch a Japanese spy.,Shen Yaoting,"Senhui Meng, Gu Zemin",Released,Chinese,,
192139,https://www.themoviedb.org/movie/192139-the-brink-of-war,The Brink of War,117.0,2026-08-14,US,"Drama, History, Thriller, War",0.0,"President Ronald Reagan races against time to salvage a deal with Soviet leader Mikhail Gorbachev that could dismantle nuclear arsenals—or ignite disaster. With pressure mounting on all sides, every word spoken brings the world closer to peace... or destruction.",Michael Russell Gunn,Michael Russell Gunn,Post Production,English,,
333353,https://www.themoviedb.org/movie/333353-las-glorias-del-gran-puas,The Glories of the Great Púas,113.0,1984-03-01,MX,,6.0,Journalist becomes a member of a boxing champion's entourage to write a book about the boxer's career.,Roberto G. Rivera,"Roberto G. Rivera, Ricardo Garibay",Released,Spanish; Castilian,,
267647,https://www.themoviedb.org/movie/267647-os-filmes-que-nao-fiz,Os Filmes Que Não Fiz,16.0,2008-01-01,BR,Comedy,0.0,"Show fun and cynically the filmography of a completely unknown director who has many projects and screenplays, but has no film produced.",Gilberto Scarpa,"Gilberto Scarpa, Cristiano Abud",Released,English,,
12594,https://www.themoviedb.org/movie/12594-wishmaster-2-evil-never-dies,Wishmaster 2: Evil Never Dies,96.0,1999-03-12,US,"Fantasy, Horror",5.7,"During a failed art heist, the Djinn is once again liberated. This time, to complete the 1001 wishes that he needs before the final 3, he lets himself go to prison, where he starts his evil reign twisting the hopes of the prisoners. Meanwhile, the woman who set him free accidentally, Morgana, tries to find a way to stop him, aided by a young priest.",Jack Sholder,Jack Sholder,Released,English,2500000.0,
866,https://www.themoviedb.org/movie/866-finding-neverland,Finding Neverland,106.0,2005-02-25,KR,"Drama, Fantasy",7.3,"During a writing slump, playwright J.M. Barrie meets a widow and her four children, all young boys—who soon become an important part of Barrie’s life and the inspiration that lead him to create his masterpiece. Peter Pan.",Marc Forster,David Magee,Released,English,25000000.0,116766556.0
404733,https://www.themoviedb.org/movie/404733-overdrive,Overdrive,93.0,2017-12-14,KR,"Thriller, Action, Mystery",6.1,"Master car thieves square off against French gangsters in the South of France with money, women and lives all on the line.",Antonio Negret,"Michael Brandt, Derek Haas",Released,English,28210303.0,11247280.0
1731584,https://www.themoviedb.org/movie/1731584-kami-tv,Kami TV,,2023-01-01,MY,,0.0,"The life journey of 2 best friends since college days who are now founders of 'KamiTV' on a digital platform, transforms into a love triangle story after the appearance of a girl.",Dharma Nasution,,Released,Malay,,
1635402,https://www.themoviedb.org/movie/1635402-biz,Biz,45.0,2026-02-07,AZ,"Comedy, TV Movie",0.0,We don't have an overview translated in English. Help us expand our database by adding one.,"Cavidan Qənizadə, Farid Ahmadov","Ilgar Fahmi, Azer Qismet, Konul Mammadova, Haji Nematov, Narmin Khankishiyeva, Aysel İbrahimli, Aytac Məmmədli",Released,Azerbaijani,,
1238592,https://www.themoviedb.org/movie/1238592-idiot-proof,Idiot-Proof,12.0,2023-11-18,AU,"Comedy, Action",10.0,We don't have an overview translated in English. Help us expand our database by adding one.,"Jonathan Lagudi, Laura Brogan Browne","Jonathan Lagudi, Bailey Spalding",Released,English,500.0,
543830,https://www.themoviedb.org/movie/543830,Church Sister,110.0,2018-06-21,KR,Romance,8.1,A girl from church meets a wanderer who she begins to pity. She wishes to do everything for him and he expresses his anger for through world with her. The man's childhood friend soon discovers his secrets and wishes to steal them.,EROPING,,Released,Korean,,
252373,https://www.themoviedb.org/movie/252373-la-ultima,The Last,15.0,1937-01-24,ES,"Drama, Comedy",5.8,A social drama about alcoholism.,Pedro Puche,,Released,Spanish; Castilian,,
1087973,https://www.themoviedb.org/movie/1087973,Mama Weds Papa,,2023-02-17,IN,"Family, Drama, Comedy",0.0,A kid tries to bring her parents together and organize their marriage.,Appu Kanungo,Appu Kanungo,Released,Oriya,,
1733561,https://www.themoviedb.org/movie/1733561-aralida-hoovugalu,Aralida Hoovugalu,142.0,1991-02-15,IN,"Romance, Drama",0.0,"The story follows Vijaykumar (Shivarajkumar), a college boy who falls in love with his classmate, Sudha (Vidyashree). Their romance hits a major roadblock when Vijaykumar discovers that Sudha's family has a long-standing, bitter dispute with his own family.",Chi. Dattaraj,,Released,Kannada,,
106169,https://www.themoviedb.org/movie/106169-emilie-richards-fur-immer-neuseeland,Forever New Zealand,88.0,2010-04-25,DE,"Drama, Romance",6.2,"A millionaire, accused of killing his wife, rest in a paradise by the sea while waiting for the verdict. Thanks to the relationship he establishes with the hotel owner he recovers the illusion and finds a new meaning to life",Michael Keusch,"Emilie Richards, Barbara Engelke",Released,German,,
962815,https://www.themoviedb.org/movie/962815-contravozes,Contravozes,,2021-11-26,BR,Science Fiction,0.0,We don't have an overview translated in English. Help us expand our database by adding one.,Rafael Ghiraldelli,Rafael Ghiraldelli,Released,Portuguese,,
203833,https://www.themoviedb.org/movie/203833-the-book-thief,The Book Thief,131.0,2014-02-20,KR,Drama,7.5,"While subjected to the horrors of WWII Germany, young Liesel finds solace by stealing books and sharing them with others. Under the stairs in her home, a Jewish refugee is being sheltered by her adoptive parents.",Brian Percival,"Markus Zusak, Michael Petroni",Released,English,19000000.0,76586316.0
656573,https://www.themoviedb.org/movie/656573-histoire-d-un-regard,Looking for Gilles Caron,93.0,2020-01-29,FR,Documentary,7.5,"Gilles Caron was at the height of his career as a brilliant photojournalist when he went missing in Cambodia in 1970. He was just 30 years old. Through his iconic photographs, and the gaps between them, this film, constructed like an investigation, aims to restore the photographer’s presence, recount the story of his gaze, and how he managed to cover every high profile conflict of his day in such a short period of time.",Mariana Otero,"Mariana Otero, Jérôme Tonnerre",Released,French,,
1136382,https://www.themoviedb.org/movie/1136382-moon-ghost,Moon Ghost,86.0,2023-10-20,US,"Comedy, Horror, Science Fiction",4.3,"The ancient monster Moon Ghost comes to Earth to devour humanity, and one young woman holds the enigmatic key to stopping his malevolent rampage of doom.",Joshua Courtade,Joshua Courtade,Released,English,,
493617,https://www.themoviedb.org/movie/493617,Karkhana,116.0,2017-06-30,NP,Drama,10.0,"A woman makes a difficult choice in life, facing immense challenges as a result it challenges stereotypes surrounding womanhood.",Amardeep Sapkota,"Amardeep Sapkota, Dayaram Dahal",Released,Nepali,,
314095,https://www.themoviedb.org/movie/314095-the-lost-city-of-z,The Lost City of Z,141.0,2017-09-21,KR,"Adventure, Drama, History",6.4,"A true-life drama in the 1920s, centering on British explorer Col. Percy Fawcett, who discovered evidence of a previously unknown, advanced civilization in the Amazon and disappeared whilst searching for it.",James Gray,"James Gray, David Grann",Released,English,30000000.0,8574339.0
468577,https://www.themoviedb.org/movie/468577-jose-do-egito-o-filme,José do Egito - O Filme,,2016-12-30,BR,"Family, Action, History, Adventure",7.0,We don't have an overview translated in English. Help us expand our database by adding one.,Alexandre Avancini,,Released,Portuguese,,
1457175,https://www.themoviedb.org/movie/1457175-x-m,Xẩm,28.0,1998-01-07,VN,Documentary,0.0,Bùi Thạc Chuyên travels around rural northern Vietnam to research about classical xẩm singing and its last surviving performer Hà Thị Cầu.,Bùi Thạc Chuyên,Bùi Thạc Chuyên,Released,Vietnamese,,
702936,https://www.themoviedb.org/movie/702936-sniper-assassin-s-end,Sniper: Assassin's End,95.0,2020-06-16,US,Action,6.2,"Special Ops sniper Brandon Beckett is set up as the primary suspect for the murder of a foreign dignitary on the eve of signing a high-profile trade agreement with the United States. Narrowly escaping death, Beckett realizes that there may be a dark operative working within the government, and partners with the only person whom he can trust: his father, legendary sniper Sgt. Thomas Beckett. Both Becketts are on the run from the CIA, Russian mercenaries, and a yakuza-trained assassin with sniper skills that rival both legendary sharpshooters.",Kaare Andrews,Oliver Thompson,Released,English,,68881.0
625413,https://www.themoviedb.org/movie/625413,No Way Home,36.0,2012-06-20,TW,"Drama, TV Movie",1.0,"Chunmei, away from home, she boards a taxi in the city. She goes to see the sea, to the hair salon for a youthful haircut, and is invited to dinner with her taxi driver. They go to karaoke and drink wine. The taxi driver finds Chunmei's behavior bizarre, but he knows she is a dissatisfied woman, and he begins to feel pity for her. When dawn comes, looking out the window, searching in the busy crowded city, can they find their way back home again?",Li Shih,"Li Shih, Kuo Cheng-chui",Released,Chinese,,
560732,https://www.themoviedb.org/movie/560732,Hello Arsi,97.0,2018-11-28,EE,Drama,4.4,"Sudden industrialization and big scale mining activities in central-eastern India, in the twentyfirst century, has affected the socio-economic fabric of society which was earlier dependent on agriculture. People felt alienated due to the shift. A new meaning in life has to emerge. In this backdrop, a young man and a young woman cross each other's path accidentally, each searching for his/her identity. Their journey starts on the ever expanding ROAD.",Sambit Mohanty,Sambit Mohanty,Released,Oriya,,
313922,https://www.themoviedb.org/movie/313922-green-room,Green Room,95.0,2025-09-10,KR,"Horror, Crime, Thriller",6.7,A punk rock band is forced to fight for survival after witnessing an act of violence at a skinhead bar.,Jeremy Saulnier,Jeremy Saulnier,Released,English,5000000.0,3800000.0
13920,https://www.themoviedb.org/movie/13920-radio,Radio,109.0,2004-09-30,KR,Drama,7.3,"In the racially divided town of Anderson, South Carolina in 1976, football coach Harold Jones spots a mentally disabled African-American young man nicknamed Radio near his practice field and is inspired to befriend him. Soon, Radio is Jones' loyal assistant, and he becomes a student at T.L. Hanna High School. But things start to sour when Coach Jones begins taking guff from parents and fans who feel that his devotion to Radio is getting in the way of the team's quest for a championship.",Michael Tollin,Mike Rich,Released,English,35000000.0,53293628.0
475430,https://www.themoviedb.org/movie/475430-artemis-fowl,Artemis Fowl,94.0,2020-06-12,US,"Adventure, Fantasy, Science Fiction, Family",5.5,Artemis Fowl is a 12-year-old genius and descendant of a long line of criminal masterminds. He soon finds himself in an epic battle against a race of powerful underground fairies who may be behind his father's disappearance.,Kenneth Branagh,"Hamish McColl, Conor McPherson",Released,English,125000000.0,
58224,https://www.themoviedb.org/movie/58224-mr-popper-s-penguins,Mr. Popper's Penguins,94.0,2011-09-07,KR,"Comedy, Family",6.0,"Tom Popper is a successful businessman who’s clueless when it comes to the really important things in life...until he inherits six “adorable” penguins, each with its own unique personality. Soon Tom’s rambunctious roommates turn his swank New York apartment into a snowy winter wonderland — and the rest of his world upside-down.",Mark Waters,"Florence Atwater, Richard Atwater, Sean Anders, John Morris, Jared Stern",Released,English,55000000.0,187361754.0
373496,https://www.themoviedb.org/movie/373496-viuvas-precisam-de-consolo,Viúvas Precisam de Consolo,,1979-12-19,BR,Comedy,9.0,We don't have an overview translated in English. Help us expand our database by adding one.,Ewerton de Castro,Ewerton de Castro,Released,Portuguese,,
567646,https://www.themoviedb.org/movie/567646,Extreme Job,111.0,2019-01-23,KR,"Action, Comedy, Crime",7.2,"A drug squad attempts to take down a criminal organization and they must go undercover to do so, so they begin working at a chicken restaurant, that becomes famous for its delicious chicken. Due to the unexpected popularity, the detectives find themselves in a situation they never expected.",Lee Byeong-heon,Moon Chung-il,Released,Korean,8120000.0,124652206.0
401469,https://www.themoviedb.org/movie/401469-widows,Widows,129.0,2018-11-16,US,"Drama, Crime, Thriller",6.5,"A police shootout leaves four thieves dead during an explosive armed robbery attempt in Chicago. Their widows have nothing in common except a debt left behind by their spouses' criminal activities. Hoping to forge a future on their own terms, they join forces to pull off a heist.",Steve McQueen,"Steve McQueen, Gillian Flynn",Released,English,42000000.0,75984700.0
1429744,https://www.themoviedb.org/movie/1429744,Ziam,96.0,2025-07-09,KR,"Horror, Thriller, Action",6.8,"In a fight for survival against a horrifying army of zombies, a former Muay Thai fighter must use skill, speed and grit to save his girlfriend.",Kulp Kaljareuk,"Kulp Kaljareuk, Nut Nualpang, Vathanyu Ingkawiwat, Weerasu Worrapot, Chonnatee Pimnan",Released,Thai,,
1305653,https://www.themoviedb.org/movie/1305653,Dongji Rescue,134.0,2026-07-01,KR,"Drama, History, War",7.9,"Inspired by the real life rescue of over 300 British soldiers in 1942, Dongji Rescue is a rousing, action-packed story of heroism on the high seas. When the Japanese warship Lisbon Maru is torpedoed off the coast of Dongji Island, the lives of over 300 British POWs on board are at risk of being claimed by the sea. Their only hope is a small group of defiant Chinese fisherman who will do anything to rescue and protect them from their captors.","Fei Zhenxiang, Guan Hu","Fei Zhenxiang, Zhang Ji, Chen Shu, Dong Runnian",Released,Chinese,80000000.0,50155648.0
10529,https://www.themoviedb.org/movie/10529-outlander,Outlander,115.0,2008-04-24,US,"Science Fiction, Action",6.5,"During the reign of the Vikings, a man from another world crash-lands on Earth, bringing with him an alien predator. The man must fuse his advanced technology with the weaponry of the vikings to fight the monster.",Howard McCain,"Howard McCain, Dirk Blackman",Released,English,50000000.0,7033683.0
79218,https://www.themoviedb.org/movie/79218-ice-age-a-mammoth-christmas,Ice Age: A Mammoth Christmas,26.0,2021-11-12,KR,"Animation, Family, TV Movie",6.4,"When Sid accidentally destroys Manny's heirloom Christmas rock and ends up on Santa's naughty list, he leads a hilarious quest to the North Pole to make things right and ends up making things much worse. Now it's up to Manny and his prehistoric posse to band together and save Christmas for the entire world!",Karen Disher,"Sam Harper, Mike Reiss",Released,English,,
300520,https://www.themoviedb.org/movie/300520-ejfelkor,At Midnight,90.0,1957-12-25,HU,Drama,7.0,"On New Year's Eve in 1956 the artist couple, the actor János and the dancer Viki are hastily packing. While they are waiting for the car, which is to take them across the border, their entire life is replayed in front of their eyes.",György Révész,"György Révész, Iván Boldizsár, Péter Szász, László Bánk",Released,Hungarian,,
1480729,https://www.themoviedb.org/movie/1480729-greed,Greed,14.0,2025-05-17,US,"Comedy, Thriller",0.0,"An everyday average-joe named Steven gets an ominous wishing stone while gambling with a group of friends. The stone grants any wish, creating a slippery slope for its user.",Nata Aguilar,Damian Ortiz,Released,English,,
1242743,https://www.themoviedb.org/movie/1242743-memories-unforgotten,Memories Unforgotten,124.0,2022-10-20,NG,"Drama, Romance",0.0,"Strong willed, Buchi and Lara reluctantly find themselves falling in love with each other. Can they each overcome their own pride and prejudice?",Emma Anyaka,Kikelomo Jacob,Released,English,,
1432474,https://www.themoviedb.org/movie/1432474-nimrods,Nimrods,116.0,2026-08-14,US,"Comedy, Music",0.0,"Three friends journey from Kansas City to Los Angeles, mistakenly believing that their band is opening for Green Day on New Year’s Eve.",Lee Kirk,Lee Kirk,Released,English,,
915309,https://www.themoviedb.org/movie/915309-called-up,Called Up,10.0,2021-12-04,US,Drama,0.0,"After the passing of their best friend Aurelio, two friends play one last game with him at their favorite baseball field.",Erin Kristelle Bernardo,"Erin Kristelle Bernardo, Kell Jettson Bernardo",Released,English,,
1015928,https://www.themoviedb.org/movie/1015928-ya-boginya,Goddess Like Me,100.0,2023-09-21,RU,"Comedy, Romance",5.1,"The naive school teacher Lena suddenly loses both her job and her husband. ""The problem is definitely in me,"" she decides, and on the advice of a friend, she signs up to reshape herself for the ""Become a Goddess"" training. The result is obvious: a new image and a loving admirer Andrey. It's just not clear whether Lena managed to find herself, and whether something very important was lost in the process.",Olga Dibtseva,"Olga Dibtseva, Alexandr Sobichevsky",Released,Russian,,
261890,https://www.themoviedb.org/movie/261890-wenn-poldi-ins-manover-zieht,Wenn Poldi ins Manöver zieht,84.0,1956-01-01,AT,Comedy,10.0,A military exercise creates confusion.,Hans Quest,"Johann Nepomuk Nestroy, Gunther Philipp",Released,German,,
3638,https://www.themoviedb.org/movie/3638-no-reservations,No Reservations,104.0,2007-08-30,KR,"Comedy, Romance, Drama",6.7,"Master chef Kate Armstrong runs her life and her kitchen with intimidating intensity. However, a recipe for disaster may be in the works when she becomes the guardian of her young niece while crossing forks with the brash sous-chef who just joined her staff. Though romance blooms in the face of rivalry, Kate needs to look outside the kitchen to find true happiness.",Scott Hicks,Carol Fuchs,Released,English,28000000.0,92601050.0
1608196,https://www.themoviedb.org/movie/1608196-symfwnia-charakthrwn,Συμφωνία χαρακτήρων,,1999-01-29,GR,"Drama, Romance",8.0,We don't have an overview translated in English. Help us expand our database by adding one.,Loukia Rikaki,"Loukia Rikaki, Giorgos Notaras, Nikos Sideris",Released,Greek,,
615643,https://www.themoviedb.org/movie/615643-minari,Minari,115.0,2021-03-03,KR,Drama,7.3,"A Korean American family moves to an Arkansas farm in search of its own American dream. Amidst the challenges of this new life in the strange and rugged Ozarks, they discover the undeniable resilience of family and what really makes a home.",Lee Isaac Chung,Lee Isaac Chung,Released,English,2000000.0,12900000.0
1075834,https://www.themoviedb.org/movie/1075834,Downpour,,1929-04-18,SU,History,0.0,"The lost film about the peasant rebellion of the 18th century in Ukraine, led by Maksym Zalizniak and Ivan Honta. The history of the haydamak movement became a trigger for authors to have experiments in the field of film language: shooting against the background of black velvet, focus on the static character of the picture, the sculptural nature of composition mise-en-scène solutions, replacement of dramatic collisions with cinema engravings depicting the historical past.",Ivan Kavaleridze,Ivan Kavaleridze,Released,Ukrainian,,
522518,https://www.themoviedb.org/movie/522518-a-dog-s-journey,A Dog's Journey,109.0,2019-09-05,KR,"Family, Adventure, Drama",8.1,A dog finds the meaning of his own existence through the lives of the humans he meets.,Gail Mancuso,"W. Bruce Cameron, Wallace Wolodarsky, Cathryn Michon, Maya Forbes",Released,English,16000000.0,78871079.0
736483,https://www.themoviedb.org/movie/736483-we-are-all-bad,We Are All Bad,,2019-09-12,IT,Comedy,0.0,We don't have an overview translated in English. Help us expand our database by adding one.,Leo Canali,"Leo Canali, Stefano Bondi",Released,Italian,,
9359,https://www.themoviedb.org/movie/9359-maverick,Maverick,127.0,1994-06-18,KR,"Action, Adventure, Comedy, Drama, Western",6.9,"Bret Maverick is a gambler who would rather con someone than fight them, and needs an additional $3k in order to enter a winner-takes-all poker game beginning in a few days. He joins forces with a woman with a marvelous Southern accent, and the two try and enter the game.",Richard Donner,William Goldman,Released,English,75000000.0,183031272.0
510794,https://www.themoviedb.org/movie/510794,Tu Mo Hero,170.0,2017-10-20,IN,Romance,0.0,"Khushi falls in love with Prem due to his personality. However, her father is against their relationship and tries to do whatever it takes to keep them apart.",S. Dilip Panda,,Released,Oriya,,
1378068,https://www.themoviedb.org/movie/1378068-show,Show,3.0,2024-10-27,ES,Horror,10.0,Observation. Consumption.,Carlos Lacasa,Carlos Lacasa,Released,English,5.0,
497368,https://www.themoviedb.org/movie/497368,Kagazpatra,108.0,2019-03-22,NP,"Comedy, Drama, Romance",0.0,A young nursing graduate from a struggling family teams up with her sister to navigate the daunting challenges and desperate schemes of trying to move to Australia for higher education and a better future.,Apil Bista,Apil Bista,Released,Nepali,,
1658982,https://www.themoviedb.org/movie/1658982-the-roast-of-kevin-hart,The Roast of Kevin Hart,172.0,2026-05-10,US,Comedy,6.1,Kevin Hart is in the hot seat and ready for all the smoke as roastmaster Shane Gillis and a dais of A-listers unleash a raw and ruthless night of laughs.,Beth McCarthy-Miller,"Brian Frange, Dicky Eagan, Ray James, Chris Spencer, Nick Mullen, Zac Amico, Joey Wells, Jeff Ross, J.P. McDade, Casey Patterson, Harry Ratchford, Dan St. Germain, Frank Sebastiano, Bob Castrone, Mike Lawrence, Emmy Blotnick, Michael Ferrucci",Released,English,,
912908,https://www.themoviedb.org/movie/912908-strays,Strays,93.0,2023-10-17,KR,"Comedy, Adventure",7.2,"When Reggie is abandoned on the mean city streets by his lowlife owner, Doug, Reggie is certain that his beloved owner would never leave him on purpose. But once Reggie falls in with Bug, a fast-talking, foul-mouthed stray who loves his freedom and believes that owners are for suckers, Reggie finally realizes he was in a toxic relationship and begins to see Doug for the heartless sleazeball that he is.",Josh Greenbaum,Dan Perrault,Released,English,46000000.0,32000000.0
13648,https://www.themoviedb.org/movie/13648,Resident Evil: Degeneration,97.0,2008-12-30,KR,"Animation, Horror, Action, Science Fiction",6.8,"Leon S. Kennedy and Claire Redfield must battle a rogue warrior seeking revenge after unleashing the deadly G-Virus, whilst a mutated monster goes on a rampage.",Makoto Kamiya,Shoutarou Suga,Released,Japanese,,403117.0
284427,https://www.themoviedb.org/movie/284427-who-am-i-kein-system-ist-sicher,Who Am I,105.0,2016-10-25,KR,Thriller,7.6,"Benjamin, a young German computer whiz, is invited to join a subversive hacker group that wants to be noticed on the world's stage.",Baran bo Odar,"Baran bo Odar, Jantje Friese",Released,German,,7700259.0
935259,https://www.themoviedb.org/movie/935259,馬蘭花,,1961-02-01,CN,"Drama, Romance, Fantasy",9.0,We don't have an overview translated in English. Help us expand our database by adding one.,Wenzhan Pan,,Released,Chinese,,
9346,https://www.themoviedb.org/movie/9346-risky-business,Risky Business,98.0,1983-08-05,US,"Romance, Comedy, Drama",6.6,"Meet Joel Goodson, an industrious, college-bound 17-year-old and a responsible, trustworthy son. However, when his parents go away and leave him home alone in the wealthy Chicago suburbs with the Porsche at his disposal he quickly decides he has been good for too long and it is time to enjoy himself. After an unfortunate incident with the Porsche Joel must raise some cash, in a risky way.",Paul Brickman,Paul Brickman,Released,English,6200000.0,63541777.0
1040782,https://www.themoviedb.org/movie/1040782-zalizni-meteliki,Iron Butterflies,84.0,2023-09-16,KR,Documentary,10.0,"This lesson in political revelation focuses on the shooting down of the Malaysian passenger jet MH17 over eastern Ukraine in 2014. A meticulous, investigative exposé that lays bare the mechanisms of Russian warfare.",Roman Liubyi,"Roman Liubyi, Mila Zhluktenko",Released,Ukrainian,,
10329,https://www.themoviedb.org/movie/10329-congo,Congo,108.0,1995-07-08,KR,"Action, Adventure, Science Fiction",5.6,"Eight people embark on an expedition into the Congo, a mysterious expanse of unexplored Africa, where human greed and the laws of nature have gone berserk.",Frank Marshall,"Michael Crichton, John Patrick Shanley",Released,English,50000000.0,152022101.0
8852,https://www.themoviedb.org/movie/8852-prince-of-darkness,Prince of Darkness,102.0,1988-05-05,KR,Horror,6.8,"A priest discovers an ancient canister containing a strange liquid in an abandoned church. When a group of graduate students and scientists are tasked with studying it, they unknowingly unleash an evil force waiting to destroy all of humanity.",John Carpenter,John Carpenter,Released,English,3000000.0,14182492.0
1712587,https://www.themoviedb.org/movie/1712587-kikirot-kirot,Kikirot Kirot,70.0,2026-06-12,PH,Drama,6.3,"A married couple’s life unravels when the wife’s cousin moves in. The husband realizes she’s the stripper he secretly met before, sparking temptation, deception, and fear of exposure.",Rodante Pajemna Jr.,,Released,Tagalog,,
508081,https://www.themoviedb.org/movie/508081,Young Mom,80.0,2017-02-28,KR,Drama,4.0,"A middle-aged man who lives with his song marries a sexy, young Korean-American woman. The son finds his father uncomfortable, but is drawn to his new step-mother.",Kye Jang-hyuk,,Released,Korean,,
1041043,https://www.themoviedb.org/movie/1041043-dissonante,Dissonant,20.0,2016-04-26,BR,Drama,0.0,"Roberto Ronan is a musician and piano teacher who receives the news that his father is sick. He returns to his hometown and spends some time in the house where he grew up. There the conflict that Roberto has with his younger brother, Henrique, grows at the same time as revelations about his family history are exposed.","Vic Kings, Guilherme Pulga","Vic Kings, Guilherme Pulga",Released,Portuguese,,
1284212,https://www.themoviedb.org/movie/1284212-fear,Fear,,2024-05-09,US,Horror,0.0,A Paranormal streamer explores an abandoned home rumored to be used for dark rituals. His adventure is cut short when he realizes the rumors were true.,Gaege Sosa,Gaege Sosa,Released,English,,
849773,https://www.themoviedb.org/movie/849773-bye,Bye,,2020-07-13,IN,,0.0,We don't have an overview translated in English. Help us expand our database by adding one.,Tanveer Hashmi,,Released,Gujarati,,
1651297,https://www.themoviedb.org/movie/1651297-el-regresado,El Regresado,100.0,2026-04-20,MX,Drama,0.0,"Cuba, early 21st century. Mandi is a young art graduate who returns to his small coastal town to complete his community service. There, he must confront a local reality that clashes with his aspirations and ideals, placing him at a crossroads between avoiding confrontation within an oppressive political context and pursuing personal and artistic freedom.",Armando Capó,Laura Conyedo,Released,Spanish; Castilian,,
824751,https://www.themoviedb.org/movie/824751,Bhadrakali,139.0,1976-12-10,IN,Drama,10.0,We don't have an overview translated in English. Help us expand our database by adding one.,A. C. Tirulokchandar,"A. C. Tirulokchandar, Maharishi",Released,Tamil,,
976576,https://www.themoviedb.org/movie/976576-emmanuelle,Emmanuelle,105.0,2024-09-25,FR,"Drama, Romance",4.7,"While traveling, Emmanuelle meets Kei, a man who constantly eludes her. Though she indulges in the many alluring distractions, she can’t shake their chance encounter. Will she submit to her basest desires to forge a deeper relationship?",Audrey Diwan,"Audrey Diwan, Emmanuelle Arsan, Rebecca Zlotowski",Released,English,19000000.0,712413.0
470044,https://www.themoviedb.org/movie/470044-the-hate-u-give,The Hate U Give,133.0,2018-10-19,US,"Crime, Drama",8.1,"Raised in a poverty-stricken slum, a 16-year-old girl named Starr now attends a suburban prep school. After she witnesses a police officer shoot her unarmed best friend, she's torn between her two very different worlds as she tries to speak her truth.",George Tillman Jr.,"Angie Thomas, Audrey Wells",Released,English,23000000.0,34934009.0
504891,https://www.themoviedb.org/movie/504891,Secret Love: My Friend's Mom,71.0,2018-02-28,KR,Romance,6.7,"A student finds his friend's mom very sexy. While studying for tests, she tempts him away from his studies and a hot affair ensues.",Kim Bu-gon,,Released,Korean,,
656663,https://www.themoviedb.org/movie/656663-jackass-forever,Jackass Forever,96.0,2022-07-25,KR,"Action, Comedy, Documentary",6.8,"The Jackass crew, along with some newcomers, returns for one more round of hilarious, absurd, and dangerous stunts.",Jeff Tremaine,"Jeff Tremaine, Spike Jonze, Derrick Beckles, Eric André, Chris Pontius, Jason 'Wee Man' Acuña, Preston Lacy, Andrew Weinberg, Colton Dunn, Nick Kreiss, Sarah Sherman, Johnny Knoxville, Steve-O, Knate Gwaltney, Dave England, Ehren McGhehey",Released,English,10000000.0,80563999.0
475268,https://www.themoviedb.org/movie/475268,Fear: Audibly,23.0,2017-04-15,SA,"Fantasy, Thriller",0.0,"Anxious that Judgment Day is on the horizon, Amal keenly awaits to hear the Trumpet of Doom; could the incessant mewing of cats in her office be the first harbinger? An eccentric and experimental rumination on the end of days.",Maha Al-Saati,Maha Al-Saati,Released,Arabic,,
563383,https://www.themoviedb.org/movie/563383,Ezhai Padum Paadu,197.0,1950-11-09,IN,Drama,7.5,"A small time criminal turns over a new leaf with the help of a bishop and starts leading a new life with a changed identity. When Inspector Javert finds out about this, he tries to expose him.",K. Ramnoth,"Victor Hugo, Elangovan",Released,Tamil,,
1155234,https://www.themoviedb.org/movie/1155234,Endless Journey of Love,107.0,2025-05-30,CN,"Romance, Animation, Fantasy, Adventure",9.1,"In 1930s China, village girl Qian Xiao gains the power to control time, making her a target of powerful forces. As she uncovers the metropolis's hidden secrets, she faces peril and the cost of her gift.","Yu Ao, Zhou Tienan","Yu Ao, Zhou Tienan",Released,Chinese,,
9922,https://www.themoviedb.org/movie/9922-the-postman,The Postman,178.0,1997-12-25,US,"Science Fiction, Adventure, Action",6.3,"In 2013, there are no highways, no I-ways, no dreams of a better tomorrow, only scattered survivors across what was once the United States. Into this apocalyptic wasteland comes an enigmatic drifter with a mule, a knack for Shakespeare, and something yet undiscovered: the power to inspire hope.",Kevin Costner,"Brian Helgeland, Eric Roth",Released,English,80000000.0,17626234.0
978726,https://www.themoviedb.org/movie/978726,My Girlfriend is an Erotic Actress,97.0,2021-10-07,KR,Romance,0.0,"The filming set of a private erotic movie will be shown!Through an acquaintance, a student and aspiring film director So-joong works as an audio boom man at the film set of the erotic movie. So-joong, who met her favorite erotic actor Soo-bin on the set, is engulfed in a strange feeling as she sees Soo-bin acting nakedly in front of her eyes. Seeing director Jang, who had been directing pornography in Japan, increasingly demanding excessive bed scene acting from Soo-bin, So-joong begins to get angry and begins to interfere with director Jang's filming...",Lee Sang-soo,,Released,Korean,,
410604,https://www.themoviedb.org/movie/410604-divine-emilie,Divine Émilie,90.0,2007-12-29,FR,"Drama, History",2.0,"The life of Émilie du Châtelet, mathematician and physicist during the Enlightenment.",Arnaud Sélignac,"Chantal de Rudder, Élisabeth Badinter",Released,French,,
535870,https://www.themoviedb.org/movie/535870,Volchiy Island,,1970-07-13,SU,Drama,6.3,"The year is 1962. Returning after an important mission, the polar aviation pilot Tagilov saves a young woman, Tatyana, who is stranded on a chipped ice floe. She is a doctor.",Nikolai Ilyinsky,"Vladimir Sosyura, Zakhar Dicharov",Released,Russian,,
425065,https://www.themoviedb.org/movie/425065-via-crucis-del-senor-en-las-tierras-de-espana,Vía Crucis del Señor en las tierras de España,14.0,1940-04-22,ES,,7.0,A expressive documentary and one of the earliest works of José Luis Sáenz de Heredia.,José Luis Sáenz de Heredia,,Released,English,,
1732116,https://www.themoviedb.org/movie/1732116,Nee Thodum Pothu,145.0,1984-10-23,IN,Drama,0.0,We don't have an overview translated in English. Help us expand our database by adding one.,V. C. Guhanathan,,Released,Tamil,,
281158,https://www.themoviedb.org/movie/281158-la-fora,Outside,107.0,2004-04-01,PT,Drama,6.0,"Laura works as a newscaster and José Maria as a stockbroker, and while they live in the same housing complex, their lives never cross directly. Nevertheless, he watches her from a distance, seeing all her movements without her knowledge. But their lives finally meet when he is invited onto her news program. From there, a romance begins which coincides with the desire of two beings who finally find a reason to seek love once again.",Fernando Lopes,"Fernando Lopes, João Lopes",Released,Portuguese,,
1492288,https://www.themoviedb.org/movie/1492288-la-chaleur,La chaleur,,2026-07-08,FR,"Drama, Thriller",6.4,"It’s unusually hot on the beaches of the Landes, and 17-year-old Marouane is spending his last day at the campground with a nagging fear: will the body he buried on the beach the day before be discovered? Marouane also wonders if he might be falling in love with the charming Giulia.",Stéphane Demoustier,Stéphane Demoustier,Released,French,,
81938,https://www.themoviedb.org/movie/81938-cidade-oculta,Hidden City,70.0,1986-06-08,BR,Crime,5.3,"After seven years in jail, Anjo meets up with his former accomplice, now head of a criminal organization. The former detainee finds himself embroiled with an underworld star, Shirley Sombra, and finds enmity with a corrupt police officer.",Chico Botelho,"Chico Botelho, Arrigo Barnabé, Luiz Gê, Walter Rogério",Released,Portuguese,,
10663,https://www.themoviedb.org/movie/10663-the-waterboy,The Waterboy,90.0,1999-10-30,KR,Comedy,6.1,Bobby Boucher is a water boy for a struggling college football team. The coach discovers Boucher's hidden rage makes him a tackling machine whose bone-crushing power might vault his team into the playoffs.,Frank Coraci,"Adam Sandler, Tim Herlihy",Released,English,23000000.0,185991646.0
857127,https://www.themoviedb.org/movie/857127,The Wedding Night,,1942-01-01,CN,,7.0,We don't have an overview translated in English. Help us expand our database by adding one.,Zhu Shilin,,Released,Chinese,,
676680,https://www.themoviedb.org/movie/676680,Drowning in Holy Water,85.0,2020-10-27,KR,Drama,4.7,"Rona and Hamed are two young Afghans who are in love with each other. Searching for a better life, they have decided to immigrate to Europe but they have to make a big decision to make it happen, a decision that relates to their religion and beliefs.",Navid Mahmoudi,Navid Mahmoudi,Released,Persian,,
19898,https://www.themoviedb.org/movie/19898-pandorum,Pandorum,108.0,2009-10-22,KR,"Action, Horror, Mystery, Science Fiction, Thriller",6.6,"Two crew members wake up on an abandoned spacecraft with no idea who they are, how long they've been asleep, or what their mission is. The two soon discover they're actually not alone – and the reality of their situation is more horrifying than they could have imagined.",Christian Alvart,Travis Milloy,Released,English,33000000.0,20648328.0
536869,https://www.themoviedb.org/movie/536869-cats,Cats,110.0,2019-12-24,KR,"Fantasy, Comedy, Drama",4.1,A tribe of cats called the Jellicles must decide yearly which one will ascend to the Heaviside Layer and come back to a new Jellicle life.,Tom Hooper,"Tom Hooper, Lee Hall",Released,English,95000000.0,77276321.0
1734566,https://www.themoviedb.org/movie/1734566,Enga Thambi,138.0,1993-04-09,IN,"Romance, Action, Drama",0.0,"Pichumani and Indu are in love but Indu's uncle, Dinakar, is against their relationship. He plots against Pichumani and sends him to jail. Indu and a lawyer start investigating in order to help Pichu.",Saba Kailash,R. M. Veerappan,Released,Tamil,,
264952,https://www.themoviedb.org/movie/264952-gluckliche-reise,Glückliche Reise,85.0,1954-12-21,DE,"Music, Comedy",6.0,We don't have an overview translated in English. Help us expand our database by adding one.,Thomas Engel,"Paul Helwig, Herbert Witt",Released,German,,
379,https://www.themoviedb.org/movie/379-miller-s-crossing,Miller's Crossing,115.0,2011-08-04,KR,"Drama, Thriller, Crime",7.4,"Set in 1929, a political boss and his advisor have a parting of the ways when they both fall for the same woman.",Joel Coen,"Joel Coen, Ethan Coen",Released,English,14000000.0,5080409.0
244663,https://www.themoviedb.org/movie/244663-mat-mat-tiga-suku,Mat ¾ (Mat Tiga Suku),115.0,1964-01-01,MY,Comedy,7.3,"”Tiga suku”, which literally translates into “three quarters”, is a Malay term used in the context of describing crazy, whacky or oddball-like behaviour; of being mentally “not quite there”. And “Mat Tiga Suku” is indeed an eccentric film that seeks to subvert our usual sense of logic, decorum and good taste. In this film, Mat Sentul is a poor and helpless man, lives in a house that talks to him, and daydreams about wealth and pretty princesses. It is an episodic adventure that follows the slapstick antics of Mat Sentul who, among many pranks, moves the bus-stop at his will, halts an aeroplane that does not give way, and pretends to be an office worker, a barber and a doctor.",Mat Sentol,,Released,Malay,,
755205,https://www.themoviedb.org/movie/755205-el-clasico,El Clásico,20.0,2020-10-25,US,,6.0,"The tumultuous journey of two friends to a soccer stadium, hands them a new perspective of their friendship, their morals, and Mexico City.",Joel Vázquez Cárdenas,"Joel Vázquez Cárdenas, Mauricio Rivera Hoffmann, Andrés Fernández",Released,English,,
1126723,https://www.themoviedb.org/movie/1126723,Mr. X,153.0,2026-04-17,IN,"Action, Thriller",5.5,Centers on secret intelligence agency cases involving five major national threats that were thwarted through covert operations.,Manu Anand,"Manu Anand, Raam H. Puthran, Praveen K., Divyanka Anand Shankar",Released,Tamil,,
325358,https://www.themoviedb.org/movie/325358-superfast,Superfast!,99.0,2015-04-03,US,"Comedy, Action",5.1,"Undercover cop Lucas White joins Vin Serento's gang of illegal street racers. They are fast and they are furious and they plan to double cross Los Angeles kingpin Juan Carlos de la Sol, who hides his cash in a downtown Taco Bell.","Jason Friedberg, Aaron Seltzer","Jason Friedberg, Aaron Seltzer",Released,English,20000000.0,
66657,https://www.themoviedb.org/movie/66657-iii,Fight Back to School 3,89.0,1995-06-09,KR,"Comedy, Crime, Mystery",6.5,"Chow Sing Sing returns, only this time he doesn’t go back to school. Instead, Chow goes undercover as the husband of a wealthy socialite, which doesn’t sit well with his fiancée, who tries to convince Chow to quit working as undercover.",Wong Jing,Wong Jing,Released,Cantonese,,3865984.0
1499984,https://www.themoviedb.org/movie/1499984-gladiator-underground,Gladiator Underground,91.0,2026-05-07,KR,Action,7.6,"Two brothers compete in the world's deadliest underground fighting tournament, where they must decide whether to play by the rules or to cast their honor aside and team up to bring down the dark syndicate running the tournament.",Chaya Supannarat,Ariel Bleiberg,Released,English,,
570103,https://www.themoviedb.org/movie/570103-kizlar-sinifi,Kızlar Sınıfı,90.0,1984-01-01,TR,"Comedy, Drama",5.5,"In the film, which takes place between students and teachers in a girls' high school, İlyas replaces the teacher who was expelled from the school because he had a relationship with a female student. Students who do not forgive the expulsion of their previous teacher do their best to have İlyas fired as well.",Ümit Efekan,Gökhan Akçura,Released,Turkish,,
9394,https://www.themoviedb.org/movie/9394-lo-chiamavano-trinita,They Call Me Trinity,115.0,1970-12-22,IT,"Action, Comedy, Western",7.5,"The simple story has the pair coming to the rescue of peace-loving Mormons when land-hungry Major Harriman sends his bullies to harass them into giving up their fertile valley. Trinity and Bambino manage to save the Mormons and send the bad guys packing with slapstick humor instead of excessive violence, saving the day.",Enzo Barboni,Enzo Barboni,Released,Italian,,
1522213,https://www.themoviedb.org/movie/1522213-madre-draco,Madre Draco,32.0,2018-09-22,US,"Science Fiction, Thriller, Animation, Comedy",10.0,"Markarth is shaken awake by a strange sight: a colossal dragon calmly seated in the middle of the town square. Initially assumed to be a threat, the townsfolk panic and report it to King Erik. In response, he dispatches the kingdom’s finest — Dragon Slayer Xander — to eliminate the creature.  But things aren’t as simple as they seem. As Xander prepares to strike, the mother dragon’s children emerge from hiding, revealing that this wasn’t an invasion — it was a family seeking refuge. Before anyone can act further, the town is suddenly stormed by aliens, throwing the entire narrative off course.",Alvin Soprano,Zachary Chambers,Released,English,,
113094,https://www.themoviedb.org/movie/113094-the-final-odyssey,Ultraman Tiga: The Final Odyssey,98.0,2000-03-08,JP,"Action, Adventure, Family, Fantasy, Science Fiction",6.8,"Ultraman Tiga: The Final Oddysey was sort of an epilogue of the Ultraman Tiga series. Just when we thought that the world is safe, it's under attack again! A TPC excursion (including GUTS' Captain Megumi Iruma) headed to an old ruins and unintentionally woke up three evil ancient giants whom Daigo, later on, has visions of. What's so haunting about his visions is that they're not only three but four evil giants, including Ultraman Tiga in a very dark physique and a very evil aura. After a series of visions, Daigo was able to meet the three evils who beat him up and left the Black Spark Lens to him. Later on, the ultimate battle begins in the ancient ruins. Daigo as Ultraman Tiga, who is supposed to be the warrior of light, must use his powers, however dark, in order to defeat the three evils.",Hirochika Muraishi,Keiichi Hasegawa,Released,Japanese,,
547970,https://www.themoviedb.org/movie/547970,Murk Light,20.0,2012-10-16,AE,"Drama, Fantasy, Mystery",0.0,Two friends who work as luggage rack attendants on a bus take a trip full of reality and mysticism.,Yasser Al Yasseri,Mohammad A. Al Hammadi,Released,Arabic,70000.0,
1437698,https://www.themoviedb.org/movie/1437698-horst-schlaemmer-sucht-das-glueck,Horst Schlämmer sucht das Glück,93.0,2026-03-26,DE,Comedy,5.7,Horst Schlämmer is back—and he's fed up. People all over Germany are in a bad mood. So he leaves Grevenbroich and sets off in search of happiness. It must be somewhere!,Sven Unterwaldt,Claudius Pläging,Released,German,,7376329.0
1490822,https://www.themoviedb.org/movie/1490822-infinita,Infinita,14.0,2022-01-01,AR,Drama,0.0,"Under the influence of a drug, Lara is forced to experience a party on a loop.",Candela de la Cal,"Candela de la Cal, Micaela Álvarez Villarraza, Irene Mansilla",Released,Spanish; Castilian,,
876052,https://www.themoviedb.org/movie/876052,The Diaper Cake,18.0,2021-09-24,UA,Drama,5.2,"Lena and Vitya, both in their early 20s, are two kids who now have a kid of their own. In the postnatal hospital room, like in limbo, their first team project is to wake their son for a feed. As the new parents repeatedly fail, they have to deal with the irreversible changes in their lives and with each other. Meanwhile, the diaper cake silently sits in the room, like a time bomb.",Anastasia Babenko,Anastasia Babenko,Released,Ukrainian,,
31417,https://www.themoviedb.org/movie/31417-les-yeux-sans-visage,Eyes Without a Face,84.0,1961-06-02,KR,"Drama, Horror, Thriller",7.6,"Dr. Génessier is riddled with guilt after an accident that he caused disfigures the face of his daughter, the once beautiful Christiane, who outsiders believe is dead. Dr. Génessier, along with accomplice and laboratory assistant Louise, kidnaps young women and brings them to the Génessier mansion. After rendering his victims unconscious, Dr. Génessier removes their faces and attempts to graft them on to Christiane's.",Georges Franju,"Jean Redon, Claude Sautet, Pierre Boileau, Thomas Narcejac, Pierre Gascar",Released,French,,58656.0
228906,https://www.themoviedb.org/movie/228906-le-royaume-nain-de-lilliput-contre-gigas-le-long-prince-des-geants,"The Dwarf Kingdom of Lilliput Versus Gigas the Tall, Prince of the Giants",15.0,1914-10-18,FR,,9.0,"In the dwarf kingdom of Lilliput, people were celebrating the engagement of the Princess Piccolina. Meanwhile, the rumor eventually reached the ears of Gigas the Tall and he had his men bring him the princess. General Tom Thumb gathered his army and attacked the palace of the Giants.",,Jonathan Swift,Released,English,,
342918,https://www.themoviedb.org/movie/342918,Командировка,79.0,2009-03-26,RU,Drama,0.0,Our hero finds himself pulled into a very unpleasant story that abruptly changes his life. Then Andrew meets his love.,Kira Angelina,,Released,Russian,,
338,https://www.themoviedb.org/movie/338-good-bye-lenin,"Good Bye, Lenin!",121.0,2003-02-13,DE,"Comedy, Drama",7.5,Alex Kerner's mother was in a coma while the Berlin wall fell. When she wakes up he must try to keep her from learning what happened (as she was an avid communist supporter) to avoid shocking her which could lead to another heart attack.,Wolfgang Becker,"Wolfgang Becker, Achim von Borries, Hendrik Handloegten, Chris Silber, Bernd Lichtenberg",Released,German,4800000.0,79384880.0
1652997,https://www.themoviedb.org/movie/1652997-haci-qara,Haji Kara,79.0,2002-04-07,AZ,,0.0,"The film is based on the play of the same name by Mirza Fatali Akhundov, the founder of Azerbaijani dramaturgy.","Dzhakhangir Mekhdiev, Elnur Mehdiyev","Dzhakhangir Mekhdiev, Isi Melikzadeh",Released,Azerbaijani,,
6038,https://www.themoviedb.org/movie/6038-shanghai-knights,Shanghai Knights,115.0,2003-02-14,KR,"Adventure, Comedy, Western",6.1,"When a Chinese rebel murders Chon's estranged father and escapes to England, Chon and Roy make their way to London with revenge on their minds.",David Dobkin,"Alfred Gough, Miles Millar",Released,English,50000000.0,88323487.0
1474359,https://www.themoviedb.org/movie/1474359-ag-qan,White Blood,13.0,2012-09-08,AZ,Drama,0.0,White Blood centers on a nomadic family whose way of life has been destroyed and a wife's resourcefulness in seeking to realize her husbands dying wish. The message is that there is always hope.,"Elmaddin Aliyev, Khayyam Abdullazadeh","Elmaddin Aliyev, Khayyam Abdullazadeh",Released,Azerbaijani,,
1732193,https://www.themoviedb.org/movie/1732193-good-mourning,Good Mourning,,2025-11-01,AU,Drama,0.0,Two siblings reunited to spread the ashes of their father. Will they reconnect and bond or will this pull them further apart?,Seán Lohia McParland,Seán Lohia McParland,Released,English,,
1175176,https://www.themoviedb.org/movie/1175176-la-carne,The Flesh,18.0,2024-01-01,VE,Drama,0.0,"After her grandmother's death at the hands of COVID, Lola becomes increasingly desperate and decides to hide her body at home to prevent it from being taken away.",Sophia Toledo,Sophia Toledo,Released,Spanish; Castilian,,
437557,https://www.themoviedb.org/movie/437557-blockers,Blockers,102.0,2019-06-13,KR,Comedy,6.3,"When three parents discover that each of their daughters have a pact to lose their virginity at prom, they launch a covert one-night operation to stop the teens from sealing the deal.",Kay Cannon,"Jim Kehoe, Brian Kehoe",Released,English,21000000.0,94019120.0
289977,https://www.themoviedb.org/movie/289977-ang-tipo-kong-lalake-maginoo-pero-medyo-bastos,Ang Tipo Kong Lalake (Maginoo Pero Medyo Bastos),102.0,1995-01-01,PH,Comedy,3.7,Boy and Dennis are ex-convicts who are trying to start a new life with their girlfriends. But soon their criminal past catches upon them.,Efren Jarlego,Dwight Gaston,Released,Tagalog,,
1576198,https://www.themoviedb.org/movie/1576198-madulas,Madulas,80.0,2026-03-27,KR,Drama,4.0,"At the luxurious Wet & Wild Resort, a group of glamorous women become infatuated with a charming new pool boy whose irresistible allure draws them in. But as passion turns to obsession, they soon uncover a dark secret that reveals he’s not as innocent as he seems.",Rodante Pajemna Jr.,Erick Castro,Released,English,,
697408,https://www.themoviedb.org/movie/697408-las-modelos,The Models,85.0,1963-10-17,AR,Drama,7.5,Two ambitious haute couture models get involved with millionaire men.,Vlasta Lah,"Vlasta Lah, Abelardo Arias",Released,Spanish; Castilian,,
18501,https://www.themoviedb.org/movie/18501-gamer,Gamer,95.0,2009-10-01,KR,"Action, Thriller, Science Fiction",5.7,"Mind-control technology has taken society by a storm, a multiplayer on-line game called ""Slayers"" allows players to control human prisoners in mass-scale. Simon controls Kable, the online champion of the game. Kable's ultimate challenge becomes regaining his identity and independence by defeating the game's mastermind.","Brian Taylor, Mark Neveldine","Brian Taylor, Mark Neveldine",Released,English,50000000.0,40800000.0
10756,https://www.themoviedb.org/movie/10756-the-haunted-mansion,The Haunted Mansion,88.0,2004-04-15,KR,"Thriller, Fantasy, Comedy, Family, Mystery",5.7,"Workaholic Jim Evers and his wife/business partner Sara get a call one night from  a mansion owner, Edward Gracey, who wants to sell his house. Once the Evers family arrive at the mansion, a torrential thunderstorm of mysterious origin strands them with the brooding, eccentric Gracey, his mysterious butler, and a variety of residents both seen and unseen.",Rob Minkoff,David Berenbaum,Released,English,90000000.0,182290266.0
460019,https://www.themoviedb.org/movie/460019-truth-or-dare,Truth or Dare,101.0,2018-05-22,KR,"Thriller, Horror",5.9,"A harmless game of ""Truth or Dare"" among friends turns deadly when someone—or something—begins to punish those who tell a lie—or refuse the dare.",Jeff Wadlow,"Jeff Wadlow, Michael Reisz, Christopher Roach, Jillian Jacobs",Released,English,3500000.0,95330493.0
14919,https://www.themoviedb.org/movie/14919-batman-mask-of-the-phantasm,Batman: Mask of the Phantasm,76.0,1993-12-25,US,"Animation, Crime, Mystery",7.5,"Andrea Beaumont leaves her father to return to Gotham, rekindling an old romance with Bruce Wayne. At the same time, a mysterious figure begins to hunt down Gotham's criminals, wrongly implicating Batman in the murders. Now on the run from the law, Batman must find and stop the culprit, while also navigating his relationship with Andrea.","Bruce Timm, Eric Radomski","Alan Burnett, Martin Pasko, Paul Dini, Michael Reaves",Released,English,6000000.0,5617391.0
357190,https://www.themoviedb.org/movie/357190-efigenia-da-tudo-que-tem,Efigênia Dá Tudo Que Tem,,1975-08-31,BR,Comedy,4.7,We don't have an overview translated in English. Help us expand our database by adding one.,Olivier Perroy,"Rodolfo Nanni, A.C. Carvalho",Released,Portuguese,,
455408,https://www.themoviedb.org/movie/455408-apres-la-neige,Après la neige,74.0,2012-09-21,CA,Drama,0.0,"When a divorced music video producer is forced to shut down his company, he attempts to rebuild his relationships with his father and estranged teenage son.",Paul Barbeau,Paul Barbeau,Released,French,,
1443762,https://www.themoviedb.org/movie/1443762-il-falsario,The Big Fake,110.0,2026-01-23,KR,"Thriller, Crime, Drama",6.6,"Toni Chichiarelli arrives in Rome with the dream of becoming a painter, but his talent leads him elsewhere — from art galleries to state secrets. Between art, crime, and power, his signature ends up everywhere — even in the history of Italy.",Stefano Lodovichi,"Massimo Veneziano, Nicola Biondo, Sandro Petraglia",Released,Italian,,
1481390,https://www.themoviedb.org/movie/1481390,Curious Tales of a Temple,152.0,2025-07-12,CN,"Drama, Comedy, Fantasy, Animation",7.6,"An epic animated fantasy anthology film intertwining six storylines from China's classic supernatural story collection ""Strange Tales from a Chinese Studio"" by Pu Songling. The six stories center on Lanruo Temple, an ancient ruin haunted by spirits. Weaving in classic tales like ""Taoist from Laoshan Mountain,"" ""Princess Lotus,"" ""Nie Xiaoqian,"" ""The Painted Skin"" and ""The Daughter of Magistrate Lu."" These stories — spanning humans, ghosts and demons — explore love, death and morality against shifting time. The film merges six distinct styles into one anthology. For example, ""Taoist from Laoshan Mountain"" uses felt-textured animation, while ""The Painted Skin"" mirrors Song dynasty painting aesthetics.","Cui Yuemei, Huang Heyu, Liu Yilin, Xie Junwei, Liu Yuan, Zou Jing","Shen Junle, Zhang Xuejie",Released,Chinese,,30190659.0
897571,https://www.themoviedb.org/movie/897571,The Illusion of Control: The Beginning,6.0,2017-11-23,UA,Thriller,0.0,Since childhood Victor perfectly manipulated others in his own interest. Until one day he discovered that his entire life Victor himself had been an object of some cleverly thought out manipulation.,Vladek Zankovsky,Vladek Zankovsky,Released,Ukrainian,,
446333,https://www.themoviedb.org/movie/446333,Monday Begins on Saturday,63.0,1965-01-01,SU,"Science Fiction, TV Movie, Fantasy, Comedy",4.3,"Set in a fictional town in northern Russia, where highly classified research in magic occurs, the novel is a satire of Soviet scientific research institutes, complete with an inept administration, a dishonest, show-horse professor, and numerous equipment failures. It offers an idealistic view of the scientific work ethic, as reflected in the title which suggests that the scientists' weekends are nonexistent. (Wikipedia)",Aleksandr Belinsky,"Arkadiy Strugatskiy, Boris Strugatskiy",Released,Russian,,
1244944,https://www.themoviedb.org/movie/1244944-the-woman-in-the-yard,The Woman in the Yard,88.0,2025-03-28,US,"Horror, Mystery, Fantasy",5.6,"In the aftermath of her husband's death, widow Ramona's struggle to raise her two kids is hindered by the arrival of a mysterious woman with supernatural abilities.",Jaume Collet-Serra,Sam Stefanak,Released,English,12000000.0,23311502.0
692008,https://www.themoviedb.org/movie/692008-davoli-da-voli,Enough! To Freedom...,50.0,2012-06-21,IT,Documentary,0.0,"Minsk. December 19th 2010. After the Belarus government blatantly hijacked the results of the presidential election, tens of thousands of Belarusians came to the streets in a peaceful protest. Tired of a ubiquitous system of lies, these demonstrators set their sights on truth and freedom.","Andrei Kutsila, Viachaslau Rakitski",,Released,Russian,,
111934,https://www.themoviedb.org/movie/111934,Concrete,113.0,2004-02-11,JP,"Horror, Crime",5.0,"On the 25th of November 1988, four youths abducted and held Furuta Junko in the house of one of the captors. Subjected to rape, torture, and humiliation, Junko had no hope of escape as the manhunt was stalled by the captors forcing her to tell her parents that she was ok. For 41 harrowing days, Junko had to endure unimaginable suffering at the hands of these four individuals. Finally, after losing in a game of mahjong solitaire, they beat her with an iron dumbbell and set on fire with lighter fluid. She died later that day from shock. In an attempt to hide their crime they buried her in cement and thus the name 'Concrete Encased High School Murder Case' was born as Japan had to confront the horrors of this crime. The perpetrators disposed the drum in a tract of reclaimed land in Koto, Tokyo.",Hiromu Nakumura,"Jôji Atsumi, Hiroshi Kanno",Released,Japanese,,
16411,https://www.themoviedb.org/movie/16411-d,Initial D,109.0,2005-06-23,HK,"Action, Crime, Drama",6.7,"After winning his first competition, Takumi focuses his attention on drift racing, a sport he has unknowingly perfected while delivering tofu in his father's Toyota AE86.","Alan Mak Siu-Fai, Andrew Lau Wai-Keung",Felix Chong Man-Keung,Released,Cantonese,1549000.0,7096000.0
1396,https://www.themoviedb.org/movie/1396,Mirror,107.0,1975-03-07,SU,"Drama, History",8.0,"A dying man in his forties recalls his childhood, his mother, the war and personal moments that tell of and juxtapose pivotal moments in Soviet history with daily life.",Andrei Tarkovsky,"Andrei Tarkovsky, Aleksandr Misharin",Released,Russian,825000.0,124367.0
18767,https://www.themoviedb.org/movie/18767,Island of Fire,124.0,1991-07-06,KR,"Action, Crime, Drama",6.3,Someone in a prison run by a corrupt warden fakes the deaths of convicts to later use them as expendable assassins. A police officer is sent into the prison to gather evidence of the corruption.,Kevin Chu,"Yip Wan-Chiu, Fu Li",Released,Cantonese,,
1087388,https://www.themoviedb.org/movie/1087388-sting,Sting,92.0,2024-10-29,KR,"Horror, Thriller",6.2,"After raising an unnervingly talented spider in secret, 12-year-old Charlotte must face the truth about her pet and fight for her family's survival.",Kiah Roache-Turner,Kiah Roache-Turner,Released,English,,2801252.0
353642,https://www.themoviedb.org/movie/353642,All for Love,13.0,2014-05-22,MY,"Romance, Drama",5.7,"A girl sends her old SLR camera to a reclusive camera repair master. In the course of getting the camera to be fix, the girl develops a special relationship with the master.",James Lee,James Lee,Released,Chinese,,
431530,https://www.themoviedb.org/movie/431530-a-bad-moms-christmas,A Bad Moms Christmas,104.0,2017-11-01,US,Comedy,6.3,"Amy, Kiki and Carla – three under-appreciated and over-burdened women – rebel against the challenges and expectations of the Super Bowl for mothers: Christmas. And if creating a more perfect holiday for their families wasn’t hard enough, they have to do all of that while hosting and entertaining their own mothers.","Jon Lucas, Scott Moore","Jon Lucas, Scott Moore",Released,English,28000000.0,130560428.0
1715068,https://www.themoviedb.org/movie/1715068-cuidado-garoto,"Watch Out, Kid",9.0,2026-07-04,BR,Horror,0.0,"A young man is drawn to a handsome guy, but his insecurities stand in his way.",Lea Monteiro,Lea Monteiro,Released,English,21800.0,
1560734,https://www.themoviedb.org/movie/1560734-penerbangan-terakhir,The Last Flight,111.0,2026-01-15,ID,"Drama, Romance",6.5,"Beautiful flight attendant Tiara is romantically involved with Captain Deva Angkasa, a young pilot who was her high school friend, who is also in a relationship with Nadia, a very obsessive and ambitious young celebrity on Instagram. Three of them are involved in a love scandal and emotional manipulation.",Benni Setiawan,"Benni Setiawan, Annastasia Anderson",Released,Indonesian,,
324670,https://www.themoviedb.org/movie/324670-spectral,Spectral,109.0,2016-12-09,US,"Science Fiction, Thriller, Action",6.6,A special-ops team is dispatched to fight supernatural beings that have taken over a European city.,Nic Mathieu,George Nolfi,Released,English,70000000.0,
721744,https://www.themoviedb.org/movie/721744-wang-zhe-sheng-yan,King's Feast,93.0,2019-05-20,CN,"Action, Comedy, Fantasy",5.0,"The movie starts in Dubai, where we are introduced to a mysterious artifact collector. His new target is to acquire every country's first Olympic Gold medal. With the help of his trusty assistant and a goofy Chinese expert, they head over to Foshan with a large bag of money ready to do the deal.  Just one problem. They don't know the name of the Olympic Champion who won the first ever Chinese Gold medal.  At the same time, a struggling Real Estate Sales Agent and his beautiful co-worker have been tasked by the CEO to organise a huge sales event for the development - with the main attraction being Chinese Olympic Champions!",Ye Fengjin,Mengting Dong,Released,English,,
609,https://www.themoviedb.org/movie/609-poltergeist,Poltergeist,114.0,1991-06-01,KR,Horror,7.2,"The Freelings' suburban home becomes the center of paranormal activity that opens a portal to the 'other side'. With help, they must cross over to get their daughter back.",Tobe Hooper,"Steven Spielberg, Michael Grais, Mark Victor",Released,English,10700000.0,121733131.0
9638,https://www.themoviedb.org/movie/9638-phantasm,Phantasm,89.0,1979-12-25,KR,"Horror, Science Fiction",6.5,"A teenage boy and his friends face off against a mysterious grave robber, known only as the Tall Man, who employs a lethal arsenal of unearthly weapons.",Don Coscarelli,Don Coscarelli,Released,English,300000.0,11988469.0
1957,https://www.themoviedb.org/movie/1957-enough,Enough,114.0,2002-11-14,KR,"Drama, Thriller",6.6,"Working-class waitress Slim thought she was entering a life of domestic bliss when she married Mitch, the man of her dreams. After the arrival of their first child, her picture perfect life is shattered when she discovers Mitch's hidden possessive dark side, a controlling and abusive alter ego that can turn trust, love and tranquility into terror. Terrified for her child's safety, Slim flees with her daughter. Relentless in his pursuit and enlisting the aid of lethal henchmen, Mitch continually stalks the prey that was once his family.",Michael Apted,Nicholas Kazan,Released,English,38000000.0,51800000.0
1105030,https://www.themoviedb.org/movie/1105030-uso-tsuki,Uso-Tsuki,8.0,2023-03-25,US,Crime,0.0,A man's worst nightmare may just be the truth.,Shannon C Lanier,Shannon C Lanier,Released,English,25000.0,
258666,https://www.themoviedb.org/movie/258666,Olesya,80.0,1971-12-15,RU,Drama,5.7,A young man from the city falls in love with a girl from the country side. She is not accepted by the village community: people think she is a witch.,Borys Ivchenko,Vasily Dulgerov,Released,Russian,,
295012,https://www.themoviedb.org/movie/295012-wenn-manner-schwindeln,Wenn Männer schwindeln,,1950-08-25,DE,Comedy,8.0,We don't have an overview translated in English. Help us expand our database by adding one.,Carl Boese,,Released,German,,
2642,https://www.themoviedb.org/movie/2642-two-weeks-notice,Two Weeks Notice,101.0,2003-02-14,KR,"Romance, Comedy",6.4,"Dedicated environmental lawyer Lucy Kelson goes to work for billionaire George Wade as part of a deal to preserve a community center. Indecisive and weak-willed George grows dependent on Lucy's guidance on everything from legal matters to clothing. Exasperated, Lucy gives notice and picks Harvard graduate June Carter as her replacement. As Lucy's time at the firm nears an end, she grows jealous of June and has second thoughts about leaving George.",Marc Lawrence,Marc Lawrence,Released,English,60000000.0,199043242.0
10019,https://www.themoviedb.org/movie/10019-mannequin,Mannequin,89.0,1987-10-01,KR,"Comedy, Romance, Fantasy",6.9,"Jonathan Switcher, an unemployed artist, finds a job as an assistant window dresser for a department store. When Jonathan happens upon a beautiful mannequin he previously designed, she springs to life and introduces herself as Emmy, an Egyptian under an ancient spell. Despite interference from the store's devious manager, Jonathan and his mannequin fall in love while creating eye-catching window displays to keep the struggling store in business.",Michael Gottlieb,"Michael Gottlieb, Edward Rugoff",Released,English,6000000.0,42700000.0
623485,https://www.themoviedb.org/movie/623485-peace-an-element-audiovisual-project,PEACE: An Element Audiovisual Project,62.0,2018-10-16,US,"Documentary, Action",0.0,"PEACE, a new Element audio visual project starring Nyjah Huston, Evan Smith, Brandon Westgate, Greyson Fletcher, Mason Silva, Madars Apse, Nassim Guammaz, Tyson Peterson, Dominick Walker, Jaakko Ojanen and more.",Jon Miner,,Released,English,,
1731288,https://www.themoviedb.org/movie/1731288,Koyil Puraa,,1981-07-30,IN,Drama,0.0,"Sethu, a musician falls in love with his friend, Geetha, but her father marries her off to Prabhu. Though Geetha is happy, her love for Sethu's music creates a baseless suspicion in Prabhu's mind.",K. Vijayan,Vinu Chakravarthy,Released,Tamil,,
1257868,https://www.themoviedb.org/movie/1257868-couples-weekend,Couples Weekend,96.0,2026-05-08,US,"Comedy, Drama",6.2,What happens when a tree falls in the woods and someone does hear it? Two couples are forced to deal with such a question — and their lives in general — when a New Year's Eve trip to the woods unearths simmering feelings and the secrets they carry threaten to break their seemingly perfect relationships.,Nora Kirkpatrick,Nora Kirkpatrick,Released,English,,
1692198,https://www.themoviedb.org/movie/1692198-aakhri-nishan,Aakhri Nishan,115.0,1958-12-12,PK,Action,0.0,"Aakhri Nishan (1958) is a Pakistani Urdu-language action film. Directed by Ashfaq Malik, starring Sudhir, Meena Shorey, and Neelo.",Ashfaq Malik,"Ashfaq Malik, Arsh Lakhnavi",Released,Urdu,,
1470442,https://www.themoviedb.org/movie/1470442-disini,DISINI,3.0,2025-04-22,ID,"Drama, Family",0.0,"About a father who sacrifices himself to save his son's life. The son, who has an emotional attachment to his father through photography, has to face the harsh reality of waking up from a coma and realising that his father is gone.","Qeren Pisteuo Tsidqenu Trijosa, Saktia Naufal",Qeren Pisteuo Tsidqenu Trijosa,Released,English,77.0,
630957,https://www.themoviedb.org/movie/630957-amsterdam-journaalonderwerpen,"Amsterdam, News Topics",11.0,1913-01-01,NL,Documentary,0.0,"Compilation of newsreel items: Launch of SS 'Prins der Nederlanden'; Competition of lorries; Queen Wilhelmina and prince Hendrik visit an exhibition of church art; A carriage accident on the Amsterdam Singel (8 februari 1913); Suffragettes' march in Amsterdam; Queen Wilhelmina and princess Juliana go ice skating; Arrival of health officer dr. L. van de Steen van Ommeren who has been working for the Red Cross in Constantinopel; Fire in the Spalteholz en Ameschot factory, Achterweg 2; Prins Hendrik visits the exhibition in Ghent.",,,Released,No Language,,
427374,https://www.themoviedb.org/movie/427374-la-cle-de-la-chambre-a-lessive,The Laundry Room,72.0,2014-11-10,FR,Documentary,0.0,"The key to the communal laundry room in the block of flats on the Rue de Genève 85 in Lausanne serves a much greater function than merely unlocking the door. This encounter between a symbol of typical Swiss mentality with a penchant for order and the tenants who have been housed here by the city’s social services department is not something to be taken for granted. Although the laundry room is normally located in the cellar, the tenants in this building share a tiny laundry room off the entrance hall because the cellar is reserved for prostitution. To maintain order and cleanliness, the landlord hires Claudina, a new “laundry woman”.","Fred Florey, Floriane Devigne","Fred Florey, Floriane Devigne",Released,French,,
1105764,https://www.themoviedb.org/movie/1105764-tenemos-patria,We Have Homeland,21.0,2023-07-06,ES,Drama,0.0,"A premature birth in the middle of the darkness of the 2019 national blackout in Caracas, Venezuela.",Mikel Garrido Linares,"Mikel Garrido Linares, López Alonso",Released,Spanish; Castilian,10000.0,
256961,https://www.themoviedb.org/movie/256961-paul-blart-mall-cop-2,Paul Blart: Mall Cop 2,94.0,2017-01-01,KR,"Action, Comedy, Family",5.2,"Security guard Paul Blart is headed to Las Vegas to attend a Security Guard Expo with his teenage daughter Maya before she departs for college. While at the convention, he inadvertently discovers a heist - and it's up to Blart to apprehend the criminals.",Andy Fickman,"Nick Bakay, Kevin James",Released,English,38000000.0,107597242.0
3432,https://www.themoviedb.org/movie/3432-mr-brooks,Mr. Brooks,120.0,2015-08-27,KR,"Crime, Thriller",6.9,A psychological thriller about a man who is sometimes controlled by his murder-and-mayhem-loving alter ego.,Bruce A. Evans,"Bruce A. Evans, Raynold Gideon",Released,English,20000000.0,48443734.0
408355,https://www.themoviedb.org/movie/408355,Throne of Elves,90.0,2016-07-31,CN,"Fantasy, Animation, Family",7.6,"In the mythical Elven world of Altera, an epic battle unfolds between the beautiful Princess Liya and the Dark Elf Elena, who has gained possession of a jewel so powerful it allows its holder complete authority over all Alterans.","Yuefeng Song, Yi Ge","Roger Soffer, Ran Zhuo, Bill Borden",Released,Chinese,,3916195.0
23202,https://www.themoviedb.org/movie/23202-trick-r-treat,Trick 'r Treat,82.0,2007-12-09,US,"Horror, Fantasy, Comedy",7.0,"Four interwoven stories that occur on Halloween: an everyday high school principal has a secret life as a serial killer; a college virgin might have just met the one guy for her; a group of teenagers pull a mean prank, and a bitter old recluse receives an uninvited guest.",Michael Dougherty,Michael Dougherty,Released,English,12000000.0,27909.0
2616,https://www.themoviedb.org/movie/2616-uncle-buck,Uncle Buck,100.0,2000-12-29,KR,"Comedy, Drama, Family",6.8,"Buck Russell, a lovable but slovenly bachelor, suddenly becomes the temporary caretaker of his nephew and nieces after a family emergency. His freewheeling attitude soon causes tension with his older niece Tia, loyal girlfriend Chanice, and just about everyone else who crosses his path.",John Hughes,John Hughes,Released,English,15000000.0,79300000.0
1735152,https://www.themoviedb.org/movie/1735152-kerana-anisa,Kerana Anisa,,2016-01-01,MY,,0.0,"Kerana Anisa  The story tells of Anisa and Syukri who are close friends in their village. Anisa has a big dream in life when she aspires to become a lawyer and asks Syukri to be her ""teacher"" and source of encouragement. However, Anisa's father, Long Yahya, opposes Syukri and Anisa's friendship. After Anisa completes her Malaysian Certificate of Education (SPM), Syukri leaves for London to continue his studies, but they maintain their relationship through letters. One day, Anisa is shocked by a marriage proposal entourage from Zahid, a wealthy man's son from her village. Zahid is attracted to Anisa's beauty and uses his parents' wealth to win over her father. Anisa opposes this because she wants to continue her studies, especially since she passed her SPM with flying colors. However, Anisa is forced to marry. After marriage, Zahid treats Anisa cruelly both physically and emotionally.",Jamal Khan,,Released,English,,
1239880,https://www.themoviedb.org/movie/1239880-want-love,Want Love?,90.0,2024-05-01,US,Drama,0.0,The Devil wants you to be miserable in your relationship and/or divorced and unhappy. God wants you to be excited and in Loving unity with your spouse and the two of you in covenant with Him. A story of multiple relationships that are in difficulty or on the brink of divorce or failure. A Bible-believing long-time relationship coach and Pastor coaches individuals who are involved in troubled marriages and relationships based on Biblical teachings.,,"Brad Smith, Mysti Mocha Cozart",Released,English,,
868899,https://www.themoviedb.org/movie/868899-cesky-raj,Czech paradise,,1954-01-01,XC,Documentary,0.0,We don't have an overview translated in English. Help us expand our database by adding one.,Bohumil Vošahlík,Bohumil Vošahlík,Released,Czech,,
11667,https://www.themoviedb.org/movie/11667-street-fighter,Street Fighter,102.0,1994-12-23,US,"Action, Comedy, Fantasy",4.7,Colonel Guile and various other martial arts heroes fight against the tyranny of dictator M. Bison and his cohorts.,Steven E. de Souza,Steven E. de Souza,Released,English,35000000.0,99423521.0
187826,https://www.themoviedb.org/movie/187826-bonitinha-mas-ordinaria-ou-otto-lara-rezende,Cute but Ordinary,105.0,1981-03-12,BR,"Drama, Thriller",4.9,"The youngest daughter of a rich man has been raped by five black men in the slums of Rio de Janeiro, and her father arranges her marriage to one of his employees in order to save the family’s honor.",Braz Chediak,Doc Comparato,Released,Portuguese,,
1424352,https://www.themoviedb.org/movie/1424352-taympers,Taympers,,2025-03-14,PH,Comedy,0.0,An innocent child Yumi is suddenly introduced to the world of womanhood when she witnesses her older sister Chloe feel pain in her body.,Naiah Nicole Mendoza,"Naiah Nicole Mendoza, Francesca Maria Dela Cruz",Released,English,,
758632,https://www.themoviedb.org/movie/758632-imagen-escarlata,Crimson Image,9.0,2020-10-28,AR,"Drama, Romance",0.0,"A young man meets a beautiful young woman at a bar and they spend the night together. A new confidential relationship is born. Each night they'll meet up in the same spot. After a while this meetings become a habit they follow to the letter. But one night, without notice, she stops attending.",Mateo Garimberti,Mateo Garimberti,Released,Spanish; Castilian,,
1206284,https://www.themoviedb.org/movie/1206284,Abbajan,163.0,2001-01-01,BD,"Action, Drama, Crime",0.0,"A feared enforcer who regards a powerful crime boss as his father begins to question the violent life he has chosen after the loss of someone he loves and becoming involved with an honest family. As his loyalties are tested, he must decide whether to remain bound to the criminal world or seek redemption.",Kazi Hayat,Kazi Hayat,Released,Bengali,,
872712,https://www.themoviedb.org/movie/872712-rush-cinema-strangiato-r40-director-s-cut,Rush: Cinema Strangiato - R40+ Director's Cut,165.0,2021-09-09,US,Music,7.0,"Following the success of Rush: Cinema Strangiato - Director's Cut in movie theaters worldwide, Anthem Entertainment and Trafalgar Releasing give Rush fans around the world the opportunity to experience it again – this time from the comfort of home.  In celebration 40 years of Moving Pictures, this global streaming release features the “director’s cut” of 2019's R40+ event that was just shown in cinemas, giving audiences a special look into R40 LIVE, with a setlist including this year’s new additions of bonus tracks ""One Little Victory"" and “Red Barchetta” as well as ""Cygnus X-1 / “The Story So Far” featuring Neil's final recorded drum solo masterpiece.",Dale Heslip,,Released,English,,
1553193,https://www.themoviedb.org/movie/1553193-take-away,Take Away,9.0,2024-10-01,TH,"Action, Thriller",0.0,"The long shot story of Kate, who was kidnapped in a certain place to be interrogated by Hia Tui, the mafia gang leader, about the attempted assassination of Hia Tui himself, in which Kate becomes the prime suspect.",Kasampol Piambia,Apisit Promrak,Released,Thai,,
263109,https://www.themoviedb.org/movie/263109-shaun-the-sheep-movie,Shaun the Sheep Movie,85.0,2015-08-13,KR,"Family, Animation, Comedy, Adventure",7.0,"When Shaun decides to take the day off and have some fun, he gets a little more action than he bargained for. A mix up with the Farmer, a caravan and a very steep hill lead them all to the Big City and it's up to Shaun and the flock to return everyone safely to the green grass of home.","Richard Starzak, Mark Burton","Richard Starzak, Mark Burton",Released,English,25000000.0,106209378.0
454266,https://www.themoviedb.org/movie/454266,Essay on Grandfather,9.0,1987-04-25,SU,Animation,6.0,"Doing homework, the student writes an essay about the early years of the life of his grandfather, who was accompanied by his faithful friend, the horse Grey. Together they attended courses of cab drivers and being newcomers they got acquainted with the urban way of life. Description of ancient streets, interesting people and unexpected events before the revolution were the focus of the story.",Natalia Marchenkova,Natalia Huzieieva,Released,Ukrainian,,
318093,https://www.themoviedb.org/movie/318093-stinking-heaven,Stinking Heaven,70.0,2015-12-09,US,Drama,4.6,A black-as-tar comedy charting the dissolution of a commune for sober living in suburban 1990s New Jersey.,Nathan Silver,"Nathan Silver, Deragh Campbell, Jack Dunphy",Released,English,,
76489,https://www.themoviedb.org/movie/76489-the-three-stooges,The Three Stooges,92.0,2012-11-07,KR,Comedy,5.8,"Left on the doorstep of an orphanage run by nuns, three newborn knuckleheads grow up to be finger-poking, nyuk-nyuking janitors named Larry, Curly and Moe. When they learn that financial problems will soon force the only home they've ever known to close, the trio sets out to raise $830,000 in one month. Out in the world for the very first time, the three innocent bumblers become embroiled in a murder plot and find stardom on a TV reality show.","Bobby Farrelly, Peter Farrelly","Bobby Farrelly, Peter Farrelly, Mike Cerrone",Released,English,30000000.0,54819301.0
1414010,https://www.themoviedb.org/movie/1414010-senin-harga-naik,Last Chance To Save,116.0,2026-03-18,ID,"Drama, Comedy",7.9,"Mutia, a real estate salesperson, had a heated argument with her mother, Retno, over her job, which she claimed was unrelated to her pharmacy studies. Mutia decided to leave home and live independently. She wanted to prove that she could succeed in her field. Three years later, Mutia received a promotion to general manager with one condition, successfully clearing the land that had been her mother's house and cake shop. Mutia faced the dilemma of returning home to face her mother, whom she hadn't seen in years.",Dinna Jasanti,Rino Sarjono,Released,Indonesian,,
455236,https://www.themoviedb.org/movie/455236-accident-man,Accident Man,105.0,2018-02-06,US,"Action, Crime, Thriller, Adventure, Comedy",6.3,"Mike Fallon, the Accident Man, is a stone cold killer.  When a loved one is murdered by his own crew, Fallon is forced to avenge the one person who actually meant something to him.",Jesse V. Johnson,"Scott Adkins, Stu Small",Released,English,,43500000.0
86000,https://www.themoviedb.org/movie/86000,Always,108.0,2011-10-20,KR,"Romance, Drama",7.8,A former boxer turned parking lot attendant finds hope in the love of the blind telemarketer who walks into his booth one day.,Song Il-gon,"Song Il-gon, Roh Hong-jin",Released,Korean,,6941450.0
730840,https://www.themoviedb.org/movie/730840-trollhunters-rise-of-the-titans,Trollhunters: Rise of the Titans,106.0,2021-07-21,US,"Animation, Fantasy, Family, Action, Adventure",7.6,"The Guardians of Arcadia reunite to battle the nefarious Arcane Order, who've reawakened the primordial Titans.","Francisco Ruiz Velasco, Johane Matte, Andrew L. Schmidt","Kevin Hageman, Guillermo del Toro, Marc Guggenheim, Dan Hageman",Released,English,,
1575647,https://www.themoviedb.org/movie/1575647-it-hunts,It Hunts,98.0,2026-07-18,US,"Horror, Mystery, Thriller",0.0,An aimless nightcrawler races to unravel the mystery of the supernatural entity hunting him.,Gabriel Black,Gabriel Black,Released,English,67000.0,
1525373,https://www.themoviedb.org/movie/1525373-babel,Babel,11.0,2025-10-09,NL,,0.0,"In Chinatown, a woman wrestles with the immigration system to bring her 5-year-old daughter to the US. When a neighbor’s undocumented status threatens her case, she must decide if saving one family is worth sacrificing another.",Jaap Deinum,,Released,English,,
1629728,https://www.themoviedb.org/movie/1629728-plus,Back To The Past Plus+,,2026-02-14,HK,Science Fiction,0.0,"Wrongly imprisoned after Hong Siu-lung’s time-traveling disappearance, Ken was wrongly imprisoned and lost everything. After his release, he leads his daughter Galie and a team to steal the Cme machine. Equipped with a face-duplication device, Ken plans to pose as the Qin Emperor and realize his dream of being king as his way of making up for everything he lost. Meanwhile, in the Qin Dynasty, Hong Siu-lung has been living in seclusion in the countryside with his wives Kam Ching and Ting-fong, his son Bowie, and his blood brother. Life looks peaceful on the surface, but the family are closely watched by the Qin Emperor. Ken launches an ambush on the Qin Emperor, but the emperor manages to escape. Meanwhile, Hong knows that as the only person who knows that the Qin Emperor is actually impersonated his disciple, he will be worthless once the Qin unites the warring states. To protect his family, Hong decides to uproot his family.","Jack Lai Jan-Lung, Ng Yuen-Fai",Lily He,Released,Cantonese,,
411519,https://www.themoviedb.org/movie/411519-falta-alguem-no-manicomio,Falta Alguém no Manicômio,,1948-08-31,BR,Comedy,10.0,We don't have an overview translated in English. Help us expand our database by adding one.,José Carlos Burle,José Carlos Burle,Released,Portuguese,,
1642846,https://www.themoviedb.org/movie/1642846-the-cleanup,The Cleanup,,2025-02-05,DK,"Action, Comedy",0.0,"A young girl from a wealthy family shoots her boyfriend dead in her home in an intense moment. Horrified and panicking about what she has done, she calls the number of a special cleanup service that promises to get rid of the body and make all evidence disappear. Unfortunately their staff is currently short handed and they send a bloody rookie to do the job. Can that go well?",Jakob Kuhn,Jakob Kuhn,Released,English,,
37821,https://www.themoviedb.org/movie/37821-killers,Killers,100.0,2010-06-04,US,"Action, Comedy, Thriller, Romance",6.0,"When an elite assassin marries a beautiful computer whiz after a whirlwind romance, he gives up the gun and settles down with his new bride. That is, until he learns that someone from his past has put a contract out on his life.",Robert Luketic,"Bob DeRosa, Ted Griffin",Released,English,75000000.0,98159963.0
1317088,https://www.themoviedb.org/movie/1317088-the-assessment,The Assessment,114.0,2025-03-21,US,"Science Fiction, Drama, Thriller",6.9,"In a climate change-ravaged world, a utopian society optimizes life, including parenthood assessments. A successful couple faces scrutiny by an evaluator over seven days to determine their fitness for childbearing.",Fleur Fortuné,"John Donnelly, Dave Thomas, Nell Garfath-Cox",Released,English,8000000.0,279328.0
118451,https://www.themoviedb.org/movie/118451,Eungyo,129.0,2012-04-25,KR,"Drama, Romance",6.7,"A reclusive elderly poet feels the fire of his youth when gamine schoolgirl Eun-gyo enters his life, to the chagrin of the old man's assistant.",Jung Ji-woo,"Jung Ji-woo, Park Bum-shin",Released,Korean,,9048531.0
1284146,https://www.themoviedb.org/movie/1284146-rebirth,Rebirth,14.0,2024-05-09,US,"Drama, Crime, Science Fiction",0.0,"When a thief discovers himself, he must come to terms with his new reality.",Luke Manock,Luke Manock,Released,English,,
885044,https://www.themoviedb.org/movie/885044-kinshasa-palace,Kinshasa Palace,70.0,2006-09-08,CA,Drama,0.0,"The filmmaker searches for his brother Max, who left his children without explanation. The brothers grew up in the Congo with their white father and Congolese mother. He visits their mother, who still lives in Kinshasa, and their father in Lisbon, as well as the extended family in France and Belgium. His search even takes him to Cambodia where Max was spotted. This fiction film is based on, and uses, the filmmaker's own family.",Zeka Laplaine,Zeka Laplaine,Released,French,,
10753,https://www.themoviedb.org/movie/10753,Police Story 2,105.0,1988-12-31,KR,"Action, Crime, Thriller",7.1,The Hong Kong super-cop must stop a group of blackmailing bombers at the same time that the villains of the first Police Story are out for revenge.,Jackie Chan,"Jackie Chan, Edward Tang",Released,Cantonese,750000.0,11477301.0
10366,https://www.themoviedb.org/movie/10366-universal-soldier-the-return,Universal Soldier: The Return,82.0,1999-08-20,US,"Action, Science Fiction",5.9,"Luc Deveraux, the heroic former Universal Soldier, is about to be thrown into action once again. When SETH, the supercomputer-controlled ultra-warrior, decides to take revenge and destroy its creators, only Luc can stop it. All hell breaks loose as Luc battles SETH and a deadly team of perfect soldiers in a struggle that pits man against machine and good against evil.",Mic Rodgers,"John Fasano, William Malone",Released,English,33500000.0,10667893.0
9731,https://www.themoviedb.org/movie/9731-friday-the-13th-a-new-beginning,Friday the 13th: A New Beginning,92.0,1985-03-22,US,"Horror, Thriller",5.3,"Homicidal maniac Jason returns from the grave to cause more bloody mayhem. Young Tommy may have escaped from Crystal Lake, but he’s still haunted by the gruesome events that happened there. When gory murders start happening at the secluded halfway house for troubled teens where he now lives, it seems like his nightmarish nemesis, Jason, is back for more sadistic slaughters.",Danny Steinmann,"Danny Steinmann, Martin Kitrosser, David Cohen, John Shepherd",Released,English,2200000.0,21930715.0
11074,https://www.themoviedb.org/movie/11074-striking-distance,Striking Distance,102.0,1993-12-24,KR,"Crime, Action, Mystery, Thriller",5.9,"Coming from a police family, Tom Hardy ends up fighting his uncle after the murder of his father. Tom believes the killer is another cop, and goes on the record with his allegations. Demoted to water-way duty Tom, along with new partner Jo Christman, navigate the three rivers looking for clues and discovering bodies. This time the victims are women Tom knows, he must find the killer to prove his innocence.",Rowdy Herrington,"Rowdy Herrington, Marty Kaplan",Released,English,,
271706,https://www.themoviedb.org/movie/271706,Big Fish & Begonia,101.0,2017-06-15,KR,"Animation, Adventure, Fantasy",7.3,"Beyond the human realm, there is a magical race of beings who control the tides and the changing of the seasons. One of these beings, a young girl named Chun, seeks something more—she wants to experience the human world! At sixteen, she finally gets her chance and transforms into a dolphin in order to explore the world that has her fascinated. But she soon discovers that it's a dangerous place and nearly gets killed in a vortex. Luckily, her life is spared when a young boy sacrifices himself to save her. Moved by his kindness and courage, she uses magic to bring him back to life only to learn that this power comes at a serious price. On a new adventure, she’ll have to make her own sacrifices in order to protect his soul until it is ready to return to the human world.","Liang Xuan, Zhang Chun",Liang Xuan,Released,Chinese,4531653.0,84552250.0
203739,https://www.themoviedb.org/movie/203739-vampire-academy,Vampire Academy,104.0,2014-02-07,US,"Comedy, Action, Fantasy",6.3,"Rose, a rebellious half-vampire/half-human guardian-in-training and her best friend, Lissa -- a mortal, royal vampire Princess - have been on the run when they are captured and returned to St. Vladamirs Academy, the very place where they believe their lives may be in most jeopardy. Rose will sacrifice everything to protect Lissa from those who intend to exploit her from within the Academy walls and the Strigoi (immortal, evil vampires) who hunt her kind from outside its sanctuary.",Mark Waters,"Richelle Mead, Daniel Waters",Released,English,30000000.0,15391979.0
11568,https://www.themoviedb.org/movie/11568-blues-brothers-2000,Blues Brothers 2000,123.0,1998-02-06,US,"Action, Comedy, Crime",5.3,"Finally released from prison, Elwood Blues is once again enlisted by Sister Mary Stigmata in her latest crusade to raise funds for a children's hospital. Hitting the road to re-unite the band and win the big prize at the New Orleans Battle of the Bands, Elwood is pursued cross-country by the cops.",John Landis,"John Landis, Dan Aykroyd",Released,English,28000000.0,14051384.0
39204,https://www.themoviedb.org/movie/39204,Detective Conan: Strategy Above the Depths,110.0,2013-08-07,KR,"Animation, Mystery",6.9,"Fifteen years ago in a barren stretch of the Pacific, a cruise ship collided with an iceberg and was lost at sea. More than a decade later, Hideto Yashiro—a ship engineer—died in a fatal car accident. The unlikely connection between these events only comes to light on the luxury liner St. Aphrodite during her maiden voyage. Aboard it on a much needed vacation, Kogorou Mouri, his daughter Ran, Conan Edogawa, and the Detective Boys enjoy a trip provided by Sonoko Suzuki's family. But their fun is soon cut short when a game of hide-and-seek leads to Sonoko's disappearance.",Yasuichiro Yamamoto,Kazunari Kouchi,Released,Japanese,,20768817.0
755909,https://www.themoviedb.org/movie/755909-inconstancia,Inconstância,7.0,2011-07-19,BR,,0.0,"Cold and silence. As a company, only loneliness. Immersed in a gray world, Jacinto realizes that the simplicity of the gardener can bring the warmth and happiness that your life needs.",Ary Rosa,,Released,Portuguese,,
1116465,https://www.themoviedb.org/movie/1116465,A Legend,129.0,2024-07-05,CN,"Action, Adventure, Fantasy",6.8,An archeologist noticed that the texture of the relics discovered during the excavation of a glacier closely resembled a jade pendant seen in one of his dreams. He and his team then embark on an expedition into the depths of the glacier.,Stanley Tong Gwai-Lai,Stanley Tong Gwai-Lai,Released,Chinese,,11242056.0
110930,https://www.themoviedb.org/movie/110930-adieu-meres,Goodbye Mothers,115.0,2008-02-01,MA,,5.0,"In 1960, Moroccan Jews began migrating en masse to Israel, encouraged by immigration officers of the new state. The film tells the drama of the story of two families, one Jewish and one Muslim, joined by a close friendship but whose destinies are separated. Selected by Morocco as a candidate for the 2008 Oscar for Best Picture Foreign Language.",Mohamed Ismail,"Mohamed Ismail, Reine Danan",Released,English,,
1735162,https://www.themoviedb.org/movie/1735162-hantu-punya-bos,Hantu Punya Bos,,2016-01-01,MY,,0.0,"SYNOPSIS  NOVEL ""GHOST'S BOSS""!  Working under the same roof as Arrayyan Zainuddin was never something that crossed Abby's mind. Especially after hearing Diela's curse against the man. Every day, Abby receives complaints from Diela, so much so that her heart has grown to harbor hatred towards the man named Arrayyan. On just the first day of Abby working there, Arrayyan was already driving her crazy! Every time he snapped at her, Abby would snap back at him with insults, calling him a 'ghost's boss!'. Sometimes Abby would add a bonus—a slap! Arrayyan was shocked by her actions. Fortunately Abby had an excuse! She startles easily! If not, her hand would surely have landed on Abby's face again by now. Somehow, from being disgusted by the sight of Abby, he now wants to see her all the time! The presence of Wandi confuses him. He is forced to take aggressive action by 'dragging' the girl to Melaka with him to express the newfound feelings of love that are just beginning to bloom.",Mohamed Feroz Kader Abdul Kader,,Released,English,,
336,https://www.themoviedb.org/movie/336-giu-la-testa,"Duck, You Sucker",157.0,1972-02-03,KR,Western,7.7,"At the beginning of the 1913 Mexican Revolution, greedy bandit Juan Miranda and idealist John H. Mallory, an Irish Republican Army explosives expert on the lam from the British, fall in with a band of revolutionaries plotting to strike a national bank. When it turns out that the government has been using the bank as a hiding place for illegally detained political prisoners -- who are freed by the blast -- Miranda becomes a revolutionary hero against his will.",Sergio Leone,"Sergio Leone, Sergio Donati, Luciano Vincenzoni",Released,Italian,,
13682,https://www.themoviedb.org/movie/13682-pooh-s-heffalump-movie,Pooh's Heffalump Movie,68.0,2017-01-01,KR,"Family, Animation, Comedy, Fantasy",6.9,"Who or what exactly is a Heffalump? The lovable residents of the Hundred Acre Wood -- Winnie the Pooh, Rabbit, Tigger, Eeyore, Kanga and the rest of the pack -- embark on a journey of discovery in search of the elusive Heffalump. But as is always the case, this unusual road trip opens their eyes to so much more than just the creature they're seeking.",Frank Nissen,"Brian Hohlfeld, Evan Spiliotopoulos",Released,English,20000000.0,52900000.0
353577,https://www.themoviedb.org/movie/353577-love-at-first-sight,Love at First Sight,91.0,2023-09-15,KR,"Romance, Drama",7.2,"Hadley and Oliver begin falling in love on a flight from New York to London, but when they lose each other at customs, can they defy all odds to reunite?",Vanessa Caswill,"Jennifer E. Smith, Katie Lovejoy",Released,English,,
856850,https://www.themoviedb.org/movie/856850-medaljens-pris,Medaljens Pris,,2012-07-26,SE,Documentary,10.0,We don't have an overview translated in English. Help us expand our database by adding one.,Folke Rydén,,Released,Swedish,,
809461,https://www.themoviedb.org/movie/809461-os-sertoes-o-homem-ii-da-re-volta-ao-trans-homem,Os Sertões: O Homem II — da Re-volta ao Trans-homem,345.0,2003-11-15,BR,,0.0,"Dedicated to ""the creation of an heroic and anti-heroic attitude of those that go to war and say: Farewell Man!,"" the theatrical version of the second movement of the second part of Os Sertões presents the passage from the re-volted man to the trans-man, creator of an alternate possibility for human adventure on Earth. From the story of Antônio Conselheiro, all theater relives its seminal death: a common man who, out of love, transmutes into an anti-messianic leader, gathering a legion of ""sertanejos,"" roots of solidarity in the inlands of Bahia who, in a community effort, raise dams, churchs, and cemiteries. The community had at one point 25 thousand inhabitants, in its days the second largest city of Bahia. Capuchin Friars attempted to disperse the people of Canudos ""diplomatically."" Their denial to obey the official religious order led the Evangelist Friar to damn the followers of Antônio Conselheiro in the name of Jesus. The City prepares for war.","José Celso Martinez Corrêa, Gabriel Fernandes, Henrique Palazzo","José Celso Martinez Corrêa, Euclides da Cunha",Released,Portuguese,,
284646,https://www.themoviedb.org/movie/284646,Kraurya,118.0,1995-12-29,IN,Drama,0.0,"The story of Rangajji, a widow who loves to tell stories of fantasy to the children of her village. Rangajji's hardships start when her only son dies young mysteriously. Rangajji goes to live with a distant relative of hers, only to receive a cold welcome. Life goes on endlessly for Rangajji. She longs to tell stories to children, but her freedom is severely restricted",Girish Kasaravalli,Girish Kasaravalli,Released,Kannada,,
343475,https://www.themoviedb.org/movie/343475-pokfoci,Spider Football,81.0,1976-06-05,HU,"Drama, Comedy",6.5,"This satire on film depicts the micro-climate of a technical vocational school newly established at a housing estate. The construction vocational school holds a name-giving ceremony, thus calling the attention of its supervisory organ to itself. The school-master distributes as well as receives presents from the sponsoring factory, and the pupils sit for a written examination of unheard-of material. The results are devastating, which the despotic school-master attempts to conceal by a staged disciplinary procedure.",János Rózsa,"János Rózsa, István Kardos",Released,Hungarian,,
1447971,https://www.themoviedb.org/movie/1447971,Scare Out,104.0,2026-02-17,CN,"Crime, Thriller, Action",6.7,"After a critical intelligence leak, a national security unit launches an intensive investigation. But successive setbacks in their arrest operations reveal a shocking truth: the trail leads back to within the unit itself. Amidst a storm of trust and betrayal, a silent battle begins to unfold...",Zhang Yimou,"Zhang Yimou, Chen Liang",Released,Chinese,,186971064.0
1714238,https://www.themoviedb.org/movie/1714238-static,Static,6.0,2026-06-13,US,,0.0,"After their father mysteriously vanished during their childhood, siblings Cali and Derrick follow the last known trace of him to a familiar landmark. But as the boundaries of reality begin to dissolve around them, Cali finds herself trapped within a vast, endless liminal space that feels hauntingly familiar.",Katy Joy,Katy Joy,Released,English,,
567748,https://www.themoviedb.org/movie/567748-the-guilty,The Guilty,89.0,2021-10-01,KR,"Drama, Thriller",6.4,A demoted police officer assigned to a call dispatch desk is conflicted when he receives an emergency phone call from a kidnapped woman.,Antoine Fuqua,Nic Pizzolatto,Released,English,,
369471,https://www.themoviedb.org/movie/369471,The Unspoiled Diamond,104.0,1982-05-15,JP,"Romance, Drama",4.3,"A college student has an affair with a married, middle-aged teacher.",Toshiya Fujita,Akiko Tanaka,Released,Japanese,,
53445,https://www.themoviedb.org/movie/53445-the-unloved,The Unloved,106.0,2009-05-17,GB,"Drama, TV Movie",6.8,"Lucy is eleven years old. Having been neglected by her estranged mother and father, she is placed in a children's home. Through her eyes, we follow her struggle to cope with the system; her only saving being her self-belief and certainty that she is being watched over and protected by the holy spirit.",Samantha Morton,"Samantha Morton, Tony Grisoni",Released,English,,
50321,https://www.themoviedb.org/movie/50321-mars-needs-moms,Mars Needs Moms,88.0,2011-03-11,US,"Adventure, Animation, Family",6.0,"When Martians suddenly abduct his mom, mischievous Milo rushes to the rescue and discovers why all moms are so special.",Simon Wells,"Simon Wells, Wendy Wells",Released,English,150000000.0,39000000.0
667739,https://www.themoviedb.org/movie/667739-the-man-from-toronto,The Man from Toronto,113.0,2022-06-24,KR,"Action, Adventure, Comedy",6.4,A case of mistaken identity forces a bumbling entrepreneur to team up with a notorious assassin known as The Man from Toronto in hopes of staying alive.,Patrick Hughes,"Robbie Fox, Chris Bremner",Released,English,75000000.0,
432445,https://www.themoviedb.org/movie/432445-schon-muss-man-sein,Schön muß man sein,,1951-02-01,DE,"Comedy, Music",8.0,We don't have an overview translated in English. Help us expand our database by adding one.,Ákos Ráthonyi,"Gustav Kampendonk, Kurt Schwabach, Fritz von Woedtke",Released,German,,
12838,https://www.themoviedb.org/movie/12838-chacun-sa-nuit,One to Another,95.0,2006-07-21,FR,Drama,6.0,"A story about bunch of people who live in a town in provincial France. At the center of it all is Pierre, a conceited and vain bisexual musician in his late teens who acts as a magnet, to varying degrees, for a whole array of characters - from his sister Lucie, with whom he has a heated incestuous relationship, to a city councilor with whom he participates in gay orgies. When Pierre turns up dead, Lucie investigates the reasons for his demise and charts the network of sadomasochistic relationships that crisscross the town.","Pascal Arnold, Jean-Marc Barr",Pascal Arnold,Released,French,,
143557,https://www.themoviedb.org/movie/143557-napozz-holddal-a-kispalfilm,Napozz Holddal - A Kispálfilm,,2010-12-14,HU,"Documentary, Music",10.0,"With an intimate look into the band's life, this concert documentary is about the farewell concert of cult Hungarian band 'Kispál és a borz'.",Merényi Dávid,,Released,Hungarian,,
13285,https://www.themoviedb.org/movie/13285-barbie-fairytopia-mermaidia,Barbie Fairytopia: Mermaidia,76.0,2006-03-14,US,"Animation, Family, Adventure, Fantasy",6.9,"In this animated follow-up to Fairytopia, Elina enlists the help of a mermaid, Nori, to save her friend Nalu, a merman prince who has been captured by the wicked Laverna.","William Lau, Walter P. Martishius",Elise Allen,Released,English,,
898495,https://www.themoviedb.org/movie/898495,阿拉尔·我和你,,2014-09-26,CN,Drama,5.0,We don't have an overview translated in English. Help us expand our database by adding one.,Zhou Jun,Gang Zhou,Released,Chinese,,
1452063,https://www.themoviedb.org/movie/1452063-control-freak,Control Freak,,2025-02-21,US,Thriller,0.0,A warehouse manager with a troubled past spirals into infidelity and murder. Therapy and a DNA test reveal dark truths that ignite his rage.,Barry Williams,Edd Caldwell Jr.,Released,English,,
1730383,https://www.themoviedb.org/movie/1730383-memori-ekspress,Memori Ekspress,,2022-01-01,MY,,0.0,"Ramona and her boyfriend, Erwin, have just completed a scam on a retired couple who wanted to open a grocery store for RM50 thousand.",Idril Mihat,,Released,English,,
649609,https://www.themoviedb.org/movie/649609-renfield,Renfield,93.0,2023-04-19,KR,"Comedy, Fantasy, Horror",6.4,"Having grown sick and tired of his centuries as Dracula's lackey, Renfield finds a new lease on life — and maybe even redemption — when he falls for feisty, perennially angry traffic cop Rebecca Quincy.",Chris McKay,Ryan Ridley,Released,English,65000000.0,26493921.0
1494873,https://www.themoviedb.org/movie/1494873-des-conhecidas,(des)conhecidas,,2025-06-10,BR,Drama,0.0,We don't have an overview translated in English. Help us expand our database by adding one.,Ana Luiza Forner,Ana Luiza Forner,Released,Portuguese,,
265562,https://www.themoviedb.org/movie/265562-barro-humano,Human Clay,,1929-06-16,BR,Drama,8.0,"The story evolves around four women. The two lead characters, Vera and Gilda, middle-class women, are poor but ambitious. They face the bourgeois characters, Helena and Diva.",Adhemar Gonzaga,"Adhemar Gonzaga, Generoso Ponce, Alvaro Moreyra, Paulo Wanderley",Released,Portuguese,,
985480,https://www.themoviedb.org/movie/985480-valentina-versus,Valentina Versus,14.0,2023-09-26,BR,"Comedy, Action",10.0,"Directed by Anne Lise Ale and E.M.Z Camargo, “Valentina Versus” tells the heroic journey of Valentina, Joana, and Ariel. The girlfriends’ traditional RPG night turns into an epic battle when Valentina is persuaded to go to a party. Transporting the language of gamers to cinema, the film ventures into a fantastic universe while revealing that life can be an exciting journey.","Anne Lise Ale, E. M. Z. Camargo",Mike Ale,Released,Portuguese,,
781905,https://www.themoviedb.org/movie/781905-az-orias,Az óriás,78.0,1984-04-05,HU,Drama,10.0,"In the spring of 1945, in bombed-out Budapest, a powerful boy, young István Kovács, recently arrived from the mountains, and a girl from Pest, Juli Szandál, who has lost everyone, meet. They fall in love and move into a hut in the suburbs. Juli is frightened by the giant's sincere feelings and naivety. Their love, which started off idyllically, is partly marked by this and partly by the difficulties of the post-war period...",Erika Szántó,"Erika Szántó, Tibor Déry",Released,Hungarian,,
1075536,https://www.themoviedb.org/movie/1075536-suki,Suki,111.0,2023-02-24,PH,Drama,4.6,"A lady stripper and a gigolo promised each other that their work can't break them apart. But when lust and temptation come into the picture, they begin to question their vow.",Albert Langitan,Albert Langitan,Released,Tagalog,,
1595580,https://www.themoviedb.org/movie/1595580-loss,Loss,12.0,2026-04-13,US,Drama,0.0,"Amy is having the worst day of her life. Her 16-year-old daughter, Emma, is finally undergoing a heart transplant after waiting over two years. As Emma fights for her life, Amy sits alone in the hospital waiting room, overwhelmed by fear, exhaustion, and a deep anger towards God. She tries to pray but can’t find the words, consumed by rage at the unfairness of it all.",Alejandra Rosales,Alejandra Rosales,Released,English,12000.0,
767985,https://www.themoviedb.org/movie/767985-um-dia-de-colera,Um Dia de Colera,10.0,2019-06-13,BR,"Comedy, Drama",0.0,We don't have an overview translated in English. Help us expand our database by adding one.,Camila Jaquiel,Maria Shu,Released,Portuguese,,
473008,https://www.themoviedb.org/movie/473008-a-festa-e-os-caes,The Party and the Barking,25.0,2015-03-21,FR,Documentary,6.0,"In Fortaleza, Brazil, loving, drinking and singing. The return home, braving stray dogs. And taking photos, up to the moment the plastic camera bought in 2013 gives up the ghost.",Leonardo Mouramateus,Leonardo Mouramateus,Released,Portuguese,,
263744,https://www.themoviedb.org/movie/263744,Sarvadhikari,176.0,1951-09-14,IN,History,10.0,1951 Indian Tamil-language historical adventure film,M. Somasundaram,,Released,Tamil,,
304150,https://www.themoviedb.org/movie/304150,Anbae Odi Vaa,120.0,1984-05-10,IN,,8.0,"Prema transfers to a college in the same town as college student Mahesh. She is rich, beautiful and harbors a deep sense of entitlement. Mahesh is reserved and primarily focused on his education as well as excelling in running track. He politely ignores Prema the few times they meet which enrages her. She makes it a point to reach out to him and fosters a friendship. Mahesh soon falls in love with Prema and she becomes the focus of life. Prema plays along in an attempt to get revenge.",R.Renjith Kumar,,Released,Tamil,,
1058626,https://www.themoviedb.org/movie/1058626-people-of-moon-people-of-blood-yanomami-document-1972-1982,"People of Moon, People of Blood: Yanomami document 1972-1982",,1985-01-01,DE,Documentary,0.0,We don't have an overview translated in English. Help us expand our database by adding one.,Marcello G. Tassara,"Marcello G. Tassara, Claudia Andujar, Thiago de Mello",Released,Portuguese,,
964877,https://www.themoviedb.org/movie/964877-nous-les-leroy,Meet the Leroys,102.0,2024-04-10,FR,"Comedy, Drama",6.2,A man takes his wife and their teenage children on a road trip down memory lane while facing divorce.,Florent Bernard,Florent Bernard,Released,French,,
588958,https://www.themoviedb.org/movie/588958-der-patriot,The Patriot,35.0,2018-11-18,NL,Documentary,0.0,"At the age of 21, Vasily Vlasov became the youngest parliamentarian in the Russian Duma. Given his abundant confidence and self-assured manner, he could have been a refreshing new voice.",Katja Fedulova,"Katja Fedulova, Calle Overweg",Released,German,,
149039,https://www.themoviedb.org/movie/149039-los-baneros-mas-locos-del-mundo,Part-Time Lifeguards,82.0,1987-02-05,AR,Comedy,6.5,"This time, the Brigada Z gang, take a little vacation in Mar del Plata but their money is stolen. In order to enjoy their vacation, they become lifeguards and accidentally discover a band of thieves that robs Casinos. Emilio, Gino, Berugo and Alberto don't forget they're cops so they decide to investigate.",Carlos Galettini,Salvador Valverde Calvo,Released,Spanish; Castilian,,
1443260,https://www.themoviedb.org/movie/1443260-rob1n,Rob1n,91.0,2025-04-18,US,"Horror, Thriller, Drama",5.4,"When a robotics expert channels the grief of losing his 11 year-old son into building 'Robin', a fully functioning robotic doll, a series of horrific events makes it clear Robin will do whatever it takes to have his creator all to himself.",Lawrence Fowler,Lawrence Fowler,Released,English,,25242.0
86914,https://www.themoviedb.org/movie/86914-hans-majestat-far-vanta,Hans Majestät får vänta,91.0,1945-07-02,SE,Comedy,5.3,"The chamberlain Carl Johan Stjärna is a poor aristocrat who has to resort to borrowing money from his manservant Frans to afford champagne and restaurant visits. Frans has told his fiance Irene that he is an aristocrat which leads to some complications, not least because Irene has told Frans she is a rich land owner's daughter, although she is in a housemaid.",Gustaf Edgren,"Gustaf Edgren, Oscar Rydqvist",Released,Swedish,,
1264854,https://www.themoviedb.org/movie/1264854-wanted-girlfriend,Wanted: Girlfriend,48.0,2024-04-16,PH,"Drama, Romance",5.2,Sheina Yu and Reina Castillo date a man who likes to have sex anytime and anywhere. See who can keep up with his strong sexual appetite and be his girlfriend.,Rember Gelera,,Released,Tagalog,,
374205,https://www.themoviedb.org/movie/374205-one-piece-film-gold,One Piece Film: GOLD,120.0,2016-12-08,KR,"Action, Animation, Adventure, Comedy",7.2,"The glittering Gran Tesoro, a city of entertainment beyond the laws of the government, is a sanctuary for the world’s most infamous pirates, Marines, and filthy rich millionaires. Drawn by dreams of hitting the jackpot, Captain Luffy and his crew sail straight for the gold. But behind the gilded curtains lies a powerful king whose deep pockets and deeper ambitions spell disaster for the Straw Hats and the New World alike.",Hiroaki Miyamoto,"Clint Bickham, Tsutomu Kuroiwa",Released,Japanese,,66207073.0
1523157,https://www.themoviedb.org/movie/1523157-little-death,little death,5.0,2025-06-30,US,"Romance, Drama",10.0,A promiscuous girl falls in love with a woman after a series of random hook-ups.,Juno Rose,"Juno Rose, Isa Gonzalez",Released,English,75.0,
833425,https://www.themoviedb.org/movie/833425-no-exit,No Exit,96.0,2022-04-08,KR,"Thriller, Mystery",6.8,"Stranded at a rest stop in the mountains during a blizzard, a recovering addict discovers a kidnapped child hidden in a car belonging to one of the people inside the building which sets her on a terrifying struggle to identify who among them is the kidnapper.",Damien Power,"Taylor Adams, Andrew Barrer, Gabriel Ferrari",Released,English,,
626429,https://www.themoviedb.org/movie/626429,Wohti Le Kay Jani Aay,158.0,2010-11-11,PK,"Comedy, Romance",10.0,A village musician falls in love with a girl from an upper caste.,Syed Noor,Syed Noor,Released,Panjabi; Punjabi,,
488108,https://www.themoviedb.org/movie/488108-el-tango-vuelve-a-paris,The Tango Returns to Paris,85.0,1948-01-16,AR,"Drama, Music",7.0,"Obsessed by a Mexican singer, an Argentine doctor arrives in Paris; Far from his land he begins to find his true identity transforming into a singer of tangos.",Manuel Romero,Manuel Romero,Released,Spanish; Castilian,,
1723111,https://www.themoviedb.org/movie/1723111-taxibotsing,Taxibotsing,55.0,2017-09-11,NL,Documentary,0.0,"The arrival of the taxi app Uber is causing anger among existing taxi drivers. If the police do not intervene, they take matters into their own hands.  In Taxibotsing, Frans Bromet follows the battle waged by the established taxi world against Uber, a small online program that aims to eventually dominate the Dutch transport market. The battle is being fought on various levels. While the courts must determine whether the UberPop service is illegal (because drivers lack a license or do not pay taxes), the newcomer is an unpleasant reality for established taxi drivers. Livelihood theft, as well as resentment over colleagues going to work for the despised enemy, is turning the atmosphere on the streets grim.",Frans Bromet,,Released,Dutch; Flemish,,
136528,https://www.themoviedb.org/movie/136528-legiao-urbana-e-paralamas-juntos,Legião Urbana e Paralamas Juntos,,1988-09-03,BR,Music,0.0,We don't have an overview translated in English. Help us expand our database by adding one.,"Jodele Larcher, Roberto Talma",,Released,Portuguese,,
1643120,https://www.themoviedb.org/movie/1643120-stabby-chic,Stabby Chic,,2026-02-14,US,Horror,0.0,A Man notices strange killings happening by the dumpster near his apartment. He investigates only to be pulled into the dumpster to a world where all the trash is out to kill him.,Evan Jacobs,Evan Jacobs,Released,English,2000.0,
1726351,https://www.themoviedb.org/movie/1726351-raye-guests-live-at-montreux-jazz-festival-2026,RAYE Live at Montreux Jazz Festival,115.0,2026-07-05,CH,Music,8.0,"Marking the opening of the 60th edition of the Montreux Jazz Festival, RAYE invites a host of international pop stars to join her on stage for an evening of music.",Julien Minguely,,Released,English,,115.0
77985,https://www.themoviedb.org/movie/77985-maria-s-lovers,Maria's Lovers,109.0,1984-07-15,KR,"Drama, Romance",6.0,"A World War II prisoner returns home to his childhood sweetheart. However, back home, he discovers that he has to compete to win her love.",Andrei Konchalovsky,"Andrei Konchalovsky, Paul Zindel, Marjorie David, Gérard Brach, Floyd Byars",Released,English,,
1426809,https://www.themoviedb.org/movie/1426809-komplizinnen-vernunft-ist-keine-losung,Komplizinnen - Vernunft ist keine Lösung,113.0,2027-01-21,DE,Comedy,0.0,"Amidst sweating attacks, sex escapades, existential fears and the unsuccessful fight against the signs of the times, four women search for happiness and find themselves.",Sonja Heiss,Sonja Heiss,Post Production,German,,
1644965,https://www.themoviedb.org/movie/1644965-oydeis-anamarthtos,Ουδείς Αναμάρτητος,,1986-01-01,CY,Comedy,0.0,We don't have an overview translated in English. Help us expand our database by adding one.,Giannis Mentonis,Sotos Oreitis,Released,Greek,,
272057,https://www.themoviedb.org/movie/272057-bir-millet-uyaniyor,A Nation Awakens,,1966-01-01,TR,"History, War, Drama",5.2,Ertem Egilmez's period drama about National Forces in the Turkish War of Independence.,Ertem Eğilmez,"Nizamettin Nazif Tepedelenlioğlu, Sadık Şendil",Released,Turkish,55000.0,105000.0
669294,https://www.themoviedb.org/movie/669294,Lee Eun-mi Big Breasts,90.0,2020-02-01,KR,Romance,2.0,"Lee Eun-mi has been loved for a long time as an actress! Finally, a work has come to show her the hidden charms! Actor and actress Lee Eun-mi, a real actor loved by people who is active in various films and asmr youtubers, is a true story of the actors and the realistic stories she thinks. It comes close to the people! Also, she looks back at the best scenes she selects, and even the behind-the-scenes story behind them is a special interview for Eun-mi Lee, the'big breasts'!",Won Myeong-jun,,Released,Korean,,
1328570,https://www.themoviedb.org/movie/1328570-detective-tickles,Detective Tickles,6.0,2023-01-13,US,"Comedy, Mystery",0.0,"Detective tickles is a film Noir sketch that is in episode 1. It is about a party clown who turns Private eye. The sketch pays homage to film noir tropes, and is filmed in the classic style of black and white.",Elizabeth Laidlaw,Fee Basanavicius,Released,English,,
100728,https://www.themoviedb.org/movie/100728-buyuk-oyun,A Step into the Darkness,120.0,2009-09-17,TR,"Drama, Action",4.0,"The film tells the tragic story of an Iraqi-Turkish girl, Cennet, who loses her entire family during a US-led operation against insurgents in her village in US-occupied Iraq. She makes a distressing journey through the border between Turkey and Iraq to find her brother who had been sent to Turkey for treatment.",Atıl İnaç,"Atıl İnaç, Avni Özgürel",Released,Turkish,,
292399,https://www.themoviedb.org/movie/292399,The Whirlpool,,1927-01-02,RU,Drama,8.0,Directed by Pavel Petrov-Bytov.,Pavel Petrov-Bytov,"Pavel Petrov-Bytov, Olga Vishnevskaya",Released,Russian,,
836225,https://www.themoviedb.org/movie/836225-the-exorcism-of-god,The Exorcism of God,98.0,2022-03-11,US,"Horror, Crime, Drama, Fantasy",7.1,"An American priest working in Mexico is considered a saint by many local parishioners. However, due to a botched exorcism, he carries a secret that’s eating him alive until he gets an opportunity to face his demon one final time.",Alejandro Hidalgo,"Alejandro Hidalgo, Santiago Fernández Calvete",Released,English,1500000.0,
11422,https://www.themoviedb.org/movie/11422-midway,Midway,132.0,1976-06-18,US,"Action, Drama, History, War",6.6,"This war drama depicts the U.S. and Japanese forces in the naval Battle of Midway, which became a turning point for Americans during World War II.",Jack Smight,Donald S. Sanford,Released,English,4000000.0,100000000.0
579932,https://www.themoviedb.org/movie/579932-valentin-e,Valentin(e),6.0,2017-05-20,FR,,10.0,"Valentin, a 19-year-old boy, entered his dorm room for the first time. In a box he finds old pictures that remind him of his childhood.","Paul Marques Duarte, Violette Gitton",,Released,French,,
266835,https://www.themoviedb.org/movie/266835-nachste-woche-ist-frieden,… nächste Woche ist Frieden,,1995-04-25,DE,TV Movie,10.0,We don't have an overview translated in English. Help us expand our database by adding one.,Peter Schulze-Rohr,,Released,German,,
1659557,https://www.themoviedb.org/movie/1659557-novruz-isigi,Novruz Işığı,20.0,2026-03-20,AZ,,0.0,A new movie from CVN team,Elmar Farzali,Javad Qaffar,Released,Azerbaijani,,
301365,https://www.themoviedb.org/movie/301365-the-neon-demon,The Neon Demon,118.0,2016-10-20,KR,"Horror, Thriller",6.5,"When aspiring model Jesse moves to Los Angeles, her youth and vitality are devoured by a group of beauty-obsessed women who will take any means necessary to get what she has.",Nicolas Winding Refn,"Nicolas Winding Refn, Mary Laws, Polly Stenham",Released,English,7000000.0,3400000.0
639817,https://www.themoviedb.org/movie/639817-dodu-o-rapaz-de-cartao,Dodu – The Cardboard Boy,5.0,2010-11-08,PT,Animation,0.0,"A cardboard boy makes-believe inside a cardboard box. Dodu, the cardboard boy, is very sensitive and lives in a city wich is really hostile towards little children. So he spends many hours indoors, playing with Carica, his ladybug friend. Whenever Dodu scratches the surface of the cardboard box, he is able to create wonderful worlds inhabited by unusual creatures that help him to deal with his emotions and how to grow.",José Miguel Ribeiro,"Alexandre Honrado, Virgílio Almeida",Released,Portuguese,,
326460,https://www.themoviedb.org/movie/326460,Thambi Durai,,1997-12-05,IN,"Action, Drama",6.0,"Thambidurai elopes and marries Shenbagam, who is often tortured by her stepmother. Things take a drastic turn when Shenbagam's uncle announces the fake news of Thambidurai death to her.",Senthilnathan Jambulingam,Senthilnathan Jambulingam,Released,Tamil,,
921,https://www.themoviedb.org/movie/921-cinderella-man,Cinderella Man,144.0,2005-09-15,KR,"Romance, Drama, History",7.6,"The true story of boxer Jim Braddock who, following his retirement in the 1930s, makes a surprise comeback in order to lift his family out of poverty.",Ron Howard,"Cliff Hollingsworth, Akiva Goldsman",Released,English,88000000.0,108539911.0
1455238,https://www.themoviedb.org/movie/1455238-a-modelo,The Model,15.0,2025-06-01,BR,Horror,0.0,"After her mother's death, Ana returns to her reclusive father's house and comes across the paintings he creates to cope with grief. She soon discovers how these artworks reveal his deteriorating mental health and blur the boundaries between art and nightmare.",Luiz H. Costa,"Luiz H. Costa, André Arruda",Released,Portuguese,14000.0,
8346,https://www.themoviedb.org/movie/8346-my-big-fat-greek-wedding,My Big Fat Greek Wedding,95.0,2003-03-14,KR,"Comedy, Drama, Romance",6.5,A young Greek woman falls in love with a non-Greek and struggles to get her family to accept him while she comes to terms with her heritage and cultural identity.,Joel Zwick,Nia Vardalos,Released,English,5000000.0,368744044.0
533642,https://www.themoviedb.org/movie/533642-child-s-play,Child's Play,90.0,2019-06-20,KR,"Horror, Science Fiction",6.0,"Karen, a single mother, gifts her son Andy a Buddi doll for his birthday, unaware of its more sinister nature. A contemporary re-imagining of the 1988 horror classic.",Lars Klevberg,Tyler Burton Smith,Released,English,10000000.0,44902237.0
10992,https://www.themoviedb.org/movie/10992-cats-dogs,Cats & Dogs,87.0,2001-07-27,KR,"Family, Comedy, Action, Adventure, Fantasy",5.4,"When a professor develops a vaccine that eliminates human allergies to dogs, he unwittingly upsets the fragile balance of power between cats and dogs and touches off an epic battle for pet supremacy. The fur flies as the feline faction, led by Mr. Tinkles, squares off against wide-eyed puppy Lou and his canine cohorts.",Lawrence Guterman,"John Requa, Glenn Ficarra",Released,English,60000000.0,200687492.0
773901,https://www.themoviedb.org/movie/773901-tava-laime,Your Happiness,75.0,1960-01-01,LV,Drama,0.0,"An inspector is torn between her conviction of there being a need to reconstruct a factory, and a love interest who asks of her not to do that in order for him to further his career.",Ada Neretniece,Tatyana Sytina,Released,Latvian,,
93522,https://www.themoviedb.org/movie/93522-santana-greatest-hits-live-at-montreux-2011,Santana: Greatest Hits - Live at Montreux 2011,168.0,2012-02-21,US,Music,7.8,"Carlos and the band have been frequent visitors to Montreux over the years and in 2011 they presented a stunning concert of their greatest hits, classic album tracks and brilliant cover versions from their debut album right up to 2010's Guitar Heaven . This is the ultimate Santana live concert and absolutely not to be missed.",,,Released,English,,
724406,https://www.themoviedb.org/movie/724406-les-michetonneuses,The Gold-digger,80.0,2020-08-05,FR,"Drama, TV Movie",5.8,A trio of fashion-loving best friends from the Parisian suburbs dabble in sex work while pursuing freedom and luxury goods in the city of love.,Olivier Doran,"Rose Emilien, Jacques Kirsner",Released,French,,
289654,https://www.themoviedb.org/movie/289654-et-il-voulut-etre-une-femme,Et il voulut être une femme,76.0,1977-10-12,FR,Documentary,3.3,"A look on transvestites and transsexuals in early 80's Paris. The documentary focuses on Elisa, a Brazilian transvestite and ends with a filming of a surgical operation male to female.",Michel Ricaud,,Released,French,,
1283515,https://www.themoviedb.org/movie/1283515-verity,Verity,114.0,2026-10-02,US,"Mystery, Thriller",0.0,"Lowen Ashleigh gets hired by Jeremy Crawford to ghostwrite novels for his bestselling author wife Verity, who's unable to finish after an accident. Lowen uncovers Verity's disturbing truths while residing at the Crawfords' home to work.",Michael Showalter,"Colleen Hoover, Nick Antosca",Post Production,English,40000000.0,
1630235,https://www.themoviedb.org/movie/1630235-el-rastro,The Trace,20.0,2026-02-28,ES,"Drama, Thriller, Horror",10.0,A young man has an exhausting job in the family business. His nightmares merge with reality as he struggles to work for his father.,Eduardo Xavier,"Eduardo Xavier, Álvaro Lucas",Released,Spanish; Castilian,14000.0,
1431616,https://www.themoviedb.org/movie/1431616-nix,NIX,,2021-01-09,ES,Drama,0.0,We don't have an overview translated in English. Help us expand our database by adding one.,Álvaro Vera,Álvaro Vera,Released,Spanish; Castilian,100.0,
1625393,https://www.themoviedb.org/movie/1625393-mae-santissima,Mãe Santíssima,,2026-01-29,BR,Drama,0.0,We don't have an overview translated in English. Help us expand our database by adding one.,Buca Dantas,Rosália Figueiredo,Released,Portuguese,,
398474,https://www.themoviedb.org/movie/398474,Sankara,85.0,2007-01-25,LK,Drama,6.3,"Young Buddhist monk Ananda, arrives at a temple in order to restore its paintings. These paintings depict Thelapaththa Jathakaya, a moral story where Lord Buddha said that a man with a big target in life must not be swayed by passion (Keles), the five senses and especially beautiful women. One day, Ananda picks up a hair pin belonging to a young woman. While attempting to return this object to its owner, his repressed feelings are awoken by the beauty and sensuality of the woman. The young monk's inner spiritual world is plunged into turmoil. Then one day the paintings are destroyed. While restoring them for the second time Ananda begins to realize that he is trapped in a web of his worldly desires and attachments.",Prasanna Jayakody,,Released,Sinhala; Sinhalese,,
1728742,https://www.themoviedb.org/movie/1728742-mualaf-ekspres,Mualaf Ekspres,,2023-01-01,MY,,0.0,"Sean Lee, a young Chinese man, attempts to fast throughout Ramadan this time. In reality, he is doing all this to prove to his girlfriend Sweet's family that he is willing to do anything to demonstrate his sincerity towards her. This includes being willing to fast in order to maintain his relationship with Sweet. Meanwhile, Mak Liza, Sweet's mother, plans to matchmake her daughter with a man named Ropie who is also wealthy in their village. Mak Liza believes that Sweet will be happier marrying a perfect rich man. To achieve her goal of matchmaking Sweet with Ropie, Mak Liza devises various schemes together with Ropie to sabotage Sean Lee's fasting attempt. But will their plans succeed? And how does Sean Lee overcome these attempts?",Ejump Mohd,,Released,English,,
74018,https://www.themoviedb.org/movie/74018-a-cinderella-story-once-upon-a-song,A Cinderella Story: Once Upon a Song,88.0,2011-09-05,US,"Comedy, Family, Romance, Drama",6.4,"In this modern telling of the classic tale, aspiring singer Katie Gibbs falls for the new boy at her performing arts high school. But Katie's wicked stepmother and stepsister are scheming to crush her dream before she can sing her way into his heart.",Damon Santostefano,"Erik Patterson, Jessica Scott",Released,English,,
907,https://www.themoviedb.org/movie/907-doctor-zhivago,Doctor Zhivago,200.0,1978-01-01,KR,"Drama, Romance, War",7.6,"The life of a Russian physician and poet who, although married to another, falls in love with a political activist's wife and experiences hardship during World War I and then the October Revolution.",David Lean,"Boris Pasternak, Robert Bolt",Released,English,11000000.0,111858363.0
67342,https://www.themoviedb.org/movie/67342,Mr. Vampire,98.0,1987-05-16,KR,"Action, Comedy, Horror",6.9,"After the planned reburial of a village elder goes awry and the corpse resurrects into a hopping vampire, a Taoist priest and his two disciples attempt to stop him.",Ricky Lau,"Ricky Lau, Sze-To Cheuk-Hon, Barry Wong Ping-Yiu",Released,Cantonese,,
1734267,https://www.themoviedb.org/movie/1734267-bilal-gantian,Bilal Gantian,,2021-01-01,MY,,0.0,"Azad has a habit of coming home late because he spends his time with his hobby of playing music at a studio. This habit worries his adoptive mother, Aishah. On his way home, Azad nearly hits Pak Habib, who is crossing the road to recite the call to prayer at a nearby mosque. Azad helps escort Pak Habib to the village mosque. During the journey, Azad shares his family story with Pak Habib, and Pak Habib also enjoys telling him about his background. Azad's late father passed away in Mecca 10 years ago. Pak Habib explains that he has just returned to the village after wandering for 15 years. He came back because he wanted to settle the sale of his abandoned cottage and garden land. Because his headache is getting worse, he asks Azad to replace him in reciting the call to prayer. Azad recites the dawn call to prayer, shocking the village chief and the mosque committee members. After prayers, Pak Habib mysteriously disappears. Who is Pak Habib? What happened to Pak Habib?",Amzad Amir,,Released,English,,
1137844,https://www.themoviedb.org/movie/1137844-mayday,Mayday,110.0,2026-09-04,KR,"Adventure, Comedy, Action",0.0,"When a U.S. Navy pilot on a top-secret mission during the Cold War gets trapped behind enemy lines, his only chance at survival is to form an alliance with an eccentric ex-KGB agent.","Jonathan Goldstein, John Francis Daley","Jonathan Goldstein, John Francis Daley",Post Production,English,,
1612002,https://www.themoviedb.org/movie/1612002-lahure,Lahure,,1988-08-21,NP,"Action, Drama, War, Family, Romance",0.0,We don't have an overview translated in English. Help us expand our database by adding one.,Tulsi Ghimire,Tulsi Ghimire,Released,Nepali,,
11208,https://www.themoviedb.org/movie/11208-wicker-park,Wicker Park,115.0,2005-10-13,KR,"Drama, Mystery, Romance, Thriller",6.8,"Matthew, a young advertising executive in Chicago, puts his life and a business trip to China on hold when he thinks he sees Lisa, the love of his life who left him without a word two years earlier, walking out of a restaurant one day.",Paul McGuigan,Brandon Boyce,Released,English,30000000.0,13000000.0
35854,https://www.themoviedb.org/movie/35854,Flash Point,88.0,2008-06-12,KR,Action,6.9,"Detective Sergeant Ma Jun, known for dispensing his own brand of justice during arrests, teams up with an undercover cop, Wilson, to try and bring down three merciless Vietnamese brothers running a smuggling ring in the months before mainland China's takeover of Hong Kong. Jun pursues the gang tirelessly, sometimes ignoring police protocols. A showdown is inevitable!",Wilson Yip,"Szeto Kam-Yuen, Nicholl Tang Nik-Kei",Released,Cantonese,8000000.0,6177725.0
1077285,https://www.themoviedb.org/movie/1077285,The Muscovite-Sorcerer,76.0,1995-01-01,UA,"Comedy, Music",5.5,"Tatyana’s husband left for the business trip. And right away the local ladies’ men begin to put the moves towards a young woman. At first she fights back, but under the pressure of good words and love-making she is ready to put up hands. But the husband’s returning makes allowances in the plans of all characters.Based on  Ivan Kotliarevsky` vaudeville The Muscovite-Sorcerer, that, together with operetta Natalka Poltavka (Natalka from Poltava), was landmarks in the development of Ukrainian theater.",Nikolay Zaseev-Rudenko,Nikolay Zaseev-Rudenko,Released,Ukrainian,,
1689733,https://www.themoviedb.org/movie/1689733-connecting-threads,Connecting Threads,7.0,2024-12-17,US,Documentary,0.0,"An intimate exploration of cross-stitching, revealing how what seems like a simple pastime is actually a thread weaving many people together.",Sean Leeman,,Released,English,,
770701,https://www.themoviedb.org/movie/770701-hoy,Today,68.0,2021-02-18,SV,Drama,0.0,"In the capital of El Salvador, the drivers of a bus, a taxi, a minibus and a private car confront the ravages of 12 years of civil war that continue to torment the country.",Ricardo B'atz',"Ricardo B'atz', Leonel Novoa",Released,Spanish; Castilian,,
1480168,https://www.themoviedb.org/movie/1480168-bandi-man,Bandi-Man,10.0,2025-05-17,US,Comedy,0.0,An overly obsessed comic book nerd is at odds with who he loves more: His girlfriend or BANDI-MAN,Logan Schreck,Erica Beth Fish,Released,English,,
526811,https://www.themoviedb.org/movie/526811-passion-simple,Simple Passion,99.0,2023-02-01,KR,"Romance, Drama",5.8,"A man and a woman are brought together by chance for several months. He is younger than she is, married, Russian, officially a diplomat stationed in Paris. She is a beautiful teacher and researcher, with her feet firmly on the ground. The film follows the evolution of their love, from the beginning to end.",Danielle Arbid,Annie Ernaux,Released,French,,75167.0
1381071,https://www.themoviedb.org/movie/1381071-0-0,Godzilla Minus Zero,119.0,2026-11-03,JP,"Science Fiction, Horror, Action",0.0,"War reduced Japan to zero, and Godzilla plunged it into minus. Two years have passed since then, and the country has faced agonizing struggles to achieve recovery and finally reclaim its daily life. Just as humanity managed to cling to a hard-won peace, a new threat strikes, crushing hope in an instant.",Takashi Yamazaki,Takashi Yamazaki,In Production,Japanese,,
317082,https://www.themoviedb.org/movie/317082-felhojatek,Passing Fancy,94.0,1983-01-11,HU,Drama,7.0,"The main character of the story which takes place in the twenties in Budapest is the poet Dr. Rácz György, who returns after ten years of absence. In a café he meets his former friend Lajos, who has just broken up with his lover, Márta, because of the wife of professor Büchler. The transiently formed, rootless Rácz gets entangled into the sophisticated, complicated love affairs of bored or tired ladies.",Gyula Maár,"Gyula Maár, Tibor Déry",Released,Hungarian,,
199705,https://www.themoviedb.org/movie/199705-meu-destino-e-pecar,Meu Destino é Pecar,72.0,1952-01-01,BR,Drama,10.0,"The story of Leninha, a young Brazilian woman whose life become a turbulent tragedy in the midst of trades involving lust and power.",Manuel Peluffo,Manuel Peluffo,Released,Portuguese,,
463821,https://www.themoviedb.org/movie/463821-the-house-with-a-clock-in-its-walls,The House with a Clock in Its Walls,105.0,2018-10-31,KR,"Comedy, Family, Fantasy, Horror, Mystery",6.3,"When ten-year-old Lewis is suddenly orphaned, he is sent to live with his Uncle Jonathan in a creaky (and creepy) old mansion with a mysterious ticking noise that emanates from the walls. Upon discovering that his uncle is a warlock, Lewis begins learning magic, but when he rebelliously resurrects an evil warlock he must find the secret of the house and save the world from destruction.",Eli Roth,"John Bellairs, Eric Kripke",Released,English,42000000.0,131523093.0
281,https://www.themoviedb.org/movie/281-strange-days,Strange Days,145.0,1996-11-02,KR,"Crime, Science Fiction, Thriller",7.0,"In the last days of 1999, ex-cop turned street hustler Lenny Nero receives a disc which contains the memories of the murder of a prostitute. With the help of bodyguard Mace, he starts to investigate and is pulled deeper and deeper in a whirl of murder, blackmail and intrigue.",Kathryn Bigelow,"James Cameron, Jay Cocks",Released,English,42000000.0,17000000.0
1406334,https://www.themoviedb.org/movie/1406334-sacree,Sacrée,25.0,2025-02-28,FR,Drama,0.0,"Serena and Noé suffer, imprisoned in their silences. It seems like they have one way left to make themselves heard, write their pain, everywhere, in bright letters.",Emilie-Rose Paoli,Emilie-Rose Paoli,Released,French,,
268227,https://www.themoviedb.org/movie/268227-erotica-luz-de-luna,Erotica: Moonlight,114.0,2008-12-19,MX,Drama,5.9,"These three stories are about sex, relationships and fantasy. A couple in their 30's is looking to satisfy their sexual fantasies, so they invite a nurse to join them for a threesome.  A nurse falls in love with the wrong man, an old doctor friend. A young kid meets a troubled girl outside a club.","Carlos Bolado, Fernando Sariñana",,Released,English,,
1046090,https://www.themoviedb.org/movie/1046090,"The Pig, the Snake and the Pigeon",134.0,2024-03-01,KR,"Crime, Drama, Thriller",7.3,"The arrogant, third most-wanted criminal in Taiwan, decides to get rid of the top two competitors and crowns himself the most-wanted criminal before dying.",Wong Ching-Po,Wong Ching-Po,Released,Chinese,,91608950.0
115518,https://www.themoviedb.org/movie/115518-la-ultima-luna,La última luna,105.0,2005-03-31,CL,Drama,4.8,"Palestine 1914. One morning in July, Soliman, a young Palestinian and Jacob, his Jewish friend, begin to build a house in Beit-Sajour, in the hills of Judea, with stones brought from Beit-Jala, while the apparent stillness of the place is interrupted by bursts of violence that anticipate the future days of the war.",Miguel Littín,Miguel Littín,Released,Spanish; Castilian,,
949788,https://www.themoviedb.org/movie/949788-the-interview,The Interview,16.0,2021-04-28,PH,"Drama, Family",0.0,"A desperate yet optimistic Renzo goes home after he got rejected at a job interview. The next day, he was called to an unanticipated job interview in which he quickly concentrated on. One unusual woman, who seems like she knows what he's doing, prepares him for the interview that might put his life at risk.  As the interview continues, Renzo stumbles upon a sudden realization that the woman isn't like who she seems to be.",Ariana Yang,"Ariana Yang, Andrea Ferrer, Kaloy",Released,English,,
1531011,https://www.themoviedb.org/movie/1531011-adios-amor,"Goodbye, Love",83.0,2025-10-16,MX,"Drama, Romance",0.0,"After ten years as an undocumented immigrant, Chuy is deported and must return to the small fishing village in Sinaloa where he was born. Drugs and the cartel have taken over the place, and everyone endures life accustomed to violence. Chano, his first love, is now a feared hitman. In the midst of this hostile environment, their romance rekindles, and Chuy must choose between Chano and the life he truly wishes to live.",Indra Villaseñor Amador,Indra Villaseñor Amador,Released,Spanish; Castilian,,
1732420,https://www.themoviedb.org/movie/1732420-power-trip,Power Trip,,2026-08-13,US,,0.0,A rideshare driver ends up in an unexpectedly complicated conversation with a passenger.,Patrick Willems,Matthew Kelly,In Production,English,,
246741,https://www.themoviedb.org/movie/246741-what-we-do-in-the-shadows,What We Do in the Shadows,86.0,2020-09-15,KR,"Comedy, Horror",7.5,Vampire housemates try to cope with the complexities of modern life and show a newly turned hipster some of the perks of being undead.,"Jemaine Clement, Taika Waititi","Jemaine Clement, Taika Waititi",Released,English,1600000.0,6300000.0
1103738,https://www.themoviedb.org/movie/1103738,Ranger,98.0,2000-01-01,IR,"Action, War",0.0,"Morteza, an Iranian ranger is taken hostage in the midst of a combat against Iraqi soldiers",Ahmad Morad Pour,Behzad Behzadpour,Released,Persian,,
9549,https://www.themoviedb.org/movie/9549-the-right-stuff,The Right Stuff,193.0,1983-10-21,US,"Drama, History",7.4,"At the dawn of the Space Race, seven test pilots set out to become the first American astronauts to enter space. However, the road to making history brings momentous challenges.",Philip Kaufman,"Philip Kaufman, Tom Wolfe",Released,English,27000000.0,21500000.0
11884,https://www.themoviedb.org/movie/11884-the-last-starfighter,The Last Starfighter,101.0,1984-07-13,US,"Adventure, Science Fiction, Action",6.6,"Video game expert Alex Rogan finds himself transported to another planet after conquering the video game The Last Starfighter, only to find out it was just a test. He was recruited to join the team of best Starfighters to defend their world from the attack.",Nick Castle,Jonathan R. Betuel,Released,English,15000000.0,28733290.0
530693,https://www.themoviedb.org/movie/530693-nothing-happens,Nothing Happens,12.0,2017-06-13,FR,Animation,4.7,"On the cold outskirts of town, something is about to happen. In our own way we are all waiting for something to happen.","Uri Kranot, Michelle Kranot","Uri Kranot, Michelle Kranot",Released,English,,
470095,https://www.themoviedb.org/movie/470095-peripatetico,Peripatético,15.0,2017-08-28,BR,,0.0,"Simone, Thiana and Michel are young people living on the outskirts of São Paulo. Simone is looking for her first job, Thiana tries to pass the medical exam, and Michel still does not know what to do. Amidst the demands of early adulthood, a historic event in May 2006 in the city of São Paulo changes the course of their lives forever.",Jessica Queiroz,Ananda Radhika,Released,Portuguese,,
818940,https://www.themoviedb.org/movie/818940,A Song for You,93.0,2020-10-01,CN,,0.0,"In A Song for You – a road movie and a music industry insider comedy, with lots of songs – young Ngawang leaves behind a nomadic existence on the Tibetan plateau for big city Lhasa nightclubs. His dream is to record an album and be heard around the country. Cutting an album costs money, which he doesn’t have. One day he meets a woman who looks just like his Loyiter, a talisman of the goddess of art and music. Impossible, says his father, as only the pure of heart meet her, only in their dreams. But, Ngawang perseveres. She takes him on a journey of discovery through life and love.",Dukar Tserang,Dukar Tserang,Released,Tibetan,,
342326,https://www.themoviedb.org/movie/342326-legionnaires-du-christ-scandale-au-vatican,Légionnaires du Christ: Scandale au Vatican,,2013-05-01,FR,Documentary,0.0,We don't have an overview translated in English. Help us expand our database by adding one.,"Bernard Nicolas, Linda Salas Vega",,Released,French,,
232954,https://www.themoviedb.org/movie/232954-transformations-elastiques,Elastic Transformation,1.0,1908-11-21,FR,"Fantasy, Comedy",6.0,A woman enters a room with a man.  She creates a duplicate of him and changes his personality by throwing his clothes from one man to the next.,Jean Durand,,Released,French,,
11319,https://www.themoviedb.org/movie/11319-the-rescuers,The Rescuers,78.0,1977-06-22,US,"Fantasy, Family, Animation, Adventure",6.8,Two agents of the mouse-run International Rescue Aid Society search for a little orphan girl kidnapped by sinister treasure hunters.,"John Lounsbery, Wolfgang Reitherman, Art Stevens",Margery Sharp,Released,English,7500000.0,169015869.0
7735,https://www.themoviedb.org/movie/7735-die-welle,The Wave,107.0,2008-03-13,DE,"Drama, Thriller",7.5,A school teacher discusses types of government with his class. His students find it too boring to repeatedly go over national socialism and believe that dictatorship cannot be established in modern Germany. He starts an experiment to show how easily the masses can become manipulated.,Dennis Gansel,"Dennis Gansel, Todd Strasser, Peter Thorwarth",Released,German,7500000.0,32350637.0
977599,https://www.themoviedb.org/movie/977599,Self-Defense,20.0,2016-03-31,UA,Documentary,0.0,"From its first days, the Euromaidan was guarded by Self-Defense - the volunteers who maintained order and security by working in shifts. Now most of them serve in the National Guard of Ukraine, and the rest have created self-defense squads in cities and villages all over Ukraine and maintain public order. The Odesa Self-Defense revealed a scheme for smuggling fuel via the sea port to the occupied territories of the Donbas.",Serhiy Lysenko,,Released,Ukrainian,,
10774,https://www.themoviedb.org/movie/10774-network,Network,122.0,1976-11-27,US,Drama,7.8,"When veteran anchorman Howard Beale is forced to retire his 25-year post because of his age, he announces to viewers that he will kill himself during his farewell broadcast. Network executives rethink their decision when his fanatical tirade results in a spike in ratings.",Sidney Lumet,Paddy Chayefsky,Released,English,3800000.0,23700000.0
378693,https://www.themoviedb.org/movie/378693-bi-t-ch-t-li-n,Biết chết liền,92.0,2013-06-14,VN,Thriller,0.0,We don't have an overview translated in English. Help us expand our database by adding one.,Lê Bảo Trung,,Released,Vietnamese,,
4960,https://www.themoviedb.org/movie/4960-synecdoche-new-york,"Synecdoche, New York",124.0,2010-01-07,KR,Drama,7.5,"A theater director struggles with his work, and the women in his life, as he attempts to create a life-size replica of New York inside a warehouse as part of his new play.",Charlie Kaufman,Charlie Kaufman,Released,English,20000000.0,4383538.0
1101448,https://www.themoviedb.org/movie/1101448-unstoppable,Unstoppable,123.0,2024-12-06,US,"Drama, History",5.3,"With the unwavering love and support of his devoted mother Judy and the encouragement of his coaches, Anthony Robles fights through adversity to earn a spot on the Arizona State Wrestling team. But it will demand everything he has, physically and mentally, to achieve his ultimate quest to become an NCAA Champion.",William Goldenberg,"John Hindman, Eric Champnella, Alex Harris",Released,English,,
466256,https://www.themoviedb.org/movie/466256,Dhanapati,113.0,2017-07-07,NP,"Drama, Romance",7.0,Dhanapati wants to earn more money to get his daughter to a good school.,Dipendra K. Khanal,Khagendra Lamichhane,Released,Nepali,,
1446043,https://www.themoviedb.org/movie/1446043-trier-kidman-og-cannes,"Trier, Kidman og Cannes",,2003-05-27,DK,"TV Movie, Documentary",8.0,We don't have an overview translated in English. Help us expand our database by adding one.,Ole Kolster,,Released,Danish,,
781966,https://www.themoviedb.org/movie/781966-outraged,Outraged,54.0,2020-12-23,GB,Documentary,0.0,"Paul Pogba, Moise Kean, Dejan Lovren, Nadia Nadim, Shanice van de Sanden and Guram Kashia share their personal experiences of discrimination and how these issues are affecting people in football. Their stories are supported by football greats like Megan Rapinoe, José Mourinho, Ruud Gullit, Olivier Giroud, Tyrone Mings, Kalidou Koulibaly, and Pernille Harder.",Simon Bisset,,Released,English,,
11879,https://www.themoviedb.org/movie/11879-near-dark,Near Dark,94.0,1991-01-15,KR,Horror,6.8,A farm boy reluctantly becomes a member of the undead when a girl he meets turns out to be part of a band of vampires who roam the highways in stolen cars.,Kathryn Bigelow,"Kathryn Bigelow, Eric Red",Released,English,5000000.0,3400000.0
912916,https://www.themoviedb.org/movie/912916-the-other-zoey,The Other Zoey,91.0,2023-10-20,US,"Romance, Drama, Comedy",7.0,"Highly intelligent computer major Zoey Miller is uninterested in romantic love, but her life is turned upside down when Zack, the school's soccer star, gets amnesia and mistakes Zoey for his girlfriend.",Sara Zandieh,Matthew Tabak,Released,English,,168000.0
425650,https://www.themoviedb.org/movie/425650-3,House with a Good View 3,93.0,2016-11-10,KR,"Romance, Drama",5.1,"Jae-min moves into the rooftop across from school but is disappoointed that all the windows have been blocked by other buildings. However, he learns that every night he can see the neighboring women from the other building! Something exciting goes on one night in that rooftop which has the greatest 'view' ever!",Gyeong Seok-Ho,,Released,Korean,,
239829,https://www.themoviedb.org/movie/239829-a-morte-comanda-o-cangaco,Death Commands Brigandage,100.0,1960-12-28,BR,"Action, Western",6.6,"A man's farm is attacked and his mother gets killed. Looking for revenge, he goes about chasing the men who killed her.",Carlos Coimbra,"Carlos Coimbra, Francisco Pereira da Silva, Walter Guimarães Motta",Released,Portuguese,,
9357,https://www.themoviedb.org/movie/9357-one-hour-photo,One Hour Photo,96.0,2002-12-06,KR,"Drama, Thriller",6.7,"Sy Parrish has lovingly developed photographs for the Yorkin family since their son was a baby. But as the Yorkins' lives become fuller, Sy's only seems lonelier, until he eventually convinces himself he's part of their family. When Sy's picture-perfect fantasy collides with an ugly dose of reality, a bizarre and thrilling confrontation ensues.",Mark Romanek,Mark Romanek,Released,English,12000000.0,52223306.0
259507,https://www.themoviedb.org/movie/259507-el-ultimo-velo,The Last Veil,15.0,2013-09-14,AU,,10.0,"Citliali, a lonely woman, faces a difficult, marginalized life, which seems to be full of obstacles. During the day we will discover the real cause of her affliction.",Luis Palomino Benítez,,Released,English,,
798286,https://www.themoviedb.org/movie/798286-beau-is-afraid,Beau Is Afraid,179.0,2023-07-05,KR,"Comedy, Adventure, Fantasy",6.7,"Following the sudden death of his mother, a mild-mannered but anxiety-ridden man confronts his darkest fears as he embarks on an epic odyssey back home.",Ari Aster,Ari Aster,Released,English,35000000.0,12337378.0
419423,https://www.themoviedb.org/movie/419423-vom-traum-zum-terror-munchen-72,Vom Traum zum Terror - München '72,,2019-07-22,DE,Drama,0.0,We don't have an overview translated in English. Help us expand our database by adding one.,"Marc Brasse, Florian Huber",,Released,German,,
1363606,https://www.themoviedb.org/movie/1363606-dois-nilos,Two Niles,18.0,2024-12-06,BR,Documentary,0.0,"A journey through the memories of Brazilian filmmaker Afranio Vital. Between dreams and ruins, a life in cinema doesn’t end like this.","Samuel Lobo, Rodrigo de Janeiro","Samuel Lobo, Rodrigo de Janeiro",Released,Portuguese,,
10493,https://www.themoviedb.org/movie/10493-dead-calm,Dead Calm,96.0,1989-05-25,AU,"Horror, Thriller, Drama",6.6,"An Australian couple takes a sailing trip in the Pacific to get over the recent loss of their son. While on the open sea, they come across a sinking ship with one survivor who is not at all what he seems.",Phillip Noyce,"Charles Williams, Terry Hayes",Released,English,10400000.0,7825000.0
1326255,https://www.themoviedb.org/movie/1326255-breaking-champions,Breaking Champions,24.0,2024-05-08,US,Drama,0.0,"As auditions for the varsity winter guard team loom, Sam's relentless dedication clashes with Coach Amber's high standards, leading to a confrontational journey of self-discovery and a decision that challenges her identity beyond the color guard program.",Kami Thompson,Kami Thompson,Released,English,1000.0,
506211,https://www.themoviedb.org/movie/506211-khi-toi-20,When I Am 20,20.0,2006-08-31,IT,,0.0,"WHEN I AM 20 explores the relationship of a teenage couple, in which the girl works as a prostitute to help support her family.",Phan Đăng Di,"Phan Đăng Di, Phan Thị Vàng Anh",Released,Vietnamese,,
1192659,https://www.themoviedb.org/movie/1192659-sertao-america,"Backlands, America",18.0,2023-10-21,AT,,0.0,"Creating a national park in the Brazilian state of Piauí dedicated to the preservation of what are apparently the first traces of human activity in the Americas has been archeologist Niède Guidon’s life work. SERTÃO, AMÉRICA is a contemporary take on a mythical territory of Brazilian cinema, once the cinematic realm of Glauber Rocha and other giants. The film pays a brief visit to the region, which is rendered in appropriately fragile analogue textures and deteriorated colours, as small fragments of the biographies of those who used to live there hover over the animal noises of the delicately crafted soundscape.",Marcela Ilha Bordin,,Released,Portuguese,,
257590,https://www.themoviedb.org/movie/257590-vakacio-a-halott-utcaban,Vacations on the Dead Street,90.0,1978-08-24,HU,"Adventure, Family",9.5,A group of children are spending their summer in the newly built district which doesn't have any attractions...,György Palásthy,István Csukás,Released,Hungarian,,
986299,https://www.themoviedb.org/movie/986299-tan,Faded,22.0,2021-01-25,VN,Drama,0.0,"“Tan” is a shortfilm written & directed by La Zung, inspired by the people and the events surrounding him. The story is about an unnamed relationship.",La Zung,,Released,Vietnamese,,
1159156,https://www.themoviedb.org/movie/1159156-la-visita,La visita,9.0,2022-12-31,AR,Drama,4.0,Solange and Martín are left alone at home before an emergency exit from their mother. Their beloved grandmother visits them unexpectedly and the three of them will spend an unforgettable night. The next day their mother brings them news.,Claudio Varela,,Released,Spanish; Castilian,,
1403831,https://www.themoviedb.org/movie/1403831-cat-fruit,Cat Fruit,11.0,2024-12-17,PH,Drama,10.0,"Gabriel makes sure his apartment is tidy before he takes his own life, until an unfamiliar cat trespasses and messes up the whole place again.",Jam Borja,Jam Borja,Released,Tagalog,,
245913,https://www.themoviedb.org/movie/245913-pele-birth-of-a-legend,Pelé: Birth of a Legend,107.0,2016-05-06,US,Drama,7.3,"The life story of Brazilian football legend, Pele.","Jeff Zimbalist, Michael Zimbalist","Jeff Zimbalist, Michael Zimbalist",Released,English,,27312.0
932086,https://www.themoviedb.org/movie/932086-horizon-an-american-saga-chapter-1,Horizon: An American Saga - Chapter 1,182.0,2024-06-28,US,"Western, Drama",6.8,"In 1859, families discover the lure of the Old West as they settle in territories from Wyoming to Kansas. Meanwhile, a gruff cowboy finds himself on the run with a prostitute and a young boy after killing a fellow gunman.",Kevin Costner,"Kevin Costner, Jon Baird",Released,English,50000000.0,38735702.0
891147,https://www.themoviedb.org/movie/891147-la-fuga,La fuga,18.0,2021-10-27,MX,Documentary,0.0,"The internal journey of eight men, who, through a theater workshop, go through the different prisons they inhabit. Practicing the art of seeing themselves, in Boal's words, this group of men reflects on their masculinity as a representation to hide their true strength: their vulnerability.",Kani Lapuerta,,Released,Spanish; Castilian,,
274957,https://www.themoviedb.org/movie/274957,Teri Yaad,,1948-08-07,PK,"Romance, Drama",8.5,"The year 1947 saw the independence of Pakistan. During this time, the Indian film industry was segregated and the only film production centre left in Pakistan was at Lahore. With the industry reeling in its infancy, it was hard to work on film productions that had been initiated before the independence as many of the working filmmakers and actors had left for or stayed back in India.",Daud Chand,Khadim Mohiudin,Released,Urdu,,
10735,https://www.themoviedb.org/movie/10735-what-a-girl-wants,What a Girl Wants,105.0,2003-08-22,KR,"Family, Comedy, Drama, Romance",6.3,"American Daphne Reynolds heads to Europe in search of the father she's never met. But instead of finding a British version of her boho mother, she learns the love of her mom's life is an uptight politician. The only problem now is that her long-lost father is engaged to a fiercely territorial social climber with a daughter who makes Daphne's life miserable.",Dennie Gordon,"Jenny Bicks, Elizabeth Chandler, William Douglas-Home",Released,English,20000000.0,50700000.0
597116,https://www.themoviedb.org/movie/597116,Grand Bouquet,15.0,2019-05-23,FR,,3.0,"A helpless woman confronts a “black object” with a power greater than hers. The “black object” shoots her questions. The woman has answers to these questions, but can’t say them aloud. She feels up against the wall, and begins to throw up beautiful colorful flowers instead of speaking.",Nao Yoshigai,Nao Yoshigai,Released,Japanese,,
14168,https://www.themoviedb.org/movie/14168-3-10-to-yuma,3:10 to Yuma,92.0,1957-08-07,US,"Western, Drama, Thriller",7.3,"Dan Evans, a small time farmer, is hired to escort Ben Wade, a dangerous outlaw, to Yuma. As Evans and Wade wait for the 3:10 train to Yuma, Wade's gang is racing to free him.",Delmer Daves,Halsted Welles,Released,English,,1850000.0
1038068,https://www.themoviedb.org/movie/1038068-halloween-inferno,Halloween Inferno,8.0,2019-10-11,US,Horror,8.0,A Halloween fan-film continuing the events from Halloween (2018),"James Coleman, Vincent Coleman","James Coleman, Vincent Coleman",Released,English,,
757725,https://www.themoviedb.org/movie/757725-shadow-force,Shadow Force,103.0,2026-04-01,KR,"Action, Thriller",6.4,"Kyrah and Isaac were once the leaders of a multinational special forces group called Shadow Force. They broke the rules by falling in love, and in order to protect their son, they go underground. With a large bounty on their heads, and the vengeful Shadow Force hot on their trail, one family's fight becomes all-out war.",Joe Carnahan,"Joe Carnahan, Leon Chills",Released,English,40000000.0,5416976.0
767970,https://www.themoviedb.org/movie/767970-hades,Hades,1.0,2019-03-25,BR,,0.0,"The video comprises body exploration with red light and slow motion to convey to the viewer the idea of strength, power, fear and the concept of the underworld. Using electronic music, upside-down plans and timed cuts, I wanted to convey a self-image of surreality and non-conformity with reality. The title, “Hades”, makes explicit reference to the God of Death and the Underworld in Greek mythology, and serves as a guide for the planned sensations of agony, pleasure, revelation and space-time detachment. This is how I see myself, this is how I think I should be.",Alicia Abe,,Released,Portuguese,,
4946,https://www.themoviedb.org/movie/4946-la-piscine,The Swimming Pool,123.0,1969-01-31,FR,"Drama, Thriller",7.0,"Set in a magnificent villa near a sun-drenched St. Tropez, lovers Jean-Paul and Marianne are spending a happy, lazy summer holiday. Their only concern is to gratify their mutual passion - until the day when Marianne invites her former lover and his beautiful teenage daughter to spend a few days with them. From the first moment, a certain uneasiness and tension begin to develop between the four, which soon escalates in a dangerous love-game.",Jacques Deray,"Jacques Deray, Jean-Claude Carrière",Released,French,,
35552,https://www.themoviedb.org/movie/35552-les-aventures-extraordinaires-d-adele-blanc-sec,The Extraordinary Adventures of Adèle Blanc-Sec,107.0,2010-04-14,FR,"Fantasy, Adventure, Action, Mystery",6.3,"An adventure set in the early part of the 20th century, focused on a popular novelist and her dealings with would-be suitors, the cops, monsters, and other distractions.",Luc Besson,"Jacques Tardi, Luc Besson",Released,French,25000000.0,34604339.0
1732234,https://www.themoviedb.org/movie/1732234-backbite,Backbite,,2025-11-01,AU,Drama,0.0,"The classic mean girl with a twist. Three women, one dance competition and not all play fairly. Will friendships prove to be stronger than being popular?",Muraya Moore,Muraya Moore,Released,English,,
359607,https://www.themoviedb.org/movie/359607-vs,Talakjung vs Tulke,133.0,2014-10-31,NP,Drama,8.0,"Tulke – a simpleton day-laborer in a Nepalese mountain village –struggles to reclaim his lost aristocratic identity while a violent revolution disrupts every aspect of village life. Humiliated everyday by everybody around him, Tulké desperately seeks recognition and respect. Instead, he is falsely accused by the woman he loves and forced to flee from his ancestral village. When the city corrupts him and teaches him how the treacherous accumulate and wield power, he returns to his village to avenge himself against people who have wronged him and his family. He becomes a lackey to the revolutionaries in the village, and because he refuses to wrong those he loves, finds himself ensnared in a web of deception and violence, leading to a tragic conclusion for everybody.",Nischal Basnet,Khagendra Lamichhane,Released,Nepali,,
601993,https://www.themoviedb.org/movie/601993,Young Aunt,70.0,2019-05-14,KR,Romance,7.0,"In an ordinary-looking house, live the owner couple, Se-kyung and Jung-sik, their daughter,Ma-ri, and Jin-seong who's new to society. The couple is on vacation, and Ma-ri and Jin-seong are alone in the house.  One ordinary day, An Uninvited Guest called Soo-jeong comes along. She had a fight with her husband and had come to stay in her brother's house for a few days. However, one night Soo-jeong gets drunk and mistakes Jin-seong's room for hers. As a result, they end up sleeping together. Ma-ri sees Soo-jeong come out of Jin-seong's room, but suspects nothing else.  Vegetarian Jin-seong craves sex and sleeps with Soo-jeong once again. However, Soo-jeong goes back to her husband, and Jin-seong can't help but feel lonely.  Meanwhile, Ma-ri likes Jin-seong and seduces him to have sex with her, but she's outraged when he tells her he had sex with her aunt.  This is the story of the ordinary but not so ordinary, secretive house.",Choi Jung-ja,,Released,Korean,,
508628,https://www.themoviedb.org/movie/508628,Oru Thottil Sabadham,135.0,1989-01-13,IN,"Action, Family, Drama",0.0,A tamil action movie,Bharathi Mohan,Bharathi Mohan,Released,Tamil,,
364560,https://www.themoviedb.org/movie/364560,The Days Without Lei Feng,100.0,1996-03-04,CN,Drama,5.5,"Lamenting the accidental death of his comrade and model citizen Lei Feng, Qiao adopts him as a role model in serving his people.","Xianhe Lei, Kang Ning",Wang Xing-Dong,Released,Chinese,,
647496,https://www.themoviedb.org/movie/647496,In Paradox,95.0,2019-11-07,KW,"Mystery, Thriller",4.3,"While being relentlessly attacked, a Man seeks to uncover a mystery and stop the unknown memories that are controlling him, only to learn the difference between reality and illusions.",Hamad AlSarraf,,Released,Arabic,,
17360,https://www.themoviedb.org/movie/17360-escape-to-victory,Escape to Victory,116.0,1982-04-03,KR,"Drama, War",6.9,A group of POWs in a German prison camp during World War II play the German National Soccer Team in this powerful film depicting the role of prisoners during wartime.,John Huston,"Yabo Yablonsky, Evan Jones",Released,English,10000000.0,27453418.0
10135,https://www.themoviedb.org/movie/10135-road-house,Road House,114.0,1989-05-19,US,"Action, Thriller",6.8,"The Double Deuce is the meanest, loudest and rowdiest bar south of the Mason-Dixon Line, and Dalton has been hired to clean it up. He might not look like much, but the Ph.D.-educated bouncer proves he's more than capable – busting the heads of troublemakers and turning the roadhouse into a jumping hot spot. But Dalton's romance with the gorgeous Dr. Clay puts him on the bad side of cutthroat local big shot Brad Wesley.",Rowdy Herrington,"R. Lance Hill, Hilary Henkin",Released,English,15000000.0,30100000.0
1413052,https://www.themoviedb.org/movie/1413052-bloodrunner-zero,Bloodrunner Zero,12.0,2018-04-18,JP,,3.0,film by Sade Satô,Sade Satô,,Released,English,,
108072,https://www.themoviedb.org/movie/108072-delitto-carnale,Killing of the Flesh,92.0,1983-04-05,IT,"Thriller, Horror, Mystery",5.4,A group of decadent and filthy rich people arrive at the empty hotel where a deceased rich man lived. Soon they are copulating like crazy and the murders begin...,Cesare Canevari,,Released,Italian,,
11866,https://www.themoviedb.org/movie/11866-flight-of-the-phoenix,Flight of the Phoenix,113.0,2005-02-04,KR,"Action, Adventure, Drama",6.0,"When an oil rig in the Gobi Desert of Mongolia proves unproductive, an aircraft crew are sent to shut the operation down and fly them out. On the flight out over the desert on the way to Beijing, Capt. Frank Towns and co-pilot A.J. are unable to keep their cargo plane, a C-119 Flying Boxcar, in the air when a violent sandstorm strikes. Crash-landing in a remote uncharted part of the desert, the two pilots and their passengers -- a crew of oil workers and a drifter -- must work together to survive by rebuilding the aircraft. Soon, low supplies and a band of merciless smugglers add even greater urgency to their task.",John Moore,"Edward Burns, Scott Frank",Released,English,45000000.0,21009180.0
1108942,https://www.themoviedb.org/movie/1108942-saqr-alearab,Saqr alearab,,1968-04-01,LB,,0.0,We don't have an overview translated in English. Help us expand our database by adding one.,,,Released,Arabic,,
1491303,https://www.themoviedb.org/movie/1491303-knock-off,KNOCK OFF,11.0,2024-12-12,TH,"Horror, Mystery",0.0,"On a quiet night in the library, a young librarian prepares to head home alone, until something lurking in the shadows begins to creep closer.",Thanesuan Chidthonglang,"Thanesuan Chidthonglang, Supawit Chalermkul",Released,Thai,,
86837,https://www.themoviedb.org/movie/86837-amour,Amour,127.0,2012-12-19,KR,"Drama, Romance",7.8,"Georges and Anne are in their eighties. They are cultivated, retired music teachers. Their daughter, who is also a musician, lives abroad with her family. One day, Anne has a stroke, and the couple's bond of love is severely tested.",Michael Haneke,Michael Haneke,Released,French,8900000.0,29800000.0
1512258,https://www.themoviedb.org/movie/1512258-amor-dormit,Amor Dormit,25.0,2025-07-18,ES,Drama,0.0,"A long-absent father, exiled by the Spanish Civil War, announces his return in a letter that unsettles the fragile bond between mother and daughter — stirring reflections on freedom, fear, and love as they await his arrival.",Jaime A. Coco,,Released,Spanish; Castilian,,
1625291,https://www.themoviedb.org/movie/1625291-better-life,Better Life,,2025-07-17,US,"Comedy, Science Fiction",0.0,"When a groundbreaking medical procedure promises to turn slackers into overachievers, an aging father sees it as his last chance to achieve the American Dream-through his unemployed adult daughter.",Jessica Liu,Jessica Liu,Released,English,100000.0,
300494,https://www.themoviedb.org/movie/300494,A Bride from the North,75.0,1975-11-19,SU,"Comedy, Romance",6.4,"Artak has served his military service in the Russian countryside where he meets Valya. But Valya's mother refuses to send her only daughter to “these far highlands, where earthquakes happen all the time”. Artak is forced to ask his contrasting and numerous relatives –Armenian villagers– to visit a remote Russian village to bring a bride to Armenia.",Nerses Hovhannisyan,Zhora Arutyunyan,Released,Armenian,,
1447501,https://www.themoviedb.org/movie/1447501-boulevard-arrudas,Arrudas Boulevard,11.0,2026-03-18,CA,"Drama, Fantasy",0.0,"Nilson, a guide at the Municipal Aquarium of Belo Horizonte, Brazil, is one of those affected by the constant flooding caused by torrential rains and floods in the Arrudas River basins in the city, which is now facing the greatest flood in its history.",Matheus Moura,"Matheus Moura, Stefano Lopes",Released,English,17000.0,
1057916,https://www.themoviedb.org/movie/1057916-anna,Anna,14.0,2022-12-05,AU,Drama,0.0,Single mother Anna is forced to reconcile with her traumatic past after she decides to sneak over to her ex-husband's house in the middle of the night to see her daughter.,Stephen Di Gravio,Stephen Di Gravio,Released,English,8062.0,
1594228,https://www.themoviedb.org/movie/1594228-abre-alas,Abre Alas,,2025-12-11,BR,Documentary,0.0,We don't have an overview translated in English. Help us expand our database by adding one.,Ursula Rösele,Ursula Rösele,Released,Portuguese,,
927864,https://www.themoviedb.org/movie/927864-majusi-korhinta,Májusi körhinta,,1962-05-01,HU,TV Movie,0.0,We don't have an overview translated in English. Help us expand our database by adding one.,Tivadar Horváth,Tibor Róna,Released,Hungarian,,
13681,https://www.themoviedb.org/movie/13681-places-in-the-heart,Places in the Heart,111.0,1991-05-14,KR,Drama,7.2,"In 1935 rural Texas, recently widowed Edna Spaulding struggles to survive with two small children, a farm to run, and very little money in the bank - not to mention a deadly tornado and the unwelcome presence of the Ku Klux Klan. Edna is aided by her beautician sister, Margaret; a blind boarder, Mr. Will; and a would-be thief, Moze, who decides to teach Edna how to plant and harvest cotton.",Robert Benton,Robert Benton,Released,English,9500000.0,34901614.0
1690726,https://www.themoviedb.org/movie/1690726-hramotnyi,The Literate Man,28.0,1987-01-01,SU,,0.0,"An unprecedented piece of news spreads through the village: a comrades’ court is to be held between collective farm brigade leader Yakiv Brus and an old woman named Motria, whom he struck on the head. The village club fills with people eager to sort out what seems to be every pressing issue at once.",Stanislav Chernilevskyi,,Released,Ukrainian,,
286775,https://www.themoviedb.org/movie/286775-aramutes,Electric Schock,105.0,1979-08-13,HU,Drama,7.0,"This double-threaded story depicts the lives of a sister and a brother in a critical phase of their lives. Virág participates in a tour of the collage choir to Finland. Upon her return home she refuses the assistance offered by Vince, leaves the collage and aborts her child by a young Finn.",Péter Bacsó,Péter Bacsó,Released,Hungarian,,
10281,https://www.themoviedb.org/movie/10281-friday-the-13th-part-vii-the-new-blood,Friday the 13th Part VII - The New Blood,88.0,1988-05-13,US,"Horror, Thriller",5.5,"Tina Shepard, a telekinetic teenage girl, accidentally unchains Jason from his watery grave, allowing him to go on another killing spree in the area.",John Carl Buechler,"Manuel Fidello, Daryl Haney",Released,English,2800000.0,19170001.0
325424,https://www.themoviedb.org/movie/325424,Cancelled Faces,80.0,2015-02-14,DE,"Comedy, Drama",5.0,"Korea, the now: A young man makes a fateful encounter with a stranger he passionately falls in love with. When Unk rides his scooter through the night he fails to notice a drunk pedestrian, a man called Boaz, and hits him. The accident has unforeseen repercussions since shortly afterwards Unk and Boaz start an intense relationship that leads into a gradually worsening dependency.",Lior Shamriz,,Released,Korean,,
801688,https://www.themoviedb.org/movie/801688-2898,Kalki 2898-AD,176.0,2024-10-08,KR,"Drama, Action, Fantasy, Science Fiction",6.4,"In the year 2898 AD, around 6000 years after Kurukshetra war, Ashwatthama gears up for his final battle of redemption at the sign of hope in a dystopian world and Bhairava, a wisecracking and self-interested bounty hunter, tired of the perilous life becomes the hurdle in the process.",Nag Ashwin,Nag Ashwin,Released,Telugu,75000000.0,141000000.0
662702,https://www.themoviedb.org/movie/662702-2,Mother's Seduction 2,72.0,2020-01-09,KR,Romance,5.5,"Jeong-hee goes to her parents' home to take care of her sick mother. And then, a young lady, Se-hee, came to Jeong-hee's house to work as a household helper for a while. Yoon-soo, Jeong-hee's son, fell in love at first sight, and her husband, Seok-jin fell asleep from Se-hee's massage. Meanwhile, Jeong-hee who came to her parents' house, met Hyeok-jin who used to like her, and says she will be leaving her home for a while…",Kim Min-woo-I,,Released,Korean,,
959461,https://www.themoviedb.org/movie/959461,Break Time,16.0,2016-01-17,TW,Drama,0.0,We don't have an overview translated in English. Help us expand our database by adding one.,Lin Po-yu,,Released,Chinese,,
12610,https://www.themoviedb.org/movie/12610-osmosis-jones,Osmosis Jones,95.0,2001-08-10,US,"Action, Adventure, Animation, Comedy, Family, Science Fiction",6.5,"A white blood cell policeman, with the help of a cold pill, must stop a deadly virus from destroying the human they live in, Frank.","Peter Farrelly, Bobby Farrelly",Marc Hyman,Released,English,75000000.0,13596911.0
984547,https://www.themoviedb.org/movie/984547-ciuman-beracun,Poisonous Kiss,88.0,1976-04-21,ID,"Drama, Thriller",0.0,"Sari plans to give her virginity to her fiancé, Wisnu. The plan is destroyed when Denny and friends rape her. Then they beat Wisnu until he becomes paralysed. Sari plots her revenge. She tortures the rapists one by one until she meets the leader, Denny. Denny has a poor family background and a widow, Thelma, supports him financially. He is finally found in a club where Sari works as a singer. One day Sari receives an invitation from Thelma. Denny is planning to repeat what he did to Sari. Sari manages to resist and takes her revenge. At the same time Wisnu appears and kills Denny. Then Thelma, kills Wisnu. Sari and Thelma end up in court.",Ratno Timoer,,Released,Indonesian,,
451179,https://www.themoviedb.org/movie/451179-sinfonia-de-um-homem-so,Sinfonia de um Homem Só,93.0,2012-10-20,BR,Drama,3.0,"Inspired by the masterpiece of concrete music ""Symphony for one man"" Pierre Henry (1950), the film tells the story of a common man leaving the interior of Brazil to try life in São Paulo. The city, in its perpetual process of construction and deconstruction view from the microcosm of a construction site, its workers and a profusion of machines in full swing. The metaphysical revolt of this character is the revolt against his condition and against everything that humiliates him.",Cristiano Burlan,,Released,Portuguese,,
432561,https://www.themoviedb.org/movie/432561-cimzett-ismeretlen,Address Unknown,88.0,1935-01-01,HU,"Romance, Comedy, Music",9.5,"In a post office at Balatonföldvár, Pali, a spoiled young man, one who has good manners and knows the way of the world, falls in love on one lazy summer afternoon with Teri, a young post office clerk and an orphan.",Béla Gaál,,Released,Hungarian,,
10220,https://www.themoviedb.org/movie/10220-rounders,Rounders,121.0,1999-01-30,KR,"Drama, Crime",7.0,"Poker addict Mike McDermott knows the game inside out, but loses his money one night in a game to Russian-American gangster Teddy KGB. Promising his partner Jo he'll give up, he meets up with best friend Lester 'Worm' Murphy, just out of prison and owing lots of money to the wrong kind of people. McDermott becomes his co-guarantor and now there's only one way to raise the money, the pair have to get back into the game.",John Dahl,"Brian Koppelman, David Levien",Released,English,12000000.0,22912409.0
918689,https://www.themoviedb.org/movie/918689-miami-cuba,Miami-Cuba,94.0,2021-12-11,BR,Documentary,0.0,"Miami-Cuba is an audiovisual immersion through the Historic Center of João Pessoa, with brief trips to symbolic places along its shore. In particular, the recently verticalized Altiplano district, where his current urban development project seems to be heading. Its cinematographic device is the occupation of an apartment in the 18th floor building, the first skyscraper and initial landmark of modernization in the capital. Work that also configures a type of sentinel in this central region of the city, listed as a historical heritage shortly after its construction. A performative documentary that walks with pre-researched characters and others who were found in the journey of recordings… Expressive people from the city, known and/or anonymous, who ramble about their urban experiences, resisting, ways of living and living, existing .","Caroline Oliveira, Janaína Quetzal",Caroline Oliveira,Released,Portuguese,,
1241743,https://www.themoviedb.org/movie/1241743-kapalit,Kapalit,112.0,2024-11-08,KR,Drama,4.6,"Audrey is hired as a private nurse by Stan for his sick wife, Demi. But as Audrey spends time with the married couple, she falls for Stan and works her way to replace Demi as Stan’s lover.",Carlo Alvares,,Released,Tagalog,,
63197,https://www.themoviedb.org/movie/63197-megan-is-missing,Megan Is Missing,86.0,2011-05-01,US,"Drama, Horror, Thriller",6.2,"Fourteen-year–old Megan and her best friend Amy spend a lot of time on the internet, posting videos of themselves and chatting with guys online. One night Megan chats with a guy named Josh who convinces her to meet him for a date. The next day, Megan is missing—forever. Based on actual cases of child abduction.",Michael Goi,Michael Goi,Released,English,,
656958,https://www.themoviedb.org/movie/656958-2,Room Salon College Girls 2,76.0,2019-07-05,KR,"Drama, Romance",5.0,"Soo-jin and Jeong-hee are university students who start looking for a high paying part time job during vacation. They end up in a room salon and fall for a high down payment. The owner notices how naive they are and tells them they have to go for second rounds if they want to make big money. Meanwhile, the ace host girl, Yoon-jeong, comes back after a hiatus due to being sick. These girls begin an ego battle for getting the most customers.",Jo Tae-ho,,Released,Korean,,
109410,https://www.themoviedb.org/movie/109410-42,42,128.0,2013-04-12,US,Drama,7.2,"In 1947, Jackie Robinson becomes the first Black man to play in Major League Baseball facing unabashed racism from the public, the press and other players.",Brian Helgeland,Brian Helgeland,Released,English,40000000.0,95020213.0
1510435,https://www.themoviedb.org/movie/1510435-utoipe-cheilteach,Celtic Utopia,90.0,2026-09-04,IE,"Documentary, Music",0.0,"The story of a new Ireland and its vibrant music scene, but also that of a postcolonial society wrestling with its heritage. A society where folk music carries both the oppression of the past and the dream of a bright future.","Dennis Harvey, Lars Lovén","Dennis Harvey, Lars Lovén",Released,English,,
417546,https://www.themoviedb.org/movie/417546-fala-comigo,The Other End,92.0,2016-10-06,BR,Drama,6.5,"Diogo (17) has a little quirk: he likes to call his mother's female therapy patients and masturbate while listening to them on the phone. One of these patients is Angela (43), a woman who was just left by her husband When Diogo calls Angela, she thinks it's her husband calling. She starts having a relationship with the silence on the other end of the line. But when she finds out it's Diogo, she's disgusted. She's furious. But, most of all, she's attracted to this person who showed so much interest in her. The only person who called her every day.  Diogo helps Angela see that she can have a new beginning and she shows him his way to independence. But they have to face a number of obstacles: There's the age difference, Diogo's mother, and, especially, his own path to adulthood.",Felipe Sholl,Felipe Sholl,Released,Portuguese,,
996821,https://www.themoviedb.org/movie/996821-you-re-cordially-invited,You're Cordially Invited,109.0,2025-01-30,US,"Comedy, Romance",5.8,"When two weddings are accidentally booked on the same day at the same venue, each bridal party is challenged with preserving their family's special moment while making the most of the unanticipated tight quarters. In a hilarious battle of determination and grit, the father of the bride and sister of the other bride chaotically go head-to-head as they stop at nothing to uphold an unforgettable celebration for their loved ones.",Nicholas Stoller,Nicholas Stoller,Released,English,,
1533222,https://www.themoviedb.org/movie/1533222-past-life,Past Life,100.0,2026-03-20,GB,Thriller,6.3,"When an unemployed reporter is hypnotized as part of a past life regression event, he wakes not with memories of life as royalty or some other glamorous person, but instead finds himself haunted by the memories of a serial killer.",Simeon Halligan,"Simeon Halligan, Ray Bogdanovich, Dean Lines",Released,English,,
1465785,https://www.themoviedb.org/movie/1465785-l-euphonie,L'euphonie,,2025-04-26,CA,Mystery,0.0,A young man begins to hear a harmony of sounds leading him to a euphoric inner state.,Vincent Dallaire,"Vincent Dallaire, Mathieu Limon Lord, Loïc Grenon-Turcotte, Anne Lévesque",Released,French,,
287627,https://www.themoviedb.org/movie/287627-orfeusz-es-eurydike,Orpheus and Eurydice,95.0,1986-01-06,HU,"Music, Drama",8.0,"The opera-film, as opposed to Gluck's Vienna version, is a recollection of the ancient tragic Greek myth. Orpheus, who is able to defeat Hades with the power of art, is unable to conquer his own human defects. Amor is sympathetic to Orpheus' sufferings as he mourns his dead beloved, and lets him know the message sent by the Gods, namely that he may take her home from the underworld if he is capable of not looking at her.",István Gaál,"István Gaál, Ranieri de’ Calzabigi",Released,Hungarian,,
1439409,https://www.themoviedb.org/movie/1439409-moving-day,Moving Day,14.0,2025-02-25,US,"Drama, Family",0.0,"On the night before he and his mother move, Logan struggles to reconcile his relationship with his father as they attempt to watch a movie.",Eliot Frank,Eliot Frank,Released,English,,
637676,https://www.themoviedb.org/movie/637676-lin-li,Neighbors,106.0,2019-10-17,BR,Drama,4.5,"The 43rd edition screens Neighbors, with five segments about the theme “neighbors”: not only about physical proximity, but also about relationships. In Brazil, Olga is a 90-year-old black woman who lost her husband one year ago; her neighbors, who come from different parts of the world, interrupt her grief. In Russia, an employee tries so hard to please his boss that he becomes inconvenient. An Indian woman, with the help of her male friend, decides to learn how to drive, an uncommon practice for women in the country. In China, an elderly, owner of an old and decadent barbershop, argues with his son, who wants to change the business. In South Africa, a group of homeless fights for the right to housing.","Alexander Zolotukhin, Beatriz Seigner, Jenna Cato Bass, Rima Das, Han Yan","Alexander Zolotukhin, Beatriz Seigner, Jenna Cato Bass, Rima Das, He Keke, Babalwa Baartman",Released,English,,
1203858,https://www.themoviedb.org/movie/1203858-comando-campeon,Comando campeón,31.0,2021-02-01,AR,,7.0,"Comando Campeón talks about friendship, fantasy, the Commodore 64, passion, childhood, retro and football. How two children created a unique world that is still standing after thirty years.",Demián Rugna,Demián Rugna,Released,Spanish; Castilian,,
822788,https://www.themoviedb.org/movie/822788,Premrog,179.0,2007-05-31,IN,"Romance, Drama, Action",3.5,"Sickness of love triangle concerning the police officer, his wife, her lover.",Parthasarathi Joarddar,Parthasarathi Joarddar,Released,Bengali,12000.0,15000.0
562461,https://www.themoviedb.org/movie/562461,So Busy,,1937-11-16,CN,Drama,0.0,We don't have an overview translated in English. Help us expand our database by adding one.,Ouyang Yuqian,Ouyang Yuqian,Released,Chinese,,
803672,https://www.themoviedb.org/movie/803672-fica-bem,Fica Bem,,2021-03-06,BR,,0.0,We don't have an overview translated in English. Help us expand our database by adding one.,Klaus Hastenreiter,,Released,Portuguese,,
10537,https://www.themoviedb.org/movie/10537-the-doors,The Doors,140.0,1991-03-01,US,"Music, Drama",7.1,"The story of the famous and influential 1960s rock band and its lead singer and composer, Jim Morrison.",Oliver Stone,"Oliver Stone, Randall Jahnson",Released,English,38000000.0,34416893.0
1331375,https://www.themoviedb.org/movie/1331375-dominique,Dominique,94.0,2024-10-11,US,"Action, Thriller",6.7,"Dominique, a well-trained assassin, flees from her troubled past in an attempt to begin a new life in South America. However, she soon finds herself in a town plagued with violence and corruption. Facing brutal attacks from the police and mafia, Dominique must decide whether to protect herself or an innocent family that has taken her in.",Michael S. Ojeda,"Michael S. Ojeda, Oksana Orlan",Released,English,,
59108,https://www.themoviedb.org/movie/59108-tower-heist,Tower Heist,104.0,2011-11-17,KR,"Action, Comedy",6.1,"A luxury condo manager leads a staff of workers to seek payback on the Wall Street swindler who defrauded them. With only days until the billionaire gets away with the perfect crime, the unlikely crew of amateur thieves enlists the help of petty crook Slide to steal the $20 million they’re sure is hidden in the penthouse.",Brett Ratner,"Ted Griffin, Jeff Nathanson",Released,English,75000000.0,152930623.0
932420,https://www.themoviedb.org/movie/932420-code-8-part-ii,Code 8 Part II,101.0,2024-02-28,KR,"Science Fiction, Action, Crime",6.3,"In a world where superpowered people are heavily policed by robots, an ex-con teams up with a drug lord he despises to protect a teen from a corrupt cop.",Jeff Chan,"Jeff Chan, Jesse LaVercombe, Chris Paré, Sherren Lee",Released,English,,
14564,https://www.themoviedb.org/movie/14564-rings,Rings,102.0,2017-02-03,US,Horror,5.0,"Julia becomes worried about her boyfriend Holt when he explores the dark urban legend of a mysterious videotape said to kill the watcher seven days after viewing. She sacrifices herself to save her boyfriend and in doing so makes a horrifying discovery: there is a ""movie within the movie"" that no one has ever seen before.",F. Javier Gutiérrez,"David Loucka, Jacob Aaron Estes, Kōji Suzuki, Akiva Goldsman",Released,English,25000000.0,83080890.0
858683,https://www.themoviedb.org/movie/858683,Winter by the River,14.0,2020-12-01,US,,0.0,A young boy’s fantasy about love towards an older woman is disenchanted when he is faced with the reality of intimacy.,Shuyao Chen,Shuyao Chen,Released,Chinese,,
1680467,https://www.themoviedb.org/movie/1680467-el-mazarol,El Mazaròl,19.0,2026-04-26,IT,"Drama, Fantasy",0.0,"In early 1900s rural Trentino, Vanni and Agnese's life is upended by the arrival of Luzia, a young woman scarred by abuse. She claims to be a victim of the Mazaròl, a folkloric creature that kidnaps women in the woods.",Juri Ferri,"Angelo Giordano, Guglielmo Sforzi, Ruben Rossi, Sim Levi Tezel, Giulia Tovazzi, Lucia Koreja",Released,Italian,,
712144,https://www.themoviedb.org/movie/712144-downstream-to-kinshasa,Downstream to Kinshasa,90.0,2021-09-29,FR,Documentary,7.3,"For two decades, the victims of the Six-Day War have been fighting in Kisangani for the recognition of this bloody conflict and demanding compensation. Tired of unsuccessful pleas, they have finally decided to voice their claims in Kinshasa, after a long journey on the Congo River.",Dieudo Hamadi,Dieudo Hamadi,Released,French,,
1086268,https://www.themoviedb.org/movie/1086268-troje,Three,97.0,2023-03-01,RS,Drama,6.5,"Ivan and Vera are a young married couple. Both successful in their work, they live in a luxurious villa with their daughters, Petra and Vanja. Aleksandar is their best friend, an architect, as well as Vera's work colleague, who regularly spends time with Ivan and Vera. Aleksanadar and Ivan are friends from childhood, they often go out to nightclubs where Ivan leads a double life. Everything will change one day when the surprising proposal Alexander makes to Ivan does havoc in their lives.",Petar Pašić,"Petar Pašić, Katarina Nikolić",Released,Serbian,,
25462,https://www.themoviedb.org/movie/25462-two-can-play-that-game,Two Can Play That Game,90.0,2001-09-07,US,"Comedy, Romance",6.5,"Corporate overachiever and all-around fly chick Shanté Smith thinks she's got the goods to keep her slickster boyfriend Keith, from straying—until he discovers a greener pasture, Shanté's archrival, Conny. Scorned, she plans to get her man back by any means necessary.",Mark Brown,Mark Brown,Released,English,13000000.0,22391450.0
1251717,https://www.themoviedb.org/movie/1251717-vicious,Vicious,98.0,2025-09-19,US,"Horror, Thriller",6.0,"When Polly receives a mysterious box, it comes with one rule: place inside something she needs, something she hates, and something she loves. If she doesn’t obey, it will consume everything—and everyone—she’s ever known.",Bryan Bertino,Bryan Bertino,Released,English,,
1165116,https://www.themoviedb.org/movie/1165116-inkoqnito,Incognito,15.0,2012-03-02,AZ,Drama,0.0,We don't have an overview translated in English. Help us expand our database by adding one.,Zaur Gasimli,Emil Guliyev,Released,Azerbaijani,,
3537,https://www.themoviedb.org/movie/3537-fame,Fame,134.0,1980-05-16,US,"Drama, Music",6.4,A chronicle of the lives of several teenagers who attend a New York high school for students gifted in the performing arts.,Alan Parker,Christopher Gore,Released,English,8500000.0,42000000.0
10147,https://www.themoviedb.org/movie/10147-bad-santa,Bad Santa,92.0,2003-11-26,US,"Drama, Comedy, Crime",6.6,"You'd better watch out - Willie T. Soke is coming to town, and he doesn't care if you've been naughty or nice. Willie's favorite holiday tradition is to fill his sacks with loot lifted from shopping malls across the country. But this year his plot gets derailed by a wisecracking store detective, a sexy bartender, and a kid who's convinced Willie is the real Santa Claus.",Terry Zwigoff,"John Requa, Glenn Ficarra",Released,English,23000000.0,76500000.0
29926,https://www.themoviedb.org/movie/29926-dead-boyz-don-t-scream,Dead Boyz Don't Scream,78.0,2006-11-02,US,"Horror, Thriller",3.5,"The country's top male models are turning up naked and dead during a cowboy mountain photo shoot. Who would want to off such flawless, muscular pretty boys? They're a little self-involved and clueless, but that's no reason to take an ax to them. Fearless agent Tess Oster and her forest ranger girlfriend Belle Van Dyke must stop the slaughter before there are no models left to shoot. From the producer of Leather Jacket Love Story and crammed with top models and centerfolds from the pages of Playgirl and Men's Workout. Dead Boyz Don't Scream is a funny, sexy thrill ride through the dark side of male modeling filled with gratuitous nudity, politically incorrect violence and lesbians with guns!",Marc Saltarelli,Rick Jensen,Released,English,100000.0,
97133,https://www.themoviedb.org/movie/97133-el-ultimo-magnate,El último magnate,80.0,2012-02-24,ES,Documentary,0.0,"Documentary about an unknown episode of the 20's: the cooperation between Spain and Germany to manufacture in secret the most sophisticated weapons of the time. This film recovers an extraordinary character, Horacio Echevarrieta, one of the most influential men in high political and economic convulsed Spain in the early S.XX. With a fortune inherited by family, this Basque businessman and banker spread the tentacles of power to the mining, fleet of merchant ships, land speculation (creation of the Gran Via in Madrid or Barcelona Metropolitan), newspapers and companies as Iberdrola, Iberia and Cementos Portland, and risked his entire empire to realize his dream of building the best boat that had ever sailed.","José Antonio Hergueta, Olivier Van der Zee","José Antonio Hergueta, Olivier Van der Zee",Released,English,,
258577,https://www.themoviedb.org/movie/258577-dein-mann-wird-mir-gehoren,Dein Mann wird mir gehören!,,2002-04-04,DE,Thriller,5.0,We don't have an overview translated in English. Help us expand our database by adding one.,Gerhard Hroß,"Bennett Owen, Derek Meister",Released,German,,
1172765,https://www.themoviedb.org/movie/1172765-running-behind,Running Behind,16.0,2023-09-01,US,,0.0,"James, a college athlete, is up late studying and stressed. To make matters worse, he's in for a rude awakening.",Aaron McLaughlin,Aaron McLaughlin,Released,English,,
18937,https://www.themoviedb.org/movie/18937-quest-for-camelot,Quest for Camelot,86.0,1998-08-15,KR,"Fantasy, Animation, Drama, Romance, Family",6.8,"During the times of King Arthur, Kayley is a brave girl who dreams of following her late father as a Knight of the Round Table. The evil Ruber wants to invade Camelot and take the throne of King Arthur, and Kayley has to stop him.",Frederik Du Chau,"Vera Chapman, Jacqueline Feather, William Schifrin, David Seidler, Kirk DeMicco",Released,English,40000000.0,38210798.0
12100,https://www.themoviedb.org/movie/12100-windtalkers,Windtalkers,134.0,2002-08-15,KR,"War, Action",6.4,"Joe Enders is a gung-ho Marine assigned to protect a ""windtalker"" - one of several Navajo Indians who were used to relay messages during World War II because their spoken language was indecipherable to Japanese code breakers.",John Woo,"John Rice, Joe Batteer",Released,English,115000000.0,77600000.0
1098983,https://www.themoviedb.org/movie/1098983,Inchi Inchi Prem,149.0,2013-11-15,BD,Romance,0.0,Exchange of love-letters brings two souls fall in love with each other however business rivalry between their parents makes them go through a series of difficulties in love.,Raju Chowdhury,Raju Chowdhury,Released,Bengali,,
414148,https://www.themoviedb.org/movie/414148-xui-ma-hen,Xui Mà Hên,110.0,2014-04-25,VN,Comedy,5.0,We don't have an overview translated in English. Help us expand our database by adding one.,Ethan Trần,,Released,Vietnamese,,
944047,https://www.themoviedb.org/movie/944047,Resume behind the confession,69.0,1998-01-01,JP,,0.0,Pinku film released in 1998,,,Released,Japanese,,
550350,https://www.themoviedb.org/movie/550350,Hair: The Story of Grass,15.0,2018-09-15,SA,"Drama, Comedy",0.0,"Cultural attitudes towards beauty standards are exhaustively unpacked in this delirious satire, about how hair dictates the social mobility of a put-upon caretaker and her intellectually challenged ward.",Maha Al-Saati,"Maha Al-Saati, Saad Al-Motham",Released,Arabic,,
1478817,https://www.themoviedb.org/movie/1478817-d-men-cu-c-phieu-l-u-t-i-xom-l-y-l-i,The Cricket and The Muddy Adventure,84.0,2025-05-30,VN,"Animation, Comedy, Adventure, Music",5.0,"Inspired by Tô Hoài’s classic children’s novel “Diary of a Cricket,” the story follows Cricket and friends on a journey through modern-day Hanoi to save Muddy Hamlet—a once lush land now overrun by waste.",Mai Phương,,Released,Vietnamese,,
1596260,https://www.themoviedb.org/movie/1596260-night-nurse,Night Nurse,95.0,2026-07-10,US,"Drama, Thriller",9.0,"As a series of perverse scam calls unsettles an idyllic retirement community, a starry-eyed nurse becomes entangled with her mysterious patient.",Georgia Bernstein,Georgia Bernstein,Released,English,,
355847,https://www.themoviedb.org/movie/355847-klapka-legio,Klapka-Legion,110.0,1983-08-23,HU,"History, Drama",0.0,"1866. The Habsburg monarchy fight a war against the Italians and the Prussians. General Klapka, who emigrated to England after the fall of the 1848-49 freedom fight of Hungary, exploits the situation and organises a Hungarian legion with the help of the Prussians, then attacking the Austrians in their back sets out to return to Hungary.",Miklós Hajdufy,Miklós Hajdufy,Released,English,,
455730,https://www.themoviedb.org/movie/455730,Break Through the Wu River,89.0,1961-01-01,CN,"History, War",5.8,Story of the leading regiment of the First Branch of the Chinese Red Army for Workers and Peasants who defeats a brigade of enemy on the Wu River and conquers the river by 3 days of intelligent combat.,"Li Shutian, Li Ang",,Released,Chinese,,
33320,https://www.themoviedb.org/movie/33320,Millennium Actress,87.0,2004-07-09,KR,"Animation, Drama, Romance",7.9,"Documentary filmmaker Genya Tachibana has tracked down the legendary actress Chiyoko Fujiwara, who mysteriously vanished at the height of her career. When he presents her with a key she had lost and thought was gone forever, the filmmaker could not have imagined that it would not only unlock the long-held secrets of Chiyoko’s life... but also his own.",Satoshi Kon,"Satoshi Kon, Sadayuki Murai",Released,Japanese,,37641.0
285495,https://www.themoviedb.org/movie/285495-mort-d-un-president,Mort d'un président,,2011-04-12,FR,,5.5,We don't have an overview translated in English. Help us expand our database by adding one.,Pierre Aknine,,Released,French,,
855734,https://www.themoviedb.org/movie/855734,共赴国难,,1932-01-01,CN,,0.0,We don't have an overview translated in English. Help us expand our database by adding one.,"Sun Yu, Wang Cilong",,Released,Chinese,,
10495,https://www.themoviedb.org/movie/10495-the-karate-kid-part-iii,The Karate Kid Part III,112.0,1989-06-29,US,"Action, Family, Drama, Adventure",5.9,"Despondent over the closing of his karate school, Cobra Kai teacher John Kreese joins a ruthless businessman and martial artist to get revenge on Daniel and Mr. Miyagi.",John G. Avildsen,Robert Mark Kamen,Released,English,12500000.0,38956288.0
573356,https://www.themoviedb.org/movie/573356-aramotaskaup-2018,Áramótaskaup: 2018,51.0,2018-12-31,IS,"TV Movie, Comedy, Family",0.0,Áramótaskaup: 2018 is an Icelandic TV movie satirizing the events of the past year.,Arnór Pálmi Arnarson,"Katla M. Þorgeirsdóttir, Jón Gnarr, Katrín Halldóra Sigurðardóttir, Ilmur Kristjánsdóttir, Sverrir Þór Sverrisson",Released,Icelandic,,
1189310,https://www.themoviedb.org/movie/1189310-help-point,Help Point,5.0,2023-11-26,GB,Horror,0.0,"After a heavy night out, Becky misses her train home. Stranded at an empty station, she uses the Help Point on the platform but hears a voice on the other side - asking for her help.",Annabella Forbes,Andrew Ionides,Released,English,,
338436,https://www.themoviedb.org/movie/338436-vagen-till-klockrike,The Road to Klockrike,102.0,1953-07-19,SE,Drama,4.3,Bolle gets tired of working at the cigar factory and because of his desire for freedom he takes to the road. He and the other hobos have only one problem and that is the mounted policemen chasing vagrants.,Gunnar Skoglund,"Gunnar Skoglund, Harry Martinson",Released,Swedish,,
72358,https://www.themoviedb.org/movie/72358-a-thousand-words,A Thousand Words,91.0,2012-11-27,KR,"Drama, Comedy, Fantasy",6.1,"Jack McCall is a fast-talking literary agent, who can close any deal, any time, any way. He has set his sights on New Age guru Dr. Sinja for his own selfish purposes. But Dr. Sinja is on to him, and Jack’s life comes unglued after a magical Bodhi tree mysteriously appears in his backyard. With every word Jack speaks, a leaf falls from the tree and he realizes that when the last leaf falls, both he and the tree are toast. Words have never failed Jack McCall, but now he’s got to stop talking and conjure up some outrageous ways to communicate or he’s a goner.",Brian Robbins,Steve Koren,Released,English,40000000.0,22044277.0
1542,https://www.themoviedb.org/movie/1542-office-space,Office Space,90.0,1999-02-19,US,Comedy,7.4,"A depressed white-collar worker tries hypnotherapy, only to find himself in a perpetual state of devil-may-care bliss that prompts him to start living by his own rules, and hatch a hapless attempt to embezzle money from his soul-killing employers.",Mike Judge,Mike Judge,Released,English,10000000.0,12800000.0
219779,https://www.themoviedb.org/movie/219779,"Let It Rain, Let It Rain!",9.0,1982-09-06,SU,Animation,0.0,"Little Thunder dreams of growing up and wants to thunder and cause rain. For now, Grandpa Thunder does not allow him to do this and instructs him only to look for places on Earth where rain is needed.",Borys Khranevych,Zhanna Vitenzon,Released,Ukrainian,,
964935,https://www.themoviedb.org/movie/964935-echappe,échappé,17.0,2020-05-08,US,,0.0,"When presented with the opportunity to be cast in a lead role, an aging dancer must determine if her personal integrity outweighs her professional ambitions after experiencing a choreographer's unwanted sexual advances.",Rebecca Walters,,Released,English,6000.0,
1597538,https://www.themoviedb.org/movie/1597538-angkinin-mo-ako,Angkinin Mo Ako,70.0,2026-05-15,KR,Drama,0.0,"Cess Garcia and VMX’s next big thing Dara Lima star in a steamy drama about two sisters and the man who sparks their sensual awakening. A female lawyer hires a young man as tutor for her younger sister but unknown to her, their review sessions are becoming wild",Topel Lee,,Released,Tagalog,,
63481,https://www.themoviedb.org/movie/63481-calmos,Femmes Fatales,81.0,1976-02-11,FR,Comedy,6.1,"Two men, fortyish, worn out by their wives, abandon everything to go and live in the back of beyond. There they meet a truculent priest, a boozer, Émile who recalls them to life's simple pleasures. Calm is what they want. But soon their example inspires thousands of disorientated males...",Bertrand Blier,"Bertrand Blier, Philippe Dumarçay",Released,French,,
9666,https://www.themoviedb.org/movie/9666-2,Ju-on: The Grudge 2,92.0,2003-09-05,KR,"Horror, Thriller",6.5,"When the cast and crew of a paranormal TV reality program decide to shoot in the house of the original Saeki hauntings, a series of strange events unfold at the location.",Takashi Shimizu,Takashi Shimizu,Released,Japanese,20000000.0,70700000.0
955897,https://www.themoviedb.org/movie/955897-the-island-between-tides,The Island Between Tides,99.0,2025-03-07,CA,"Horror, Thriller, Mystery",6.8,"A young woman follows a mysterious melody onto a remote tidal island. When she crosses back over at the next low tide, she emerges into a world where 25 years have passed.","Austin Andrews, Andrew Holmes","Austin Andrews, Andrew Holmes",Released,English,,
936345,https://www.themoviedb.org/movie/936345,Tari Sathe,119.0,2021-10-15,IN,Drama,7.0,The story revolves between two youngsters who are at the age of getting married. The girl seeks to meet the boy with a wish of a denial. On the other end boy with positive mindset without revealing his original identity.,Rakesh Shah,,Released,Gujarati,,
11003,https://www.themoviedb.org/movie/11003-the-wedding-singer,The Wedding Singer,97.0,1998-05-02,KR,"Romance, Comedy",6.8,"Robbie, a local rock star turned wedding singer, is dumped on the day of his wedding. Meanwhile, waitress Julia finally sets a wedding date with her fiancée Glenn. When Julia and Robbie meet and hit it off, they find that things are more complicated than anybody thought.",Frank Coraci,Tim Herlihy,Released,English,18000000.0,123306987.0
919207,https://www.themoviedb.org/movie/919207,12.12: The Day,142.0,2023-11-22,KR,"Drama, Thriller, Action, War, History, Crime",7.6,"After the assassination of President Park, martial law has been declared. A coup d'état bursts out by Defense Security Commander Chun Doo-gwang and a private band of officers following him. Capital Defense Commander Lee Tae-shin, an obstinate soldier who believes the military should not take political actions, fights against Chun Doo-gwang to stop him. The conflict between the two grows while military leaders are holding their decision and Defense Minister is gone. In the midst of chaos, the spring of Seoul that everyone longed for heads to unexpected direction.",Kim Sung-soo,"Kim Sung-soo, Hong Won-chan, Lee Young-jong, Hong In-pyo",Released,Korean,,
77883,https://www.themoviedb.org/movie/77883-the-possession,The Possession,92.0,2013-09-05,KR,"Horror, Thriller",6.0,"A young girl buys an antique box at a yard sale, unaware that inside the collectible lives a malicious ancient spirit. The girl's father teams with his ex-wife to find a way to end the curse upon their child.",Ole Bornedal,"Juliet Snowden, Stiles White",Released,English,14000000.0,85446075.0
1735723,https://www.themoviedb.org/movie/1735723-private-property,Private Property,18.0,2026-08-08,CH,Thriller,0.0,A gas station in America. Two outsiders clash over one small space.,Deepak Rauniyar,"Deepak Rauniyar, Asha Magrati",In Production,English,,
364552,https://www.themoviedb.org/movie/364552,Zanmen de niu bai sui,92.0,1983-01-01,CN,Drama,0.0,Winner of the Hundred Flowers Award for Best Film in 1984,Zhao Huanzhang,Xueqiang Yuan,Released,Chinese,,
863235,https://www.themoviedb.org/movie/863235-b-rt-ly-t,Helicopter,81.0,2021-08-28,RU,Drama,0.0,"A young family with a baby is visiting elderly parents living in a remote northern village. Suddenly, their child becomes sick with dysentery. There is no necessary medicine in the village, the telephone line was cut off, and the roads were washed out due to the spring flood. The young father Vanya decides to get to the regional center on his own in order to call a Sunrise to the village. But the road ahead is long and dangerous.",Mikhail Lukachevsky,Innokenty Vasilyev,Released,Russian,,
1548551,https://www.themoviedb.org/movie/1548551-entre-frames,Entre Frames,,2022-08-19,BR,,0.0,We don't have an overview translated in English. Help us expand our database by adding one.,Henrique Nuzzi,Henrique Nuzzi,Released,Portuguese,,
77930,https://www.themoviedb.org/movie/77930-magic-mike,Magic Mike,110.0,2012-08-01,KR,"Drama, Comedy",6.2,"Mike, an experienced stripper, takes a younger performer called The Kid under his wing and schools him in the arts of partying, picking up women, and making easy money.",Steven Soderbergh,Reid Carolin,Released,English,7000000.0,167200000.0
1679445,https://www.themoviedb.org/movie/1679445-downhill-skiers-ain-t-no-mountain-steep-enough,Downhill Skiers – Ain’t No Mountain Steep Enough,130.0,2025-10-10,DE,Documentary,0.0,"Follows six athletes in the pinnacle of skiing as they go about their extraordinary daily lives including serious injuries, lifelong friendships and record-breaking achievements.",Gerald Salmina,Tom Dauer,Released,German,,
21422,https://www.themoviedb.org/movie/21422,Detective Conan: The Time Bombed Skyscraper,94.0,2024-10-02,KR,"Animation, Crime, Mystery, Adventure",7.4,Once brilliant teenage detective Shinichi Kudo was given a poison that reverted him to a 4-year-old. He's adopted the pseudonym Conan Edogawa so no one (save for an eccentric inventor) will know. Now he's got to solve a series of bombings before his loved ones become victims. Who is this madman and why is he doing this? Only the young genius can save the day but will even he be up to the task?,Kenji Kodama,Kazunari Kouchi,Released,Japanese,,9107390.0
849502,https://www.themoviedb.org/movie/849502-tharki-chotu,Tharki Chotu,,2020-04-14,IN,,0.0,We don't have an overview translated in English. Help us expand our database by adding one.,Gehana Vasisth,,Released,Hindi,,
740903,https://www.themoviedb.org/movie/740903-the-unhealer,The Unhealer,94.0,2021-12-02,KR,"Fantasy, Thriller, Horror",5.9,"A botched faith healing bestows supernatural Shaman powers on a bullied teenager. When his lifelong tormentors pull a prank that kills someone he loves, he uses his powers for revenge and goes on a bloody rampage to settle the score.",Martin Guigui,"Kevin E. Moore, J. Shawn Harris",Released,English,,
1277988,https://www.themoviedb.org/movie/1277988-caramelo,Caramelo,100.0,2025-10-08,KR,"Comedy, Drama",7.7,"After a life-changing diagnosis, a promising chef finds hope and humor with the help of a fur-midable dog friend.",Diego Freitas,"Diego Freitas, Rod Azevedo, Vitor Brandt, Marcelo Saback",Released,Portuguese,,
312165,https://www.themoviedb.org/movie/312165-sana,Sanã,18.0,2013-04-04,BR,Documentary,6.0,"An albino boy named Sanã lives on the island of Lençóis, an untouched paradise in northeastern Maranhão state. Surrounded by dunes, he is mimicked in a very white landscape, under a scalding sun from which he cannot escape. In this microcosm ruled by wind and the tides, Sanã builds his own private world.",Marcos Pimentel,"Marcos Pimentel, Ivan Morales Jr.",Released,Portuguese,,
26123,https://www.themoviedb.org/movie/26123-american-pie-presents-the-book-of-love,American Pie Presents: The Book of Love,93.0,2009-12-22,US,Comedy,5.3,"Ten years after the first American Pie movie, three new hapless virgins discover the Bible hidden in the school library at East Great Falls High. Unfortunately for them, the book is ruined, and with incomplete advice, the Bible leads them on a hilarious journey to lose their virginity.",John Putch,David H. Steinberg,Released,English,8000000.0,5021219.0
1880,https://www.themoviedb.org/movie/1880-red-dawn,Red Dawn,114.0,1984-08-10,US,"Action, Thriller, War, Drama",6.3,"It is the dawn of World War III. In mid-western America, a group of teenagers band together to defend their town—and their country—from invading Soviet forces.",John Milius,"John Milius, Kevin Reynolds",Released,English,17000000.0,38400000.0
1132544,https://www.themoviedb.org/movie/1132544-fata-morgana,Fata Morgana,,1931-01-01,SU,"Drama, History",0.0,"Based on the Mykhailo Kotsiubynskyi’s novel. At the distillery farmers begin to strike. Local rich men without punitive detachment begin reprisals from rebels. Punitive detachment of dragoons, who called from the city, only completes the massacre.",Borys Tiahno,"Borys Tiahno, Mykhailo Kotsiubynskyi",Released,Ukrainian,,
749451,https://www.themoviedb.org/movie/749451-les-vagues,Les Vagues,17.0,2019-04-05,FR,,0.0,We don't have an overview translated in English. Help us expand our database by adding one.,Jeanne Dantoine,,Released,French,,
638449,https://www.themoviedb.org/movie/638449-the-last-letter-from-your-lover,The Last Letter from Your Lover,110.0,2021-08-06,GB,"Drama, Romance",7.3,A young journalist in London becomes obsessed with a series of letters she discovers that recounts an intense star-crossed love affair from the 1960s.,Augustine Frizzell,"Jojo Moyes, Esta Spalding, Nick Payne",Released,English,,1451974.0
489150,https://www.themoviedb.org/movie/489150-3,Young Sister-in-Law 3,81.0,2017-12-05,KR,Romance,6.2,A young wife heads to her husband's office where the unexpected ensues.,Choi Woo-seong,,Released,Korean,,
1062868,https://www.themoviedb.org/movie/1062868-la-malediction,La Malédiction,5.0,2022-11-23,FR,,0.0,We don't have an overview translated in English. Help us expand our database by adding one.,"Thomas Modeste, Leonard Ballesteros","Thomas Modeste, Leonard Ballesteros, Sébastien Husson",Released,French,,
85579,https://www.themoviedb.org/movie/85579-karadedeler-olayi,The Karadedeler Incident,86.0,2011-09-16,TR,"Horror, Thriller",2.5,"In a remote village, some strange creatures are patrolling around. After 5 pm, no one dares to go out. A young journalist comes to the village and stays for 10 days but nothing happens. He gives the camera to a 14-year-old boy in the village and then he leaves. The plan was that if the boy sees something strange, he would record it for the journalist and send the tapes back to him. After a while the boy and 6 other people are found murdered, and the camera was still recording...","Erdogan Bagbakan, Erkan Bagbakan","Erdogan Bagbakan, Erkan Bagbakan",Released,Turkish,,
1165642,https://www.themoviedb.org/movie/1165642,Lost in Starlight,96.0,2025-05-30,KR,"Animation, Romance, Science Fiction, Drama",7.4,"When an astronaut leaves Earth for Mars, the vast infinite space divides star-crossed lovers in this animated romance that crosses the cosmos.",Han Ji-won,"Han Ji-won, Kang Hyun-joo",Released,Korean,,
1555297,https://www.themoviedb.org/movie/1555297,Number 23,92.0,2026-04-21,CN,"Drama, Mystery",0.0,"A son, whose relationship with his mother is strained after his father’s disappearance, becomes acquainted with telephone dating service operator No. 23, bringing unexpected changes to him and his mother.",Xia Hao,Xia Hao,Released,Chinese,,
676923,https://www.themoviedb.org/movie/676923-error-fatal,Error Fatal,90.0,2016-12-25,MX,,6.7,"A group of young gang members dedicate their lives to robbery and kidnapping, building a reputation through violence and intimidation. While one of them attempts to leave that life behind and start over, the others continue down the same criminal path — some ending up in prison, others remaining active in the underworld.  Twenty years later, the gang is still operating. When a powerful drug lord summons the group’s leader, he offers them a lucrative job: kidnap a relative of a police officer who has become an obstacle to his operations.  Tempted by the money, the gang accepts the assignment without asking too many questions. But as the plan unfolds, they make a shocking discovery about the identity of their target — a revelation that turns the mission into a fatal mistake and sets off irreversible consequences.",Alonso O. Lara,,Released,Spanish; Castilian,,
1734523,https://www.themoviedb.org/movie/1734523-pencuri-cinta-kelas-satu,Pencuri Cinta Kelas Satu,,2018-01-01,MY,,0.0,"Translation  For Aisya Humaira, taking care of a baby alone after her brother and sister-in-law migrated to Dubai is an easy matter. To her, becoming a mother before her time posed no problem as long as her mommy and daddy were there to help. And she never expected that caring for the little one who missed his parents would not be as easy as she thought. Therefore, she needs to find an uncle for her nephew. But who? Zulfa, her first love, rejected her. He wants to build his career first, he said! For Amar Firzal, finding a wife is not a priority. To him, having a stable job and his own house is an achievement. And he never expected that his mother would also be influenced by the typical mother in dramas who loves to nag him to get married quickly. Every excuse she gives only goes in one ear and out the other. And finally he agreed even though he was still afraid to confess his feelings to the female colleague from his office who had a higher rank than him.",Pyan Screw,,Released,English,,
750151,https://www.themoviedb.org/movie/750151-cidade-media,Cidade Média,,2014-12-12,BR,Fantasy,0.0,We don't have an overview translated in English. Help us expand our database by adding one.,"Giordano Gio, Marcos Wondracek",Giordano Gio,Released,Portuguese,,
12149,https://www.themoviedb.org/movie/12149-frailty,Frailty,100.0,2002-10-11,KR,"Drama, Thriller, Crime",6.9,"A mysterious man arrives at the offices of an FBI agent and recounts his childhood: how his religious fanatic father received visions telling him to kill people who were in fact ""demons.""",Bill Paxton,Brent Hanley,Released,English,11000000.0,17400000.0
1285959,https://www.themoviedb.org/movie/1285959-the-passenger,The Passenger,93.0,2026-06-05,US,Thriller,5.3,"Hassan, a Somali-American airport shuttle driver in Minneapolis, is struggling to make ends meet. When Lloyd, a stranded twenty-something at the airport, offers to pay Hassan to take him overland to Chicago, it seems worth the risk. But as the realization grows that his passenger is not what he seems, Hassan finds himself trapped in a terrifying ride that he can’t escape, knowing that saving himself might put countless others in danger.",Vadim Perelman,Bennett Fisher,Released,English,,
1471224,https://www.themoviedb.org/movie/1471224-le-crime-du-3e-etage,Bazaar (Murder in the Building),106.0,2026-03-11,FR,"Comedy, Drama, Crime",6.4,"Misanthropic novelist François writes gripping crime stories – “Agatha Christie meets The Scarlet Pimpernel” – but outside of the swashbuckling imaginary world of his Marquis la Rose-novels, life is far from thrilling. His partner Colette, a professor at the Sorbonne and world-renowned expert on Alfred Hitchcock, is tired of watching François sit around their apartment in his pyjamas and yearns for the excitement of the classic films she watches with her students. When Colette begins to suspect their flamboyant actor neighbour of murdering his wife, the couple’s mundane lives are turned upside down – and their stale relationship is jolted back to life.",Rémi Bezançon,Rémi Bezançon,Released,French,,
31685,https://www.themoviedb.org/movie/31685-the-hunchback-of-notre-dame,The Hunchback of Notre Dame,117.0,1939-12-29,US,"Drama, Romance, Horror",7.3,"Paris, France, 1482. Frollo, Chief Justice of benevolent King Louis XI, gets infatuated by the beauty of Esmeralda, a young Romani girl. The hunchback Quasimodo, Frollo's protege and bell-ringer of Notre Dame, lives in peace among the bells in the heights of the immense cathedral until he is involved by the twisted magistrate in his malicious plans to free himself from Esmeralda's alleged spell, which he believes to be the devil's work.",William Dieterle,"Victor Hugo, Sonya Levien",Released,English,1800000.0,6877900.0
284293,https://www.themoviedb.org/movie/284293-still-alice,Still Alice,101.0,2015-04-29,KR,Drama,7.5,"Alice Howland, happily married with three grown children, is a renowned linguistics professor who starts to forget words. When she receives a devastating diagnosis, Alice and her family find their bonds tested.","Wash Westmoreland, Richard Glatzer","Wash Westmoreland, Richard Glatzer, Lisa Genova",Released,English,5000000.0,44779195.0
552642,https://www.themoviedb.org/movie/552642,Mommy's Lover,78.0,2018-05-24,KR,Romance,6.0,"Joon-ho falls for his new step-mother, Min-joo. He suppresses his feelings because she is his father's woman, but one day his father passes away. In addition, the step-mother has been throwing him signs and her daughter Eun-jung leaves the house. Joon-ho is alone with Min-joo and he comforts her for losing her husband. However, he ends up comforting her not just mentally, but physically as well.",Lim Hyun-tae,,Released,Korean,,
526,https://www.themoviedb.org/movie/526-ladyhawke,Ladyhawke,121.0,1986-06-14,KR,"Adventure, Comedy, Fantasy",7.0,"Captain Etienne Navarre is a man on whose shoulders lies a cruel curse. Punished for loving each other, Navarre must become a wolf by night whilst his lover, Lady Isabeau, takes the form of a hawk by day. Together, with the thief Philippe Gaston, they must try to overthrow the corrupt Bishop and in doing so break the spell.",Richard Donner,"Edward Khmara, David Webb Peoples, Michael Thomas, Tom Mankiewicz",Released,English,20000000.0,18432000.0
815533,https://www.themoviedb.org/movie/815533-las-mafiosas,Las Mafiosas,,2015-06-11,MX,,7.5,"A group of women and their uncle come to the aid of a severely wounded man who has been shot. They soon discover he is the brother of Paco, a powerful gangster with deep influence in the criminal underworld.  Despite their efforts, the man dies days later. Enraged and determined to uncover the truth, Paco approaches the women with a proposal: work for him within his organization while he temporarily leaves the city. With their help, he plans to identify those who betrayed his brother and orchestrated his death.  As they become entangled in the mafia’s operations, loyalty, danger, and ambition collide — leading them into a dangerous mission of revenge that could change all their lives.",Alonso O. Lara,,Released,Spanish; Castilian,,
257785,https://www.themoviedb.org/movie/257785-tulip-fever,Tulip Fever,107.0,2017-12-14,KR,"Drama, Romance",6.5,An artist falls for a married young woman while he's commissioned to paint her portrait. The two invest in the risky tulip market in hopes to build a future together.,Justin Chadwick,"Deborah Moggach, Tom Stoppard",Released,English,25000000.0,9204549.0
450001,https://www.themoviedb.org/movie/450001,Master Z: Ip Man Legacy,107.0,2019-02-25,KR,"Action, Crime, Drama",6.5,"Following his defeat by Master Ip, Cheung Tin Chi tries to make a life with his young son in Hong Kong, waiting tables at a bar that caters to expats. But it's not long before the mix of foreigners, money, and triad leaders draw him once again to the fight.",Yuen Woo-ping,"Chan Tai-Lee, Edmond Wong Chi-Mun",Released,Cantonese,,21832649.0
1308183,https://www.themoviedb.org/movie/1308183-sem-titulo,UNTITLED,12.0,2024-06-03,BR,"Documentary, Comedy",0.0,"UNTITLED talks about the hardships of making a documentary of a topic as complex as sexuality, which is to this day a taboo in the society, approaching it in a comical way showing the steps that went wrong throughout the process.",Gabriela Moriggi,Marcella Palma,Released,Portuguese,,
9416,https://www.themoviedb.org/movie/9416-money-talks,Money Talks,97.0,1997-08-22,US,"Action, Comedy, Crime, Thriller",6.0,"Sought by police and criminals, a small-time huckster makes a deal with a TV newsman for protection.",Brett Ratner,"Alec Sokolow, Joel Cohen",Released,English,25000000.0,48407611.0
467421,https://www.themoviedb.org/movie/467421-primer-amor-tres-anos-despues,Primer amor... tres años después,,2001-03-10,MX,"Drama, Romance",6.3,We don't have an overview translated in English. Help us expand our database by adding one.,"Eloy Ganuza, Luis Pardo",,Released,Spanish; Castilian,,
821913,https://www.themoviedb.org/movie/821913-andrea-chenier-teatro-dell-opera-di-roma,Andrea Chénier - Teatro Dell'opera di Roma,155.0,2017-05-02,IT,,0.0,"Andrea Chénier is a verismo opera in four acts by Umberto Giordano, set to an Italian libretto by Luigi Illica, and first performed on 28 March 1896 at La Scala, Milan. The story is based loosely on the life of the French poet André Chénier (1762–1794), who was executed during the French Revolution.",,,Released,English,,
332672,https://www.themoviedb.org/movie/332672-rendez-vous,Obsession,100.0,2015-06-04,NL,"Romance, Mystery, Crime, Thriller, Drama",6.3,"Simone inherits a dilapidated farmhouse in France and makes her way there with her husband Eric and their two children. Her dream is to turn the house into a bed and breakfast but as the hectic pace of the rebuilding gets underway, she gets caught up in the romance and chaos of it all. Losing sight of her goals, she must find her way back to the dreams and ambitions which brought her there in the first place.",Antoinette Beumer,"Marjolein Beumer, Dorien Goertzen",Released,Dutch; Flemish,,
66370,https://www.themoviedb.org/movie/66370-kaadhal-parisu,Kaadhal Parisu,,1987-01-14,IN,"Action, Romance",6.0,Sisters Malini and Chitra are heirs to a huge fortune. Chitra is in for a shock when she introduces her boyfriend to Malini and the latter accuses him of raping her years ago.,A. Jagannathan,,Released,Tamil,,
288414,https://www.themoviedb.org/movie/288414,I Like Sexy Women,90.0,2014-07-09,KR,Romance,5.5,"Min-Soo is an elite fencer, ranked among the world's best. He is popular among women due to his good looks. His girlfriend is Ji-Ye. They have been friends since they were in kindergarten. Now, Ji-Ye gets tired of Min-Soo, who wants to have sex all the time. Min-Soo, though, has no problems finding a new partner, but Ji-Ye has troubles finding a partner due to her inexperience. One day, Ji-Ye meets Dong-Joon and feels something different for him. Meanwhile, Min-Soo realizes that he really loves Ji-Ye and decides to get her back.",Jeong-gyun Shin,Lee Nam-jeong,Released,Korean,,
948355,https://www.themoviedb.org/movie/948355-espelunca,Espelunca,5.0,2021-01-08,BR,Horror,10.0,"In farm located far away from the city center, a group of children try to convince an adult that they've witnessed a haunting experience.",Diego Assuf,Diego Assuf,Released,Portuguese,,
310685,https://www.themoviedb.org/movie/310685-la-ultima-rumba-de-papa-montero,The Last Rumba of Papa Montero,52.0,1992-01-02,CU,Documentary,5.4,"Explores the sensuous rhythms and movements of the dance style known as the rumba, as demonstrated by the celebrated Havana rumbero Papá Montero. Blending vintage documentary footage with meticulously staged recreations, the dancer's tragic assassination at Carnival is connected with the passing of a cultural era in Cuban life.",Octavio Cortázar,,Released,Spanish; Castilian,,
928734,https://www.themoviedb.org/movie/928734,Flood,13.0,2019-09-14,UA,Drama,0.0,"Sometimes in the hustle and bustle of our everyday lives we may not see the tragedy that can fall upon our closest ones. This story has actually happened in a regular Ukrainian family. Varya is a young 30 year old successful career woman. Despite her living with her mother in the same apartment, they don't talk much to each other because of Varya's often lengthy business trips. Being in the midst of her everlasting issues, Varya usually doesn't have time to listen to her mom. In Varya's absence, the mother was diagnosed with cancer. And only when Varya sees mom without hair, her life priorities fall in place. Actions speak louder than words. In order to support her dear mother, Varya shaves her head.",Iryna Sakhnenko,Iryna Sakhnenko,Released,Ukrainian,,
15015,https://www.themoviedb.org/movie/15015-barbie-as-rapunzel,Barbie as Rapunzel,84.0,2002-10-01,US,"Animation, Family",7.0,"Barbie stars as Rapunzel, a young girl who is entrapped by a magical barrier by the wicked, Gothel. Rapunzel finds an escape where she finds a Prince and a feud between two kingdoms which goes back to the day she was kidnapped as a child.",Owen Hurley,"Elana Lesser, Cliff Ruby",Released,English,,
18095,https://www.themoviedb.org/movie/18095,Dragon Ball GT: A Hero's Legacy,45.0,1997-03-26,JP,"Adventure, Action, Animation, Science Fiction",6.8,"Son Goku Jr. is the great-great-grandson of the legendary martial artist Son Goku. However, unlike his predecessor he's not a brave fighter. He's constantly picked on by school bullies, his grandmother Pan sees this and she's worried, but even though Goku Jr. is not a strong and powerful Saiyan, he has a kind heart, and Pan loves him. When Pan gets sick Goku Jr. realizes he must do something if he doesn't want to lose Pan. Then he will remember about the legends of the Dragon Balls. It was told they granted a wish to the bearer, Goku Jr. needs a magical wish more than ever.",Osamu Kasai,Neil Bligh,Released,Japanese,,
10806,https://www.themoviedb.org/movie/10806-in-out,In & Out,90.0,1997-09-10,US,Comedy,6.5,A midwestern teacher questions his sexuality after a former student makes a comment about him at the Academy Awards.,Frank Oz,Paul Rudnick,Released,English,35000000.0,63900000.0
324732,https://www.themoviedb.org/movie/324732,Tears of a Mother,,1937-01-17,CN,,7.0,A Chinese film,"Zhu Shilin, Ming-Yau Lo",,Released,Chinese,,
464023,https://www.themoviedb.org/movie/464023-al-diablo-con-la-musica,To Hell with the Music,77.0,1958-06-29,MX,,6.7,Sitcom episodes about the daily life of a pop-vocal quartet family. One of four in a series.,Julio Porter,,Released,Spanish; Castilian,,
1701900,https://www.themoviedb.org/movie/1701900-sinner,Sinner,15.0,2026-04-05,NP,Thriller,0.0,"Sinner, a troubled man, hosts a party where his closest “friends” gather around a dining table. As the night unfolds, their conversations turn accusatory—each one confronting him with unforgivable mistakes from his past. But these companions are not friends at all; they are the living embodiments of his sins, drawn from Hindu scriptures: Abhimaan (Pride), Irsha (Jealousy), Trishna (Desire), Kama (Lust), and Aakrosh (Anger). One by one, the sins expose his guilt, contradictions, and failures, each story clashing with the other. As the voices grow louder and the night spirals into chaos, Sinner’s grip on reality fractures. What begins as a gathering becomes a hallucinatory trial of his own soul, forcing him to face the demons within that he can no longer suppress.",Raksha Thapa,Raksha Thapa,Released,Nepali,,
1721217,https://www.themoviedb.org/movie/1721217-sthree,Sthree,141.0,1996-10-04,IN,"Family, Drama",0.0,"Sthree is a 1996 Indian Kannada film, directed by S Mahendar and produced by M Sunanda and M Krishna.",S. Mahendar,"S. Mahendar, Ra Prakash Thrishuli",Released,Kannada,,
1557357,https://www.themoviedb.org/movie/1557357-tutu-academy,Tutu Academy,3.0,2025-10-04,US,"Science Fiction, Comedy",0.0,"At Tutu Academy, where tutus are the uniform, students of all characters (geeks to goths) express themselves through ballet—and bizarro hair. One odd day, a UFO lands and an alien enters the classroom. Eager to connect with the visitor who doesn’t speak earthly language, the teacher starts a dance conversation—followed by the entire class. At first, the alien struggles to learn the artful language, until he’s gifted a magical tutu. With fresh confidence, the green-hued stranger joyfully joins the dancing crew.  But just as the bond deepens, the alien must return to his homeland. With bittersweet farewells, the UFO departs—donning a tutu too. On his planet, a stark contrast to Tutu Academy’s vibrant vibe, the alien proudly presents tutus to his commanders, where they dance in celebration of the newfound connection with Earth.",Dean Alexander,,Released,No Language,,
862163,https://www.themoviedb.org/movie/862163-antarvasna,Antarvasna,15.0,2021-03-20,IN,Drama,0.0,A middle-aged housewife and mother of a 12 year old kid struggles to find time for herself to manage between unending housework and a regular ignorant husband.,Abhinav Singh,Abhinav Singh,Released,Marathi,,
1722754,https://www.themoviedb.org/movie/1722754,스와핑 하던 날,,2017-01-10,KR,,0.0,We don't have an overview translated in English. Help us expand our database by adding one.,,,Released,Korean,,
330716,https://www.themoviedb.org/movie/330716-plaisirs-defendus,Forbidden Pleasures,90.0,2005-01-31,FR,Romance,2.3,"Three young couples are renovating together a loft in Paris. During a barbecue, Patrick and Julie confess to their friends that they practice partner-swapping. That information shock 1 of the couple, but the other one seems to be interested ...",Marc Riva,"Céline Guyot, Martin Guyot",Released,French,,
5966,https://www.themoviedb.org/movie/5966-along-came-polly,Along Came Polly,90.0,2004-04-02,KR,"Comedy, Romance",6.0,"Reuben Feffer is a guy who's spent his entire life playing it safe. Polly Prince is irresistible as a free-spirit who lives for the thrill of the moment. When these two comically mismatched souls collide, Reuben's world is turned upside down, as he makes an uproarious attempt to change his life from middle-of-the-road to totally-out-there.",John Hamburg,John Hamburg,Released,English,42000000.0,178300000.0
15906,https://www.themoviedb.org/movie/15906-barbie-and-the-magic-of-pegasus,Barbie and the Magic of Pegasus,85.0,2005-10-05,US,"Animation, Family, Romance",7.2,"Princess Annika escapes the clutches of the evil wizard, explores the wonders of Cloud Kingdom, and teams up with a magnificent winged horse - who turns out to be her sister, Princess Brietta - to defeat the wizard and break the spells that imprisoned her family.",Greg Richardson,"Elana Lesser, Cliff Ruby",Released,English,,
466539,https://www.themoviedb.org/movie/466539-sinful-obsession,Sinful Obsession,90.0,1999-07-15,US,Drama,4.8,A sexually unfulfilled housewife begins working in a high class brothel and starts a mutually obsessive relationship with a creepy regular customer.,Eric Gibson,D. Ray Morton,Released,English,,
13205,https://www.themoviedb.org/movie/13205-bambi-ii,Bambi II,72.0,2011-03-04,KR,"Animation, Drama, Family",6.5,"Return to the forest and join Bambi as he reunites with his father, The Great Prince, who must now raise the young fawn on his own. But in the adventure of a lifetime, the proud parent discovers there is much he can learn from his spirited young son.",Brian Pimental,"Felix Salten, Alicia Kirk, Roger S.H. Schulman",Released,English,,
13051,https://www.themoviedb.org/movie/13051-max-payne,Max Payne,100.0,2008-11-20,KR,"Crime, Action, Drama",5.4,"A DEA agent whose family was slain as part of a conspiracy, and an assassin out to avenge her sister's death, join forces to solve a series of murders in New York City.",John Moore,Beau Thorne,Released,English,35000000.0,85416905.0
758679,https://www.themoviedb.org/movie/758679-mothers-instinct,Mothers' Instinct,94.0,2024-04-03,KR,"Thriller, Drama",6.8,"Housewives Alice and Celine are best friends and neighbours who seem to have it all. However, when a tragic accident shatters the harmony of their lives, guilt, suspicion and paranoia begin to unravel their sisterly bond.",Benoît Delhomme,"Barbara Abel, Sarah Conradt",Released,English,,2681023.0
1013601,https://www.themoviedb.org/movie/1013601-the-alto-knights,The Alto Knights,122.0,2025-03-21,US,"Crime, Drama, History",6.2,"Two of New York's most notorious organized crime bosses, Frank Costello and Vito Genovese, vie for control of the city's streets. Once the best of friends, petty jealousies and a series of betrayals place them on a deadly collision course that will reshape the Mafia (and America) forever.",Barry Levinson,Nicholas Pileggi,Released,English,45000000.0,10225566.0
11615,https://www.themoviedb.org/movie/11615-the-life-of-david-gale,The Life of David Gale,130.0,2003-03-21,KR,"Drama, Thriller, Crime",7.4,A man against capital punishment is accused of murdering a fellow activist and is sent to death row.,Alan Parker,Charles Randolph,Released,English,50000000.0,38955598.0
1104972,https://www.themoviedb.org/movie/1104972,Saragapuraru Asichi Priya,,2023-03-26,IN,"Comedy, Drama",0.0,"Menaka, an Apsari from Swargaloka gets punished for her wrong deeds and had to come to earth as her punishment. While hesitant to come at first, Menaka denies to go back to Swargaloka after she falls in love with an earth boy.",Sanjay Nayak,,Released,Oriya,,
936869,https://www.themoviedb.org/movie/936869-luau,Moon Party,7.0,2018-06-13,BR,Fantasy,0.0,.abyssal cave,Murilo Barbosa Simões,,Released,No Language,,
781732,https://www.themoviedb.org/movie/781732-animal,Animal,201.0,2024-01-26,KR,"Action, Crime, Drama",6.1,The hardened son of a powerful industrialist returns home after years abroad and vows to take bloody revenge on those threatening his father's life.,Sandeep Reddy Vanga,"Sandeep Reddy Vanga, Suresh Bandaru, Pranay Reddy Vanga",Released,Hindi,13000000.0,108300000.0
1198763,https://www.themoviedb.org/movie/1198763-bajo-penumbra,Bajo Penumbra,8.0,2023-06-05,ES,Drama,10.0,"Violeta and Pablo are a squatter couple who have just entered an abandoned apartment. They try to go unnoticed while they explore the rooms full of memories of an elderly couple, whose end is nothing more than a mystery. The discomfort and fear tense up, hesitating before the doubt of being able to conceive that apartment as a home.",Luis Paredes,Felipe Calvo Larraín,Released,Spanish; Castilian,700.0,
293767,https://www.themoviedb.org/movie/293767-billy-lynn-s-long-halftime-walk,Billy Lynn's Long Halftime Walk,113.0,2017-02-02,KR,"Drama, War",6.0,19-year-old Billy Lynn is brought home for a victory tour after a harrowing Iraq battle. Through flashbacks the film shows what really happened to his squad – contrasting the realities of war with America's perceptions.,Ang Lee,"Ben Fountain, Jean-Christophe Castelli",Released,English,40000000.0,30930984.0
1698412,https://www.themoviedb.org/movie/1698412-hai-linda,"Hi, Linda",15.0,2026-05-18,ID,,0.0,A naughty young man who is lazy about worship is forced to go to church to comply with his parents' demands and his desire to get to know a female church servant who really hates his appearance.,Risqi Widhio Saputro,Theodorus Satya Nugraha,Released,Indonesian,271.0,
1608982,https://www.themoviedb.org/movie/1608982,From the Ashes: The Pit,88.0,2026-01-22,KR,"Thriller, Drama",4.2,"Trapped in an underground pit during a storm, three students from an all-girls school must confront their personal conflicts as they fight to survive.",Abdullah Bamajbour,,Released,Arabic,,
1664458,https://www.themoviedb.org/movie/1664458-ate-quando,Até Quando?,,2008-11-26,BR,Drama,0.0,A father is capable of anything to help his child when love knows no bounds.,Gustavo Moraes,Gustavo Moraes,Released,Portuguese,,
1018936,https://www.themoviedb.org/movie/1018936-evrilish,Alteration,105.0,2022-10-08,KR,"Crime, War",0.0,"Rustam is a Soviet soldier from Uzbekistan who has been drafted for the Afghanistan war. In the war, he experiences the harsh reality of being unable to categorize the friendly and enemy forces into good and evil.",Yalkin Tuychiev,Yalkin Tuychiev,Released,Uzbek,,
25793,https://www.themoviedb.org/movie/25793-precious-based-on-the-novel-push-by-sapphire,Precious: Based on the Novel 'Push' by Sapphire,110.0,2013-01-10,KR,Drama,7.3,"In Harlem in 1987, Claireece ""Precious"" Jones is a 16-year-old African American girl born into a life no one would want. She's pregnant for the second time by her absent father, and at home she must wait hand and foot on her mother, an angry woman who abuses her emotionally and physically. School is chaotic and Precious has reached the ninth grade with good marks and a secret – she can't read.",Lee Daniels,"Sapphire, Geoffrey S. Fletcher",Released,English,10000000.0,47536959.0
1721605,https://www.themoviedb.org/movie/1721605,Saughat,,1970-12-01,PK,Drama,0.0,Pakistani Urdu-language film,Pervez Malik,Masroor Anwar,Released,Urdu,,
6171,https://www.themoviedb.org/movie/6171-dreamcatcher,Dreamcatcher,134.0,2003-05-08,KR,"Drama, Horror, Science Fiction, Thriller",5.6,"Four childhood friends reunite for a hunting trip in the Maine woods, bound by a psychic force born from a childhood friend's dreamcatcher. They find themselves caught in a grotesque alien invasion that twists memory, sanity and reality into something far more sinister.",Lawrence Kasdan,"Lawrence Kasdan, William Goldman",Released,English,68000000.0,81240206.0
1706610,https://www.themoviedb.org/movie/1706610-lavender,Lavender,12.0,2026-06-01,US,"Romance, Comedy",0.0,"When lesbian writer Audrey runs into her ex-boyfriend, Julian, she must confront her bisexual panic or risk losing her sense of identity.",Camryn Garrett,,Released,English,20000.0,
570051,https://www.themoviedb.org/movie/570051,The House Built on Sand,85.0,1991-09-12,SU,"Drama, TV Movie",9.0,A slice of life among Russian intelligentsia on the eve of WWII. A haunting reminder of Stalin's psychotic purge of 1938 and the nightmarish German siege of Leningrad.,Nijole Adomenaite,Natalya Chepik,Released,Russian,,
827778,https://www.themoviedb.org/movie/827778-kichkina-tabib,Kichkina Tabib,89.0,1998-01-01,UZ,"Science Fiction, Drama",0.0,"Doniyor has the supernatural power to heal seriously ill people with incurable pain. Thanks to his ability, not a single sick person remained in his village. Shuhrat Shodmonov, a big businessman from Tashkent, comes to him and asks him to treat his granddaughter.",Zulfikar Musakov,Zulfikar Musakov,Released,Uzbek,,
1090403,https://www.themoviedb.org/movie/1090403-evil-axe,Evil Axe,13.0,2023-10-06,US,Horror,0.0,"When four friends venture into the woods for a camping trip, they are thrown into a fight for survival as a sinister force threatens their lives.",Ethan LaRoy,Ethan LaRoy,Released,English,,
1558839,https://www.themoviedb.org/movie/1558839-frogman-returns,Frogman Returns,78.0,2025-10-19,US,Horror,0.0,"There’s unfinished business in Loveland. Dallas, Amy, and Frogman are back to settle the score in FROGMAN RETURNS.",Anthony Cousins,"Anthony Cousins, John Karsko",Released,English,,
17610,https://www.themoviedb.org/movie/17610-year-one,Year One,97.0,2009-09-22,KR,"Comedy, Adventure",5.0,"When a couple of lazy hunter-gatherers are banished from their primitive village, they set off on an epic journey through the ancient world.",Harold Ramis,"Harold Ramis, Gene Stupnitsky, Lee Eisenberg",Released,English,60000000.0,62357900.0
1724692,https://www.themoviedb.org/movie/1724692-polis,Polis,80.0,2026-07-23,NL,"Action, Comedy",5.0,"Two Dutch-Turkish cops are forced to team up for a thankless assignment; escort computer nerd Jordy, who's posing as the world's most dangerous hacker.",Ruud Schuurman,Zeynep Dülger,Released,Dutch; Flemish,,
1160164,https://www.themoviedb.org/movie/1160164-taylor-swift-the-eras-tour,TAYLOR SWIFT | THE ERAS TOUR,169.0,2023-11-03,KR,Music,8.2,"A concert film documenting Taylor Swift's record-breaking Eras Tour (2023-2024). Filmed during the Los Angeles shows, the film captures the tour's ten acts, each representing a different musical era from Swift's career. The film showcases over 40 songs, elaborate stage productions, and Swift's performance.",Sam Wrench,,Released,English,15000000.0,261656269.0
1230368,https://www.themoviedb.org/movie/1230368-springsteen-deliver-me-from-nowhere,Springsteen: Deliver Me from Nowhere,120.0,2026-01-23,KR,"Drama, Music",6.6,"Bruce Springsteen, a young musician on the cusp of global superstardom, struggles to reconcile the pressures of success with the ghosts of his past.",Scott Cooper,Scott Cooper,Released,English,55000000.0,45240624.0
647518,https://www.themoviedb.org/movie/647518-bruno-sammartino-la-mia-mama,Bruno Sammartino,96.0,2019-10-26,US,Documentary,2.0,A documentary about World Wrestling Federation Hall of Famer Bruno Sammartino.,Patrea Patrick,Patrea Patrick,Released,English,,
1700764,https://www.themoviedb.org/movie/1700764-critter,Critter,3.0,2025-12-05,US,"Animation, Comedy",0.0,A little critter wanders around a dorm room.,Alex Ciccarelli,,Released,English,,
864756,https://www.themoviedb.org/movie/864756,The Sun Rises Down Below,16.0,2021-09-01,IL,"Comedy, Drama",9.3,"Chronicles of a city. Two homeless women, two local it-girls and one suicidal man on a sunny Tel Aviv morning.",Dylan Joseph,Dylan Joseph,Released,English,,
258788,https://www.themoviedb.org/movie/258788-el-ingles-de-los-guesos,El inglés de los güesos,79.0,1940-09-04,AR,"Romance, Drama",6.3,"A country girl falls in love with an English professor who's in the country studying fossils, but must return to his land.",Carlos Hugo Christensen,"Carlos Hugo Christensen, Benito Lynch",Released,Spanish; Castilian,,
356549,https://www.themoviedb.org/movie/356549,Agnee,124.0,2014-02-14,BD,"Romance, Action, Adventure",5.0,An incognito serial killer in Thailand seeks out revenge on the crime lord that killed her family.,Iftakar Chowdhury,,Released,Bengali,31600.0,45000.0
1029952,https://www.themoviedb.org/movie/1029952-hanchor-hati,Broken-hearted,,1941-07-01,SG,,0.0,"After Hou Yao moved to Singapore in 1940, he continued to work for the Shaw Brothers under Malay Film Productions and made a handful of films, including Bermadu and Hanchor Hati, before being murdered in 1942.","Wan Hoi-Ling, Hou Yao",,Released,Malay,,
1026227,https://www.themoviedb.org/movie/1026227-c-e-ancora-domani,There's Still Tomorrow,118.0,2026-03-04,KR,"Drama, Comedy, History",8.1,"In postwar Rome, a working-class woman dreams of a better future for herself and her daughter while facing abuse at the hands of her domineering husband. When a mysterious letter arrives, she discovers the courage to change the circumstances of her life.",Paola Cortellesi,"Paola Cortellesi, Giulia Calenda, Furio Andreotti",Released,Italian,9000000.0,50121593.0
2323,https://www.themoviedb.org/movie/2323-field-of-dreams,Field of Dreams,105.0,1989-04-21,US,"Drama, Fantasy",7.1,"Ray Kinsella is an Iowa farmer who hears a mysterious voice telling him to turn his cornfield into a baseball diamond. He does, but the voice's directions don't stop -- even after the spirits of deceased ballplayers turn up to play.",Phil Alden Robinson,"Phil Alden Robinson, W.P. Kinsella",Released,English,15000000.0,84431625.0
8879,https://www.themoviedb.org/movie/8879-pale-rider,Pale Rider,115.0,1985-06-28,US,"Western, Drama",7.2,A mysterious preacher protects a humble prospector village from a greedy mining company trying to encroach on their land.,Clint Eastwood,"Dennis Shryack, Michael Butler",Released,English,6900000.0,41400000.0
11967,https://www.themoviedb.org/movie/11967-young-guns,Young Guns,107.0,1988-08-12,US,"Western, Action, Adventure",6.7,"A group of young gunmen, led by Billy the Kid, become deputies to avenge the murder of the rancher who became their benefactor. But when Billy takes their authority too far, they become the hunted.",Christopher Cain,John Fusco,Released,English,13000000.0,44700000.0
10747,https://www.themoviedb.org/movie/10747-the-outlaw-josey-wales,The Outlaw Josey Wales,135.0,1977-05-29,KR,Western,7.5,"After avenging his family's brutal murder, Wales is pursued by a pack of soldiers. He prefers to travel alone, but ragtag outcasts are drawn to him - and Wales can't bring himself to leave them unprotected.",Clint Eastwood,"Philip Kaufman, Sonia Chernus",Released,English,3700000.0,31800000.0
1613722,https://www.themoviedb.org/movie/1613722-repetitsiya,Rehearsal,7.0,2018-03-25,RU,Drama,0.0,"Two small-town actors are heading Moscow to an audition for Helya's and Victor's parts in ""Warsaw Melody"" by Leonid Zorin. As they drive, they rehearse their parts.",Alexander Belov,Alexander Belov,Released,Russian,,
570244,https://www.themoviedb.org/movie/570244-bob-herceg,Prince Bob,98.0,1941-11-20,HU,Music,7.0,"In Luxoria Prince Igor is preparing to accede to the throne and choose his wife on his 24th birthday. The mother Duchess's candidate is Duchess Xenia, but Igor loves Annie, the soap-maker's daughter.",László Kalmár,"Gyula Kőváry, László Pacséry",Released,Hungarian,,
543540,https://www.themoviedb.org/movie/543540-the-perfect-date,The Perfect Date,90.0,2019-04-12,KR,"Romance, Comedy",6.4,"No beau? No problem! To earn money for college, a high schooler creates a dating app that lets him act as a stand-in boyfriend.",Chris Nelson,"Steve Bloom, Randall Green",Released,English,,
11644,https://www.themoviedb.org/movie/11644-blow-out,Blow Out,108.0,1981-07-24,US,"Crime, Mystery, Thriller",7.4,"While recording sound effects for a slasher flick, Jack Terry stumbles upon a real-life horror: a car careening off a bridge and into a river. Jack jumps into the water and fishes out Sally from the car, but the other passenger is already dead — a governor intending to run for president. As Jack does some investigating of his tapes, and starts a perilous romance with Sally, he enters a tangled web of conspiracy that might leave him dead.",Brian De Palma,"Brian De Palma, Bill Mesce Jr.",Released,English,18000000.0,12000000.0
25538,https://www.themoviedb.org/movie/25538,Yi Yi,174.0,2000-10-28,KR,Drama,7.9,A Taipei family faces personal and moral uncertainty as everyday events test their relationships and sense of purpose.,Edward Yang,Edward Yang,Released,Chinese,,1528767.0
315765,https://www.themoviedb.org/movie/315765-nem-tuntem-el-richter-gedeon-tortenete,Nem tűntem el - Richter Gedeon története,,2014-02-05,HU,"Drama, TV Movie",0.0,We don't have an overview translated in English. Help us expand our database by adding one.,Spáh Dávid,András Kovács M.,Released,Hungarian,,
717728,https://www.themoviedb.org/movie/717728-jeepers-creepers-reborn,Jeepers Creepers: Reborn,88.0,2023-02-22,KR,Horror,5.3,"Forced to travel to a horror festival with her boyfriend, a young woman begins experiencing premonitions associated with the urban myth of The Creeper. She believes that something supernatural has been summoned — and that she is at the center of it all.",Timo Vuorensola,Sean-Michael Argo,Released,English,5000000.0,6175213.0
551528,https://www.themoviedb.org/movie/551528,Poramon 2,146.0,2018-06-16,BD,"Romance, Drama, Comedy",6.2,A day laborer searches for hope and strength after his daughter commits suicide.,Raihan Rafi,,Released,Bengali,238606.0,
16907,https://www.themoviedb.org/movie/16907-naruto,Naruto the Movie: Ninja Clash in the Land of Snow,82.0,2021-10-25,KR,"Comedy, Action, Animation, Adventure",7.3,"Naruto is thrilled when he is sent on a mission to protect his favorite actress, Yukie Fujikaze, on the set of her new movie, The Adventures of Princess Gale. But when the crew ventures out to film in the icy, foreboding Land of Snow, Yukie mysteriously flees! Naruto and his squad set off to find her... unaware that three Snow Ninja lie in wait, with a sinister purpose that will force Yukie to face her hidden past!",Tensai Okamura,Katsuyuki Sumisawa,Released,Japanese,,11141307.0
744301,https://www.themoviedb.org/movie/744301,The Atmosphere Station,90.0,2020-09-17,IR,Drama,0.0,The young couple Vahid and Marjan had divorced a few months ago but have not told anybody. Marjan dies in an accident and Vahid is blamed for it.,Mehdi Jafari,"Mehdi Jafari, mahin abbaszadeh",Released,Persian,,
1051244,https://www.themoviedb.org/movie/1051244-vinte-vinte,Vinte Vinte,,2022-11-17,BR,"Science Fiction, Comedy",0.0,We don't have an overview translated in English. Help us expand our database by adding one.,"Juan Facuri, Luana Siqueira, Pedro Zorzaneli",Pedro Lopes,Released,Portuguese,,
1400108,https://www.themoviedb.org/movie/1400108-mother,Mother,12.0,2024-12-01,AU,,0.0,"In regional Victoria during the late nineteenth century, young nun Sister Maria is summoned to a remote homestead to provide spiritual guidance to a couple grieving a stillbirth. As she settles into the farm, she quickly senses a dark presence at play: the crops are blighted; the animals are perishing; and swarms of snakes plague the land. Her world is further upended when, while praying for the couple to conceive a new child, Maria instead finds herself pregnant. Believing this pregnancy might be the miracle they’ve hoped for, Maria agrees to give the child to the couple in exchange for their discretion and shelter. But, as the birth draws near and tensions rise, she grows increasingly fearful that she might be harbouring a malevolent force.",Koko Crozier,,Released,English,,
1491748,https://www.themoviedb.org/movie/1491748-frecuencia-modulada,Frecuencia Modulada,21.0,2012-01-01,AR,Comedy,0.0,A wacky comedy starring a famous radio host who loses his tongue. A strange dream reveals he must become a ventriloquist.,Manuel Quiñones,,Released,Spanish; Castilian,,
1579492,https://www.themoviedb.org/movie/1579492-mr-raja,Mr. Raja,145.0,1987-03-12,IN,"Action, Drama",0.0,A 1987 Kannada Drama movie by V Somashekhar.,V. Somashekar,V. Somashekar,Released,Kannada,,
962945,https://www.themoviedb.org/movie/962945-weak-rangers,Weak Rangers,126.0,2022-04-26,AR,Comedy,6.2,"The final match of the ""tennis trilogy"" sharpens the humor to the maximum and unleashes all the dramas -some of them, even beaten to death- between the owner and the employees of the complex, with strange melancholic notes and new characters that join the ordeal in its last station.",Lucía Seles,Lucía Seles,Released,Spanish; Castilian,,
458594,https://www.themoviedb.org/movie/458594-peppermint,Peppermint,102.0,2019-04-11,KR,"Action, Thriller",6.7,"A grieving mother transforms herself into a vigilante following the murders of her husband and daughter, eluding the authorities to deliver her own personal brand of justice.",Pierre Morel,Chad St. John,Released,English,25000000.0,53918723.0
1117898,https://www.themoviedb.org/movie/1117898-the-cat-in-the-hat,The Cat in the Hat,,2026-11-06,US,"Animation, Comedy, Adventure, Fantasy, Family",0.0,"Doing what he does best, the Cat spreads joy to kids in his hilarious, signature, and singularly irreverent way, transporting them and audiences on a fantastical journey through a world they've never seen before. Our hero takes on his toughest assignment yet for the I.I.I.I. (Institute for the Institution of Imagination and Inspiration, LLC) to cheer up Gabby and Sebastian, a pair of siblings struggling to move to a new town. Known for taking things too far, this could be this agent of chaos' last chance to prove himself...or lose his magical hat!","Erica Rivinoja, Alessandro Carloni","Erica Rivinoja, Alessandro Carloni, Dr. Seuss",Post Production,English,,
1038755,https://www.themoviedb.org/movie/1038755,Jinn,,2023-04-21,BD,Thriller,0.0,We don't have an overview translated in English. Help us expand our database by adding one.,Nader Chowdhury,,Released,Bengali,,
342281,https://www.themoviedb.org/movie/342281-une-famille-louer,Family for Rent,97.0,2015-08-19,FR,"Comedy, Romance",5.2,"Forty-year-old Paul-André is a timid, rather introverted man. Rich but alone, he is deeply bored and ends up concluding that what he needs is a family. Violette, a forty-year-old full of energy, is threatened with eviction and is afraid she'll lose custody of her two children. Paul-André then proposes a totally above the board contract to rent the family in exchange for him paying off Violette's debts. For better and for worse..",Jean-Pierre Améris,"Jean-Pierre Améris, Murielle Magellan",Released,French,,
2309,https://www.themoviedb.org/movie/2309-inkheart,Inkheart,106.0,2009-01-29,KR,"Adventure, Family, Fantasy",6.3,"The adventures of a father and his young daughter, in their search for a long lost book that will help reunite a missing, close relative.",Iain Softley,"Cornelia Funke, David Lindsay-Abaire",Released,English,60000000.0,62803180.0
544868,https://www.themoviedb.org/movie/544868,Ondalla Eradalla,132.0,2018-08-24,IN,"Drama, Comedy",0.0,"The story revolves around a seven year old boy named Sameera who looses his pet Banu. He goes alone in search of his pet to a town called 'Pete', along the way he meets many people from different sections of society. Innocence is the main theme of the movie, whether his innocence can reign over the selfishness of the people he meets on the way to recover his lost pet forms the main crux of the movie.",D Satya Prakash,"D Satya Prakash, HS Nagendra, Dananjay Ranjan",Released,Kannada,,
605722,https://www.themoviedb.org/movie/605722-long-distance,Long Distance,87.0,2025-07-03,US,"Science Fiction, Comedy, Action",6.6,"After crash-landing on an alien planet, an asteroid miner must contend with the challenges of his new surroundings, while making his way across the harsh terrain to the only other survivor – a woman who is trapped in her escape pod.","Josh Gordon, Will Speck",Spenser Cohen,Released,English,,
1152963,https://www.themoviedb.org/movie/1152963-lockdown-lovers,Lockdown Lovers,130.0,2023-07-31,AU,Romance,4.0,"Set in Melbourne during the early days of the COVID-19 pandemic, Kristal is enjoying the last few days of her trip to Australia when she meets Lisette on a night out in the city. The pair are saying farewell after a one-night stand, when news of Melbourne’s border closure reaches them – unable to return to Canada Kristal accepts Lisette’s invitation to stay with her during the citywide lockdown. Can these two perfect strangest survive a month together or will their differences drive them apart?",Ric Forster,,Released,English,,
445039,https://www.themoviedb.org/movie/445039-donde-hay-patron,Donde hay patrón...,,1978-03-04,ES,"Comedy, Music",5.9,We don't have an overview translated in English. Help us expand our database by adding one.,Mariano Ozores Puchol,Mariano Ozores Puchol,Released,Spanish; Castilian,,
809140,https://www.themoviedb.org/movie/809140-father-stu,Father Stu,124.0,2022-12-28,KR,Drama,7.1,"The true-life story of boxer-turned-priest. When an injury ends his amateur boxing career, Stuart Long moves to Los Angeles to find money and fame. While scraping by as a supermarket clerk, he meets Carmen, a Sunday school teacher who seems immune to his bad-boy charm. Determined to win her over, the longtime agnostic starts going to church to impress her. However, a motorcycle accident leaves him wondering if he can use his second chance to help others, leading to the surprising realization that he's meant to be a Catholic priest.",Rosalind Ross,Rosalind Ross,Released,English,4000000.0,21591034.0
951863,https://www.themoviedb.org/movie/951863-el-vestido,The Dress,4.0,2022-04-01,ES,Drama,7.0,"Marta has found a dress that is not hers in her boyfriend Fer's room, all the trust she has placed in him over years of relationship is shaken.",Alejandro Hoces,"Cinta Guerrero Guerra, Angela Sicilia Domínguez, PJ Martínez, Lucía Criado Rosas",Released,Spanish; Castilian,155.0,
366672,https://www.themoviedb.org/movie/366672-paws-of-fury-the-legend-of-hank,Paws of Fury: The Legend of Hank,94.0,2022-09-28,KR,"Animation, Adventure, Comedy, Family, Action",6.6,"A hard-on-his-luck hound finds himself in a town full of cats in need of a hero to defend them from a ruthless villain's wicked plot to wipe their village off the map. With help from a reluctant mentor, our underdog must assume the role of town samurai and team up with the villagers to save the day.","Chris Bailey, Rob Minkoff, Mark Koetsier","Ed Stone, Nate Hopper",Released,English,45000000.0,42500000.0
1611789,https://www.themoviedb.org/movie/1611789-los-mentirosos,The Liars,19.0,2026-01-24,US,"Comedy, Drama",0.0,"Matías and his younger brother Jaime are left to their own devices in an adult world. When Jaime is caught stealing, Matías must convince a stranger to act as their father.",Eduardo Braun Costa,Eduardo Braun Costa,Released,Spanish; Castilian,,
144644,https://www.themoviedb.org/movie/144644,The Women Warriors of Kingmen,90.0,1983-08-20,TW,"Adventure, War, Action",9.0,Action-war from Taiwan.,Yang Chia-Yun,Chang Yung-hsiang,Released,Chinese,,
371638,https://www.themoviedb.org/movie/371638-the-disaster-artist,The Disaster Artist,104.0,2018-03-27,KR,"Comedy, Drama",7.1,"An aspiring actor in Hollywood meets an enigmatic stranger by the name of Tommy Wiseau, the meeting leads the actor down a path nobody could have predicted; creating the worst movie ever made.",James Franco,"Scott Neustadter, Michael H. Weber",Released,English,10000000.0,29820616.0
1310370,https://www.themoviedb.org/movie/1310370-ephemeral,Ephemeral,14.0,2024-06-29,US,Drama,6.0,"Two inseparable girls forge a friendship that seemed unbreakable. But as time leads them to the crossroads of adulthood, their paths diverge, testing the bonds they thought were unshakeable.",Hannah Notsch,"Hannah Notsch, Monica Sandoval",Released,English,3000.0,
395458,https://www.themoviedb.org/movie/395458-suburbicon,Suburbicon,105.0,2018-07-12,KR,"Thriller, Crime, Drama, Mystery",5.9,"In the quiet family town of Suburbicon during the 1950s, the best and worst of humanity is hilariously reflected through the deeds of seemingly ordinary people. When a home invasion turns deadly, a picture-perfect family turns to blackmail, revenge and murder.",George Clooney,"George Clooney, Ethan Coen, Grant Heslov, Joel Coen",Released,English,25000000.0,12751667.0
1730079,https://www.themoviedb.org/movie/1730079-saa-vee,Saa Vee,105.0,2025-12-05,IN,"Comedy, Mystery, Thriller, Drama",10.0,A young man's life turns into a nightmare when his uncle's dead body disappears the moment he closes his eyes.,Anton Ajith,Anton Ajith,Released,Tamil,78673.0,
533753,https://www.themoviedb.org/movie/533753-intizar,İntizar,20.0,1970-01-01,SU,"Drama, Family",0.0,"In 1919-1920, in the events of the revolution. The story of a mother's heart is from the pull and breadth. The strong and rich image of the mother separates from her son, and then boldly loses him, another guy takes her son. She believes that this child will come and replace her son, who will be worthy of her son. The mother tries to raise him as a brave, noble, and kind person, like her own son.",Tofig Ismailov,Tofig Ismailov,Released,Azerbaijani,,
263677,https://www.themoviedb.org/movie/263677-115,Ragasiya Police 115,143.0,1968-01-10,IN,Drama,7.0,We don't have an overview translated in English. Help us expand our database by adding one.,B. Ramakrishnaiah Panthulu,,Released,Tamil,,
10618,https://www.themoviedb.org/movie/10618,Once Upon a Time in China II,113.0,1993-05-22,KR,"Action, Comedy",7.2,"Wong Fei-Hung faces the White Lotus Society, a fanatical cult seeking to drive the Europeans out of China through violence, even attacking Chinese who follow Western ways. Wong must also defend revolutionary Dr. Sun Yat Sen from the military.",Tsui Hark,Charcoal Tan,Released,Cantonese,,30399676.0
2405,https://www.themoviedb.org/movie/2405-joseph,Joseph,185.0,1996-05-24,DE,"Adventure, Drama, TV Movie",8.2,"Joseph, favored son of Jacob and great-grandson of Abraham, is sold into slavery by his jealous brothers. Rising to become prime minister of Egypt. Joseph governed the country during a seven year famine, during which his brothers visit Egypt seeking grain, only to encounter their brother, presumed long dead.",Roger Young,"James Carrington, Lionel Chetwynd",Released,English,10000000.0,
207947,https://www.themoviedb.org/movie/207947,Story of White Coat: Indecent Acts,56.0,1984-03-02,JP,"Comedy, Drama",4.5,"A trainee has dream is to become a nurse and live a comfortable life. But that dream turns into a nightmare when she becomes the object of obsession for the sex crazed son of a major shareholder at the hospital where she works. When he is admitted to the hospital with alcohol poisoning, no nurse is safe!  Will she escape his clutches or will she finally succumb to his amorous appetite?",Hidehiro Ito,Yo Takeyama,Released,Japanese,,
1730101,https://www.themoviedb.org/movie/1730101,Mudhal Iravu,,1979-01-12,IN,Drama,0.0,"Jayalakshmi, a rape victim, gets a recommendation letter from a pastor and goes to Sunderajan's house for work. Unfortunately, she misplaces the letter and it is found by another woman.",A. Jagannathan,Kovai Chezhian,Released,Tamil,,
519850,https://www.themoviedb.org/movie/519850-who-should-we-let-in-ian-hislop-on-the-first-great-immigration-row,Who Should We Let In? Ian Hislop on the First Great Immigration Row,60.0,2017-06-22,GB,Documentary,0.0,"As Brexit Britain prepares to draw up new rules on who is welcome here, Ian Hislop takes an entertaining and provocative look at the decades from the Victorian era to the First World War, when modern Britain introduced its first peacetime restrictions on immigration.",Nick Tanner,,Released,English,,
1164946,https://www.themoviedb.org/movie/1164946-shadow-puppets,Shadow Puppets,3.0,2023-08-15,GB,Comedy,0.0,"Upon waking up at the end of a black-tie premiere, stuffy film critic Hugo meets Alice who compels him into a moment of silliness; making shadow puppets in the projector light.",Lily Welton,Louis Sheldon,Released,English,,
181472,https://www.themoviedb.org/movie/181472-nentori-i-dyte,The Second November,93.0,1982-01-01,AL,"Drama, History",8.5,A historical drama focusing on the days leading up to Albania's declaration of independence from the Ottoman Empire in November 1912.,Viktor Gjika,Kiço Blushi,Released,Albanian,,
720273,https://www.themoviedb.org/movie/720273-romeo-un-dzuljeta,Romeo n' Juliet,82.0,2015-10-22,LV,"Romance, Drama",0.0,"Romeo n’ Juliet depicts the contemporary love story of a young Latvian girl, Juliet, and a Russian guy, Romeo. Juliet aimlessly spends tiresome days in Jūrmala; all she has to look forward to is leaving for England with her best friend in search of a better life. Romeo also wants to live for something and dreams of a hip-hop musician’s life in Russia. After Romeo sees Juliet for the first time and falls in love, their dreams and hopes for a better future collapse in a matter of days.",Māris Martinsons,Nils Sakss,Released,Latvian,,
7984,https://www.themoviedb.org/movie/7984-in-the-name-of-the-father,In the Name of the Father,133.0,1994-04-02,KR,Drama,7.9,"A small-time Belfast thief, Gerry Conlon, is wrongly convicted of an IRA bombing in London, along with his father and friends, and spends 15 years in prison fighting to prove his innocence.",Jim Sheridan,"Jim Sheridan, Terry George",Released,English,13000000.0,65796862.0
992774,https://www.themoviedb.org/movie/992774-cuatro,Cuatro,95.0,2023-03-31,PH,Drama,4.0,We don't have an overview translated in English. Help us expand our database by adding one.,Rosswil Hilario,Dennis C. Evangelista,Released,Tagalog,,
473353,https://www.themoviedb.org/movie/473353,Corpse Prison: Part 1,75.0,2017-09-06,KR,"Horror, Drama, Thriller",3.9,"From the moment she and her fellow students arrive in the mountain village of Yasaka, Mikoto knows that there is something very wrong with this tiny town. Can it really be true that, for 50 years, not a single girl has been born in this isolated community?  Despite the fact that Mayor Amano and the other all male residents have enthusiastically welcomed her and the other three coeds attending Professor Ashihara’s overnight seminar, Mikoto can’t shake the sense of increasing dread that consumes her. Something horrible has happened here. Something that is about to happen again. Because the town has been waiting for her. And the other girls. From the pages of the hit online manga published in Web Comic Gamma, the nightmare is about to begin!",Hideo Jojo,"Hideo Jojo, Ryō Kaihara",Released,Japanese,,
482617,https://www.themoviedb.org/movie/482617,My Girlfriend's Mom,85.0,2016-05-18,KR,"Romance, Drama",6.0,"A secret relationship between two people that a daughter should never know!  Youngo goes to a cute girlfriend 's health home and enjoys her affairs with her, and comes face to face with her mother Seo - young, who has accidentally entered the room. Youngo feels exhilarating pleasure before embarrassment and feels seo young as woman from that moment. While health is unknown, the relationship between Youngo and Seo Young is getting deeper and deeper.",Kyeong Seok-ho,Hyeom-yong Lee,Released,Korean,,
25539,https://www.themoviedb.org/movie/25539,Winners & Sinners,108.0,1983-12-15,KR,"Action, Adventure, Comedy, Crime",6.9,"Five friends are released from prison and do their best to stay out trouble. While trying to mind their own business (and run their 5-Star Cleaning Service), they are caught up in a war between rival Triad gangs fighting for control of the counterfeit currency market.",Sammo Hung Kam-Bo,"Sammo Hung Kam-Bo, Barry Wong Ping-Yiu",Released,Cantonese,,2804977.0
1364608,https://www.themoviedb.org/movie/1364608-anemone,Anemone,125.0,2025-10-03,US,Drama,5.9,"Middle-aged Jem sets out from his suburban home on a journey into the woods, where he reconnects with his estranged hermit brother Ray. Bonded by a mysterious, complicated past, the men share a fraught, if occasionally tender relationship—one that was forever altered by shattering events decades earlier.",Ronan Day-Lewis,"Ronan Day-Lewis, Daniel Day-Lewis",Released,English,11000000.0,1161830.0
486029,https://www.themoviedb.org/movie/486029-lo-que-le-paso-a-reynoso,Lo que le pasó a Reynoso,94.0,1955-05-24,AR,Drama,8.5,A gaucho kills a man in a duel and must flee.,Leopoldo Torres Ríos,"Leopoldo Torres Ríos, Alberto Vacarezza",Released,Spanish; Castilian,,
615904,https://www.themoviedb.org/movie/615904-marry-me,Marry Me,112.0,2022-03-16,KR,"Romance, Comedy, Music",6.6,"After finding out about her fiancé's cheating ways, a pop superstar impulsively marries a total stranger. They must soon decide if two people from such different worlds can find true love.",Kat Coiro,"John Rogers, Harper Dill, Tami Sagher",Released,English,23000000.0,44000000.0
495709,https://www.themoviedb.org/movie/495709,Uma,160.0,2013-05-24,NP,"Drama, History",7.0,"Set in the early 2000s, a story about Uma, her brother Milan and their widow mother living in rural Nepal during the Maoist insurgency.",Tsering Rhitar Sherpa,"Tsering Rhitar Sherpa, Tsering Choden, Kumar Bhattarai",Released,Nepali,,
188222,https://www.themoviedb.org/movie/188222-entourage,Entourage,104.0,2015-11-05,KR,"Comedy, Drama",6.2,"Movie star Vincent Chase, together with his boys, Eric, Turtle and Johnny, are back…and back in business with super agent-turned-studio head Ari Gold. Some of their ambitions have changed, but the bond between them remains strong as they navigate the capricious and often cutthroat world of Hollywood.",Doug Ellin,Doug Ellin,Released,English,30000000.0,49263404.0
11357,https://www.themoviedb.org/movie/11357-halloween-4-the-return-of-michael-myers,Halloween 4: The Return of Michael Myers,88.0,1988-10-21,US,"Horror, Thriller",6.2,"Ten years after his original massacre, the invalid Michael Myers awakens on Halloween Eve and returns to Haddonfield to kill his seven-year-old niece.",Dwight H. Little,Alan B. McElroy,Released,English,5000000.0,17768757.0
8987,https://www.themoviedb.org/movie/8987-the-river-wild,The River Wild,111.0,1995-03-11,KR,"Adventure, Thriller, Drama",6.5,"Gail and Tom Hartman are struggling to stay together and decide to take a white-water rafting holiday adventure in Montana for their son Roarke's 10th birthday, only to meet up with a pair of mysterious men whose desperation grows, turning their vacation into a nightmare.",Curtis Hanson,Denis O'Neill,Released,English,45000000.0,94216343.0
489430,https://www.themoviedb.org/movie/489430-aterrados,Terrified,88.0,2019-08-22,KR,Horror,6.7,Police commissioner Funes and three researchers of supernatural phenomena investigate inexplicable events that are occurring in the suburbs of Buenos Aires.,Demián Rugna,Demián Rugna,Released,Spanish; Castilian,,
576174,https://www.themoviedb.org/movie/576174,Easy Virtue,109.0,1992-05-16,KR,"Drama, Horror, Thriller",8.3,"Jang is attacked in her home by a masked man two nights in a row. Her husband is reluctant to call the police, but they both begin to suspect the odd young man living next door",Um Jong-sun,,Released,Korean,,
938150,https://www.themoviedb.org/movie/938150-wardriver,Wardriver,93.0,2026-03-20,US,"Thriller, Crime",7.3,"He’s a Wardriver: a hacker who steals from banks, not people—until he’s noticed. Now the money turns violent, and the woman caught in it could save him or kill them both.",Rebecca Thomas,Daniel Casey,Released,English,,59225.0
793200,https://www.themoviedb.org/movie/793200-mision-en-buenos-aires,Misión en Buenos Aires,72.0,1954-12-02,AR,"Adventure, Crime",10.0,We don't have an overview translated in English. Help us expand our database by adding one.,Ricardo Gascón,"Ricardo Gascón, Carmen F. Montero, César Tiempo",Released,Spanish; Castilian,,
866015,https://www.themoviedb.org/movie/866015-lakotelepi-mitoszok,Myths of the Housing Estate,,1985-05-10,HU,,0.0,We don't have an overview translated in English. Help us expand our database by adding one.,Felvidéki Judit,,Released,Hungarian,,
1195518,https://www.themoviedb.org/movie/1195518-the-unholy-trinity,The Unholy Trinity,95.0,2026-05-21,KR,"Western, Adventure, Crime",6.3,"Set against the turbulent backdrop of 1870s Montana, in the moments before the execution of Isaac Broadway, he gives his estranged son, Henry, an impossible task: murder the man who framed him for a crime he didn’t commit. Intent on fulfilling his promise, Henry travels to the remote town of Trinity, where an unexpected turn of events traps him in town and leaves him caught between Gabriel Dove, the town’s upstanding new sheriff, and a mysterious figure named St. Christopher.",Richard Gray,Lee Zachariah,Released,English,,1000526.0
1735263,https://www.themoviedb.org/movie/1735263-srikandi,Srikandi,100.0,2025-09-15,MY,Adventure,0.0,"The story recounts the hardships Siti Zubaidah endured while tracking down her husband, Sultan Zainal Abidin—who had been abducted—a journey that forced her to give birth in the forest.  Siti Zubaidah later encountered pirates and discovered belongings that belonged to her husband. Meanwhile, the Sultanah ordered a commander to secretly search for the Sultan.  Siti Zubaidah emerged victorious in a battle against a band of land-based pirates, yet her husband remained unfound.",Wan Mohd Afzam Wan Daud,,Released,English,,
1129598,https://www.themoviedb.org/movie/1129598-prey,Prey,86.0,2024-08-22,KR,"Action, Thriller, Horror",6.0,A young couple is compelled to leave their Christian missionary station in the Kalahari Desert after being threatened with death by an extremist militant gang. After crashing their aircraft they must battle man and beast for their lives.,Mukunda Michael Dewil,Mukunda Michael Dewil,Released,English,,
250480,https://www.themoviedb.org/movie/250480-the-many-adventures-of-winnie-the-pooh,The Many Adventures of Winnie the Pooh,74.0,2017-01-01,KR,"Animation, Family, Adventure",7.2,"Whether we’re young or forever young at heart, the Hundred Acre Wood calls to that place in each of us that still believes in magic. Join pals Pooh, Piglet, Kanga, Roo, Owl, Rabbit, Tigger and Christopher Robin as they enjoy their days together and sing their way through adventures.","John Lounsbery, Wolfgang Reitherman",A.A. Milne,Released,English,,
32985,https://www.themoviedb.org/movie/32985-solomon-kane,Solomon Kane,104.0,2010-03-25,KR,"Adventure, Fantasy, Action",6.0,"A nomadic 16th century warrior, condemned to hell for his brutal past, seeks redemption by renouncing violence, but finds some things are worth burning for as he fights to free a young Puritan woman from the grip of evil.",MJ Bassett,MJ Bassett,Released,English,45000000.0,19700000.0
313072,https://www.themoviedb.org/movie/313072,His Excellency,58.0,1928-03-20,SU,Drama,7.5,This 1928 film features stylized cinematography and actors from the Moscow Art Theater in a fiction story based on the life of Jewish Labor Bund member Hirsch Lekert who attempted to assassinate the Vilna governor in 1902 to avenge the flogging of workers who participated in a May Day rally.,Grigoriy Roshal,"Vera Stroyeva, Serafima Roshal",Released,Russian,,
1532809,https://www.themoviedb.org/movie/1532809-the-unlovable,The Unlovable,65.0,2025-08-31,GB,"Romance, Fantasy",0.0,"A summer coming-of-age film following Saf, a nineteen-year-old girl, as she finds true friends. Saf starts the summer by acquiring a job at a local museum. It is there that she meets Karina, who eventually introduces her to Peter, Felix, and Ivy. Saf and Karina start dating. The friend group have magical adventures together, but as the summer goes on, Saf grows tired of being Karina's secret.",Sophie Goska,Sophie Goska,Released,English,,
623,https://www.themoviedb.org/movie/623-a-fish-called-wanda,A Fish Called Wanda,109.0,1988-07-15,US,"Comedy, Crime",7.2,"While a diamond advocate attempts to steal a collection of diamonds, troubles arise when he realises he’s not the only one after the collection.",Charles Crichton,John Cleese,Released,English,7500000.0,188593712.0
202658,https://www.themoviedb.org/movie/202658-bebe-apache,Bébé apache,12.0,1910-12-24,FR,Comedy,8.0,"Bébé's father is attacked by the ""apaches"", a group of hooligans. Bébé and his sister decide to avenge him by gaining the group's trust and bringing them into a trap.",Louis Feuillade,,Released,English,,
397812,https://www.themoviedb.org/movie/397812-inergia-sintiencia-al-vacio,Inergia: sintiencia al vacío,19.0,2015-11-03,PR,Horror,0.0,A murderer kills by accident in order to discover whether he is something or someone.,Gilberto D. Vázquez,Gilberto D. Vázquez,Released,Spanish; Castilian,,
931811,https://www.themoviedb.org/movie/931811-beyond-mourning,Beyond Mourning,6.0,2021-06-01,PH,"Family, Drama",0.0,"On what seems to be an ordinary day, a woman comes home with baggage on hand. Inside contains several ingredients, which she, later on, used to cook food that is known to many. But while in the process, something had happened. An ordinary day was suddenly not ordinary at all. The baggage she brought home has been with her all along.","Sophie Casasola, Francisco Tavas, Le Anne FLores","Sophie Casasola, Francisco Tavas, Lily Gomes",Released,Tagalog,137.0,
281301,https://www.themoviedb.org/movie/281301-a-banya-titka,The Secret of the Mine,100.0,1918-12-01,HU,Drama,7.5,"Éva, an orphaned mine heiress, is on the verge of gaining her inheritance from Count Rudolf. In order to retain control, Rudolf aims to provoke a worker's revolt against her. Éva then meets Jura, one of the miners, who claims he was raised from birth within the mine by a mysterious witch named Anna.",Ödön Uher ifj.,"Ödön Uher ifj., Max Pemberton, Max Pemberton",Released,Hungarian,,
11011,https://www.themoviedb.org/movie/11011-ri-hie-ri-h,Ri¢hie Ri¢h,94.0,1994-12-21,US,"Comedy, Family",6.0,"Billionaire heir Richie Rich has it all, including Reggie Jackson as a batting coach and Claudia Schiffer as a personal trainer -- but no playmates. What's more, scoundrel Laurence Van Dough is scheming to take over the family empire. Uh-oh! Enter faithful butler Cadbury to save the day.",Donald Petrie,"Jim Jennewein, Tom S. Parker",Released,English,40000000.0,38087756.0
283395,https://www.themoviedb.org/movie/283395-seventy-8,Seventy-8,95.0,2004-09-02,US,Mystery,10.0,"It is present day in Arkham Heights, a seemingly desolate town that has decayed much since the eighties. Renny Meeks is a lonely, mentally challenged man with an IQ of 78, who sacks groceries at a small store. He's a simple man, recently released from an institution for a crime he was accused of that rocked the town ten years ago.",Erik Clapp,,Released,English,,
1278395,https://www.themoviedb.org/movie/1278395-la-espera,Waiting,4.0,2024-01-29,AR,"Drama, Romance, Music",0.0,"A short dance film based on Roland Barthes' text. Victoria goes through the emotional’s up and downs of uncertainty, disappointment and illusion. Caught by these feelings, the living room of her house becomes the stage for a coreography inspired by her inescapable identity: she is the one in love... she is the one who waits.",Julián Enriquez,,Released,Spanish; Castilian,20.0,
1216434,https://www.themoviedb.org/movie/1216434-alkiny-pesni,Alkin songs,20.0,1973-01-01,RU,"Drama, Music",8.0,"Based on the story of the same name by Anatoly Ivanov.  A sad and dramatic love story of a village girl Alka Uralova for a man older than her, worthy of love, but not free - Sergei Khoprov has a wife, he has children. Love gives Alka the strength to live life to the fullest and enjoy it. But she tells her the only right decision - not to ruin the happiness of Sergei and his family, to be left alone with her love.",Vladimir Yermolyev,"Vladimir Yermolyev, Эрнст Бутин",Released,Russian,,
1320447,https://www.themoviedb.org/movie/1320447-under-chef,Under Chef,17.0,2024-10-11,US,,0.0,A determined line cook is pushed to his limits by his head chef.,"Nate Fieldson, Sean Mcgrath",,Released,English,12000.0,
1735243,https://www.themoviedb.org/movie/1735243-sitio-do-picapau-amarelo-um-dia-no-sitio-do-picapau-amarelo,Sítio do Picapau Amarelo: Um Dia no Sítio do Picapau Amarelo,,2012-01-07,BR,"Animation, Family, Fantasy, Comedy",0.0,We don't have an overview translated in English. Help us expand our database by adding one.,Humberto Avelar,,Released,Portuguese,,
429934,https://www.themoviedb.org/movie/429934-o-cinema-foi-a-feira,O Cinema Foi à Feira,76.0,2016-11-12,BR,Documentary,0.0,We don't have an overview translated in English. Help us expand our database by adding one.,Paulo Hermida,"Paulo Hermida, Petrus Pires",Released,Portuguese,,
4543,https://www.themoviedb.org/movie/4543-monty-python-s-the-meaning-of-life,Monty Python's The Meaning of Life,107.0,1983-06-23,GB,Comedy,7.3,"Life's questions are 'answered' in a series of outrageous vignettes, beginning with a staid London insurance company which transforms before our eyes into a pirate ship. Then there's the National Health doctors who try to claim a healthy liver from a still-living donor. The world's most voracious glutton brings the art of vomiting to new heights before his spectacular demise.",Terry Jones,"Terry Jones, Terry Gilliam, Michael Palin, Graham Chapman, Eric Idle, John Cleese",Released,English,9000000.0,42749697.0
11329,https://www.themoviedb.org/movie/11329-runaway-jury,Runaway Jury,127.0,2003-11-21,KR,"Drama, Thriller",6.9,"After a workplace shooting in New Orleans, a trial against the gun manufacturer pits lawyer Wendell Rohr against shady jury consultant Rankin Fitch, who uses illegal means to stack the jury with people sympathetic to the defense. But when juror Nicholas Easter and his girlfriend Marlee reveal their ability to sway the jury into delivering any verdict they want, a high-stakes cat-and-mouse game begins.",Gary Fleder,"John Grisham, Rick Cleveland, Brian Koppelman, Matthew Chapman, David Levien",Released,English,60000000.0,80154140.0
10377,https://www.themoviedb.org/movie/10377-my-cousin-vinny,My Cousin Vinny,119.0,1992-11-07,KR,"Comedy, Drama",7.5,"Two carefree pals traveling through rural Alabama on their way back to college are mistakenly arrested and charged with murder. Fortunately, one of them has a cousin who's a lawyer - Vincent Gambini, a former auto mechanic from Brooklyn who has just passed his bar exam after his sixth try. When he arrives with his leather-clad girlfriend to try his first case, it's a real shock - for him and the Deep South!",Jonathan Lynn,Dale Launer,Released,English,11000000.0,64088552.0
1539652,https://www.themoviedb.org/movie/1539652-caracas-avenue,Caracas Avenue,102.0,2025-09-01,CO,Drama,0.0,"Caracas Avenue tells the story of four children from the 1980s, who suffer rejection by their parents for their sexual orientation.",Juana Jimenez,"Juana Jimenez, Tomás Chávez",Released,Spanish; Castilian,,
393519,https://www.themoviedb.org/movie/393519-grave,Raw,98.0,2017-08-05,KR,"Horror, Drama",7.0,"Stringent vegetarian Justine encounters a decadent, merciless, and dangerously seductive world during her first week at veterinary school. Desperate to fit in, she strays from her principles and eats raw meat for the first time. She soon experiences terrible and unexpected consequences as her true self begins to emerge.",Julia Ducournau,Julia Ducournau,Released,French,3500000.0,4100000.0
191728,https://www.themoviedb.org/movie/191728-un-voyageur,Ain't Misbehavin,106.0,2013-05-16,FR,Documentary,6.2,"18 years after his last film, (The Troubles We've Seen), Marcel Ophuls emerges from retirement as one of our last masters, the most corrosive, the funniest as well. And the most forceful. The director of The Sorrow and the Pity shares with us stories of his exceptionally rich life in this light-hearted yet bitter escapade though the century and the movies. Son of the great Max Ophuls, he is generous in his admiration. We also meet Jeanne Moreau, Bertolt Brecht, Ernst Lubitsch, Otto Preminger, Woody Allen, Stanley Kubrick and of course François Truffaut. There are no great filmmakers without a memory, so here is the memory shop of Marcel Ophuls.",Marcel Ophüls,,Released,English,,
12140,https://www.themoviedb.org/movie/12140,Ghost in the Shell 2: Innocence,100.0,2004-10-28,KR,"Animation, Drama, Science Fiction",7.3,"Cyborg detective Batou is assigned to investigate a series of murders committed by gynoids—doll-like cyborgs, which all malfunctioned, killed, then self-destructed afterwards. The brains of the gynoids initialize in order to protect their manufacturer's software, but in one gynoid, which Batou himself neutralized, one file remains: a voice speaking the phrase ""Help me.""",Mamoru Oshii,Mamoru Oshii,Released,Japanese,,10079829.0
18670,https://www.themoviedb.org/movie/18670,Legend of the Red Dragon,95.0,1994-02-05,US,"Action, Comedy, Thriller",7.1,"A young father and his infant son are beset by forces of evil and corruption. They wander China, upholding their sense of honor and protecting the weak. When they are forced into combat, spectacular and hilarious fast-motion kung fu sequences follow. In the end, they must call on all of their abilities in a battle royale, to attempt to vanquish a supernatural man-monster or die trying.",Wong Jing,Wong Jing,Released,Cantonese,,
175574,https://www.themoviedb.org/movie/175574-free-birds,Free Birds,91.0,2014-07-31,KR,"Animation, Comedy, Family",5.9,Two turkeys from opposite sides of the tracks must put aside their differences and team up to travel back in time to change the course of history—and get turkey off the holiday menu for good.,Jimmy Hayward,"Jimmy Hayward, Scott Mosier",Released,English,55000000.0,110000000.0
1180366,https://www.themoviedb.org/movie/1180366-alma-mater,Alma Mater,,2023-06-01,HU,Drama,0.0,We don't have an overview translated in English. Help us expand our database by adding one.,Bence Sipos,Bence Sipos,Released,Hungarian,4000.0,
38408,https://www.themoviedb.org/movie/38408-life-as-we-know-it,Life As We Know It,114.0,2010-10-02,US,"Comedy, Romance, Drama",6.9,"After a disastrous first date for caterer Holly and network sports director Messer, all they have in common is a dislike for each other and their love for their goddaughter Sophie. But when they suddenly become all Sophie has in this world, Holly and Messer must set their differences aside. Juggling careers and social calendars, they'll have to find common ground while living under the same roof.",Greg Berlanti,"Kristin Rusk Robinson, Ian Deitchman",Released,English,38000000.0,105734416.0
1123276,https://www.themoviedb.org/movie/1123276-static,Static,25.0,2023-06-09,AU,Drama,0.0,"A group of young people grapple with identity, guilt and mourning after learning of a close friend's death.",Miri Wilson,Miri Wilson,Released,English,10000.0,
589477,https://www.themoviedb.org/movie/589477,The Rural Teacher,,1978-06-17,TH,Drama,0.0,"This unusual Thai slice-of-life film chronicles the work of Puya (Piya Trakulrat), a schoolteacher working in a rural area of the country.",Surasee Patham,,Released,Thai,,
1685,https://www.themoviedb.org/movie/1685-beneath-the-planet-of-the-apes,Beneath the Planet of the Apes,95.0,2021-04-23,KR,"Adventure, Science Fiction, Mystery",6.1,"The sole survivor of an interplanetary rescue mission lands on the planet of the apes, and uncovers a horrible secret beneath the surface.",Ted Post,"Pierre Boulle, Mort Abrahams, Paul Dehn",Released,English,3000000.0,18999718.0
22536,https://www.themoviedb.org/movie/22536,Thirst,134.0,2009-04-30,KR,"Drama, Horror, Thriller",7.1,"A respected priest volunteers for an experimental procedure that may lead to a cure for a deadly virus. He gets infected and dies, but a blood transfusion of unknown origin brings him back to life. Now, he’s torn between faith and bloodlust, and has a newfound desire for the wife of a childhood friend.",Park Chan-wook,"Park Chan-wook, Émile Zola, Chung Seo-kyung",Released,Korean,5000000.0,13085023.0
5820,https://www.themoviedb.org/movie/5820-the-sentinel,The Sentinel,108.0,2006-09-07,KR,"Action, Thriller, Crime",6.1,"Veteran Secret Service agent Pete Garrison investigates a colleague's murder and is subsequently framed as a mole in an assassination attempt on the President due to the machinations of a blackmailer who knows the secret he is hiding. Disgraced, dismissed, and now a fugitive with two relentless federal investigators hot on his heels, Garrison must both clear his name and save the president from assassination.",Clark Johnson,"Gerald Petievich, George Nolfi",Released,English,60000000.0,78810595.0
1000116,https://www.themoviedb.org/movie/1000116,Don't Wait for Me,88.0,2021-10-21,IL,"Drama, Crime, Thriller",7.0,Matan arrives in a crime neighborhood after his father goes bankrupt and loses their home.,"Danni Reisfeld, Roi Gloska","Hila Mor Reisfeld, Danni Reisfeld",Released,Hebrew,,
590006,https://www.themoviedb.org/movie/590006,Crimea. As It Was,126.0,2016-03-14,UA,Documentary,8.0,"The film is a story about the officers, soldiers and seamen who did not betray their oath of loyalty to the people of Ukraine and their first hand accounts about Russia's invasion and annexation of Ukraine's Crimean Peninsula. They continue to fulfill their military obligations on land, on sea and in the air today.",Kostiantyn Kliatskin,,Released,Ukrainian,,
1523698,https://www.themoviedb.org/movie/1523698-deal,DEAL!,,2025-07-30,ID,Drama,0.0,"Sofi (16) is caught between her ambitions and her family's demands. When exams determine everything, she and Roni (16) take a big risk by cheating. One decision changes their relationship, values, and the way they see themselves.",M. Raihan Rizki Putra,M. Raihan Rizki Putra,Released,Indonesian,2447.0,
16690,https://www.themoviedb.org/movie/16690-return-to-never-land,Return to Never Land,72.0,2002-05-02,KR,"Adventure, Fantasy, Animation, Family",6.5,"In 1940, the world is besieged by World War II. Wendy, all grown up, has two children; including Jane, who does not believe Wendy's stories about Peter Pan.",Robin Budd,Temple Mathews,Released,English,20000000.0,109862682.0
1735031,https://www.themoviedb.org/movie/1735031-cik-serba-tahu,Cik Serba Tahu,,2017-01-01,MY,,0.0,"Cik Serba Tahu  Carl Adham makes various efforts to win Aerna's heart, but Aerna finds it difficult to accept Carl Adham's love since they have only just met. Considering Carl suddenly asks Aerna to get engaged and then married. Her coworkers at the office call Aerna ""Miss Know-It-All"" because she knows everything. Because the things she guesses are usually correct and she knows many secrets, especially the secrets of Mr. Ben and Mr. Bun. And because of her know-it-all nature, her father is worried that his daughter will forget about herself. Aerna's father is determined to speed up his daughter's marriage to any gentleman, as long as Aerna opens her heart to accept love. Will Aerna easily accept her father's choice? Will Aerna be ready to open the doors of her heart as requested by her father?",Shuhaimi Zulkefli,,Released,English,,
16363,https://www.themoviedb.org/movie/16363-the-best-little-whorehouse-in-texas,The Best Little Whorehouse in Texas,114.0,1982-07-23,US,Comedy,6.2,"When a Conservative TV crusader threatens to shut down beloved brothel The Chicken Ranch, proprietress Miss Mona Stangley and her girls won't go down without a fight.",Colin Higgins,"Colin Higgins, Peter Masterson, Larry L. King",Released,English,27500000.0,69702172.0
572154,https://www.themoviedb.org/movie/572154,Rascal Does Not Dream of a Dreaming Girl,90.0,2019-08-22,KR,"Animation, Romance, Drama, Fantasy",8.2,"In Fujisawa, Sakuta Azusagawa is in his second year of high school. Blissful days with his girlfriend and upperclassman, Mai Sakurajima, are interrupted by the appearance of his first crush, Shoko Makinohara.",Soichi Masui,"Hajime Kamoshida, Masahiro Yokotani",Released,Japanese,,
409282,https://www.themoviedb.org/movie/409282,Taboo - New Sister,78.0,2016-06-16,KR,"Romance, Drama, Thriller",7.5,A movie about sexual love in which a woman gets remarried thinking of a new life but she schemes with her boyfriend to rip off her new family.,Kook Man-joong,Kook Man-joong,Released,Korean,,
514930,https://www.themoviedb.org/movie/514930-baby-boy,Baby Boy,97.0,2017-05-22,NG,Drama,10.0,"A married man who is desperate for a baby boy, will do whatever it takes to see his dreams fulfilled, he meets a young woman who he’s certain will give him the son his longed for, not knowing the impact this will have on his household.",Tissy Nnachi,Tissy Nnachi,Released,English,,
514804,https://www.themoviedb.org/movie/514804-double-identity,Double Identity,116.0,2017-04-28,NG,Drama,0.0,"A happily married woman decides to pay a visit to her mother in law due to her financial and son’s health challenge, only to receive shocking news that change everything she ever believed in.",Reginald Ebere,Chisom Juliet Okereke,Released,English,,
871906,https://www.themoviedb.org/movie/871906-la-noche-que-nunca-paso,The Night That Never Happened,13.0,2021-03-11,PR,Thriller,0.0,"Two roommates are troubled by some criminal activities taking place in the university complex that they live in. Hoping everything will be alright, each of them have a different approach to the situation and will experience different outcome of a very odd night.",Luis Enrique Rodríguez Ramos,Luis Enrique Rodríguez Ramos,Released,Spanish; Castilian,1500.0,
449574,https://www.themoviedb.org/movie/449574-godzilla,Godzilla: Planet of the Monsters,89.0,2021-03-19,KR,"Animation, Action, Science Fiction",6.4,"A desperate group of refugees attempts to recolonize Earth 20,000 years after Godzilla took over. But one young man wants revenge above all else.","Kobun Shizuno, Hiroyuki Seshita",Gen Urobuchi,Released,Japanese,,3300000.0
1267217,https://www.themoviedb.org/movie/1267217,Sugar Baby,103.0,2024-09-12,KR,"Romance, Drama",7.0,"Love comes without asking. Often not to those, not so and not then. Can a genuine feeling survive when everything started wrong and the whole world is against it? Give up everything or give up? Burn or survive?",Alexander Prost,Alexander Prost,Released,Russian,,
1684985,https://www.themoviedb.org/movie/1684985-encore-encore,"Encore, encore...",13.0,2026-07-30,CA,Drama,0.0,"On the last night of his closing Cambodian restaurant, Pou struggles to accept his career is coming to an end.",Justin Tan,Justin Tan,Released,French,,
911661,https://www.themoviedb.org/movie/911661-pela-forca-do-habito,By Force of Habit,15.0,2021-12-03,BR,Documentary,8.0,A group embarks on a mission to investigate the process of creating a habit. They challenge themselves to create a reading habit by forcing each other to read daily for five weeks.,Pedro Santoro,,Released,Portuguese,,
816789,https://www.themoviedb.org/movie/816789,Ni guang,97.0,1982-01-01,CN,"Drama, Romance",8.0,"An poor shipyard worker falls in love with a girl from a cadre family, and their romance is strongly opposed by the older generation.",Ding Yinnan,,Released,Chinese,,
1388593,https://www.themoviedb.org/movie/1388593-dobby,Dobby,3.0,2024-11-16,US,,0.0,A scare actor dressed as Dobby calls out of work.,Griffin Douglass,Griffin Douglass,Released,English,30.0,
179826,https://www.themoviedb.org/movie/179826-odd-thomas,Odd Thomas,97.0,2014-08-27,KR,"Mystery, Thriller",7.0,"In a California desert town, a short-order cook with clairvoyant abilities encounters a mysterious man with a link to dark, threatening forces.",Stephen Sommers,"Stephen Sommers, Dean R. Koontz",Released,English,27000000.0,1149267.0
9008,https://www.themoviedb.org/movie/9008-the-insider,The Insider,158.0,2000-03-11,KR,"Drama, Thriller",7.5,A research chemist comes under personal and professional attack when he decides to appear in a 60 Minutes exposé on Big Tobacco.,Michael Mann,"Michael Mann, Eric Roth",Released,English,90000000.0,60300000.0
331313,https://www.themoviedb.org/movie/331313-keeping-up-with-the-joneses,Keeping Up with the Joneses,105.0,2016-10-21,US,"Action, Comedy",6.1,An ordinary suburban couple finds it’s not easy keeping up with the Joneses – their impossibly gorgeous and ultra-sophisticated new neighbors – especially when they discover that Mr. and Mrs. “Jones” are covert operatives.,Greg Mottola,Michael LeSieur,Released,English,40000000.0,29900000.0
21032,https://www.themoviedb.org/movie/21032-balto,Balto,78.0,1995-12-22,US,"Adventure, Animation, Drama, Family",7.3,"An outcast half-wolf risks his life to prevent a deadly epidemic from ravaging Nome, Alaska.",Simon Wells,"Cliff Ruby, Elana Lesser, David Steven Cohen, Roger S.H. Schulman",Released,English,31000000.0,11348324.0
1301650,https://www.themoviedb.org/movie/1301650-z-zone,Z Zone,83.0,2024-10-04,MN,Horror,6.5,"In a remote corner of the world, a group of troubled youths finds themselves whisked away to a mysterious military base after a series of misbehaviors. Expecting little more than a stern reprimand, they are instead thrust into a world of secrets and shadows.  In a desperate bid for freedom, they must unravel the mysteries of the base and confront the sinister forces that lurk in the shadows. But with time running out and danger lurking around every corner, the odds of survival grow slimmer by the minute.  Courage, strength, and sacrifice, would they finally escape the clutches of the base and emerge from the darkness into the light?",Bilguun Chuluundorj,Bilguun Chuluundorj,Released,Mongolian,,
293646,https://www.themoviedb.org/movie/293646-the-33,The 33,120.0,2016-04-07,KR,"Drama, History",6.4,"Based on the true story of the collapse of a mine in San Jose, Chile—that left 33 miners isolated underground for 69 days.",Patricia Riggen,"Michael Thomas, Craig Borten, Mikko Alanne",Released,English,25000000.0,27972023.0
157386,https://www.themoviedb.org/movie/157386-the-spectacular-now,The Spectacular Now,95.0,2013-08-02,US,"Comedy, Drama, Romance",6.7,"Sutter, a popular party animal, unexpectedly meets the introverted Aimee after waking up on a stranger's lawn. As Sutter deals with the problems in his life and Aimee plans for her future beyond school, an unexpected romance blossoms between them.",James Ponsoldt,"Tim Tharp, Michael H. Weber, Scott Neustadter",Released,English,2500000.0,6854611.0
353759,https://www.themoviedb.org/movie/353759,Last Day of School,7.0,2015-07-13,MY,Drama,8.5,"Siew Fang, a girl with big dreams but with even bigger responsibilities towards her family. She is faced with the ultimate test when she has to choose between her studies and her family.",James Lee,,Released,Chinese,,
344799,https://www.themoviedb.org/movie/344799-zvezdnyy-inspektor,The Star Inspector,81.0,1980-10-27,SU,"Science Fiction, Drama",5.1,A commander of the Russian space police begins looking for the capitalist space pirates who have been wreaking intergalactic havoc upon the surrounding planets.,"Mark Kovalyov, Vladimir Polin","Mark Kovalyov, Boris Travkin, V. Smirnov",Released,Russian,,
260550,https://www.themoviedb.org/movie/260550,Taste,96.0,2014-01-16,KR,Drama,5.2,"One man and five women?! Chic, innocent, sexy, tough and mysterious, take your pick. Myeong-tae was a hot shot in a stock firm who had everything from looks to a hot body but was fired for a mistake he made and is neglected by his hot shot wife. The women in the neighborhood who are always at home for different reasons, start looking out for him.","Kyung Seokho, Gyeong Seok-Ho",Park Seong-ho,Released,Korean,,
256183,https://www.themoviedb.org/movie/256183-castelar-e-nelson-dantas-no-pais-dos-generais,Castelar e Nelson Dantas no País dos Generais,73.0,2008-01-24,BR,Documentary,0.0,We don't have an overview translated in English. Help us expand our database by adding one.,Carlos Alberto Prates Correia,Carlos Alberto Prates Correia,Released,Portuguese,,
1608445,https://www.themoviedb.org/movie/1608445-tarung-unforgiven,Tarung: Unforgiven,100.0,2026-05-07,MY,"Action, Crime, Drama",8.2,"After unintentionally causing the death of his opponent during a martial arts tournament, Hatta vows to never participate in any fighting tournament again. However, when his only sister becomes seriously ill and requires costly medical treatment, he is offered 'financial assistance' by a head of mobsters in return for Hatta fighting for him in the underworld fighting ring.",Razaisyam Rashid,"Razaisyam Rashid, Amar Amir",Released,Malay,,
328328,https://www.themoviedb.org/movie/328328-uj-gilgames,New Gilgames,94.0,1963-03-02,HU,Drama,8.0,"The story recalling the spirit of Gilgamesh, the Sumerian king quarrelling with his approaching death, takes place in a cancer hospital in Budapest. Dávid, the young ethnography scientist resigned to his lot and is indifferent to his approaching death. His specialist reckons, however, that such a searching and stubborn mind with thorough knowledge of the nature of his own illness, will be able to fight death.",Mihály Szemes,"József Solymár, Ida András",Released,English,,
823883,https://www.themoviedb.org/movie/823883,Aunt's Beauty Salon Closing Day,70.0,2021-02-04,KR,"Drama, Romance",5.4,"Yeon-i who runs a small salon is shaken by Geon-dal’s suggestion to run the salon as an adult service business when customers start to run out. After experiencing the sales method that enables customers to touch female employees while being shampooed and while receiving other services, Yeon-i leaves the salon, but after a few months, she suffers from living difficulties and visits Geon-dal again",EROPING,,Released,Korean,,
1087207,https://www.themoviedb.org/movie/1087207-drop,DROP,11.0,2024-04-05,US,Thriller,5.5,"When a routine under-the-table transaction goes horribly wrong, a young man finds himself on the run from a mysterious woman.",Isaac Scego,Isaac Scego,Released,English,5000.0,
1072876,https://www.themoviedb.org/movie/1072876-self-reliance,Self Reliance,91.0,2025-01-01,KR,"Comedy, Thriller",5.9,"When a man is offered a million dollars to play a game in which hunters try to kill him, he thinks he has found the perfect loophole: they can only attack when he’s alone. His only problem is that none of his friends or family believe the game is real. Forced to seek companionship in unexpected places, he navigates the bizarre challenge with humor, paranoia, and a surprising search for connection.",Jake Johnson,Jake Johnson,Released,English,70000000.0,
10996,https://www.themoviedb.org/movie/10996-stuart-little-2,Stuart Little 2,78.0,2002-08-02,KR,"Family, Adventure, Comedy",5.8,"Stuart, an adorable white mouse, still lives happily with his adoptive family, the Littles, on the east side of Manhattan's Central Park. More crazy mouse adventures are in store as Stuart, his human brother, George, and their mischievous cat, Snowbell, set out to rescue a friend.",Rob Minkoff,Bruce Joel Rubin,Released,English,120000000.0,169956806.0
1338799,https://www.themoviedb.org/movie/1338799,JUJUTSU KAISEN: Hidden Inventory / Premature Death - The Movie,110.0,2025-10-16,KR,"Animation, Action, Fantasy",8.6,"Pursued by a religious cult and other curse users, former friends Satoru Gojo and Suguru Geto are the only sorcerers capable of carrying the difficult task of protecting Riko Amanai, a student who has been designated to be sacrificed as the Star Plasma Vessel, until she can fulfill her duty.",Shota Goshozono,Hiroshi Seko,Released,Japanese,,9395267.0
1451867,https://www.themoviedb.org/movie/1451867-ghost-elephants,Ghost Elephants,99.0,2026-03-08,KR,Documentary,7.7,"In Angola's mist-shrouded highlands, three KhoiSan master trackers embark on a spiritual quest to rediscover the legendary ""ghost elephants"" of Lisima, creatures presumed lost but remembered in ancestral trance, ritual, and memory.",Werner Herzog,Werner Herzog,Released,English,,
462181,https://www.themoviedb.org/movie/462181-palm-swings,Palm Swings,95.0,2017-10-03,US,"Comedy, Drama, Romance",5.9,"After moving to Palm Springs, a young married couple puts their love to the test when they discover that their neighbors are swingers.",Sean Hoessli,Amanda Lockhart,Released,English,,
1212855,https://www.themoviedb.org/movie/1212855-fight-or-flight,Fight or Flight,102.0,2025-09-03,KR,"Action, Comedy, Thriller",6.3,A mercenary takes on the job of tracking down a target on a plane but must protect that target when they're surrounded by people trying to kill both of them.,James Madigan,"Brooks McLaren, D.J. Cotrona",Released,English,40000000.0,2482071.0
1220566,https://www.themoviedb.org/movie/1220566-eagles-of-the-republic,Eagles of the Republic,128.0,2025-09-19,KR,"Thriller, Drama",6.9,"George Fahmy, Egypt's most adored actor, is pressured to star in a film commissioned by the highest authorities. He reluctantly accepts and finds himself thrown into the inner circle of power. Like moth drawn to flame, he begins an affair with the mysterious wife of the general overseeing the project.",Tarik Saleh,Tarik Saleh,Released,Arabic,9500000.0,1472327.0
1729667,https://www.themoviedb.org/movie/1729667-small-talk,Small Talk,95.0,2026-08-11,CH,Drama,0.0,"Hoping to launch a career in the world of luxury, Charlie enrolls at the last finishing school in Switzerland.",Mateo Ybarra,"Mateo Ybarra, Hélène Bares, Louis Rebetez, Milan Alfonsi",In Production,English,,
543753,https://www.themoviedb.org/movie/543753,High Society,119.0,2018-08-29,KR,Drama,5.5,"The story of the journey of married couple up the social latter. The husband is professor at Seoul National University who is running for the National Assembly, and his wife is a painter.",Byun Hyuk,"Byun Hyuk, Wang Hye-ji, Kim Seong-tae",Released,Korean,,4300000.0
500682,https://www.themoviedb.org/movie/500682-the-highwaymen,The Highwaymen,133.0,2019-03-29,KR,"Crime, Drama, Thriller",6.8,"In 1934, Frank Hamer and Manny Gault, two former Texas Rangers, are commissioned to put an end to the wave of vicious crimes perpetrated by Bonnie Parker and Clyde Barrow, a notorious duo of infamous robbers and cold-blooded killers who nevertheless are worshiped by the public.",John Lee Hancock,John Fusco,Released,English,49000000.0,
1493734,https://www.themoviedb.org/movie/1493734-alfa,Alpha,10.0,2017-06-30,BE,"Crime, Thriller, Comedy",0.0,"Humiliated by a nightshop owner, a supposed alpha-male seeks retribution by robbing the store—with the reluctant help of his apathetic best friend.",Marco Bolla,Marco Bolla,Released,Dutch; Flemish,5000.0,
763165,https://www.themoviedb.org/movie/763165-the-burial,The Burial,126.0,2023-10-06,US,"Drama, History",7.1,"When a handshake deal goes sour, funeral home owner Jeremiah O'Keefe enlists charismatic, smooth-talking attorney Willie E. Gary to save his family business. Tempers flare and laughter ensues as the unlikely pair bond while exposing corporate corruption and racial injustice.",Margaret Betts,"Margaret Betts, Doug Wright",Released,English,32500000.0,
1456255,https://www.themoviedb.org/movie/1456255-dead-air,Dead Air,15.0,2025-05-14,XI,"Horror, Thriller",0.0,"A narcissistic radio host, who spends his nights giving out questionable advice to his audience, has to deal with the repercussions of his actions when a malicious caller begins to torment him.",Jamie Lyons,Luke Toal,Released,English,1000.0,
1418237,https://www.themoviedb.org/movie/1418237-arame-farpado,Barbed Wire,21.0,2025-02-18,DE,Drama,0.0,"After a harsh accident in Brazil's rural countryside, two sisters and their new stepfather are forced to spend the evening in a hospital emergency room. As they face challenging interactions with strangers, they also struggle with their own family dynamics.",Gustavo de Carvalho,Gustavo de Carvalho,Released,Portuguese,12000.0,
286460,https://www.themoviedb.org/movie/286460-szeretok,An Afternoon Affair,84.0,1983-08-12,HU,Drama,9.0,"Vera is an engineer and a young divorcée. She is pretty, lonely, and has a boyfriend, Tamás, whom she is dating secretly on a certain day of the week at the week-end house of one of their friends, as Tamás has a family and does not intend to divorce his wife. Vera would like their relationship to be publicly acknowledged.",András Kovács,András Kovács,Released,Hungarian,,
1000413,https://www.themoviedb.org/movie/1000413,炉火正红,,1962-01-01,CN,Drama,8.0,We don't have an overview translated in English. Help us expand our database by adding one.,Gong Yan,,Released,Chinese,,
2639,https://www.themoviedb.org/movie/2639-deconstructing-harry,Deconstructing Harry,96.0,1997-12-12,US,"Comedy, Drama",7.3,"Writer Harry Block draws inspiration from people he knows, and from events that happened to him, sometimes causing these people to become alienated from him as a result.",Woody Allen,Woody Allen,Released,English,20000000.0,10686841.0
9431,https://www.themoviedb.org/movie/9431-bordello-of-blood,Bordello of Blood,87.0,1996-08-16,US,"Horror, Comedy",6.0,"Private eye Rafe Guttman is hired by repressed, born-again Katherine to find her missing bad-boy brother. The trail leads him to a whorehouse run by a thousand-year-old vampire and secretly backed by Katherine's boss, televangelist Jimmy Current.",Gilbert Adler,"Gilbert Adler, A L Katz",Released,English,15000000.0,5600000.0
202673,https://www.themoviedb.org/movie/202673-avanti-popolo,People Forward,72.0,2014-06-12,BR,Drama,6.0,"Through the recovery of found Super-8mm footage captured by his brother during the 70´s dictatorship, André tries to revive the memories of his father, who’s been waiting for his missing son for over 30 years.",Michael Wahrmann,Michael Wahrmann,Released,Portuguese,,
651368,https://www.themoviedb.org/movie/651368-kirill-serebrennikov-kunst-und-macht-in-russland,Kirill Serebrennikov: The Art And The Power In Russia,60.0,2019-08-20,DE,"Documentary, TV Movie",0.0,"The film shows how the famous Russian director Kirill Serebrennikov reflects the events taking place in Russia in his works. We will see his whole career - from the first successes in the theater to feature films. We will see that the rise and fall of the director’s star is also a reflection of Russian cultural policy: from the short flowering of artistic freedom under Medvedev to a conservative culture, backed by authoritarian measures.",Katja Fedulova,"Katja Fedulova, Calle Overweg",Released,German,,
1191363,https://www.themoviedb.org/movie/1191363-es-gourmet,Es Gourmet,7.0,2023-11-23,AR,Horror,0.0,A chef decides to give his latest cooking show a blood-red ending with a unique dish.,"Nacho Colombo, Lucrecia Castro","Nacho Colombo, Lucrecia Castro, Lucio Salaregui",Released,Spanish; Castilian,72.0,
3683,https://www.themoviedb.org/movie/3683-flags-of-our-fathers,Flags of Our Fathers,135.0,2007-02-15,KR,"War, Drama, History",6.9,"There were five Marines and one Navy Corpsman photographed raising the U.S. flag on Mt. Suribachi by Joe Rosenthal on February 23, 1945. This is the story of three of the six surviving servicemen - John 'Doc' Bradley, Pvt. Rene Gagnon and Pvt. Ira Hayes - who fought in the battle to take Iwo Jima from the Japanese.",Clint Eastwood,"William Broyles Jr., Paul Haggis",Released,English,90000000.0,65900249.0
850945,https://www.themoviedb.org/movie/850945-move-on,Move on,22.0,2020-04-08,IN,"Romance, TV Movie",0.0,"A Simple Love Story That Gets So Complicated.Rahul Has A Huge Crush On Riya And Is Friends With Her Best Friend Anjali. One Day Rahul Decides To Tell Anjali That He Is In Love With Riya But It Hit Both Of Them As A Huge Surprise As She Loved Him And Was Under The Impression That He Does The Same, She Gets Very Angry And Depressed. Rahul Reaches Riya’s House To Propose To Her, But What He Finds Out Leaves Him Angry And Depressed Too. He Heads Back To His House Where He Left Anjali, What He Finds Out Now Leaves Him Dismayed.",Sameer Salim Khan,,Released,Hindi,,
1729527,https://www.themoviedb.org/movie/1729527-rampas-cintaku,Rampas Cintaku,,2022-01-01,MY,,0.0,"The story of Riz, a young bachelor desperate to escape the clutches of debt, poverty and loan shark harassment. He makes the decision to work at a nightclub for higher wages. There, he meets a wealthy and renowned businesswoman named Datin Safieya. Despite being married to Dato Jeffri, Datin Safieya seduces Rizal and promises him a luxurious life if he agrees to be her boyfriend. With its intricate plot, My Stolen Love is sure to keep viewers on the edge of their seats and wondering what will happen next.",Ejump Mohd,,Released,English,,
1055432,https://www.themoviedb.org/movie/1055432-camrip,camrip,13.0,2022-11-30,MO,,10.0,"A video essay about camrip created by a Macau's indie-film maker called Thohoyandou Toh (aka Toh Lap-Yu).  When the director helped run the private torrent servers for movies in the early years, he saved some camrips for commercial blockbusters. The camrip is a kind of video file that is ignored and despised by people. In Toh's first video essay, he tried to explore the various meanings of the camrip in the operation of film propaganda, capital circulation, network circulation, and version comparison.",Thohoyandou Toh,Thohoyandou Toh,Released,Chinese,,
305257,https://www.themoviedb.org/movie/305257,Credenza,81.0,2014-01-23,UA,Drama,0.0,"Christmas Lviv. Cellist Orest is entangled in a chain of personal, domestic and work problems. And at some point it reaches the boiling point.",Valentyn Vasyanovych,"Valentyn Vasyanovych, Iya Myslytska",Released,Ukrainian,,
591538,https://www.themoviedb.org/movie/591538-the-tragedy-of-macbeth,The Tragedy of Macbeth,105.0,2022-01-14,KR,Drama,6.9,"Macbeth, the Thane of Glamis, receives a prophecy from a trio of witches that one day he will become King of Scotland. Consumed by ambition and spurred to action by his wife, Macbeth murders his king and takes the throne for himself.",Joel Coen,Joel Coen,Released,English,,176248.0
56141,https://www.themoviedb.org/movie/56141-sotto-sotto-strapazzato-da-anomala-passione,Sotto Sotto,105.0,1984-03-01,IT,Comedy,3.9,"Ester finds herself sexually attracted to her newly divorced friend Adele. When Ester admits another love to her hot-headed husband, he searches manically for the rival, who he never suspects is a woman.",Lina Wertmüller,"Lina Wertmüller, Enrico Oldoini",Released,Italian,,
1060497,https://www.themoviedb.org/movie/1060497-pemimpin,Imam,,2023-03-02,MY,"Crime, Drama, Thriller",0.0,"IMAM is an adaptation of the script of the National Literary Abdullah Hussain. This film revolves around the struggle of an imam, Haji Mihad who wants to bring about reform in his village. The reforms he wants to bring are opposed by some Muslim parties.",Mior Hashim Manap,"Mior Hashim Manap, Abdullah Hussain",Released,Malay,,
331881,https://www.themoviedb.org/movie/331881-raja-laut,Raja Laut,97.0,1982-01-01,MY,Action,0.0,"The film tells the story of Raja Laut  who terrorize the sailors at sea threatened with anything outside humanity. Police difficult to detect this pirate group leader because he is acting like a rich man.  In the meantime, the younger sister  of a navy navigator became girlfriend of Raja Laut. This made it more difficult for the police to raid  Raja Laut",Z. Lokman,,Released,Malay,,
549185,https://www.themoviedb.org/movie/549185,The Last Breakfast,13.0,2008-01-01,TW,Comedy,0.0,"An adult who has a mental age of child. An eccentric middle-aged man wearing a raincoat at the height of summer. In an ordinary morning in Taipei, a group of anonymous people and TV set unexpectedly stage a preposterous breakfast show.",Yvonne Zuo,Yvonne Zuo,Released,English,,
1455103,https://www.themoviedb.org/movie/1455103-rumba-royale,Rumba Royale,,2025-12-12,US,"Drama, Thriller",7.0,Rumba Royale is an historical thriller set in the Democratic Republic of Congo.,"Hamed Mobasser, Yohan Dean Lengol","Hamed Mobasser, Kevin Dwyer",Released,French,,
1606889,https://www.themoviedb.org/movie/1606889-shadow-death,Shadow Death,50.0,2025-12-19,US,"Thriller, Horror",0.0,"A mysterious killer roams a small town pulling it's victims into the shadows. As the fatalities rise, dark secrets are revealed.",Chris Spinelli,Chris Spinelli,Released,English,,
483758,https://www.themoviedb.org/movie/483758,Stripper 1992,86.0,1992-01-01,TW,Drama,0.0,Taiwanese drama.,Wong Yau-Sing,,Released,Chinese,,
758336,https://www.themoviedb.org/movie/758336-love-again,Love Again,104.0,2023-07-25,KR,"Romance, Drama, Comedy",6.7,"Mira Ray, dealing with the loss of her fiancé, John, sends a series of romantic texts to his old cell phone number… not realizing the number was reassigned to Rob Burns' new work phone. Rob, a journalist, is captivated by the honesty in the beautifully confessional texts. When he’s assigned to write a profile of megastar Céline Dion, he enlists her help in figuring out how to meet Mira in person and win her heart.",Jim Strouse,"Jim Strouse, Sofie Cramer",Released,English,9000000.0,10000000.0
403,https://www.themoviedb.org/movie/403-driving-miss-daisy,Driving Miss Daisy,99.0,1990-05-12,KR,Drama,7.2,"The story of an old Jewish widow named Daisy Werthan and her relationship with her black chauffeur, Hoke. From an initial mere work relationship grew in 25 years a strong friendship between the two very different characters, in a time when those types of relationships were shunned.",Bruce Beresford,Alfred Uhry,Released,English,7500000.0,145793296.0
1733634,https://www.themoviedb.org/movie/1733634,Votvoti,43.0,2026-06-28,BD,Drama,0.0,Drama of Bangladesh,Maruf Hossain Sajib,Maruf Hossain Sajib,Released,Bengali,,
351460,https://www.themoviedb.org/movie/351460-death-note,Death Note,101.0,2017-08-25,KR,"Crime, Fantasy, Horror",4.3,"Light Turner finds a supernatural notebook and uses it to mete out death, attracting the attention of a detective, a demon and a girl in his class.",Adam Wingard,"Charley Parlapanides, Jeremy Slater, Vlas Parlapanides",Released,English,40000000.0,
1048787,https://www.themoviedb.org/movie/1048787-ave-maria,Ave Maria,15.0,2022-11-14,BR,"Drama, Family",0.0,"After the early death of her father, Maria spends a year away from her family. On Christmas Eve, she returns and the reunion with her home, mother, siblings and grandmother rekindles memories and reconnects relationships.",Pê Moreira,Pê Moreira,Released,Portuguese,,
1020883,https://www.themoviedb.org/movie/1020883-1-het,1 week,20.0,2004-05-02,HU,"Comedy, Crime",0.0,"The film follows seven days of a young gypsy, with a short excerpt from each day. Through these brief 'life' images, the film gives a dark and fragmented portrait of Kristóf, similar in style to Hungarian fiction documentaries of the 1970s and 1980s. A life at a standstill with no possibility of change is documented in the figure of the protagonist: Kristóf has neither the social background nor the education to turn his fate around.","Ádám Császi, Zoltán Gábor Tóth","Ádám Császi, Zoltán Gábor Tóth",Released,Hungarian,,
346470,https://www.themoviedb.org/movie/346470,Nineteen,81.0,2015-04-20,KR,"Drama, Romance, Comedy",5.2,"6 young girls and boys reveal their most thrilling moment; college student Ji-hoon plays drinking bout with his female friends. Dong-geon's first experience at emergency stairs. Young-jae bets on undressing while playing Jenga with his sister's friend. Young-tak visits his girlfriend's house while her parents are out. Jung-woo decides to go to Motel with his old female friend. Jin-seok goes to theater with his tutor, but it's not to watch a movie.",No Zin-soo,,Released,Korean,,
843847,https://www.themoviedb.org/movie/843847-jerry-marge-go-large,Jerry & Marge Go Large,96.0,2022-06-15,US,"Comedy, Drama",7.4,"The remarkable true story of how retiree Jerry Selbee discovers a mathematical loophole in the Massachusetts lottery and, with the help of his wife, Marge, wins $27 million dollars and uses the money to revive their small Michigan town.",David Frankel,Brad Copeland,Released,English,,
516268,https://www.themoviedb.org/movie/516268-love-lost,Love Lost,82.0,2017-04-08,NG,Drama,0.0,"A soon to be wed woman is faced with a huge dilemma weeks before her wedding is due to take place, leaving her future plans of wedded bliss in serious jeopardy, while her sister in law battles her own marital woes.",Daniel Emeke Oriahi,Lana Aisida,Released,English,,
414049,https://www.themoviedb.org/movie/414049-l-c-phat,Lucky,90.0,2016-02-05,VN,,0.0,We don't have an overview translated in English. Help us expand our database by adding one.,Lê Bảo Trung,,Released,Vietnamese,,
1428857,https://www.themoviedb.org/movie/1428857-on-the-hunt,On the Hunt,,2026-02-27,CH,"Action, Thriller",4.5,A former military woman takes on a ruthless criminal underworld in a race against time to find her missing daughter.,Jared Cohn,"Chad Law, Josh Ridgway",Released,English,,
1198363,https://www.themoviedb.org/movie/1198363-final-home,五月天Final Home當我們混在一起世界巡迴演唱會,,2005-05-27,TW,Music,0.0,We don't have an overview translated in English. Help us expand our database by adding one.,,,Released,Chinese,,
371585,https://www.themoviedb.org/movie/371585,All That is Tender,92.0,1996-02-08,RU,"Drama, Action",8.0,"A young man Danesh learns of ancient relics, including a ruby that once a year can help find treasure in the Canyon of Scorpio. As the old man holding the knowledge passes away, Danesh receives the ruby and a map, setting out for an adventure full of mystery and danger, friend and foe, set under the dazzling southern sun.",Abay Karpykov,"Abay Karpykov, Leila Akhinzhanova",Released,Russian,,
1624630,https://www.themoviedb.org/movie/1624630-the-judgement,The Judgement,13.0,2026-01-30,PL,"Mystery, Drama",0.0,Georg writes a letter to his distant friend to announce his engagement. This seemingly ordinary act triggers a harrowing confrontation with his domineering Father.,Harry Corney,"Harry Corney, Franz Kafka",Released,English,,
1226306,https://www.themoviedb.org/movie/1226306-katas,Katas,,2024-12-13,KR,"Drama, Thriller",5.9,"Carmina, who works as a maid in a mansion and soon learns about the dirty secret of their masters, Alex and Grace.",Rodante Pajemna Jr.,Rodante Pajemna Jr.,Released,Tagalog,,
3780,https://www.themoviedb.org/movie/3780,Red Beard,185.0,1965-04-03,JP,Drama,8.2,"Aspiring to an easy job as personal physician to a wealthy family, Noboru Yasumoto is disappointed when his first post after medical school takes him to a small country clinic under the gruff doctor Red Beard. Yasumoto rebels in numerous ways, but Red Beard proves a wise and patient teacher. He gradually introduces his student to the unglamorous side of the profession, ultimately assigning him to care for a prostitute rescued from a local brothel.",Akira Kurosawa,"Akira Kurosawa, Shūgorō Yamamoto, Ryuzo Kikushima, Hideo Oguni, Masato Ide",Released,Japanese,650000.0,1110000.0
1660142,https://www.themoviedb.org/movie/1660142-terms-conditions,Terms & Conditions.,5.0,2026-04-02,US,,0.0,"A middle class man agrees to the terms and conditions of his new phone with a group of mysterious men at his doorstep who visit him repeatedly throughout the week. With each new condition and handshake, his life becomes less and less free.",Ayan Alwahti,Ayan Alwahti,Released,English,170.0,
1268609,https://www.themoviedb.org/movie/1268609,Pavane,113.0,2026-02-20,KR,"Romance, Drama",7.3,Three lonely strangers meet at their department store jobs and find solace in each other's company while they explore connection and the nature of love.,Lee Jong-pil,"Lee Jong-pil, Park Min-gyu, Son Mi",Released,Korean,,
1263407,https://www.themoviedb.org/movie/1263407-noz-peca,Noz Pecã,15.0,2023-07-01,BR,,10.0,We don't have an overview translated in English. Help us expand our database by adding one.,Aline Gutierres,Aline Gutierres,Released,Portuguese,20.0,
846874,https://www.themoviedb.org/movie/846874,Posterity,10.0,2021-08-10,CH,,6.0,"Discovering a severed bird that is missing its body, Ah Ger decides to make a mock body for the poor creature and give it a proper burial. Her intentions prompt an unexpected visit by the ghost of her late grandmother appearing in the form of the dead bird, urging Ah Ger to help find and care for her egg. Her actions caused her to be terribly misunderstood and punished by her mother.",Audrie Yeo,Audrie Yeo,Released,Chinese,,
381341,https://www.themoviedb.org/movie/381341-perfetti-sconosciuti,Perfect Strangers,97.0,2019-10-24,KR,Drama,7.9,"During a dinner, a group of friends decide to share whatever message or phone call they will receive during the evening, with unforeseen consequences.",Paolo Genovese,"Paolo Genovese, Rolando Ravello, Paola Mammini, Paolo Costella, Filippo Bologna",Released,Italian,,32207491.0
1567177,https://www.themoviedb.org/movie/1567177,Bai and Farmhand,81.0,1954-05-26,SU,Drama,7.0,"Based on the play of the same name by the Uzbek poet, playwright, and composer Hamza Hakimzade Niyazi. Exposing the feudal way of life, the wealthy landowners (bais), the clergy, and Tsarist officials, the film depicts the awakening of class consciousness among working Uzbeks.","Latif Faiziyev, Aleksandr Gintsburg",,Released,Uzbek,,
16281,https://www.themoviedb.org/movie/16281-creepshow,Creepshow,120.0,1982-11-10,US,"Horror, Comedy",6.9,"Five grisly tales from a 1950s-style comic, including a murdered father rising from beyond, a bizarre meteor, a vengeful husband, a mysterious crate's occupant, and a plague of cockroaches.",George A. Romero,Stephen King,Released,English,8000000.0,21028755.0
533256,https://www.themoviedb.org/movie/533256,An Eye for an Eye,54.0,1925-01-25,SU,"Drama, Thriller",6.8,The film is about the search for foreign intelligence agents and secret police's struggle with them.,Aleksandr Litvinov,"Aleksandr Litvinov, Pavel Velskiy, Sergei Troitsky",Released,Russian,,
748230,https://www.themoviedb.org/movie/748230-salem-s-lot,Salem's Lot,113.0,2024-09-25,US,Horror,6.0,Author Ben Mears returns to his childhood home of Jerusalem's Lot only to discover his hometown is being preyed upon by a bloodthirsty vampire.,Gary Dauberman,"Gary Dauberman, Stephen King",Released,English,,851156.0
13459,https://www.themoviedb.org/movie/13459-barbie-in-a-christmas-carol,Barbie in 'A Christmas Carol',76.0,2008-11-04,US,"Animation, Family",7.2,"On Christmas Eve, Kelly is reluctant to go to a Christmas Eve ball, so Barbie tells her the story of Eden Starling, a glamorous singing diva in the Victorian England and the owner of a theatre house. However, Eden is self-centered and loves only herself. She is frequently accompanied by her snooty cat, Chuzzlewit. She does not believe in Christmas and orders all her employees to work on Christmas.",William Lau,"Charles Dickens, Elise Allen",Released,English,,4496912.0
1242213,https://www.themoviedb.org/movie/1242213-blood-money,Blood & Money,90.0,2023-10-15,US,Drama,6.0,"Four cousins from a tight-knit family are thrust into a world of chaos when the youngest of them is suspected of stealing money from one of Memphis' most dangerous drug dealers. But when one of them falls for the mark, things get complicated.",Nina Stakz,Nina Stakz,Released,English,,
1129681,https://www.themoviedb.org/movie/1129681-coming-out,Coming Out,11.0,2023-03-03,US,,0.0,Charlie and Mitch arrive at Charlie’s mother’s home to come out of the closet as stoners. But Charlie's fear of being exiled drags out the process—until somebody is caught with their pants down.,"Robbie Ryde, Mathew Young",Cyril Meyer,Released,English,,
37702,https://www.themoviedb.org/movie/37702,Forbidden City Cop,89.0,2014-05-01,KR,"Action, Adventure, Comedy",7.0,"An imperial agent gets ridiculed for his various inventions, until his supportive wife encourages him to attend a conference, which's actually a trap to kill all the doctors serving the emperor, where his crazy inventions come in handy.","Stephen Chow, Vincent Kok Tak-Chiu","Stephen Chow, Vincent Kok Tak-Chiu, Lo Man-Sang",Released,Cantonese,,
1302273,https://www.themoviedb.org/movie/1302273-tugtog,tugtog,20.0,2024-06-29,PH,"Music, Romance",0.0,"Reyna, head of the school choir and daughter of the Parish Office Chair is rattled once her meticulously orchestrated music group is disrupted by the spontaneous and unorthodox new pianist, Sam.",Jessica Alviz,Jessica Alviz,Released,Tagalog,,
259157,https://www.themoviedb.org/movie/259157-este-silencio-pode-significar-muita-coisa,Este Silêncio Pode Significar Muita Coisa,13.0,1970-01-01,BR,Drama,8.0,We don't have an overview translated in English. Help us expand our database by adding one.,Bruno Barreto,,Released,Portuguese,,
1043945,https://www.themoviedb.org/movie/1043945-companeiros-c,Classmates,19.0,2022-10-11,ES,Horror,0.0,Two old mates from high-school meet after 30 years. What seems like a casual encounter gradually becomes more and more strange.,Fernando Tato,Fernando Tato,Released,Galician,,
1299648,https://www.themoviedb.org/movie/1299648-morena,Morena,106.0,2024-12-05,UA,"Horror, Fantasy",5.5,"Anya and her beloved Yurko come to visit the girl’s parents in the Ukrainian Carpathian village in the summer. At the Ivan Kupala celebration, a local heartthrob named Ivanka, nicknamed Morena, puts her eye on and charms him. Strange and mystical events begin to happen to lovers after meeting with Morena. A conflict breaks out between girls – their relationship turns into a desperate war that leaves blood in their wake. This feud will forever change them.",Serhii Aloshechkin,Serhii Aloshechkin,Released,Ukrainian,,
1663903,https://www.themoviedb.org/movie/1663903-on-e,On 'E',13.0,2026-03-30,US,Drama,0.0,"A young mother struggles to keep her head above water as she navigates motherhood, her neurodivergent toddler, and the gritty Atlanta nightclub where she works. All on a quarter tank of gas.",Moon Ferguson,Moon Ferguson,Released,English,,
1662965,https://www.themoviedb.org/movie/1662965-remanente-voltagem,Remanente: Voltagem,,2026-04-26,BR,"Horror, Science Fiction",0.0,We don't have an overview translated in English. Help us expand our database by adding one.,Kapel Furman,Kapel Furman,Released,Portuguese,250000.0,
1137616,https://www.themoviedb.org/movie/1137616,SEMAINU,,2023-06-04,TW,,0.0,We don't have an overview translated in English. Help us expand our database by adding one.,Edward Chen,,Released,Chinese,,
7278,https://www.themoviedb.org/movie/7278-meet-the-spartans,Meet the Spartans,84.0,2008-01-24,US,"Comedy, Fantasy",4.1,"The heroic Leonidas, armed with nothing but leather underwear and a cape, leads a ragtag group of thirteen Spartans to defend their homeland against the invading Persians (whose ranks include Ghost Rider, Rocky Balboa, the Transformers, and a hunchbacked Paris Hilton). No one is safe when the Spartans take on the biggest icons in pop culture!","Jason Friedberg, Aaron Seltzer","Jason Friedberg, Aaron Seltzer",Released,English,30000000.0,85897593.0
671119,https://www.themoviedb.org/movie/671119-amarracao-do-amor,Love Spell,81.0,2021-10-14,BR,Comedy,5.9,"Lucas and Bebel decide to get married and have no idea that religion will be a reason for discord in families. While the bride's father wants to strengthen Jewish traditions, Luke's mother wants her son to take Umbanda traditions to his future family.",Caroline Fioratti,"Caroline Fioratti, Marcelo Andrade, Carolina Castro",Released,Portuguese,,
520360,https://www.themoviedb.org/movie/520360-king-of-thieves,King of Thieves,108.0,2019-11-21,KR,"Crime, Drama",5.6,"London, England, April 2015. Brian Reader, a retired thief, gathers an unlikely gang of burglars to perpetrate the biggest and boldest heist in British history. The thieves assault the Hatton Garden Safe Deposit Company and escape with millions in goods and money. But soon the cracks between the gang members begin to appear when they discuss how to share the loot.",James Marsh,Joe Penhall,Released,English,,
1023783,https://www.themoviedb.org/movie/1023783-retrato,Retrato,13.0,2022-09-13,BR,"Horror, Drama, Fantasy",0.0,We don't have an overview translated in English. Help us expand our database by adding one.,Rodrigo Ribeiro Vieira,"Rodrigo Ribeiro Vieira, Andrei Romano",Released,Portuguese,,
112205,https://www.themoviedb.org/movie/112205-the-family,The Family,111.0,2014-01-22,KR,"Crime, Comedy, Action",6.4,"After ratting out his Mafia cohorts, Giovanni Manzoni and his family enter the Witness Protection Program and relocate to a sleepy town in France. Despite the best efforts of their handler to keep them in line, Giovanni (now called Fred Blake), his wife and children can't help but resort to doing things the ""family"" way. However, their dependence on such old habits places everyone in danger from vengeful mobsters.",Luc Besson,"Luc Besson, Michael Caleo",Released,English,30000000.0,36894225.0
364452,https://www.themoviedb.org/movie/364452-mas-merah,Mas Merah,105.0,1961-01-01,MY,Drama,0.0,"Based on a bangsawan story by stage veteran M. Babjan, ‘Mas Merah’ concerns the titular character who is daughter to a family with two feuding wives. Her mother is Mak Merah, who shares a husband (Pak Sagai) with Mak Gelam. Unfortunately, the pair of mothers are not on good terms with each other, often resorting to verbal abuse and catfights to settle their differences. The animosity and resentment get so far as to incite Mak Gelam to injure and kill Mak Merah. After her mother’s death and accusations of impropriety against her, Mas Merah is forced to leave her family and kampong to seek refuge in the wilderness. There, she meets Awang Sulong, a prince who is born and raised in the forest as a consequence of the king’s blind belief in the slander of his mother Puteri Mayang Mengurai. Together, they seek to do good and reverse the atmosphere of lies and betrayals clouding the kampong and the royal court.",Dhiresh Ghosh,,Released,English,,
1228564,https://www.themoviedb.org/movie/1228564,Boonie Bears: Time Twist,101.0,2024-02-10,CN,"Animation, Comedy, Science Fiction, Family",8.0,"When Vick gets a chance to start his life again as a logger, he must save his friends by embarking on an adventure through time and space.",Huida Lin,"Lin Jiang, Yun Xu, Qin Wan",Released,Chinese,40000000.0,275815986.0
1290948,https://www.themoviedb.org/movie/1290948-la-cabana,The Cabin,11.0,2024-12-29,PE,Thriller,0.0,"In the Peruvian jungle, what began as a summer trip turned into the worst nightmare for 6 friends. After witnessing one of them being devoured by a creature, they take refuge in their cabin. There, they will discover that the creature is a shapeshifter and may be among them.",Sebastián Bocanegra,Sebastián Bocanegra,Released,Spanish; Castilian,,
1237331,https://www.themoviedb.org/movie/1237331,Быть человеком,,1973-01-01,SU,Drama,0.0,We don't have an overview translated in English. Help us expand our database by adding one.,Aleksandr Igishev,Boris Polovnikov,Released,Russian,,
916192,https://www.themoviedb.org/movie/916192,"The Tunnel to Summer, the Exit of Goodbyes",83.0,2023-09-14,KR,"Animation, Drama, Romance, Fantasy, Science Fiction",7.7,"Urashima Tunnel – Once you enter that tunnel, you can get whatever you want, but at a price. Kaoru Tohno, who seems to have an elusive personality and traumatic past, and Anzu Hanashiro, who is struggling to reconcile her ideal image and true-to-heart attitude, team up to investigate the Urashima Tunnel and get what they want. This is an unforgettable summer story of nostalgia and sprinting in a remote countryside.",Tomohisa Taguchi,"Tomohisa Taguchi, Mei Hachimoku",Released,Japanese,,872000.0
122583,https://www.themoviedb.org/movie/122583,Detective Conan: The Eleventh Striker,110.0,2012-07-19,KR,"Animation, Mystery, Action",6.8,"Kogoro's detective agency receives a mysterious phone call. Someone on the other end warns about a bomb and leaves behind a code, which if Conan can decipher the riddle, he can stop the bomb. An adventure begins for Conan and the Detective Boys, taking place at a soccer match between Hideo Akagi of the Tokyo Spirits and Ryusuke Higo of Big Osaka.","Yasuichiro Yamamoto, Kobun Shizuno",Kazunari Kouchi,Released,Japanese,,44369456.0
612256,https://www.themoviedb.org/movie/612256,Бегствующий остров,,1929-01-01,SU,Drama,0.0,We don't have an overview translated in English. Help us expand our database by adding one.,Aleksandr Razumnyj,Ekaterina Vinogradskaya,Released,Russian,,
416237,https://www.themoviedb.org/movie/416237,The Gemini,120.0,2016-09-09,US,Drama,5.3,"A secret story of a same-sex love affair between two Myanmar men. After getting into a forced marriage with a rich girl, one of the men is killed in a plane crash. Much later, his wife is approached by a man, a bestselling writer, and soon suspects that he may have been her husband's lover. But now a real mystery begins to emerge as the evidence mounts her husband may still be alive.",Nyo Min Lwin,Lynn Myat Thwin,Released,Burmese,,
845659,https://www.themoviedb.org/movie/845659-perfect-addiction,Perfect Addiction,97.0,2023-02-16,DE,"Drama, Romance",6.8,A female boxing trainer discovers that her champion cage-fighter boyfriend has been cheating on her with her sister and decides to seek revenge by training up his arch-rival to challenge him.,Castille Landon,"Claudia Tan, Stephanie Sanditz",Released,English,,143705.0
598730,https://www.themoviedb.org/movie/598730,Run,23.0,2019-06-11,RU,Drama,0.0,"Anton and his girlfriend Marina recently moved from the provinces to a Moscow suburb. Because of financial difficulties, Anton almost immediately starts working as cladman. While Marina is busy packaging drugs, Anton figures out the hiding places and deals a little in clubs.",Egor Isaev,Egor Isaev,Released,Russian,,
1678461,https://www.themoviedb.org/movie/1678461-oranje-hein,Oranje Hein,,1925-10-02,NL,Drama,9.0,We don't have an overview translated in English. Help us expand our database by adding one.,Alex Benno,"Alex Benno, Herman Bouber",Released,Dutch; Flemish,,
1634679,https://www.themoviedb.org/movie/1634679-going-down,Going Down,5.0,2024-04-23,GB,"Drama, Romance",0.0,Two sex workers booked for a threesome meet for the first time in the hotel elevator. As they ascend towards the client’s room they begin to form a connection.,Aella Jordan-Edge,Ruby Abbiss,Released,English,,
1428862,https://www.themoviedb.org/movie/1428862-cortafuego,Firebreak,107.0,2026-02-20,KR,"Thriller, Drama",6.3,"Little Lide disappears in the forest while her family packs up their home. As a fire breaks out, her mother must race to reach her before the flames do.",David Victori,"David Victori, Jon Iriarte, Javier Echániz, Asier Guerricaechevarría",Released,Spanish; Castilian,,
45032,https://www.themoviedb.org/movie/45032-maslin-beach,Maslin Beach,78.0,1997-01-01,AU,"Comedy, Drama, Romance",4.3,"Set on a famous nudist beach, Maslin Beach is a film about crazy people involved in crazy misunderstandings and romantic squabbles, a naked and hilarious search for the meaning of life. And it's also a gentle story about love. Simon attempts to summon the courage to face the truth about his relationship with Marcie over the course of one afternoon, leading to a bittersweet jolt to his life. With other relationships on the beach interfering with his objective to propose, a myriad of characters attempt to make sense of life, love and it all.",Wayne Groom,Wayne Groom,Released,English,,
22244,https://www.themoviedb.org/movie/22244-society,Society,100.0,1992-06-11,US,"Comedy, Horror, Mystery",6.7,Bill Whitney is worried that he is different to his sister and parents. They mix with other upper-class people while Bill is more down to earth. Even his girlfriend seems a bit odd. All is revealed when Bill returns home to find a party in full swing.,Brian Yuzna,"Rick Fry, Woody Keith",Released,English,,
501264,https://www.themoviedb.org/movie/501264,Dokhtar Amoo Va Pesar Amoo,90.0,2018-05-03,IR,Comedy,3.0,story of 2 cousins..,Roohangiz Shams,Ghorban Mohammadpour,Released,Persian,1000.0,2000.0
9885,https://www.themoviedb.org/movie/9885-wolf-creek,Wolf Creek,99.0,2005-10-06,AU,"Horror, Thriller",6.2,Three backpackers stranded in the Australian outback are plunged inside a hellish nightmare of insufferable torture by a sadistic psychopathic local.,Greg McLean,Greg McLean,Released,English,1000000.0,30894796.0
80035,https://www.themoviedb.org/movie/80035-the-watch,The Watch,102.0,2012-07-27,US,"Comedy, Action, Science Fiction",5.6,"Four everyday suburban guys come together as an excuse to escape their humdrum lives one night a week. But when they accidentally discover that their town has become overrun with aliens posing as ordinary suburbanites, they have no choice but to save their neighborhood – and the world – from total extermination.",Akiva Schaffer,"Evan Goldberg, Seth Rogen, Jared Stern",Released,English,68000000.0,68267862.0
325133,https://www.themoviedb.org/movie/325133-neighbors-2-sorority-rising,Neighbors 2: Sorority Rising,92.0,2016-05-20,US,Comedy,5.8,A sorority moves in next door to the home of Mac and Kelly Radner who have a young child. The Radner's enlist their former nemeses from the fraternity to help battle the raucous sisters.,Nicholas Stoller,"Andrew J. Cohen, Brendan O'Brien, Nicholas Stoller, Seth Rogen, Evan Goldberg",Released,English,35000000.0,108007109.0
99425,https://www.themoviedb.org/movie/99425,Karungali,150.0,2011-07-29,IN,Drama,7.0,"Karungali is a Tamil film directed by Mu.Kalanjiam. It stars Mu.Kalanjiam,Srinivas and Anjali in the lead.  Kanimozhi (Sunitha Verma), a doctor by profession, is drawn to the Ravi because of his life-saving act and ultimately decides to marry him. She overlooks Ravi's brutal past life during when he had murdered many including Sengudi (Asmitha), who was with him right from the childhood days. She loves him but he appears quite satisfied by using her whenever he's driven by his sexual urge.",Mu Kalanjiyam,,Released,Tamil,,
334775,https://www.themoviedb.org/movie/334775-szepek-es-bolondok,On the Sideline,103.0,1976-04-06,HU,"Drama, Comedy",8.0,"The corpulent and ageing Ivicz, once an excellent baker, works as a deliverer now. He lives alone. At the weekends following the toilsome weekdays he is the boss. He regularly travels to the country, to work as the incorruptible referee of third class national soccer games.",Péter Szász,Péter Szász,Released,Hungarian,,
873752,https://www.themoviedb.org/movie/873752,Echoes,114.0,2020-11-26,UA,"Drama, War",0.0,"The story of the events of 1941, the beginning of the occupation of Vinnytsia, when the mass extermination of Jews began.",Valerii Shalyha,Valerii Shalyha,Released,Ukrainian,,
1236861,https://www.themoviedb.org/movie/1236861-amiga-virtual,Virtual Friend,5.0,2021-01-18,BR,,0.0,"When others become untouchable, how are we going to live our days? Ana is a young woman who spends most of her time in social networks and offers to keep company, virtually, for people who come in contact looking for someone to be with",Allan Riggs,Isadora Krummenauer,Released,Portuguese,,
306089,https://www.themoviedb.org/movie/306089-isabel-la-negra,Life of Sin,112.0,1979-01-01,PR,Drama,6.0,"The film dramatizes the life of Isabel ""la Negra"" Luberza Oppenheimer. Pablo, a Caribbean peasant, and Isabel, a politician's mistress, open a brothel that becomes internationally famous. Though they gain wealth and power, the one thing that Isabel seeks continues to elude her.",Efraín López Neris,Emilio Díaz Valcárcel,Released,Spanish; Castilian,,
1729593,https://www.themoviedb.org/movie/1729593,Uthami,,1985-02-27,IN,Drama,0.0,"Sivashankar attempts suicide after discovering his wife, Ganga is having an affair. However, he is rescued by Gayathri, and they begin a new life. Years later, Ganga re-enters his life.",M. Vellaisamy,A. L. Narayanan,Released,Tamil,,
14003,https://www.themoviedb.org/movie/14003,Fullmetal Alchemist the Movie: Conqueror of Shamballa,105.0,2005-07-21,JP,"Action, Adventure, Animation, Drama",7.3,"Munich, Germany, 1923. Two years have passed since Edward Elric was dragged from his own world to ours, leaving behind his country, his friends and his younger brother, Alphonse. Stripped of his alchemical powers, he has been all this time researching rocketry together with Alphonse Heiderich, a young man who resembles his own brother, hoping to one day find a way back home. His efforts so far had proven fruitless, but after lending a hand to a troubled gipsy girl, Edward is thrown in a series of events that can wreak havoc in both worlds. Meanwhile, at his own world, Alphonse Elric ventures deeper into the mysteries of alchemy in search for a way to reunite with his older brother.",Seiji Mizushima,Sho Aikawa,Released,Japanese,,10197984.0
9564,https://www.themoviedb.org/movie/9564-asterix-obelix-contre-cesar,Asterix and Obelix Take On Caesar,109.0,1999-07-31,KR,"Family, Adventure, Comedy, Fantasy",6.0,"Set in 50 B.C., Asterix and Obelix are living in a small but well-protected village in Gaul, where a magic potion concocted by Druids turns the townsfolk into mighty soldiers. When Roman troops carve a path through Gaul to reach the English Channel, Caesar and his aide de camp Detritus discover the secret elixir and capture the Druid leader who knows its formula, and Asterix and Obelix are sent off to rescue them.",Claude Zidi,Claude Zidi,Released,French,48500000.0,101644060.0
1274049,https://www.themoviedb.org/movie/1274049-fire-supply,Fire Supply,156.0,2024-04-26,AR,"Comedy, Romance",7.0,"Because podcasts have a limit, a person who loves his mother + his father would want to make ice or steel or else have a cemetery so that his mother does not suffer for anyone.",Lucía Seles,Lucía Seles,Released,Spanish; Castilian,,
365231,https://www.themoviedb.org/movie/365231-a-traves-de-tus-ojos,A través de tus ojos,,2006-09-07,AR,Drama,10.0,We don't have an overview translated in English. Help us expand our database by adding one.,Rodrigo Fürth,"Leonel D'Agostino, Lucía Puenzo",Released,Spanish; Castilian,,
458670,https://www.themoviedb.org/movie/458670,The Flaming Rocks Treasure,80.0,1969-08-18,SU,"Adventure, Family",5.0,"A very creative young boy Fedka is telling o his friends the story - with everything in it: pirates, exotic islands and a lot of adventures...",Evgeniy Sherstobitov,"Evgeniy Sherstobitov, Gertzel Novogrudsky",Released,Russian,,
11901,https://www.themoviedb.org/movie/11901-high-plains-drifter,High Plains Drifter,106.0,2001-04-17,KR,"Western, Drama, Mystery",7.3,"A gunfighting stranger comes to the small settlement of Lago. After gunning down three gunmen who tried to kill him, the townsfolk decide to hire the Stranger to hold off three outlaws who are on their way.",Clint Eastwood,Ernest Tidyman,Released,English,5500000.0,15700000.0
1647409,https://www.themoviedb.org/movie/1647409-desperada,Desperada,97.0,2026-03-23,PH,Drama,0.0,"Desperada follows a deeply traumatized young woman rescued from the streets and brought to a shelter for the mentally ill, where—amid broken souls and painful pasts—she discovers healing and unexpected love that proves even the most damaged hearts can still hope.",Louie Ignacio,Dennis C. Evangelista,Released,Tagalog,,
824369,https://www.themoviedb.org/movie/824369,Bhai Bhai,151.0,1956-07-21,IN,"Drama, Romance",8.0,"Suduria, the head of his village and part of the influential landlord class, falls in love with Nidhi, a low-caste untouchable.",Nitai Palit,Nitai Palit,Released,Oriya,,
1921,https://www.themoviedb.org/movie/1921-sweet-november,Sweet November,119.0,2001-09-28,KR,"Drama, Romance",6.9,"Nelson is a man devoted to his advertising career in San Francisco. One day, while taking a driving test at the DMV, he meets Sara. She is very different from the other women in his life. Nelson causes her to miss out on taking the test and later that day she tracks him down. One thing leads to another and Nelson ends up living with her through a November that will change his life forever.",Pat O'Connor,Kurt Voelker,Released,English,40000000.0,65754228.0
1473719,https://www.themoviedb.org/movie/1473719-hipocondriaco,Hipocondríaco,,2025-05-09,BR,"Drama, Horror",0.0,We don't have an overview translated in English. Help us expand our database by adding one.,"Paulo Roberto, Heleno Florentino",Paulo Roberto,Released,Portuguese,,
904270,https://www.themoviedb.org/movie/904270,The Truth Close-Up,10.0,1988-12-31,SU,Animation,9.0,An animated short film that deconstructs and exposes the exhausted Soviet cliches in search of truth which is traditional for glasnost and perestroika era.,Volodymyr Honcharov,Feliks Krivin,Released,Ukrainian,,
409276,https://www.themoviedb.org/movie/409276,What a Good Secretary Wants,71.0,2016-05-20,KR,"Romance, Drama",5.7,"The silent secret of the perfect woman.  Genius Consulting is a recruiting company that provides Board of Members of large corporates and professional talents to China. As the original secretary for Joo Yeong-cheol, CEO of the company went on her maternity leave, Ji-won, a new secretary is hired and starts filling the position.  All the employees welcome her who looks sexy at a glance, is capable of doing her job and also has a warm good personality.  On a rainy night, CEO Joo and his new secretary Ji-won have a brief beer break, while working until late at night in the office.",Kim Hyo-jae,,Released,Korean,,
1029235,https://www.themoviedb.org/movie/1029235-azrael,Azrael,86.0,2024-07-06,KR,"Action, Horror, Thriller",5.9,"In a world where no one speaks, a devout female hunts down a young woman who has escaped her imprisonment. Recaptured by its ruthless leaders, Azrael is due to be sacrificed to pacify an ancient evil deep within the surrounding wilderness.",E.L. Katz,Simon Barrett,Released,English,12000000.0,631272.0
9726,https://www.themoviedb.org/movie/9726-a-good-year,A Good Year,117.0,2006-11-16,KR,"Comedy, Drama, Romance",6.7,"Failed London banker Max Skinner inherits his uncle's vineyard in Provence, where he spent many childhood holidays. Upon his arrival, he meets a woman from California who tells Max she is his long-lost cousin and that the property is hers.",Ridley Scott,"Peter Mayle, Marc Klein",Released,English,35000000.0,42064105.0
534878,https://www.themoviedb.org/movie/534878-cornholios,Cornholios,6.0,2018-05-24,US,Comedy,0.0,Three devoted Cornholio enthusiasts struggle to make ends meet in New York.,Jess Lane,"Colin Burgess, Tynan DeLong, Joe Rumrill",Released,English,,
1589585,https://www.themoviedb.org/movie/1589585-den-mangi,Manga Day,17.0,2025-10-23,RU,"Drama, Comedy",0.0,"Nine-year-old Mitya lives with his grandmother in the village. Everything in the boy's life is familiar and understandable until his grandmother falls ill and sends him to the pharmacy in the district center. Along the way, Mitya meets manga fan Kira, and this meeting changes everything for Mitya. Meanwhile, his grandmother waits for her medicine.",Andrey Vasilyev,"Andrey Vasilyev, Maria Maksimova",Released,Russian,,
1734170,https://www.themoviedb.org/movie/1734170-cik-ayu-mee-sanggul,Cik Ayu Mee Sanggul,,2021-01-01,MY,,0.0,"The story follows the sacrifice of a young widow who marries a widower without romantic attachment in order to become a stepmother to Uwais, the widower's son. Ayu is a successful Mee Sanggul entrepreneur in Kuala Lumpur. Her introduction and close relationship with Uwais and Nek Wan are opposed by Akhtar when he learns that Ayu was the wife of the late Tuan Baharom and inherited all his wealth. Akhtar is skeptical of Ayu's widow status due to his bitter experience with his ex-wife. Uwais is still young and needs a mother's attention. Ayu makes a sacrifice and decides to propose to Akhtar herself. Ayu is also approached by other men in her life who continually become obstacles to her love story.",Idora Abdul Rahman,,Released,English,,
446021,https://www.themoviedb.org/movie/446021-bad-times-at-the-el-royale,Bad Times at the El Royale,141.0,2021-11-19,KR,"Thriller, Mystery, Crime",6.8,"Lake Tahoe, 1969. Seven strangers, each one with a secret to bury, meet at El Royale, a decadent motel with a dark past. In the course of a fateful night, everyone will have one last shot at redemption.",Drew Goddard,Drew Goddard,Released,English,32000000.0,31882724.0
429382,https://www.themoviedb.org/movie/429382,Love Story,90.0,2022-10-13,RU,"Comedy, Romance",5.5,"Taxi driver and unsuccessful actor Seva Gorelov accidentally meets his first love Masha Sokolova, once a young and carefree girl, and now a thirty-year-old spoiled kept woman. Seva works part-time in a taxi, and Masha accidentally becomes his client. To go far, to Sochi, to their homeland with Seva teenage love. Masha has a wedding there in a few days, but not with Seva, of course, but with a rich patron. From the very beginning it becomes clear that this journey will not end with anything good. 1600 kilometers of adventure, well flavored with humor, ambition, tears, resentment, flirting, passion and a great feeling, which again is out of place.",Pyotr Todorovsky Jr.,Pyotr Todorovsky Jr.,Released,Russian,,
365093,https://www.themoviedb.org/movie/365093-el-ciclon,El ciclón,83.0,1959-10-02,MX,"Western, Music, Drama",5.6,"Cowboy revenge-drama, paired with a love triangle between two Mexican fellers and a rather unpleasant gringa.",Gilberto Martínez Solares,,Released,Spanish; Castilian,,
