movie_id,url,title,runtime,release_date,release_country,genres,user_score,overview,director,writer,status,original_language,budget,revenue
745048,https://www.themoviedb.org/movie/745048-la-momie,The Mummy,6.0,2014-11-22,FR,Horror,0.0,"A man dressed up in a mummy costume begs in the street every day at the same place, ready to do anything it takes to earn a few coins.",Lewis Eizykman,Lewis Eizykman,Released,French,,
471413,https://www.themoviedb.org/movie/471413,"Sex First, Love Second",97.0,2017-08-03,KR,"Romance, Drama",5.4,"Gong-soo works in an underwear company and has a crush on one of the new designers named Soo-yeon. Gong-soo is preparing a design PT for a major company when he decides to tell Soo-yeon how he feels about her. He looks for a chance to tell her but Chief Lee, a handsome and talented man gets in the way.",Kim Hyeon-cheol,Kim Hyeon-cheol,Released,Korean,,
444539,https://www.themoviedb.org/movie/444539-the-bookshop,The Bookshop,110.0,2021-06-24,KR,Drama,6.5,"Set in a small English town in 1959, a woman decides, against polite but ruthless local opposition, to open a bookshop, a decision which becomes a political minefield.",Isabel Coixet,"Isabel Coixet, Penelope Fitzgerald",Released,English,5400000.0,12055868.0
269076,https://www.themoviedb.org/movie/269076-szakadek,Abyss,102.0,1956-06-05,HU,Drama,8.0,"Nagy István, the formerly poor peasant boy returns to his native village as a teacher. His conviction is that the abyss between rich and poor can be diminished by good will. The rich Böröcz Horváth Klári returns his love, and also Böröcz Horváth is willing to help the poorest family, the Bakos. Bakos Jóska, who was sent to serve the tough Böröcz Horváth as a payment, dies of an infected wound and the people in the village hold the teacher liable as well. Nagy István realises, that the abyss cannot be ceased, what is more, it is impassable. He breaks up with his fiancée and stands by the side of the poor.",László Ranódy,József Darvas,Released,Hungarian,,
36728,https://www.themoviedb.org/movie/36728-naruto,Naruto Shippuden the Movie: The Will of Fire,95.0,2009-10-22,KR,"Action, Adventure, Comedy, Drama, Fantasy, Animation",7.4,"Ninjas with bloodline limits begin disappearing in all the countries and blame points toward the fire nation. By Tsunade's order, Kakashi is sacrificed to prevent an all out war. After inheriting charms left by Kakashi, Naruto fights through friends and foes to prevent his death while changing the minds of those who've inherited the will of fire.",Masahiko Murata,Junki Takegami,Released,Japanese,,8100000.0
235572,https://www.themoviedb.org/movie/235572,Till Tomorrow,63.0,1929-11-11,RU,Drama,5.6,A story of Belarusian children that are enrolled in a special school. The orphans live in gymnasium shelter under poor conditions and high-school students are showing interest in life in Soviet.,"Iosif Bakhar, Yuri Tarich","Iosif Bakhar, Yuri Tarich",Released,Russian,,
699,https://www.themoviedb.org/movie/699-for-your-eyes-only,For Your Eyes Only,128.0,1982-11-27,KR,"Adventure, Action, Thriller",6.5,A British spy ship has sunk and on board was a hi-tech encryption device. James Bond is sent to find the device that holds British launching instructions before the enemy Soviets get to it first.,John Glen,"Ian Fleming, Richard Maibaum, Michael G. Wilson",Released,English,28000000.0,195300000.0
709631,https://www.themoviedb.org/movie/709631-cobweb,Cobweb,88.0,2023-09-20,KR,Horror,6.4,"Eight year old Peter is plagued by a mysterious, constant tapping from inside his bedroom wall—one that his parents insist is all in his imagination. As Peter's fear intensifies, he believes that his parents could be hiding a terrible, dangerous secret and questions their trustworthiness.",Samuel Bodin,Chris Thomas Devlin,Released,English,13000000.0,10091821.0
241554,https://www.themoviedb.org/movie/241554-run-all-night,Run All Night,114.0,2015-03-19,KR,"Action, Crime, Thriller",6.4,"Brooklyn mobster and prolific hit man Jimmy Conlon has seen better days. Longtime best friend of a mob boss, Jimmy is haunted by the sins of his past—as well as a dogged police detective who’s been one step behind Jimmy for 30 years. But when Jimmy’s estranged son becomes a target, Jimmy must make a choice between the crime family he chose and the real family he abandoned long ago. Now, with nowhere safe to turn, Jimmy has just one night to figure out exactly where his loyalties lie and to see if he can finally make things right.",Jaume Collet-Serra,Brad Ingelsby,Released,English,50000000.0,71561644.0
1473505,https://www.themoviedb.org/movie/1473505-kill-trip,Kill Trip,,2026-07-17,US,"Horror, Thriller",7.5,"On the way to a Texas music festival, a group of friends catches a ride with a magnetic van driver. But when people start vanishing, the real headliner becomes survival.",Kristian McKay,Kristian McKay,Released,English,,
1598680,https://www.themoviedb.org/movie/1598680-estado-terminal,Estado Terminal,,2025-12-16,BR,Drama,0.0,We don't have an overview translated in English. Help us expand our database by adding one.,Lucas Grandi,Lucas Grandi,Released,Portuguese,,
10202,https://www.themoviedb.org/movie/10202-bedtime-stories,Bedtime Stories,99.0,2009-01-22,KR,"Fantasy, Comedy, Family, Romance",6.2,Skeeter Bronson is a down-on-his-luck guy who's always telling bedtime stories to his niece and nephew. But his life is turned upside down when the fantastical stories he makes up for entertainment inexplicably turn into reality. Can a bewildered Skeeter manage his own unruly fantasies now that the outrageous characters and situations from his mind have morphed into actual people and events?,Adam Shankman,"Matt Lopez, Tim Herlihy",Released,English,80000000.0,212874864.0
399057,https://www.themoviedb.org/movie/399057-the-killing-of-a-sacred-deer,The Killing of a Sacred Deer,121.0,2018-07-12,KR,"Drama, Thriller, Mystery",7.0,"Dr. Steven Murphy is a renowned cardiovascular surgeon who presides over a spotless household with his wife and two children. Lurking at the margins of his idyllic suburban existence is Martin, a fatherless teen who insinuates himself into the doctor's life in gradually unsettling ways.",Yorgos Lanthimos,"Yorgos Lanthimos, Efthimis Filippou",Released,English,3000000.0,10700000.0
81672,https://www.themoviedb.org/movie/81672-appassionata,Appassionata,96.0,1974-06-06,IT,Drama,5.6,"Two teenage friends conspire to find out how much their youthful sensuality can disrupt one of their households, headed by a dentist and his mentally-ill wife.",Gianluigi Calderone,"Gianluigi Calderone, Alessandro Parenzo, Domenico Rafele",Released,Italian,,
1044142,https://www.themoviedb.org/movie/1044142-wo-ist-mein-safe-space-funf-frauen-gegen-strukturellen-rassismus,Wo ist mein Safe Space? Fünf Frauen gegen strukturellen Rassismus,59.0,2022-11-03,DE,Documentary,0.0,"Five women fight against racism towards people of color in Germany. Against discriminatory language, media stereotypes and an education system that hides a part of German history.","Kokutekeleza Musebeni, Anna Evgenevna Zhukovets, Emilia Wieding",,Released,German,,
439,https://www.themoviedb.org/movie/439-la-dolce-vita,La Dolce Vita,174.0,1960-02-05,IT,"Comedy, Drama",8.0,"Episodic journey of journalist Marcello who struggles to find his place in the world, torn between the allure of Rome's elite social scene and the stifling domesticity offered by his girlfriend, all the while searching for a way to become a serious writer.",Federico Fellini,"Federico Fellini, Ennio Flaiano, Tullio Pinelli, Brunello Rondi, Pier Paolo Pasolini",Released,Italian,,19647000.0
8867,https://www.themoviedb.org/movie/8867-the-punisher,The Punisher,89.0,1989-10-05,US,"Action, Crime, Drama",5.8,"The avenging angel of Marvel Comics fame comes brilliantly to life in this searing action-adventure thriller! Dolph Lundgren stars as Frank Castle, a veteran cop who loses his entire family to a mafia car bomb. His ex-partner believes Castle survived the blast and became the Punisher, living in the sewers and exacting vigilante violence against mob bosses throughout the city. When the populace is caught in the midst of a gang war that he caused, Castle must again emerge from the shadows and save the innocent.",Mark Goldblatt,Boaz Yakin,Released,English,9000000.0,
499701,https://www.themoviedb.org/movie/499701-dora-and-the-lost-city-of-gold,Dora and the Lost City of Gold,102.0,2019-09-19,AU,"Family, Comedy, Adventure",6.6,"Dora, a girl who has spent most of her life exploring the jungle with her parents, now must navigate her most dangerous adventure yet: high school. Always the explorer, Dora quickly finds herself leading Boots (her best friend, a monkey), Diego, and a rag tag group of teens on an adventure to save her parents and solve the impossible mystery behind a lost Inca civilization.",James Bobin,"Nicholas Stoller, Matthew Robinson",Released,English,49000000.0,120600000.0
470,https://www.themoviedb.org/movie/470-21-grams,21 Grams,124.0,2004-10-21,KR,"Drama, Crime, Thriller",7.3,"Paul Rivers, an ailing mathematician lovelessly married to an English émigré; Christina Peck, an upper-middle-class suburban housewife and mother of two girls; and Jack Jordan, a born-again ex-con, are brought together by a terrible accident that changes their lives.",Alejandro G. Iñárritu,Guillermo Arriaga,Released,English,20000000.0,60427839.0
11897,https://www.themoviedb.org/movie/11897-how-the-west-was-won,How the West Was Won,164.0,1966-08-12,KR,Western,7.0,"The epic tale of the development of the American West from the 1830s through the Civil War to the end of the century, as seen through the eyes of one pioneer family.","Henry Hathaway, John Ford, George Marshall","James R. Webb, John Gay",Released,English,15000000.0,76729.0
456217,https://www.themoviedb.org/movie/456217-wenn-manner-verreisen,Wenn Männer verreisen,89.0,1940-04-03,DE,Comedy,7.0,"Ludwig Gruber, the director of a spa café, is a good man.  Now and again, he makes little adventure-trips to Berlin to find business for his company.  The women he is traveling with have an accident on the highway.  Gruber is traveling incognito as “Mr. Rabbit” with Lotte, the leader of the group.  Because of the accident, they’ll have to overnight together in a hotel.  Since Mr. and Mrs. Rabbit are a “couple”, they’ll be getting a double-room, where they can … mmm … do what rabbits do.  Since they both insist on climbing into bed with the lights out, it isn’t until the next morning that they notice they’ve been in the same bed the whole night.  In the ensuing chaos, Grube loses his wedding ring, which is later sent to the address of Lotte’s mother, who now insists repeatedly, that he marry her daughter.",Georg Zoch,,Released,German,,
82650,https://www.themoviedb.org/movie/82650-diary-of-a-wimpy-kid-dog-days,Diary of a Wimpy Kid: Dog Days,94.0,2012-11-01,KR,"Comedy, Family",6.4,"It's summertime, and Greg Heffley is looking forward to playing video games and spending time with his friends. However, Greg's dad has other plans: He's decided that some father-son bonding time is in order. Desperate to prevent his dad from ruining summer vacation, Greg pretends he has a job at a ritzy country club. But Greg's plan backfires, leaving him in the middle of embarrassing mishaps and a camping trip gone wrong.",David Bowers,"Maya Forbes, Wallace Wolodarsky",Released,English,22000000.0,77100000.0
988078,https://www.themoviedb.org/movie/988078-a-traves-del-mar,Through My Window: Across the Sea,110.0,2023-06-23,KR,"Romance, Drama, Comedy",6.6,"After a year of long-distance, Raquel and Ares reunite on a steamy beach trip. Faced with fresh flirtations and insecurities, will their love prevail?",Marçal Forés,"Ariana Godoy, Eduard Sola",Released,Spanish; Castilian,,
1608601,https://www.themoviedb.org/movie/1608601-el-lienzo,El lienzo,,2024-07-01,ES,,0.0,We don't have an overview translated in English. Help us expand our database by adding one.,Marco Araujo,Natalia Hermens,Released,Spanish; Castilian,,
11675,https://www.themoviedb.org/movie/11675-halloween-h20-20-years-later,Halloween H20: 20 Years Later,86.0,1998-08-05,US,"Horror, Thriller",6.1,"Two decades after surviving a massacre on October 31, 1978, former baby sitter Laurie Strode finds herself hunted by persistent knife-wielder Michael Myers. Laurie now lives in Northern California under an assumed name, where she works as the headmistress of a private school. But it's not far enough to escape Myers, who soon discovers her whereabouts. As Halloween descends upon Laurie's peaceful community, a feeling of dread weighs upon her -- with good reason.",Steve Miner,"Robert Zappia, Matt Greenberg",Released,English,17000000.0,75041738.0
538806,https://www.themoviedb.org/movie/538806,Goodbye Pharaohs!,76.0,1975-01-13,SU,Comedy,8.0,A bunch of countryside people decide to exchange roles between men and women.,Vyacheslav Vinnik,Aleksey Kolomiets,Released,Russian,,
45933,https://www.themoviedb.org/movie/45933-la-soldatessa-alla-visita-militare,The Nurse on a Military Tour,84.0,1977-09-02,IT,Comedy,5.0,"Army Doctor Eva Marini wants to join a regiment to secure equal rights for women. So her commanding officer sends her off to a boot camp led by Renzo Montagnani, where only the most unruly soldiers end up.",Nando Cicero,"Nando Cicero, Francesco Milizia, Annie Albert",Released,Italian,,
12133,https://www.themoviedb.org/movie/12133-step-brothers,Step Brothers,98.0,2008-07-25,US,Comedy,6.6,"Brennan Huff and Dale Doback might be grown men. But that doesn't stop them from living at home and turning into jealous, competitive stepbrothers when their single parents marry. Brennan's constant competition with Dale strains his mom's marriage to Dale's dad, leaving everyone to wonder whether they'll ever see eye to eye.",Adam McKay,"Adam McKay, Will Ferrell",Released,English,65000000.0,128100000.0
334762,https://www.themoviedb.org/movie/334762-esos-vasarnap,A Rainy Sunday,97.0,1962-11-15,HU,Romance,7.0,"A new teacher arrives at the secondary grammar school. The girls are all crazy for the handsome, blonde young man, except for the most excellent pupil, Balázs Ági. Yet Pali starts paying his attentions to no one else but her.",Márton Keleti,Zsuzsa Pongrácz,Released,Hungarian,,
267193,https://www.themoviedb.org/movie/267193-grimsby,Grimsby,83.0,2016-06-28,KR,"Action, Comedy",6.0,"Wrongfully accused and on the run, a top MI6 assassin joins forces with his long-lost, football hooligan brother to save the world from a sinister plot.",Louis Leterrier,"Sacha Baron Cohen, Phil Johnston, Peter Baynham",Released,English,35000000.0,28000000.0
362345,https://www.themoviedb.org/movie/362345-figuran,Extra,,2015-04-15,TR,Comedy,4.5,Mutlu earns his living as an extra but his clumsiness causes a lot of troubles.,Tolga Çetin,"Süheyp Tosun, Sefa Demir",Released,Turkish,,
299819,https://www.themoviedb.org/movie/299819-co-gai-tren-song,The Girl on the River,92.0,1987-04-01,VN,Drama,4.8,A reporter interviews a former prostitute from South Vietnam about her sheltering of an injured Vietcong leader during the war.,Dang Nhat Minh,Dang Nhat Minh,Released,Vietnamese,,
1887,https://www.themoviedb.org/movie/1887-marie-antoinette,Marie Antoinette,123.0,2007-05-17,KR,"Drama, History",6.7,"A retelling of the story of France’s iconic but ill-fated queen, Marie Antoinette - from her betrothal and marriage to Louis XVI at fifteen to her reign as queen at nineteen and ultimately the fall of Versailles.",Sofia Coppola,Sofia Coppola,Released,English,40000000.0,60917189.0
1145524,https://www.themoviedb.org/movie/1145524,MeShura,,2017-10-19,RU,Comedy,0.0,"Dreamer Shurik in an effort to earn capital for the sake of his beloved, confused, finds himself on the verge of life and death. He radically changes his life, but already - in a female image…",Liliya Trofimova,,Released,Russian,,
16269,https://www.themoviedb.org/movie/16269,God of Gamblers,126.0,1989-12-23,KR,"Action, Comedy, Drama",7.2,"Ko Chun, a renowned gambler, loses his memory in an accident and starts behaving like a child. Little Knife, an amateur gambler, offers him shelter and realizes that he has a penchant for gambling.",Wong Jing,"Wong Jing, Albert Mak Kai-Kwong",Released,Cantonese,,4762337.0
1306525,https://www.themoviedb.org/movie/1306525-abadi-nan-jaya,The Elixir,118.0,2025-10-23,KR,"Horror, Thriller",6.0,An elixir unleashes the undead in a village. A family at odds with one another must unite and fight to survive as their hometown collapses.,Kimo Stamboel,"Kimo Stamboel, Khalid Kashogi, Agasyah Karim",Released,Indonesian,,
238675,https://www.themoviedb.org/movie/238675,Love Is in the Green Wind,93.0,1974-11-23,JP,Drama,7.0,A youthful film depicting the sexual awakening of a boy who has just entered adolescence and his heartbreaking romance during the summer holidays with a young sprightly girl.,Miyoji Ieki,Hisako Ieki,Released,Japanese,,
59859,https://www.themoviedb.org/movie/59859-kick-ass-2,Kick-Ass 2,103.0,2013-10-17,KR,"Action, Adventure, Crime",6.4,"After Kick-Ass' insane bravery inspires a new wave of self-made masked crusaders, he joins a patrol led by the Colonel Stars and Stripes. When these amateur superheroes are hunted down by Red Mist — reborn as The Mother Fucker — only the blade-wielding Hit-Girl can prevent their annihilation.",Jeff Wadlow,Jeff Wadlow,Released,English,28000000.0,60795985.0
11186,https://www.themoviedb.org/movie/11186-child-s-play-2,Child's Play 2,84.0,1990-11-09,US,Horror,6.4,"Chucky is reconstructed by a toy factory to dispel the negative publicity surrounding the doll, and tracks young Andy Barclay to a foster home where the chase begins again.",John Lafia,Don Mancini,Released,English,13000000.0,35763605.0
119283,https://www.themoviedb.org/movie/119283-parker,Parker,118.0,2014-12-10,KR,"Action, Crime",6.1,"A thief with a unique code of professional ethics is double-crossed by his crew and left for dead. Assuming a new disguise and forming an unlikely alliance with a woman on the inside, he looks to hijack the score of the crew's latest heist.",Taylor Hackford,"Donald E. Westlake, John J. McLaughlin",Released,English,35000000.0,46216641.0
9513,https://www.themoviedb.org/movie/9513-garfield-a-tail-of-two-kitties,Garfield: A Tail of Two Kitties,86.0,2006-07-27,KR,"Comedy, Family, Adventure",5.6,"Jon and Garfield visit the United Kingdom, where a case of mistaken cat identity finds Garfield ruling over a castle. His reign is soon jeopardized by the nefarious Lord Dargis, who has designs on the estate.",Tim Hill,"Joel Cohen, Alec Sokolow",Released,English,60000000.0,141700000.0
10957,https://www.themoviedb.org/movie/10957-the-black-cauldron,The Black Cauldron,80.0,1985-07-24,US,"Animation, Adventure, Family, Fantasy",6.4,"Taran is an assistant pigkeeper with boyish dreams of becoming a great warrior. However, he has to put the daydreaming aside when his charge, an oracular pig named Hen Wen, is kidnapped by an evil lord known as the Horned King. The villain hopes Hen will show him the way to The Black Cauldron, which has the power to create a giant army of unstoppable soldiers.","Ted Berman, Richard Rich",Lloyd Alexander,Released,English,25000000.0,21300000.0
1228564,https://www.themoviedb.org/movie/1228564,Boonie Bears: Time Twist,101.0,2024-02-10,CN,"Animation, Comedy, Science Fiction, Family",8.0,"When Vick gets a chance to start his life again as a logger, he must save his friends by embarking on an adventure through time and space.",Huida Lin,"Qin Wan, Lin Jiang, Yun Xu",Released,Chinese,40000000.0,275815986.0
8469,https://www.themoviedb.org/movie/8469-animal-house,Animal House,109.0,1978-07-28,US,Comedy,7.0,"At a 1962 College, Dean Vernon Wormer is determined to expel the entire Delta Tau Chi Fraternity, but those troublemakers have other plans for him.",John Landis,"Douglas Kenney, Harold Ramis, Chris Miller",Released,English,2700000.0,141000000.0
1285959,https://www.themoviedb.org/movie/1285959-the-passenger,The Passenger,93.0,2026-06-05,US,Thriller,5.3,"Hassan, a Somali-American airport shuttle driver in Minneapolis, is struggling to make ends meet. When Lloyd, a stranded twenty-something at the airport, offers to pay Hassan to take him overland to Chicago, it seems worth the risk. But as the realization grows that his passenger is not what he seems, Hassan finds himself trapped in a terrifying ride that he can’t escape, knowing that saving himself might put countless others in danger.",Vadim Perelman,Bennett Fisher,Released,English,,
11321,https://www.themoviedb.org/movie/11321-seven-pounds,Seven Pounds,123.0,2008-12-18,US,Drama,7.6,An IRS agent with a fateful secret embarks on an extraordinary journey of redemption by forever changing the lives of seven strangers.,Gabriele Muccino,Grant Nieporte,Released,English,55000000.0,168167691.0
11287,https://www.themoviedb.org/movie/11287-a-league-of-their-own,A League of Their Own,128.0,1992-11-14,KR,"Comedy, Drama",7.2,"As America's stock of athletic young men is depleted during World War II, a professional all-female baseball league springs up in the Midwest, funded by publicity-hungry candy maker Walter Harvey. Competitive sisters Dottie Hinson and Kit Keller spar with each other, scout Ernie Capadino and grumpy has-been coach Jimmy Dugan on their way to fame.",Penny Marshall,"Lowell Ganz, Babaloo Mandel, Kelly Candaele, Kim Wilson",Released,English,40000000.0,132440069.0
9493,https://www.themoviedb.org/movie/9493-twins,Twins,107.0,1989-09-13,KR,Comedy,6.1,Julius and Vincent Benedict are the results of an experiment that would allow for the perfect child. Julius was planned and grows to athletic proportions. Vincent is an accident and is somewhat smaller in stature. Vincent is placed in an orphanage while Julius is taken to a south seas island and raised by philosophers. Vincent becomes the ultimate low life and is about to be killed by loan sharks.,Ivan Reitman,"William Osborne, Herschel Weingrod, William Davies, Timothy Harris",Released,English,15000000.0,216614388.0
11187,https://www.themoviedb.org/movie/11187-child-s-play-3,Child's Play 3,90.0,1991-08-30,US,"Horror, Thriller",5.9,"Eight years after seemingly destroying the killer doll, teen Andy Barclay is placed in a military school, and the spirit of Chucky returns to renew his quest and seek vengeance after being recreated from a mass of melted plastic.",Jack Bender,Don Mancini,Released,English,13000000.0,20560255.0
47423,https://www.themoviedb.org/movie/47423,Once a Thief,108.0,1991-02-14,KR,"Action, Comedy, Thriller, Crime",6.9,Three orphans grow up to become art thieves under the tutelage of a crime boss. Romance complicates matters when the trio are double-crossed.,John Woo,"John Woo, Clifton Ko Chi-Sum, Janet Chun Siu-Chun",Released,Cantonese,,4303351.0
66313,https://www.themoviedb.org/movie/66313,Iraivan Kodutha Varam,130.0,1978-09-22,IN,Drama,7.5,We don't have an overview translated in English. Help us expand our database by adding one.,A. Bhimsingh,R. Balakrishnan,Released,Tamil,,
93162,https://www.themoviedb.org/movie/93162,Jibon Theke Neya,150.0,1970-03-09,BD,"Drama, History",9.4,"A political satire of Bangladesh under the rule of Pakistan metaphorically, where an autocratic woman in one family symbolizes the political dictatorship of Ayub Khan in East Pakistan.",Zahir Raihan,Zahir Raihan,Released,Bengali,,
1717197,https://www.themoviedb.org/movie/1717197-messi-la-cinta-olvidada,Messi: The Forgotten Tape,24.0,2026-05-10,US,Documentary,0.0,A VHS featuring Lionel Messi starts a tug of war between Spain and Argentina over his loyalty.,Nicolás Salazar,,Released,Spanish; Castilian,,
398329,https://www.themoviedb.org/movie/398329-el-maletin,El maletín,15.0,2013-07-24,PR,"Thriller, Mystery",0.0,A group of friends discover a briefcase in the ocean that will ultimately lead them to their demise.,Jorge Vidal,Jorge Vidal,Released,Spanish; Castilian,,
1131759,https://www.themoviedb.org/movie/1131759,Omniscient Reader: The Prophecy,120.0,2025-07-23,KR,"Action, Adventure, Fantasy",7.1,"Kim Dok-ja, an ordinary man in his 20s, is the only reader of an obscure web novel titled ""Three Ways to Survive the Apocalypse"". After having read the last chapter, the novel suddenly becomes reality, and its omnipotent hero Yu Jung-hyeok appears before Kim. As the only person who knows how to survive in this world, Kim and his companions strive to save the world by writing his own, new ending.",Kim Byung-woo,"Kim Byung-woo, singNsong, Lee Jung-min",Released,Korean,,9187679.0
1535392,https://www.themoviedb.org/movie/1535392-malaikat-malam,Malaikat Malam,111.0,2026-03-26,MY,Drama,7.3,"Ashraff, a motorcycle workshop owner, balances his daily life activities between caring for his older brother who struggles with depression, participating in illegal street racing, and winning an innocent blind girl's heart.",Nazifdin Nasrudin,Nazifdin Nasrudin,Released,Malay,,
1531141,https://www.themoviedb.org/movie/1531141-something-sweet,Something Sweet,29.0,2025-07-19,NG,Romance,0.0,"Ziora, a successful business owner in her 40s, falls in love with Leke, a young man in his 20s and opens the door for noise in her otherwise quiet life.  Does she give up on a chance for love to fit societal norms?",Dika Ofoma,Dika Ofoma,Released,English,,
294272,https://www.themoviedb.org/movie/294272-pete-s-dragon,Pete's Dragon,103.0,2016-09-27,KR,"Adventure, Family, Fantasy",6.4,"For years, old wood carver Mr. Meacham has delighted local children with his tales of the fierce dragon that resides deep in the woods of the Pacific Northwest. To his daughter, Grace, who works as a forest ranger, these stories are little more than tall tales... until she meets Pete, a mysterious 10-year-old with no family and no home who claims to live in the woods with a giant, green dragon named Elliott. And from Pete's descriptions, Elliott seems remarkably similar to the dragon from Mr. Meacham's stories. With the help of Natalie, an 11-year-old girl whose father Jack owns the local lumber mill, Grace sets out to determine where Pete came from, where he belongs, and the truth about this dragon.",David Lowery,"David Lowery, Toby Halbrooks",Released,English,65000000.0,143695338.0
1686440,https://www.themoviedb.org/movie/1686440-chere-fin,"Chère fin,",8.0,2025-10-29,FR,"Animation, Drama",9.0,"An old postman goes through his last tour of deliveries in the archipelago that he worked in his whole life, gliding on water with his old bike. He finds himself confronted with the reality of his coming retirement.","Laora Le Boursicot, Khéma Cousin, Lien Franckel, Alissende Masson, Joséphine Mounier, Clément Saden","Laora Le Boursicot, Khéma Cousin, Lien Franckel, Alissende Masson, Joséphine Mounier, Clément Saden",Released,French,,
806,https://www.themoviedb.org/movie/806-the-omen,The Omen,110.0,2006-06-06,KR,"Horror, Mystery, Thriller",5.7,A diplomatic couple adopts the son of the devil without knowing it. A remake of the classic horror film of the same name from 1976.,John Moore,David Seltzer,Released,English,25000000.0,119975084.0
293383,https://www.themoviedb.org/movie/293383-nach-ladenschluss,Nach Ladenschluß,,1964-03-24,DE,Drama,7.0,We don't have an overview translated in English. Help us expand our database by adding one.,Rolf Hädrich,,Released,German,,
848416,https://www.themoviedb.org/movie/848416,Groom and Bride,65.0,1971-04-12,SU,"Comedy, Music",0.0,Colorful musical comedy about the love of beauty Gulnora and singer from Azerbaijan Rustam.,Mukadas Makhmudov,Timur Zulfikarov,Released,Russian,,
207265,https://www.themoviedb.org/movie/207265-isa-pamaciba-milesana,Short Tutorial on Loving,75.0,1982-07-13,SU,"Comedy, Music",4.8,"In the Latvian countryside at the end of the 19th century, Jānis decides it is time to find a wife—but choosing the right one proves no easy task. Pretending to have gone deaf after listening to church bells from the bell tower, he visits the surrounding farms and overhears conversations never meant for his ears. While others reveal their true characters, only Ilze, the blacksmith’s sister, shows genuine concern and wonders how the unfortunate young man might be cured.",Imants Krenbergs,"Imants Krenbergs, Rūdolfs Blaumanis",Released,Latvian,,
1583338,https://www.themoviedb.org/movie/1583338-mutluyuz-mu,Mutluyuz Mu?,,2026-01-30,TR,Comedy,4.0,We don't have an overview translated in English. Help us expand our database by adding one.,"İbrahim Büyükak, Emrah Aguş",İbrahim Büyükak,Released,Turkish,,1150000.0
1164925,https://www.themoviedb.org/movie/1164925,Who was loved by all,69.0,1982-10-01,SU,Documentary,0.0,"This is a documentary movie about one of the most important figures in the Soviet cinema - Leonid Bykov. No doubt, his biography and career deserve to become be acquainted with. In the Bykov's life a lot of funny stories and serious dramatic events happened. That will be interesting to Leonid’s fans and all those interested in the history of Soviet culture.",Leonid Osyka,,Released,Russian,,
9563,https://www.themoviedb.org/movie/9563-any-given-sunday,Any Given Sunday,163.0,2000-05-20,KR,Drama,6.8,A star quarterback gets knocked out of the game and an unknown third stringer is called in to replace him. The unknown gives a stunning performance and forces the aging coach to reevaluate his game plans and life. A new co-owner/president adds to the pressure of winning. The new owner must prove herself in a male dominated world.,Oliver Stone,"Oliver Stone, John Logan",Released,English,55000000.0,100230832.0
133805,https://www.themoviedb.org/movie/133805-carrie,Carrie,101.0,2013-10-31,KR,"Drama, Horror",6.1,"An awkward, telekinetic teenage girl is the object of relentless bullying at school and an oppressively religious mother at home.",Kimberly Peirce,"Stephen King, Roberto Aguirre-Sacasa, Lawrence D. Cohen",Released,English,30000000.0,84790678.0
629176,https://www.themoviedb.org/movie/629176-samaritan,Samaritan,102.0,2022-08-25,US,"Science Fiction, Crime, Action",6.7,"Thirteen year old Sam Cleary suspects that his mysteriously reclusive neighbor Mr. Smith is actually the legendary vigilante Samaritan, who was reported dead 25 years ago. With crime on the rise and the city on the brink of chaos, Sam makes it his mission to coax his neighbor out of hiding to save the city from ruin.",Julius Avery,Bragi F. Schut,Released,English,100000000.0,75000000.0
1059128,https://www.themoviedb.org/movie/1059128-queer,Queer,138.0,2025-06-20,KR,"Drama, Romance",6.5,"In 1950s Mexico City, William Lee, an American ex-pat in his late forties, leads a solitary life amidst a small American community. However, the arrival in town of Eugene Allerton, a young student, stirs William into finally establishing a meaningful connection with someone.",Luca Guadagnino,"William S. Burroughs, Justin Kuritzkes",Released,English,53400000.0,5450715.0
361292,https://www.themoviedb.org/movie/361292-suspiria,Suspiria,152.0,2019-05-16,KR,"Horror, Mystery, Drama",6.9,"A darkness swirls at the center of a world-renowned dance company, one that will engulf the artistic director, an ambitious young dancer, and a grieving psychotherapist. Some will succumb to the nightmare. Others will finally wake up.",Luca Guadagnino,David Kajganich,Released,English,20000000.0,7953089.0
25475,https://www.themoviedb.org/movie/25475-tinker-bell-and-the-lost-treasure,Tinker Bell and the Lost Treasure,81.0,2009-11-04,KR,"Animation, Family, Adventure, Fantasy",6.8,"A blue harvest moon will rise, allowing the fairies to use a precious moonstone to restore the Pixie Dust Tree, the source of all their magic. But when Tinker Bell accidentally puts all of Pixie Hollow in jeopardy, she must venture out across the sea on a secret quest to set things right.",Klay Hall,"Kiki Thorpe, Evan Spiliotopoulos",Released,English,,
1534660,https://www.themoviedb.org/movie/1534660-barurot,Barurot,76.0,2025-09-12,PH,Drama,7.7,"Marco is a tricycle driver who is not only fast on the road, but also with women - having multiple partners at the same time. But when he meets the mysterious Lucy, will Marco finally tame his wild desires?",Rodante Pajemna Jr.,Zane Mendoza,Released,Tagalog,,
483657,https://www.themoviedb.org/movie/483657-linh-duyen-bi-m-t-t-hinh-nhan,Voodoo Doll,87.0,2017-02-24,VN,Horror,6.0,"After a long delay, the Doll returned to the box office race under the new name Linh Duyen: The Secret From Doll. The work of the couple director Vo Ngoc - Hanh Nhan impressed when bringing a story full of ghostly and scary about the subject of cursed figures and the principles surrounding the law of cause and effect.","Võ Ngọc, Hạnh Nhân",,Released,Vietnamese,,
388399,https://www.themoviedb.org/movie/388399-patriots-day,Patriots Day,133.0,2017-04-06,KR,"Action, Crime, Drama, History, Thriller",7.1,"In the aftermath of an unspeakable act of terror, Police Sergeant Tommy Saunders joins courageous survivors, first responders and investigators in a race against the clock to hunt down the Boston Marathon bombers before they strike again.",Peter Berg,"Peter Berg, Matt Cook, Joshua Zetumer",Released,English,45000000.0,50548152.0
1283515,https://www.themoviedb.org/movie/1283515-verity,Verity,114.0,2026-10-02,US,"Mystery, Thriller",0.0,"Lowen Ashleigh gets hired by Jeremy Crawford to ghostwrite novels for his bestselling author wife Verity, who's unable to finish after an accident. Lowen uncovers Verity's disturbing truths while residing at the Crawfords' home to work.",Michael Showalter,"Colleen Hoover, Nick Antosca",Post Production,English,40000000.0,
1108211,https://www.themoviedb.org/movie/1108211,Lost in the Stars,122.0,2023-06-22,CN,"Mystery, Crime, Thriller",6.4,"He Fei's wife, Li Muzi, disappears during their anniversary trip. When she reappears, he insists that she is not his wife. As Chen Mai, a top lawyer gets involved in this bizarre case, more mysteries start to emerge.","Liu Xiang, Cui Rui","Chen Sicheng, Gu Shuyi",Released,Chinese,9500000.0,334039200.0
227549,https://www.themoviedb.org/movie/227549-noces-ephemeres,The Momentary Marriage,,2011-11-09,FR,Drama,0.0,We don't have an overview translated in English. Help us expand our database by adding one.,Reza Serkanian,Reza Serkanian,Released,French,,
600583,https://www.themoviedb.org/movie/600583-the-power-of-the-dog,The Power of the Dog,127.0,2021-10-09,KR,"Drama, Western",6.7,"A domineering but charismatic rancher wages a war of intimidation on his brother's new wife and her teen son, until long-hidden secrets come to light.",Jane Campion,Jane Campion,Released,English,,
65733,https://www.themoviedb.org/movie/65733-sballato-gasato-completamente-fuso,An Ideal Adventure,93.0,1982-04-01,IT,Comedy,4.9,"Patricia, a journalist, is fed up with all the stupid chores and being ridiculed by her colleagues. To show her talent, she challenges her director Eugenio to test her. She will write a good article, but if she fails she will sleep with him.",Steno,"Steno, Enrico Vanzina, Cesare Frugoni",Released,Italian,,
1454680,https://www.themoviedb.org/movie/1454680-victor-comme-tout-le-monde,Hugo,89.0,2026-03-11,FR,"Drama, Comedy",6.7,"Imbued with Victor Hugo, the actor Robert Zucchini searches for his place between the stage and life. Every evening, he fills theaters by sharing his love of words. Until the day his daughter, whom he hasn’t seen grow up, reappears.",Pascal Bonitzer,Sophie Fillières,Released,French,,
2486,https://www.themoviedb.org/movie/2486-eragon,Eragon,104.0,2007-01-11,KR,"Fantasy, Action, Adventure, Family",5.1,"In his homeland of Alagaesia, a farm boy happens upon a dragon's egg -- a discovery that leads him on a predestined journey where he realized he's the one person who can defend his home against an evil king.",Stefen Fangmeier,"Christopher Paolini, Peter Buchman",Released,English,100000000.0,250425512.0
454526,https://www.themoviedb.org/movie/454526,Taraz,82.0,2016-10-13,KZ,"Thriller, Drama",7.0,"Once upon in a time in Taraz, a bunch of friends goes to night club and find themselves in a tricky situation after conflict with son of local mobster.",Nurtas Adambay,,Released,Kazakh,,
212459,https://www.themoviedb.org/movie/212459-chiles-xalapenos,Chiles xalapeños,92.0,2008-02-01,MX,Comedy,3.1,"Stories of all kinds - the absurd, the unreal and quotidian - are part of an interrelated collage about social strata, culture and reencounters depicting the life of the capital city of Veracruz: Xalapa, in Mexico.  -Edgar Cochran-",Fabrizio Prada,"Fabrizio Prada, Renato Prada Oropeza",Released,English,150000.0,
395458,https://www.themoviedb.org/movie/395458-suburbicon,Suburbicon,105.0,2018-07-12,KR,"Thriller, Crime, Drama, Mystery",5.9,"In the quiet family town of Suburbicon during the 1950s, the best and worst of humanity is hilariously reflected through the deeds of seemingly ordinary people. When a home invasion turns deadly, a picture-perfect family turns to blackmail, revenge and murder.",George Clooney,"George Clooney, Joel Coen, Grant Heslov, Ethan Coen",Released,English,25000000.0,12751667.0
1658209,https://www.themoviedb.org/movie/1658209-maid-s-obsession,Maid's Obsession,62.0,2026-07-10,KR,"Drama, Romance",3.7,"Martha, a longtime helper, fears losing her job when a new maid arrives. Rivalry turns to closeness as secrets and desire blur boundaries, forcing both to choose between security and temptation.",Ronald Espinosa Batallones,"Melnar Arquillo, Maya Diaz",Released,Tagalog,,
476299,https://www.themoviedb.org/movie/476299-ghostland,Ghostland,91.0,2019-01-24,KR,Horror,7.4,"A mother of two inherits a home from her aunt. On the first night in the new home she is confronted with murderous intruders and fights for her daughters’ lives. Sixteen years later the daughters reunite at the house, and that is when things get strange...",Pascal Laugier,Pascal Laugier,Released,English,,
286604,https://www.themoviedb.org/movie/286604-a-merkozes,The Match,105.0,1981-08-13,HU,Drama,8.0,"Summer of 1956. In the small town in the Hungarian country-side, during the time the chief of police spends in a course in Budapest, Rigó Dezső is the boss with full powers. He is fighting tooth and nail to help the local football-team stay in the second national selection. During one of the matches, he beats the referee to death.",Ferenc Kósa,Ferenc Kósa,Released,Hungarian,,
1194087,https://www.themoviedb.org/movie/1194087-the-secret,The Secret,43.0,2021-11-21,CA,"Comedy, Mystery",0.0,"Story, Screenplay & Direction: Kajal Arefin Ome",,,Released,English,,
108258,https://www.themoviedb.org/movie/108258-the-great-mom-swap,The Great Mom Swap,120.0,1995-09-23,US,"Comedy, TV Movie",6.8,"When two girls think the other has it better, they swap places to see who's right!",Jonathan Prince,Beth Haynes,Released,English,,
11808,https://www.themoviedb.org/movie/11808-u-s-marshals,U.S. Marshals,131.0,1998-05-01,KR,"Thriller, Crime, Action",6.5,"U.S. Marshal Sam Gerard is accompanying a plane load of convicts from Chicago to New York. The plane crashes spectacularly, and Mark Sheridan escapes. But when Diplomatic Security Agent John Royce is assigned to help Gerard recapture Sheridan, it becomes clear that Sheridan is more than just another murderer.",Stuart Baird,John Pogue,Released,English,60000000.0,102367405.0
6522,https://www.themoviedb.org/movie/6522-life,Life,108.0,2014-09-02,KR,"Comedy, Crime",6.7,Two men in 1930s Mississippi become friends after being sentenced to life in prison together for a crime they did not commit.,Ted Demme,"Robert Ramsey, Matthew Stone",Released,English,80000000.0,73500000.0
37768,https://www.themoviedb.org/movie/37768-borotalco,Talcum Powder,97.0,1982-01-22,IT,Comedy,6.8,"Sergio Benvenuti is a shy seller of contracts for a Roman company of music, but because of his character he cannot find even a customer, so he asks for help from a fellow named Nadia.",Carlo Verdone,"Carlo Verdone, Enrico Oldoini",Released,Italian,,
801,https://www.themoviedb.org/movie/801-good-morning-vietnam,"Good Morning, Vietnam",121.0,1987-12-23,US,"Comedy, Drama, War",7.3,"A disk jockey goes to Vietnam to work for the Armed Forces Radio Service. While he becomes popular among the troops, his superiors disapprove of his humor.",Barry Levinson,Mitch Markowitz,Released,English,13000000.0,123922370.0
11069,https://www.themoviedb.org/movie/11069-tremors-2-aftershocks,Tremors 2: Aftershocks,100.0,1996-04-09,US,"Comedy, Horror, Science Fiction",6.4,"Earl Bassett's celebrity after defeating the Graboid attack against the town of Perfection has proved short-lived, until he's recruited by a Mexican oil company whose workers have found more than they bargained for under the soil.",S.S. Wilson,"S.S. Wilson, Brent Maddock",Released,English,4000000.0,
14624,https://www.themoviedb.org/movie/14624-the-ultimate-gift,The Ultimate Gift,114.0,2007-03-09,US,"Romance, Drama, Family",7.7,"When his wealthy grandfather finally dies, Jason Stevens fully expects to benefit when it comes to the reading of the will. But instead of a sizable inheritance, Jason receives a test, a series of tasks he must complete before he can get any money.",Michael O. Sajbel,"Jim Stovall, Cheryl McKay",Released,English,9000000.0,3438735.0
854663,https://www.themoviedb.org/movie/854663-o,"Blood Type O, Watermelon Chest Housekeeper",70.0,2021-01-08,KR,"Drama, Romance",6.4,"Friends Cheol Min and Jae Hyuk meet and talk to each other after a long time. Jae Hyuk said that the domestic helper who recently came to work at his house is strange. He said he was worried because she couldn't do the housework. When Jae Hyuk said she seemed to be trying to seduce him, Cheol Min tells the innocent Jae Hyuk how to get around her. Can Jae Hyuk succeed in having sex with a beautiful housekeeper?",,,Released,Korean,,
1545708,https://www.themoviedb.org/movie/1545708-settlement,Settlement,6.0,2024-09-24,AU,Comedy,0.0,A family separation settlement hearing turns hairy.,,Kirk Mihelakos,Released,English,,
968814,https://www.themoviedb.org/movie/968814-igaz-e,Love?,13.0,1963-01-01,HU,,8.0,We don't have an overview translated in English. Help us expand our database by adding one.,János Rózsa,,Released,Hungarian,,
820,https://www.themoviedb.org/movie/820-jfk,JFK,189.0,1992-05-02,KR,"Drama, Thriller, History",7.6,Follows the investigation into the assassination of President John F. Kennedy led by New Orleans district attorney Jim Garrison.,Oliver Stone,"Oliver Stone, Zachary Sklar",Released,English,40000000.0,205405498.0
1443803,https://www.themoviedb.org/movie/1443803-locked-in,Locked In,9.0,2023-12-07,US,,0.0,"Disconnected from his family, and struggling with college life, Doug attempts to take a brief break in the restroom. However, this simple break spirals into a symphony of psychological torture, as Doug’s world begins to collapse around him.",George Shikowitz,George Shikowitz,Released,English,,
228205,https://www.themoviedb.org/movie/228205-the-longest-ride,The Longest Ride,128.0,2015-04-10,US,"Drama, Romance",7.6,The lives of a young couple intertwine with a much older man as he reflects back on a lost love while he's trapped in an automobile crash.,George Tillman Jr.,"Nicholas Sparks, Craig Bolotin",Released,English,34000000.0,63013281.0
1123598,https://www.themoviedb.org/movie/1123598,Little Stories About Children Who...,67.0,1961-05-23,SU,"Comedy, Family",8.0,We don't have an overview translated in English. Help us expand our database by adding one.,Ali Khamraev,Yelizaveta Smirnova,Released,Russian,,
567748,https://www.themoviedb.org/movie/567748-the-guilty,The Guilty,89.0,2021-10-01,KR,"Drama, Thriller",6.4,A demoted police officer assigned to a call dispatch desk is conflicted when he receives an emergency phone call from a kidnapped woman.,Antoine Fuqua,Nic Pizzolatto,Released,English,,
2137,https://www.themoviedb.org/movie/2137,The Storm Riders,128.0,1998-12-24,KR,"Fantasy, Action, Adventure, Drama",6.6,"Heeding a prophecy, a warlord trains two orphans after killing their parents. But the skills he teaches could lead to his downfall.",Andrew Lau Wai-Keung,Manfred Wong Man-Chun,Released,Chinese,,
1469164,https://www.themoviedb.org/movie/1469164-casa-grande,Casa Grande,114.0,2026-05-01,US,"Drama, Western",6.9,"A prodigal daughter rejoins her family at their farm during a difficult time, as her ailing father faces both a terminal diagnosis and mounting pressure from competitors. Old wounds resurface as they grapple with what lies ahead.",Juan Pablo Arias Munoz,"Juan Pablo Arias Munoz, Sherell Jackson, Lauren Swickard",Released,English,,
1449188,https://www.themoviedb.org/movie/1449188-nadie-nada,Nadie nada,38.0,2012-01-01,AR,Drama,0.0,"After seven years, Laura returns to her hometown due to the death of her father. As the days pass, his death becomes uncertain. She also discovers betrayals and hidden truths that force her to leave.",Belén Altamirano,Belén Altamirano,Released,Spanish; Castilian,,
652751,https://www.themoviedb.org/movie/652751,Heart of Spring,87.0,1982-01-01,CN,,10.0,A Lijing City elementary school student takes credit for an insect collection that was not his.,"Zhang Ning, Wu Yinxun",,Released,Chinese,,
1252428,https://www.themoviedb.org/movie/1252428,Anaconda,84.0,2024-03-01,CN,"Adventure, Horror",7.1,"A struggling circus crew gets deceived by its former partner, as it embarks on a tour in Thailand. During the journey through a Southeast Asian rainforest, they encounter attacks by a giant python. They meet a mysterious man named Jeff who offers to help, but they soon realize he's a poacher. As they search for Jeff's boat, they face life-and-death struggles with the python and Jeff himself.","Xiang Qiuliang, Xiang Hesheng",FOXFOXBEE,Released,Chinese,30000000.0,
293,https://www.themoviedb.org/movie/293-a-river-runs-through-it,A River Runs Through It,123.0,1993-04-24,KR,Drama,7.0,"The Maclean brothers, Paul and Norman, live a relatively idyllic life in rural Montana, spending much of their time fly fishing. The sons of a minister, the boys eventually part company when Norman moves east to attend college, leaving his rebellious brother to find trouble back home. When Norman finally returns, the siblings resume their fishing outings, and assess where they've been and where they're going.",Robert Redford,Richard Friedenberg,Released,English,12000000.0,43440294.0
13855,https://www.themoviedb.org/movie/13855,The Chaser,125.0,2008-02-14,KR,"Crime, Thriller, Action",7.8,"Joong-ho is a dirty detective turned pimp, who's in financial trouble as several of his girls have recently disappeared without clearing their debts. While trying to track them down, he finds a clue that the vanished girls were all called up by the same client, whom one of his girls is meeting with right now.",Na Hong-jin,Na Hong-jin,Released,Korean,2600000.0,
822237,https://www.themoviedb.org/movie/822237-el-hombre-que-estaba-alli,The Man Who Was There,30.0,2013-05-03,ES,"Documentary, History",6.0,"The Spanish journalist Manuel Chaves Nogales (1897-1944) was always there where the news broke out: in the fratricidal Spain of 1936, in Bolshevik Russia, in Fascist Italy, in Nazi Germany, in occupied Paris or in the bombed London of World War II; because his job was to walk, see and tell stories, and thus fight against tyrants, at a time when it was necessary to take sides in order not to be left alone; but he, a man of integrity to the bitter end, never did so.","Luis Felipe Torrente, Daniel Suberviola","Luis Felipe Torrente, Daniel Suberviola",Released,Spanish; Castilian,,
8292,https://www.themoviedb.org/movie/8292-four-brothers,Four Brothers,109.0,2005-10-14,KR,"Action, Crime",6.8,Four adopted brothers return to their Detroit hometown when their mother is murdered and vow to exact revenge on the killers.,John Singleton,"David Elliot, Paul Lovett",Released,English,45000000.0,92374674.0
984,https://www.themoviedb.org/movie/984-dirty-harry,Dirty Harry,102.0,1972-09-21,KR,"Action, Crime, Thriller",7.5,"When a madman dubbed 'Scorpio' terrorizes San Francisco, hard-nosed cop, Harry Callahan – famous for his take-no-prisoners approach to law enforcement – is tasked with hunting down the psychopath.",Don Siegel,"Rita M. Fink, Harry Julian Fink, Dean Riesner",Released,English,4000000.0,35976000.0
1382513,https://www.themoviedb.org/movie/1382513,Hen,96.0,2026-04-30,KR,"Adventure, Drama",7.5,"Escaping from a chicken farm, a hen finds refuge in the courtyard of a crumbling restaurant. There, she discovers love, confronts the pecking order, and fights to protect her eggs from a greedy owner. Her droll yet touching quest for motherhood mirrors the messy compromises and silent struggles of human lives.",György Pálfi,"György Pálfi, Zsófia Ruttkay",Released,Greek,,
276118,https://www.themoviedb.org/movie/276118-szerelmes-biciklistak,Cyclists in Love,100.0,1965-06-11,HU,"Romance, Adventure, Comedy",7.0,"When András, Albert and Bence are on a cycling tour around Lake Balaton, their dreams come true. Sunshine, beach and pretty girls. András and his younger brother run after the same girl, Eszter. András persuade his brother not to pinch the girl. András pick her up one night and split up with her next day. Eszter follows the boy, but András sends her away...",Péter Bacsó,Péter Bacsó,Released,Hungarian,,
103281,https://www.themoviedb.org/movie/103281-amanha-nunca-mais,Amanhã Nunca Mais,75.0,2011-11-11,BR,Comedy,6.4,"Walter is an absent father and husband who works in a hospital without time for his family. His redemption happens when his wife sends him to the birthday cake for her daughter, but she does not know is that during the return trip home, the impossible will happen so that everything goes wrong.",Tadeu Jungle,"Tadeu Jungle, Maurício Arruda, Marcelo Müller",Released,Portuguese,,
1196656,https://www.themoviedb.org/movie/1196656-sugar-baby,Sugar Baby,114.0,2023-11-24,PH,Romance,5.2,"Two high school friends turned sugar babies, who sacrifice everything for each other. Until love gets in the way",Christian Paolo Lat,,Released,Tagalog,,
826,https://www.themoviedb.org/movie/826-the-bridge-on-the-river-kwai,The Bridge on the River Kwai,162.0,1981-04-10,KR,"Drama, History, War",7.8,"The classic story of English POWs in Burma forced to build a bridge to aid the war effort of their Japanese captors. British and American intelligence officers conspire to blow up the structure, but Col. Nicholson, the commander who supervised the bridge's construction, has acquired a sense of pride in his creation and tries to foil their plans.",David Lean,"Pierre Boulle, Carl Foreman, Michael Wilson",Released,English,2800000.0,44908000.0
903,https://www.themoviedb.org/movie/903-cool-hand-luke,Cool Hand Luke,127.0,1967-11-01,US,"Drama, Crime",7.7,"When petty criminal Luke Jackson is sentenced to two years in a Florida prison farm, he doesn't play by the rules of either the sadistic warden or the yard's resident heavy, Dragline, who ends up admiring the new guy's unbreakable will. Luke's bravado, even in the face of repeated stints in the prison's dreaded solitary confinement cell, ""the box,"" make him a rebel hero to his fellow convicts and a thorn in the side of the prison officers.",Stuart Rosenberg,"Donn Pearce, Frank Pierson, Hal Dresner",Released,English,3200000.0,16217773.0
335047,https://www.themoviedb.org/movie/335047,Border Dog Scarlet,64.0,1979-05-04,SU,"Adventure, Drama",5.3,The story of a military border patrol dog and handler.,Yuliy Fayt,Vladimir Golovanov,Released,Russian,,
637356,https://www.themoviedb.org/movie/637356,In the Field,19.0,2017-11-10,DE,War,0.0,"Ukraine. ATO. This is a story about a father who learns about his son's death in the war. The body of the young soldier remains in the eastern part of Ukraine controlled by separatists. The father, refusing to accept the terrible realities of war, goes to the war zone in search of his dead son.",Oleksandr Shkrabak,Oleksandr Shkrabak,Released,Ukrainian,,
131344,https://www.themoviedb.org/movie/131344-la-tia-tula,Aunt Tula,103.0,1964-09-20,ES,Drama,6.6,A widower finds himself falling for his sister-in-law.,Miguel Picazo,"José Miguel Hernán, Manuel López Yubero, Luis S. Enciso",Released,Spanish; Castilian,,
373682,https://www.themoviedb.org/movie/373682-sera-que-ela-aguenta,Será Que Ela Aguenta?,,1977-12-20,BR,Comedy,4.3,We don't have an overview translated in English. Help us expand our database by adding one.,Roberto Mauro,"Roberto Mauro, Dalton Germanus",Released,Portuguese,,
580334,https://www.themoviedb.org/movie/580334-torn-a-shock-youmentary,Torn: A Shock Youmentary,92.0,2014-01-01,GB,"Horror, Drama, Thriller",6.5,"Accused of a brutal murder by the people in their village, Oliver Isaacs and James Dean-Hughes set out to prove their innocence and catch the ferocious beast that they claim is actually responsible for the death of Oliver's fiancé, Stacey Charles. A small entourage including a documentary crew tag along on their nightly hunting trips but an escalating body count and rising tensions amongst the group look certain to destroy the fellowship even before they can locate the beast referred to by local legend as 'The Devonshire Devil'. ""TORN: a SHOCK YOUmentary"" is the product of the documentary film crew's findings. It is the tragic and terrifying story of how the lives of James and Oliver are torn apart by 'The Devonshire Devil'.",Justin Carter,Justin Carter,Released,English,2000.0,
9350,https://www.themoviedb.org/movie/9350-cliffhanger,Cliffhanger,113.0,1993-06-12,KR,"Action, Adventure, Thriller",6.5,"A year after losing his friend in a tragic 4,000-foot fall, former ranger Gabe Walker and his partner, Hal, are called to return to the same peak to rescue a group of stranded climbers, only to learn the climbers are actually thieving hijackers who are looking for boxes full of money.",Renny Harlin,"Michael France, Sylvester Stallone",Released,English,70000000.0,255000211.0
493954,https://www.themoviedb.org/movie/493954,Hami Teen Bhai,138.0,2004-10-13,NP,"Thriller, Drama, Romance",8.0,A heartwarming family drama about the unbreakable bond between three brothers.,Shiva Regmi,Shiva Regmi,Released,Nepali,,
9631,https://www.themoviedb.org/movie/9631-the-negotiator,The Negotiator,140.0,1998-10-02,KR,"Action, Crime, Drama, Thriller",7.1,"The police try to arrest expert hostage negotiator Danny Roman, who insists he's being framed for his partner's murder in what he believes is an elaborate conspiracy. Thinking there's evidence in the Internal Affairs offices that might clear him, he takes everyone in the office hostage and demands that another well-known negotiator be brought in to handle the situation and secretly investigate the conspiracy.",F. Gary Gray,"James DeMonaco, Kevin Fox",Released,English,50000000.0,44547681.0
13252,https://www.themoviedb.org/movie/13252-cleaner,Cleaner,88.0,2007-09-11,US,"Crime, Thriller, Mystery",6.1,"Single father and former cop Tom Cutler has an unusual occupation: he cleans up death scenes. But when he's called in to sterilize a wealthy suburban residence after a brutal shooting, Cutler is shocked to learn he may have unknowingly erased crucial evidence, entangling himself in a dirty criminal cover-up.",Renny Harlin,Matthew Aldrich,Released,English,25000000.0,5796630.0
185673,https://www.themoviedb.org/movie/185673,Bridal Doll,70.0,1979-10-06,JP,"Drama, Horror",4.7,At a park a listless young man becomes intrigued by a wandering woman in white as she exits an exhibit of torture at a wax museum. He is slowly drawn into her forbidden world of pain and discipline.,Katsuhiko Fujii,Akio Ido,Released,Japanese,,
9386,https://www.themoviedb.org/movie/9386-in-the-line-of-fire,In the Line of Fire,128.0,1993-09-25,KR,"Action, Drama, Thriller, Crime, Mystery",7.0,"Veteran Secret Service agent Frank Horrigan is a man haunted by his failure to save President Kennedy while serving protection detail in Dallas. Thirty years later, a man calling himself ""Booth"" threatens the life of the current President, forcing Horrigan to come back to protection detail to confront the ghosts from his past.",Wolfgang Petersen,Jeff Maguire,Released,English,40000000.0,177000000.0
919207,https://www.themoviedb.org/movie/919207,12.12: The Day,142.0,2023-11-22,KR,"Drama, Thriller, Action, War, History, Crime",7.6,"After the assassination of President Park, martial law has been declared. A coup d'état bursts out by Defense Security Commander Chun Doo-gwang and a private band of officers following him. Capital Defense Commander Lee Tae-shin, an obstinate soldier who believes the military should not take political actions, fights against Chun Doo-gwang to stop him. The conflict between the two grows while military leaders are holding their decision and Defense Minister is gone. In the midst of chaos, the spring of Seoul that everyone longed for heads to unexpected direction.",Kim Sung-soo,"Kim Sung-soo, Hong In-pyo, Lee Young-jong, Hong Won-chan",Released,Korean,,
107748,https://www.themoviedb.org/movie/107748-sin-tetas-no-hay-paraiso,Sin tetas no hay paraíso,108.0,2010-07-23,CO,"Crime, Drama",7.4,"Catalina is a young, beautiful girl living in extreme poverty with her brother Bayron and her mother Hilda. She becomes obsessed with getting breast implants to get social status and money. She leaves her boyfriend Albeira and becomes a prostitute for drug dealers. In this way she will enjoy all the luxuries that she lacks. Meanwhile, her ex-boyfriend Albeira and her mother Hilda begin a relationship behind her back.",Gustavo Bolívar,Gustavo Bolívar,Released,Spanish; Castilian,,
816406,https://www.themoviedb.org/movie/816406-golpe-de-ouro,Golpe de Ouro,80.0,2021-04-08,BR,Documentary,0.0,"After the coup of 1964, the media conglomerate Diários Associados organized a campaign called ""Gold for Brazil,"" exhorting the people to donate wealth to the military government. The symbol of the campaign was the wedding ring, sealing the union between the people and the State. The film picks up the trail of the millions collected, but never channeled back into society.",Chaim Litewski,"Chaim Litewski, Rachmiel Litewski",Released,Portuguese,,
1006846,https://www.themoviedb.org/movie/1006846,谁戴这朵花,,1979-04-20,CN,Drama,0.0,We don't have an overview translated in English. Help us expand our database by adding one.,Ke Hua,Youliang Fang,Released,Chinese,,
211512,https://www.themoviedb.org/movie/211512-o-signo-de-escorpiao,The Sign of Scorpio,93.0,1974-12-02,BR,"Horror, Mystery",6.1,"For the launch of his new giant horoscope computer, famous astrologer Alex invites to his private island friends representing each of the 12 zodiac signs. During the welcome party, one of the guests is mysteriously murdered. Unable to leave the island, the others witness new deaths, always announced in advance by the computer.",Carlos Coimbra,Carlos Coimbra,Released,Portuguese,,
453039,https://www.themoviedb.org/movie/453039-antes-do-fim,Antes do Fim,86.0,2018-02-15,BR,Drama,5.8,"Jean feels trapped in the logic of longevity that the pharmaceutical industry imposes on him and decides to plan a conscious suicide. He invites Helena to commit suicide to two. She, on the other hand, hesitates, knows that she will live well even if she needs to live alone, but she helps him in his intentions. The silence between them does not reveal distance, but intimacy. These are years of shared affection. Together, they will prepare all the details for the funeral. He dances death while she continues rehearsing life. In the process, the two realize that before the end, there is still a lifetime.",Cristiano Burlan,"Cristiano Burlan, Ana Carolina Marinho",Released,Portuguese,,
1469458,https://www.themoviedb.org/movie/1469458,Sambhavam Adhyayam Onnu,127.0,2026-03-06,IN,"Fantasy, Thriller, Drama",6.9,"Three Kerala Police officers venture into a mysterious forest on the Kerala-Tamil Nadu border to find a missing officer. They encounter strange time-related phenomena, uncovering the hidden secrets of Velloorkkatt forest.",Jithu Satheesan Mangalathu,Jithu Satheesan Mangalathu,Released,Malayalam,,
467937,https://www.themoviedb.org/movie/467937,The Romantics,65.0,1941-12-26,SU,Adventure,9.0,"Set in the high North, this tale of a Russian teacher who begins to educate the children of the Chukchi tribe reinforces the director's firm belief in the power of education to overcome distrust and establish a shared civilizational foundation for all human beings.",Mark Donskoy,"Tikhon Syomushkin, Fedor Knorre",Released,Russian,,
442585,https://www.themoviedb.org/movie/442585-eszak-eszak,North by North,70.0,1999-02-19,HU,,9.0,"The story takes place nowadays, somewhere in Northern Hungary. Juli leaves home one day on a bicycle. She starts toward the North. Cycles comfortably on the bending mountain roads. She left the compass home, however, so she gets lost soon. On the road, she meets strange figures.",Csaba Bollók,,Released,Hungarian,,
10065,https://www.themoviedb.org/movie/10065-the-amityville-horror,The Amityville Horror,90.0,2005-07-01,KR,Horror,6.1,"George Lutz, his wife Kathy, and their three children have just moved into a beautiful, and improbably cheap, Dutch colonial mansion nestled in the sleepy coastal town of Amityville, Long Island. However, their dream home is concealing a horrific past and soon each member of the Lutz family is plagued with increasingly strange and violent visions and impulses.",Andrew Douglas,"Jay Anson, Sandor Stern, Scott Kosar",Released,English,19000000.0,107516369.0
111934,https://www.themoviedb.org/movie/111934,Concrete,113.0,2004-02-11,JP,"Horror, Crime",5.0,"On the 25th of November 1988, four youths abducted and held Furuta Junko in the house of one of the captors. Subjected to rape, torture, and humiliation, Junko had no hope of escape as the manhunt was stalled by the captors forcing her to tell her parents that she was ok. For 41 harrowing days, Junko had to endure unimaginable suffering at the hands of these four individuals. Finally, after losing in a game of mahjong solitaire, they beat her with an iron dumbbell and set on fire with lighter fluid. She died later that day from shock. In an attempt to hide their crime they buried her in cement and thus the name 'Concrete Encased High School Murder Case' was born as Japan had to confront the horrors of this crime. The perpetrators disposed the drum in a tract of reclaimed land in Koto, Tokyo.",Hiromu Nakumura,"Jôji Atsumi, Hiroshi Kanno",Released,Japanese,,
337941,https://www.themoviedb.org/movie/337941-und-immer-ruft-das-herz,Moonwolf,74.0,1959-05-05,DE,Science Fiction,5.5,"Dr. Peter Holmes (Carl Moehner), zoologist and veterinarian, relectantly agrees to permit his dog, Wolf, to be used in a launch project commissioned by the International Conference of Science, at Geneva, to study body function and survival in outer space. Holmes had discovered Wolf as a pup in the forest, only to lose him again in a flood, and is fearful of risking the dog's life again.",Georges Friedland,Georges Friedland,Released,German,,
1531192,https://www.themoviedb.org/movie/1531192-reveillon-macabro,Macabre New Year's Eve,6.0,2020-12-31,BR,"Horror, Thriller",0.0,"Two young couples want to celebrate New Year's Eve, but they'll only encounter fear and anguish in the form of a masked man.",Leandro Sherman,Leandro Sherman,Released,Portuguese,,
804429,https://www.themoviedb.org/movie/804429,Welcome Back Gandhi,,2012-01-30,IN,Drama,0.0,"After a 60-year absence, Gandhi returns to India to resume his Satyagraha Movement. While there, he must deal with the various social, economical and political issues that exist within the country.",A.J. Balakrishnan,A.J. Balakrishnan,Released,Tamil,,
263688,https://www.themoviedb.org/movie/263688,Mugaraasi,,1966-08-18,IN,Drama,0.0,We don't have an overview translated in English. Help us expand our database by adding one.,M. A. Thirumugam,,Released,Tamil,,
11846,https://www.themoviedb.org/movie/11846-father-of-the-bride,Father of the Bride,105.0,1992-04-25,KR,"Comedy, Romance",6.5,"George Banks is an ordinary, middle-class man whose 22 year-old daughter Annie has decided to marry a man from an upper-class family, but George can't think of what life would be like without his daughter. His wife tries to make him happy for Annie, but when the wedding takes place at their home and a foreign wedding planner takes over the ceremony, he becomes slightly insane.",Charles Shyer,"Charles Shyer, Edward Streeter, Nancy Meyers",Released,English,20000000.0,89325780.0
854239,https://www.themoviedb.org/movie/854239-till,Till,131.0,2023-03-22,KR,"Drama, History",7.3,"The true story of Mamie Till Mobley's relentless pursuit of justice for her 14-year-old son, Emmett Till, who, in 1955, was lynched while visiting his cousins in Mississippi.",Chinonye Chukwu,"Chinonye Chukwu, Michael Reilly, Keith Beauchamp",Released,English,33000000.0,11498884.0
1305194,https://www.themoviedb.org/movie/1305194-mi-prima-la-sexologa-2-de-la-fantasia-a-la-realidad,Mi prima la sexóloga 2 (de la fantasía a la realidad),106.0,2024-05-15,CO,"Comedy, Drama",7.2,"After six months of dating, Malena and Manuel decide it's time to move to the next level and create a Cousins Club where members will learn about sex.",Miguel Chávez,Miguel Chávez,Released,Spanish; Castilian,,
1006814,https://www.themoviedb.org/movie/1006814,仇侣,,1982-06-01,CN,"Drama, Romance",0.0,We don't have an overview translated in English. Help us expand our database by adding one.,Chang Zhenhua,,Released,Chinese,,
8274,https://www.themoviedb.org/movie/8274-american-pie-presents-band-camp,American Pie Presents: Band Camp,94.0,2005-11-09,KR,Comedy,5.5,"Everyone has 'moved on', except for Sherman and Jim Levenstein's still understanding father. Little Matt Stiffler wants to join his older brother Steve's business and, after everything Matt has heard from Jim's band-geek wife, he plans to go back to band camp and make a video of his own.",Steve Rash,Brad Riddell,Released,English,7000000.0,
9562,https://www.themoviedb.org/movie/9562-timeline,Timeline,115.0,2004-02-20,KR,"Action, Adventure, Science Fiction",5.7,A group of archaeological students become trapped in the past when they go there to retrieve their professor. The group must survive in 14th century France long enough to be rescued.,Richard Donner,"Michael Crichton, Jeff Maguire, George Nolfi",Released,English,80000000.0,43935763.0
700468,https://www.themoviedb.org/movie/700468-aos-pedacos,Aos Pedaços,14.0,2019-08-15,BR,,6.5,"Short film produced by students of the Academia Internacional de Cinema SP, in the first semester of the Filmworks course.",Alicia Abe,Denise Faustino,Released,Portuguese,,
40805,https://www.themoviedb.org/movie/40805-the-green-hornet,The Green Hornet,119.0,2011-01-27,KR,"Action, Crime, Comedy",5.6,"Britt Reid, the heir to the largest newspaper fortune in Los Angeles, is a spoiled playboy who has been, thus far, happy to lead an aimless life. After his father dies, Britt meets Kato, a resourceful company employee. Realizing that they have the talent and resources to make something of their lives, Britt and Kato join forces as costumed crime-fighters to bring down the city's most-powerful criminal, Chudnofsky.",Michel Gondry,"Evan Goldberg, Seth Rogen",Released,English,120000000.0,227817248.0
799876,https://www.themoviedb.org/movie/799876-the-outfit,The Outfit,105.0,2022-10-03,KR,"Crime, Drama, Thriller, Mystery",7.1,"Leonard is an English tailor who used to craft suits on London’s world-famous Savile Row. After a personal tragedy, he’s ended up in Chicago, operating a small tailor shop in a rough part of town where he makes beautiful clothes for the only people around who can afford them: a family of vicious gangsters.",Graham Moore,"Graham Moore, Johnathan McClain",Released,English,5000000.0,4032313.0
375366,https://www.themoviedb.org/movie/375366-the-girl-with-all-the-gifts,The Girl with All the Gifts,111.0,2016-09-23,GB,"Action, Horror, Science Fiction",6.6,"In the future, a strange fungus has changed nearly everyone into thoughtless, flesh-eating monsters. When a scientist and a teacher find a girl who seems to be immune to the fungus, they all begin a journey to save humanity.",Colm McCarthy,Mike Carey,Released,English,5005600.0,
476171,https://www.themoviedb.org/movie/476171-trailer-camp,Trailer Camp,75.0,1995-09-11,CA,Documentary,3.7,"Film archivist and former director of the San Francisco Lesbian and Gay Film Festival Jenni Olson created this fast-paced and often funny, campy 75-minute film comprised entirely of spliced together movie trailers. Some of the segments have themes such as a breezy look back at John Travolta's career that includes trailers from such films as Saturday Night Fever, Staying Alive, Grease, Perfect, and Moment by Moment. Other trailers include Mae West in Sextette, the disco camper Thank God It's Friday, Raquel Welch in Kansas City Bomber, Pier Paolo Pasolini's The Gospel According to St. Matthew and the rarely seen Chastity, the serious acting debut of Cher.",Jenni Olson,,Released,English,,
325373,https://www.themoviedb.org/movie/325373-two-lovers-and-a-bear,Two Lovers and a Bear,96.0,2017-03-30,KR,"Drama, Romance",6.5,"Set in a small town near the North Pole where roads lead to nowhere, the story follows Roman and Lucy, two burning souls who come together to make a leap for life and inner peace.",Kim Nguyen,Kim Nguyen,Released,English,,
335423,https://www.themoviedb.org/movie/335423,Mankurt,85.0,1990-01-01,TM,Drama,7.0,"The film is about a Turkmen who defends his homeland from invasion. He is captured, tortured, and brainwashed into serving his homeland's conquerors. He is so completely turned that he kills his mother when she attempts to rescue him from captivity.",Khodzha Kuli Narliyev,Mariya Urmatova,Released,Turkmen,,
457332,https://www.themoviedb.org/movie/457332-hidden-strike,Hidden Strike,103.0,2023-07-28,KR,"Action, Comedy, Thriller, Adventure",6.9,Two elite soldiers must escort civilians through a gauntlet of gunfire and explosions.,Scott Waugh,Arash Amel,Released,English,80000000.0,
332210,https://www.themoviedb.org/movie/332210-storks,Storks,87.0,2016-12-07,KR,"Adventure, Animation, Comedy, Family",6.7,"Storks deliver babies…or at least they used to. Now they deliver packages for a global internet retail giant. Junior, the company’s top delivery stork, is about to be promoted when he accidentally activates the Baby Making Machine, producing an adorable and wholly unauthorized baby girl...","Nicholas Stoller, Doug Sweetland",Nicholas Stoller,Released,English,70000000.0,182379278.0
12481,https://www.themoviedb.org/movie/12481,The Big Boss,99.0,1973-10-28,KR,Action,7.1,"Cheng is a young Chinese mainlander who moves in with his expatriate cousins to work at an ice factory in Thailand. He does this with a family promise never to get involved in any fights. However, when members of his family begin disappearing after meeting the management of the factory, the resulting mystery and pressures force him to break that vow and take on the villainy of the Big Boss.",Lo Wei,Lo Wei,Released,Chinese,100000.0,
265784,https://www.themoviedb.org/movie/265784-keine-angst-vor-schwiegermuttern,Keine Angst vor Schwiegermüttern,,1954-10-14,DE,,10.0,We don't have an overview translated in English. Help us expand our database by adding one.,Erich Engels,,Released,German,,
571055,https://www.themoviedb.org/movie/571055-down,Down,82.0,2019-02-01,US,"Horror, Thriller, TV Movie",6.8,"A pair of coworkers gets trapped in an elevator over a long weekend, but what at first promises to be a romantic connection turns nefarious as each party begins to reveal who they truly are.",Daniel Stamm,Kent Kubena,Released,English,,
470547,https://www.themoviedb.org/movie/470547-o-homem-de-tras-os-montes,Beyond the Mountains,29.0,2017-02-02,PT,"Drama, Adventure",0.0,"In love with Trás-os-Montes and with his Guide of Portugal as a source of inspiration, Miguel looks for stories for his new documentary. One day, the appearance of a man riding a donkey changes his future.",Miguel Moraes Cabral,Miguel Moraes Cabral,Released,English,,
399035,https://www.themoviedb.org/movie/399035-the-commuter,The Commuter,104.0,2018-01-24,KR,"Action, Thriller, Mystery",6.4,"A businessman, on his daily commute home, gets unwittingly caught up in a criminal conspiracy that threatens not only his life but the lives of those around him.",Jaume Collet-Serra,"Byron Willinger, Philip de Blasi, Ryan Engle",Released,English,30000000.0,119942387.0
454294,https://www.themoviedb.org/movie/454294-the-kid-who-would-be-king,The Kid Who Would Be King,120.0,2019-01-16,KR,"Action, Adventure, Fantasy, Family",6.2,"Old-school magic meets the modern world when young Alex stumbles upon the mythical sword Excalibur. He soon unites his friends and enemies, and they become knights who join forces with the legendary wizard Merlin. Together, they must save mankind from the wicked enchantress Morgana and her army of supernatural warriors.",Joe Cornish,Joe Cornish,Released,English,59000000.0,32140970.0
9437,https://www.themoviedb.org/movie/9437-kiss-the-girls,Kiss the Girls,115.0,1997-11-15,KR,"Thriller, Crime, Mystery, Drama",6.5,"Forensic psychologist and detective Alex Cross travels to North Carolina and teams with escaped kidnap victim Kate McTiernan to hunt down ""Casanova,"" a serial killer who abducts strong-willed women and forces them to submit to his demands. The trail leads to Los Angeles, where the duo discovers that the psychopath may not be working alone.",Gary Fleder,"James Patterson, David Klass",Released,English,27000000.0,60527873.0
379536,https://www.themoviedb.org/movie/379536-ete-85,Été 85,94.0,2014-06-25,FR,"Comedy, Drama",5.1,"After the death of their parents, two sisters find themselves without a roof over their heads. Josiane, alcoholic, recovers her sister Eloise at the psychiatric hospital. To protect her, she hides the situation at first, taking advantage of this summer to go camping wild. They will eventually unite to try to recover the house. Even if Eloise offers ideas without tail or head, Josiane supports it, not to trample the enthusiasm and dreams of his sister. Because of their eccentric behavior, the villagers look at them strangely. Only against all, the two sisters must overcome many obstacles to achieve their goal.",Nicolas Plouhinec,,Released,French,,
1100848,https://www.themoviedb.org/movie/1100848,Zetsu-Rin! Invisible Hentai Man: Second Virgin and Magic Potion,74.0,2016-09-02,JP,,0.0,"The protagonist, who uses the 'Elixir of Iga' for self-interest and spends his days in the sake pond meat forest, makes a mistake in using the medicine and becomes an invisible human. An erotic comedy that is bound to burst into laughter about the true love of a man who has lost everything and finally finds true love with a woman of destiny, full of naughty perspectives.",Wataru Oku,Yuta Takahashi,Released,Japanese,,
8290,https://www.themoviedb.org/movie/8290-la-grande-vadrouille,Don't Look Now... We're Being Shot At!,132.0,1966-12-08,FR,"Comedy, War",7.9,"During World War II, two French civilians and a downed British Bomber Crew set out from Paris to cross the demarcation line between Nazi-occupied Northern France and the South. From there they will be able to escape to England. First, they must avoid German troops – and the consequences of their own blunders.",Gérard Oury,"Gérard Oury, Marcel Jullian, Danièle Thompson, Jean-Charles Tacchella",Released,French,,
16366,https://www.themoviedb.org/movie/16366-joseph-king-of-dreams,Joseph: King of Dreams,74.0,2000-11-07,US,"Family, Animation, Drama",6.9,"In this animated retelling of the story from the Bible's Book of Genesis, Joseph's gift of dream interpretation and his brilliantly colored coat inspires jealousy in his brothers.","Rob LaDuca, Robert C. Ramirez","Joe Stillman, Eugenia Bostwick-Singer, Marshall Goldberg, Raymond Singer",Released,English,,
481840,https://www.themoviedb.org/movie/481840-s,The Sisters S-Scandal,85.0,2017-08-03,KR,"Drama, Romance",5.7,Yoo-jin is rough and manly while Yoo-jeong is feminine and cute.  Yoo-jeong works in an office until she finds out she's getting fired. The chairman uses this against her to provide sexual service and Yoo-jeong has no choice but to spend a night with him.  Yoo-jin finds out about this and makes a plan to make him pay back...,Kim Hyeon-Bin,,Released,Korean,,
330696,https://www.themoviedb.org/movie/330696-fluor-film,Fluor Film,,2012-12-20,HU,Documentary,5.0,We don't have an overview translated in English. Help us expand our database by adding one.,Miki Háromöthét,,Released,Hungarian,,
7450,https://www.themoviedb.org/movie/7450-titan-a-e,Titan A.E.,95.0,2000-06-16,US,"Animation, Science Fiction, Adventure, Family, Action",6.6,"A young man finds out that he holds the key to restoring hope and ensuring survival for the human race, while an alien species called the Drej are bent on mankind's destruction.","Gary Goldman, Don Bluth","John August, Ben Edlund, Joss Whedon",Released,English,75000000.0,36754634.0
11041,https://www.themoviedb.org/movie/11041-the-beverly-hillbillies,The Beverly Hillbillies,93.0,1993-10-15,US,"Comedy, Family",6.3,"Mild-mannered dirt-poor hill-dweller Jed Clampett strikes it rich when oil is discovered on his property. At cousin Pearl's insistence, he moves his family to Beverly Hills to better enjoy his newfound wealth.",Penelope Spheeris,"Mark Rosenthal, Lawrence Konner, Jim Staahl, Jim Fisher",Released,English,25000000.0,57405220.0
9550,https://www.themoviedb.org/movie/9550,House of Flying Daggers,119.0,2004-09-09,KR,"Adventure, Drama, Action",7.3,"In 9th century China, a corrupt government wages war against a rebel army called the Flying Daggers. A romantic warrior breaks a beautiful rebel out of prison to help her rejoin her fellows, but things are not what they seem.",Zhang Yimou,"Zhang Yimou, Wang Bin",Released,Chinese,15000000.0,92863945.0
408239,https://www.themoviedb.org/movie/408239-en-es-a-nagyapam,Me and My Grandpa,110.0,1954-11-18,HU,"Family, Adventure, Comedy",7.7,A few days from a daily life of a regular school in Hungary during fifties.,Viktor Gertler,Boris Palotai,Released,Hungarian,,
535514,https://www.themoviedb.org/movie/535514,Housewarming,67.0,1974-09-23,SU,Drama,5.0,"The story of the life of the Podolsk village and what the inhabitants of the village had to go through during the years of Soviet power. Through the fate of the heroes, the film tells about the events of collectivization in the village, where for centuries, everyone used to work only on his own farm, about the war years, when many quiet people showed miracles of heroism, and universal favorites became nazi puppets.",Vasyl Illiashenko,Viktor Hoviada,Released,Russian,,
454054,https://www.themoviedb.org/movie/454054,Blood,13.0,2016-10-27,UA,"Drama, Comedy",5.0,"Young cello player Nastya is besotted with Yura and wants him to be her ""first"". But this can be too much for some men, so Nastya has to think carefully about her strategy.",Valeriia Sochyvets,Valeriia Sochyvets,Released,Ukrainian,,
193610,https://www.themoviedb.org/movie/193610-the-other-woman,The Other Woman,109.0,2014-11-13,KR,"Comedy, Romance",6.4,"After discovering her boyfriend is married, Carly soon meets the wife he's been cheating on. And when yet another affair is discovered, all three women team up to plot mutual revenge on the three-timing SOB.",Nick Cassavetes,Melissa K. Stack,Released,English,40000000.0,196800000.0
1580,https://www.themoviedb.org/movie/1580-rope,Rope,81.0,1948-09-25,US,"Thriller, Crime, Drama",7.9,Two young men attempt to prove they committed the perfect murder by hosting a dinner party for the family of a classmate they just strangled to death.,Alfred Hitchcock,Arthur Laurents,Released,English,1500000.0,2200000.0
601796,https://www.themoviedb.org/movie/601796-1,Alienoid,142.0,2022-07-20,KR,"Science Fiction, Action, Fantasy, Adventure",6.9,"Gurus in the late Goryeo dynasty try to obtain a fabled, holy sword, and humans in 2022 hunt down an alien prisoner that is locked in a human's body. The two parties cross paths when a time-traveling portal opens up.",Choi Dong-hoon,"Choi Dong-hoon, Lee Ki-cheol",Released,Korean,24500000.0,12109608.0
9767,https://www.themoviedb.org/movie/9767-the-break-up,The Break-Up,106.0,2007-03-22,KR,"Romance, Comedy",5.9,"Pushed to the breaking-up point after their latest 'why can't you do this one little thing for me?' argument, Brooke calls it quits with her boyfriend Gary. What follows is a hilarious series of remedies, war tactics, overtures and undermining tricks – all encouraged by the former couple's friends and confidantes …and the occasional total stranger! When neither ex is willing to move out of their shared apartment, the only solution is to continue living as hostile roommates until one of them reaches breaking point.",Peyton Reed,"Jeremy Garelick, Jay Lavender",Released,English,52000000.0,205700000.0
1255779,https://www.themoviedb.org/movie/1255779-une-fille-en-or,Une fille en or,86.0,2026-04-15,FR,"Comedy, Romance",4.9,"On the day Clémence realizes that no one has ever admired her, her father dies. Lulled by the illusions of the remnants of a complicated childhood, Clémence has no choice but to rebuild her self-esteem, which she never thought could be so low. When fate brings her together with a certain Paul, whom everyone nicknames Paul Pot because of his strong tendency toward tyranny, Clémence asks herself the only question that matters: is this the right person?",Jean-Luc Gaget,"Jean-Luc Gaget, Raphaële Moussafir",Released,French,1200000.0,
563117,https://www.themoviedb.org/movie/563117,Stars,98.0,2018-08-14,RU,"Drama, Comedy",0.0,"Uzbek citizen Yury Derbenev is sent to work in Moscow to raise money for the treatment of a seriously ill daughter. His profession, however, is inappropriate: Yury Alexeevich is a teacher of Russian language and literature. And by nationality he is Russian. After many ordeals and misfortunes into which the capital plunged him, Yury is faced with a choice: to go to kill and save his own daughter or remain an honest person.",Alexandr Novikov-Yanginov,Alexey Zhitkovsky,Released,Russian,,
484437,https://www.themoviedb.org/movie/484437-the-hole-in-the-ground,The Hole in the Ground,90.0,2019-05-30,KR,Horror,5.7,"Trying to escape her broken past, Sarah O’Neill is building a new life on the fringes of a backwood rural town with her young son Chris. A terrifying encounter with a mysterious neighbour shatters her fragile security, throwing Sarah into a spiralling nightmare of paranoia and mistrust, as she tries to uncover if the disturbing changes in her little boy are connected to an ominous sinkhole buried deep in the forest that borders their home.",Lee Cronin,"Lee Cronin, Stephen Shields",Released,English,,3373474.0
245869,https://www.themoviedb.org/movie/245869-selva-tragica,Tragic Jungle,104.0,1963-02-07,BR,"Adventure, Drama",6.8,"In a company trading maté, workers are treated as slaves. Some of them try to escape, but those who are caught suffer severe punishments.",Roberto Farias,"Roberto Farias, Hernâni Donato",Released,Portuguese,,
4551,https://www.themoviedb.org/movie/4551-be-cool,Be Cool,119.0,2005-04-08,KR,"Comedy, Crime",5.5,"Disenchanted with the movie industry, Chili Palmer tries the music industry, meeting and romancing a widow of a music executive along the way.",F. Gary Gray,"Elmore Leonard, Peter Steinfeld",Released,English,53000000.0,95200000.0
1153576,https://www.themoviedb.org/movie/1153576-street-fighter,Street Fighter,,2026-10-16,US,"Action, Comedy, Fantasy",0.0,"In 1993, estranged Street Fighters Ryu and Ken Masters are thrown back into combat when the mysterious Chun-Li recruits them for the next World Warrior Tournament: a brutal clash of fists, fate, and fury. But behind this battle royale lies a deadly conspiracy that forces them to face off against each other and the demons of their past. And if they don't, it's GAME OVER!",Kitao Sakurai,"Kitao Sakurai, T.J. Fixman",Post Production,English,,
1116465,https://www.themoviedb.org/movie/1116465,A Legend,129.0,2024-07-05,CN,"Action, Adventure, Fantasy",6.8,An archeologist noticed that the texture of the relics discovered during the excavation of a glacier closely resembled a jade pendant seen in one of his dreams. He and his team then embark on an expedition into the depths of the glacier.,Stanley Tong Gwai-Lai,Stanley Tong Gwai-Lai,Released,Chinese,,11242056.0
415489,https://www.themoviedb.org/movie/415489-diario-de-bordo-de-uma-viagem-a-infancia-mundo-da-lua-o-documentario,"Diário de Bordo de uma Viagem à Infância: Mundo da Lua, o Documentário",,2014-01-02,BR,Documentary,8.2,"The series “Mundo da Lua”, produced by TV Cultura in the 90s in Brazil, returns in another logbook by Lucas Silva e Silva. The documentary “Diário de Bordo de uma Viagem à Infância” is the meeting of those who were in front of and behind the cameras, telling the backstage of the series, and also the fans who followed on TV.",Vinícius Sobrinho,,Released,Portuguese,,
59053,https://www.themoviedb.org/movie/59053-la-riffa,The Raffle,93.0,1991-11-15,IT,Drama,6.9,"Struggling with a financial crisis, a good-looking widow decides to put herself up for grabs. However, going through with it becomes almost impossible with a new love and the legal system thrown into the mix.",Francesco Laudadio,Francesco Laudadio,Released,Italian,,
1658214,https://www.themoviedb.org/movie/1658214-scorpio-nights-4,Scorpio Nights 4,,2026-06-26,KR,Drama,7.3,"A countryside boy rents a room from a couple and discovers a hole exposing their secrets. His voyeurism leads into tangled affairs with two women, unraveling a twisted game of lust and betrayal.",Bobby Bonifacio,"Bobby Bonifacio, Arvin Belarmino",Released,Tagalog,,
396371,https://www.themoviedb.org/movie/396371-molly-s-game,Molly's Game,141.0,2018-09-06,KR,"Drama, Crime",7.2,"Molly Bloom, a young skier and former Olympic hopeful becomes a successful entrepreneur (and a target of an FBI investigation) when she establishes a high-stakes, international poker game.",Aaron Sorkin,Aaron Sorkin,Released,English,30000000.0,59284015.0
17609,https://www.themoviedb.org/movie/17609-antichrist,Antichrist,104.0,2011-04-14,KR,"Drama, Horror, Thriller",6.6,"A grieving couple retreats to their cabin 'Eden' in the woods, hoping to repair their broken hearts and troubled marriage. But nature takes its course and things go from bad to worse.",Lars von Trier,Lars von Trier,Released,English,11000000.0,7413863.0
1965,https://www.themoviedb.org/movie/1965-a-perfect-murder,A Perfect Murder,107.0,1998-10-17,KR,"Crime, Thriller, Drama",6.6,"Millionaire industrialist Steven Taylor is a man who has everything but what he craves most: the love and fidelity of his wife. A hugely successful player in the New York financial world, he considers her to be his most treasured acquisition. But she needs more than simply the role of dazzling accessory.",Andrew Davis,"Patrick Smith Kelly, Frederick Knott",Released,English,60000000.0,128038368.0
1319522,https://www.themoviedb.org/movie/1319522,Gohan,145.0,2026-07-04,KR,Drama,7.1,"The bonds between humans and animals following a stray dog named Gohan as it moves through life with temporary owners over a decade, through good times and bad times, joy and sorrow, hellos and goodbyes.","Atta Hemwadee, Nattawut Poonpiriya, Chayanop Boonprakob","Atta Hemwadee, Nattawut Poonpiriya, Chayanop Boonprakob, Sopana Chaowwiwatkul, Thodsapon Thiptinnakorn",Released,Thai,,
575808,https://www.themoviedb.org/movie/575808-movsumun-sonu,End of Season,92.0,2019-01-28,NL,"Drama, Comedy",8.0,"A small family in Azerbaijan is on the brink of running its course. Son Machmud feverishly seeks a home of his own; mother Fidan wants her life back after years of service to the family; father Samir just wants to be left alone. Three free spirits orbiting each other, ignoring the annoyances as much as possible. However, a dramatic incident during a trip to the beach painfully highlights the hairline fractures in their existence.",Elmar Imanov,Elmar Imanov,Released,Azerbaijani,,
455236,https://www.themoviedb.org/movie/455236-accident-man,Accident Man,105.0,2018-02-06,US,"Action, Crime, Thriller, Adventure, Comedy",6.3,"Mike Fallon, the Accident Man, is a stone cold killer.  When a loved one is murdered by his own crew, Fallon is forced to avenge the one person who actually meant something to him.",Jesse V. Johnson,"Scott Adkins, Stu Small",Released,English,,43500000.0
2609,https://www.themoviedb.org/movie/2609-planes-trains-and-automobiles,"Planes, Trains and Automobiles",92.0,1987-11-26,US,Comedy,7.3,"An irritable marketing executive, Neal Page, is heading home to Chicago for Thanksgiving when a number of delays force him to travel with a well meaning but overbearing shower curtain ring salesman, Del Griffith.",John Hughes,John Hughes,Released,English,15000000.0,49500000.0
1733255,https://www.themoviedb.org/movie/1733255-ples,Dance,12.0,2026-03-07,RS,Drama,0.0,"After Milica receives the final results of her pregnancy test, she must face her life's mistakes.",Mihajlo Simeunović,,Released,English,150.0,
1657043,https://www.themoviedb.org/movie/1657043,欲火狂情,,1993-01-01,TW,Drama,0.0,We don't have an overview translated in English. Help us expand our database by adding one.,Amen Wu,"世宝, 世宝",Released,Chinese,,
1788,https://www.themoviedb.org/movie/1788-footloose,Footloose,107.0,2017-02-22,KR,"Drama, Romance",6.7,"When teenager Ren and his family move from big-city Chicago to a small town in the West, he's in for a real case of culture shock after discovering he's living in a place where music and dancing are illegal.",Herbert Ross,Dean Pitchford,Released,English,8200000.0,80035402.0
16617,https://www.themoviedb.org/movie/16617-mindhunters,Mindhunters,106.0,2005-08-26,KR,"Mystery, Thriller, Crime",6.5,Trainees in the FBI's psychological profiling program must put their training into practice when they discover a killer in their midst.  Based very loosely on Agatha Christie's And Then There Were None.,Renny Harlin,"Wayne Kramer, Kevin Brodbin",Released,English,27000000.0,21100000.0
453017,https://www.themoviedb.org/movie/453017-presos-del-silencio,Presos del silencio,,2004-10-01,ES,Documentary,7.5,We don't have an overview translated in English. Help us expand our database by adding one.,"Eduardo Montero, Mariano Agudo",Eduardo Montero,Released,Spanish; Castilian,,
425001,https://www.themoviedb.org/movie/425001-the-war-with-grandpa,The War with Grandpa,98.0,2021-02-10,KR,"Comedy, Family",6.4,"Peter is thrilled that his Grandpa is coming to live with his family. That is, until Grandpa moves into Peter's room, forcing him upstairs into the creepy attic. And though he loves his Grandpa, he wants his room back - so he has no choice but to declare war.",Tim Hill,"Robert Kimmel Smith, Matt Ember, Tom J. Astle",Released,English,18000000.0,43387445.0
596258,https://www.themoviedb.org/movie/596258,Anna,15.0,2019-07-05,GB,Drama,6.1,"Living in war-torn Eastern Ukraine Anna is an aging single mother who is desperate for a change. Lured by a radio advertisement, she goes to party with a group of American men who are touring the country, searching for love.",Dekel Berenson,Dekel Berenson,Released,Ukrainian,,
646097,https://www.themoviedb.org/movie/646097-rebel-ridge,Rebel Ridge,131.0,2024-09-06,KR,"Crime, Action, Thriller, Drama",7.0,A former Marine confronts corruption in a small town when local law enforcement unjustly seizes the bag of cash he needs to post his cousin's bail.,Jeremy Saulnier,Jeremy Saulnier,Released,English,,
458117,https://www.themoviedb.org/movie/458117-yo-tenia-un-plazo-fijo,Yo tenía un plazo fijo,,1990-01-01,AR,Comedy,8.3,"Two friends are looking to earn easy money by gathering people to help them deposit a large sum of money in a fixed term of seven days, to live on the interests, which are higher the greater the amount deposited. This has immediate consequences on the lifestyle of the characters, who are increasingly ambitious. Portrait of the Argentine middle class in full hyperinflation, when financial speculation was the order of the day by the man in the street.",Emilio G. Boretta,,Released,Spanish; Castilian,,
331529,https://www.themoviedb.org/movie/331529,Annadammula Savaal,152.0,1978-03-03,IN,Drama,6.5,We don't have an overview translated in English. Help us expand our database by adding one.,K. S. R. Das,M. D. Sundar,Released,Telugu,,
335786,https://www.themoviedb.org/movie/335786-karkli-pelekie-zied,Kārkli pelēkie zied,88.0,1961-04-13,SU,Drama,8.0,A film about the intertwined fates of ordinary students and the artists of a youth theatre.,Gunārs Piesis,Gunārs Priede,Released,Latvian,,
788754,https://www.themoviedb.org/movie/788754-elza-soares-a-mulher-do-fim-do-mundo,Elza Soares: A Mulher do Fim do Mundo,5.0,2017-03-03,BR,Music,0.0,"Music about becoming women in the contemporary world, their emancipation and struggles",Paula Gaitán,,Released,Portuguese,,
58431,https://www.themoviedb.org/movie/58431-pride-and-prejudice-and-zombies,Pride and Prejudice and Zombies,108.0,2016-05-25,KR,"Romance, Horror, Comedy, Thriller",6.2,"A zombie outbreak has fallen upon the land in this reimagining of Jane Austen's classic tale of the tangled relationships between lovers from different social classes in 19th century England. Feisty heroine Elizabeth Bennet is a master of martial arts and weaponry and the handsome Mr. Darcy is a fierce zombie killer, yet the epitome of upper class prejudice. As the zombie outbreak intensifies, they must swallow their pride and join forces on the blood-soaked battlefield in order to conquer the undead once and for all.",Burr Steers,"Burr Steers, Jane Austen, Seth Grahame-Smith",Released,English,28000000.0,16457494.0
16866,https://www.themoviedb.org/movie/16866-planet-51,Planet 51,91.0,2009-11-19,US,"Animation, Family, Comedy, Science Fiction, Adventure",5.9,"When Earth astronaut Capt. Chuck Baker arrives on Planet 51 -- a world reminiscent of American suburbia circa 1950 -- he tries to avoid capture, recover his spaceship and make it home safely, all with the help of an empathetic little green being.",Jorge Blanco,Joe Stillman,Released,English,70000000.0,104945765.0
1486860,https://www.themoviedb.org/movie/1486860-haunted-3d-echoes-of-the-past,Haunted 3D: Echoes of the Past,140.0,2026-06-12,IN,"Horror, Romance, Thriller",10.0,"A man seeks refuge in a remote Indian mountain mansion, fleeing his past. He discovers the house harbors sinister secrets, pain, and terror ready to torment him.",Vikram Bhatt,Vikram Bhatt,Released,Hindi,,
1267637,https://www.themoviedb.org/movie/1267637,Mission is Feasible,83.0,2022-10-27,KZ,Drama,0.0,"While the KNB was deciding who to send as a ""victim"" on a dangerous task, an ordinary office employee, Kairat, who was already going to retire, came into the office.",Olzhas Ibraev,,Released,Kazakh,,
1691,https://www.themoviedb.org/movie/1691-hostel-part-ii,Hostel: Part II,93.0,2008-01-02,KR,Horror,5.9,"Three American college students studying abroad are lured to a Slovakian hostel, and discover the grim reality behind it.",Eli Roth,Eli Roth,Released,English,10200000.0,35728183.0
29187,https://www.themoviedb.org/movie/29187-la-monaca-nel-peccato,Convent of Sinners,88.0,1986-08-09,IT,"Drama, Horror",5.3,"Convent of Sinners is the story of Susanna, a young girl who is raped by her own father and sent to a convent for her sins, where she falls in love with a priest. The other nuns, however, are jealous and angry, they want Susanna for themselves, and accuse her of being possessed by the Devil.",Joe D'Amato,"Daniele Stroppa, Antonio Bonifacio",Released,Italian,,
428045,https://www.themoviedb.org/movie/428045,Iron Mask,121.0,2019-09-19,RU,"Action, Adventure, Family, Fantasy",6.1,"Commissioned to map the Far East territories of the Russian Empire, cartographer Jonathan Green sets off on a long journey of unbelievable adventures—making breath-taking discoveries and meeting mysterious creatures, Chinese princesses, deadly masters of oriental martial arts, and even the King of Dragons.",Oleg Stepchenko,"Oleg Stepchenko, Alexey A. Petrukhin",Released,Russian,49000000.0,8685794.0
703,https://www.themoviedb.org/movie/703-annie-hall,Annie Hall,93.0,1977-04-20,US,"Comedy, Drama, Romance",7.7,New York comedian Alvy Singer falls in love with the ditsy Annie Hall.,Woody Allen,"Woody Allen, Marshall Brickman",Released,English,4000000.0,43989445.0
2362,https://www.themoviedb.org/movie/2362-westworld,Westworld,89.0,1973-08-15,US,"Adventure, Science Fiction, Western",6.8,"Delos is a futuristic amusement park that features themed worlds populated by human-like androids. After two patrons have a run-in with a menacing gunslinger in West World, the androids at Delos all begin to malfunction, causing havoc throughout the park.",Michael Crichton,Michael Crichton,Released,English,1200000.0,10000000.0
638577,https://www.themoviedb.org/movie/638577,The Boys,74.0,1959-06-15,SU,"Adventure, Family",7.0,"Three boys live in the same house and go to the same school in Kiev. After one of the boys gets in trouble, their friendship is put to a serious test for the first time in their lives.",Sulamif Tsybulnik,"Anna Lisyanskaya, Dora Volpert",Released,Russian,,
353616,https://www.themoviedb.org/movie/353616-pitch-perfect-3,Pitch Perfect 3,93.0,2018-03-15,KR,"Music, Comedy",6.5,"After the highs of winning the world championships, the Bellas find themselves split apart and discovering there aren't job prospects for making music with your mouth. But when they get the chance to reunite for an overseas USO tour, this group of awesome nerds will come together to make some music, and some questionable decisions, one last time.",Trish Sie,"Kay Cannon, Mike White",Released,English,45000000.0,185400345.0
227719,https://www.themoviedb.org/movie/227719-project-almanac,Project Almanac,106.0,2015-02-25,KR,"Science Fiction, Thriller",6.8,"A group of teens discover secret plans of a time machine, and construct one. However, things start to get out of control.",Dean Israelite,"Jason Pagan, Andrew Deutschman",Released,English,12000000.0,33200000.0
1486158,https://www.themoviedb.org/movie/1486158-hora-cero,Hora cero,57.0,2004-05-06,AR,Documentary,10.0,"Documentary about Héctor Germán Oesterheld, his experience as a comic book writer, and his political activism. Colleagues and comic book experts analyze his narrative style and the impact his joining the Montoneros had on his writing. Elsa Oesterheld, his wife, recounts the final years of his life, when he and his four daughters were victims of state terrorism.",José Luis Cancio,José Luis Cancio,Released,Spanish; Castilian,,
35056,https://www.themoviedb.org/movie/35056-date-night,Date Night,88.0,2010-04-08,US,"Comedy, Action, Adventure",6.1,"Phil and Claire Foster fear that their mild-mannered relationship may be falling into a stale rut. During their weekly date night, their dinner reservation leads to their being mistaken for a couple of thieves—and now a number of unsavoury characters want Phil and Claire killed.",Shawn Levy,Josh Klausner,Released,English,55000000.0,152300000.0
11507,https://www.themoviedb.org/movie/11507-body-double,Body Double,114.0,1989-08-26,KR,"Crime, Mystery, Thriller",6.8,"After losing an acting role and his girlfriend, Jake Scully finally catches a break: he gets offered a gig house-sitting in the Hollywood Hills. While peering through the beautiful home's telescope one night, he spies a gorgeous woman dancing in her window. But when he witnesses the girl's murder, it leads Scully through the netherworld of the adult entertainment industry on a search for answers—with porn actress Holly Body as his guide.",Brian De Palma,"Brian De Palma, Robert J. Avrech",Released,English,10000000.0,8801940.0
306637,https://www.themoviedb.org/movie/306637-darah-muda,Darah Muda,88.0,1963-01-01,MY,Drama,7.0,"Fauziah is the daughter of a poor itinerant food vendor whose brother has forsaken them for a life of luxury. On a particularly stormy night, Fauziah’s already frail father is hit by a car during his return home. The driver Yazid is a young kind man who takes to caring after Fauziah and eventually marries her.  In Darah Muda, Fauziah is the epitome of a virtuous woman during its time – extremely reserved, pious, a faithful wife and a nurturing mother",Dato' Haji Jamil Sulong,,Released,English,,
431071,https://www.themoviedb.org/movie/431071-mad-families,Mad Families,90.0,2017-01-12,US,Comedy,4.7,Three families compete for a camping spot during a busy Fourth of July holiday weekend.,Fred Wolf,"Fred Wolf, David Spade",Released,English,,
13417,https://www.themoviedb.org/movie/13417-kronk-s-new-groove,Kronk's New Groove,75.0,2005-12-13,KR,"Animation, Comedy, Family",6.4,"After his adventures with Kuzco, Kronk opens his own diner, but struggling business and the impending visit from his father push him to hatch a risky plan for success. When the scheme explodes—literally—Kronk must rely on his many personalities to rediscover that true happiness comes from staying true to himself.","Saul Blinkoff, Elliot M. Bour",Tom Rogers,Released,English,,
439549,https://www.themoviedb.org/movie/439549,Ivasyk-Telesyk,10.0,1989-01-01,SU,"Family, Animation",4.5,"The animation is based on a Ukrainian fairy tale about an old married couple, who had no children. One day the woman asked her husband to cut down a log and put it in a cradle for a night. The old man did what she had asked him to do. Next morning, a surprise was waiting for them.",Alla Hrachova,Alla Hrachova,Released,Ukrainian,,
13460,https://www.themoviedb.org/movie/13460-doomsday,Doomsday,108.0,2008-05-09,GB,"Action, Thriller, Science Fiction",5.9,"The lethal Reaper virus spreads throughout Britain—infecting millions and killing hundreds of thousands. Authorities brutally and successfully quarantine the country but, three decades later, the virus resurfaces in a major city. An elite group of specialists is urgently dispatched into the still-quarantined country to retrieve a cure by any means necessary. Shut off from the rest of the world, the unit must battle through a landscape that has become a waking nightmare.",Neil Marshall,Neil Marshall,Released,English,30000000.0,22472631.0
582834,https://www.themoviedb.org/movie/582834,The Key,98.0,1983-12-24,JP,Drama,10.0,We don't have an overview translated in English. Help us expand our database by adding one.,Akitaka Kimata,"Akitaka Kimata, Junichirō Tanizaki",Released,Japanese,,
1436763,https://www.themoviedb.org/movie/1436763-sacra-lunaria,Sacra Lunaria,,2025-03-08,ES,"Drama, Fantasy",5.0,We don't have an overview translated in English. Help us expand our database by adding one.,Mey Montero,"Mey Montero, Almudena García",Released,Spanish; Castilian,,
1576203,https://www.themoviedb.org/movie/1576203-ahlan-singapore,Ahlan Singapore,96.0,2026-02-05,ID,"Drama, Romance",6.5,"Aisyah, an Indonesian student in Singapore brimming with dreams yet guarding her heart behind the wounds of her childhood, is unexpectedly drawn by fate to Liam, an older student whose warmth is wrapped in mystery and shadowed by unspoken sorrow. Their encounter in the Lion City slowly awakens a fragile hope, as if two souls that once recognized each other in silence have finally found their path. But just as love begins to weave its possibilities, Aisyah’s childhood friend—a young man who has long loved her in quiet devotion—arrives in Singapore, unsettling the delicate balance between them. The three are soon caught in an unusual love triangle, a swirling tempest of emotion that demands courage to choose and promises heartbreak for the heart left unanswered.",Indra Gunawan,M. Ali Ghifari,Released,Indonesian,,
1121338,https://www.themoviedb.org/movie/1121338,The Mexican Hoax,100.0,1972-01-01,SY,"Drama, Family",10.0,"Tayseer, a conservative man, has grown with a particular hang-up caused by his sister's marriage without his consent. When a man proposes to his daughter Kawthar, Tayseer vehemently opposes their relationship, even if the two are deeply in love. Is it too late to rid him of his hang-up?",Seif El Din Shawkat,Faisal Al-Yasiri,Released,Arabic,,
1731674,https://www.themoviedb.org/movie/1731674,Nyayam,138.0,1984-04-14,IN,Drama,0.0,We don't have an overview translated in English. Help us expand our database by adding one.,R Krishnamurthy,,Released,Tamil,,
1654429,https://www.themoviedb.org/movie/1654429,Crush The Wicked,,2026-03-20,CN,"Action, Crime",0.0,A detective and a vengeful survivor hunt a fugitive serial killer who resurfaces to commit one last desperate crime.,Cheng Siyi,Yifan Shi,Released,Chinese,,
1267905,https://www.themoviedb.org/movie/1267905-the-roses,The Roses,105.0,2025-09-17,KR,"Comedy, Drama, Romance",6.7,"Life seems easy for picture-perfect couple Ivy and Theo: successful careers, a loving marriage, great kids. But beneath the façade of their supposed ideal life, a storm is brewing – as Theo's career nosedives while Ivy's own ambitions take off, a tinderbox of fierce competition and hidden resentment ignites.",Jay Roach,"Warren Adler, Tony McNamara",Released,English,30000000.0,51989385.0
585216,https://www.themoviedb.org/movie/585216-escape-room-tournament-of-champions,Escape Room: Tournament of Champions,88.0,2021-07-14,KR,"Horror, Thriller, Mystery",6.5,"Six people unwittingly find themselves locked in another series of escape rooms, slowly uncovering what they have in common to survive... and discovering they've all played the games before.",Adam Robitel,"Will Honley, Maria Melnik, Daniel Tuch, Oren Uziel",Released,English,15000000.0,65774490.0
9353,https://www.themoviedb.org/movie/9353-nacho-libre,Nacho Libre,92.0,2006-08-25,KR,"Action, Comedy, Family",6.5,"Ignacio, a disrespected cook at a Mexican monastery, can barely afford to feed the orphans who live there. Inspired by a local wrestling hero, he decides to moonlight as the not-so-famous Luchador ""Nacho Libre"" to earn money for the monastery -- not to mention the admiration of beautiful nun Sister Encarnación.",Jared Hess,"Jared Hess, Jerusha Hess, Mike White",Released,English,35000000.0,99255460.0
138402,https://www.themoviedb.org/movie/138402-blabarskriget,The Blueberry War,101.0,2007-10-26,SE,Comedy,4.5,"The Blueberry War is an underdog story about some underprivileged berry pickers getting cheated off their money, taking justice into their own hands. Two young Polish guys take the initiative to take the berries back and under their run away trough the rural Sweden they meet a country that is much different from the official picture. This is a story on two levels. On the upper level there is illegal hunting, intrigues and political dribbling with stocks, fake deal and plans how to get the fingers on a 5 million Euro subsidy. On the lower level in the story, we have the berry pickers who, allied with some of the locals, start the quest of finding both the treasure, the kingdom and getting a delightful revenge. And all that's available is a ton of rotten blueberries.",Lars-Göran Pettersson,Lars-Göran Pettersson,Released,Swedish,,
254881,https://www.themoviedb.org/movie/254881-kosovar-diary,Kosovar Diary,99.0,2009-05-10,RS,Documentary,0.0,"Three ordinary people from Serbia go on a journey to Kosovo. A student, an actor and a journalist decide to explore this troubled place for themselves. The camera follows them during their journey and discovers the reality of Kosovo through their eyes. Each of them has different motivations: the journalist writes an article, the photographer takes pictures for an exhibition and the actor records his video diary.",Željko Mirković,"Željko Mirković, Dušan Gajić",Released,English,,
17111,https://www.themoviedb.org/movie/17111,Shutter,96.0,2005-06-30,KR,"Horror, Mystery, Thriller",7.3,"When Jane and Tun run over a girl in a car accident, they speed away immediately from the crime scene. However, Tun, a photographer, soon discovers strange shadows in his photos, which unsettles them.","Banjong Pisanthanakun, Parkpoom Wongpoom","Banjong Pisanthanakun, Parkpoom Wongpoom, Sophon Sakdaphisit",Released,Thai,125000.0,
383487,https://www.themoviedb.org/movie/383487-moliere-a-nok-iskolaja,Moliére - A nők iskolája,,1982-01-01,HU,,0.0,We don't have an overview translated in English. Help us expand our database by adding one.,György Fehér,György Fehér,Released,Hungarian,,
27215,https://www.themoviedb.org/movie/27215-rock-haven,Rock Haven,78.0,2007-06-21,US,"Drama, Romance",4.9,"The coastal California community of Rock Haven is the perfect place for cute eighteen-year-old Brady and his loving mother to begin a fresh start. Their mission: to spread the word of the Lord. But while roaming the beach one day, Brady meets Clifford, a young man who is the complete opposite of him: outgoing and athletic as well as incredibly handsome. Their initial encounter stirs up feelings of homo desire that Brady has been suppressing. Once Clifford makes it clear that their attraction is mutual, Brady's conflicting feelings of religious obligation and natural impulse go into overdrive, and the two young men must navigate their confusion, lust and beliefs in order to come to a mutual understanding.",David Lewis,David Lewis,Released,English,,
340933,https://www.themoviedb.org/movie/340933-agontime,Agontimé,,2019-01-01,BR,History,0.0,"Priestess, slave, queen. After two centuries trapped in Sao Luis, Brazil, Agontimé breaks free and embarks back to her homeland, the Kingdom of Dahomey – current Benin –, hoping to retake the sacred place that is her by right.",Larissa Figueiredo,,Released,Portuguese,,
548766,https://www.themoviedb.org/movie/548766,Such Beautiful People,94.0,2014-09-24,UA,"Drama, Romance",6.8,"This gorgeous movie—artfully composed in a muted sandy palette with exquisite attention to visual detail—takes place on the shores of the Black Sea in Crimea, where a group of neighbors seek tranquility and fulfillment fishing and striving to live lives of meaning, outside the bustle and cynicism of city life. This is a film about universal themes of human interaction and love and explores the full range of human desires and relationships. Such Beautiful People is a gentle story of gentle people striving to make their lives better, to find true happiness, and to better understand one another. (via cinema.indiana.edu)",Dmytro Moiseiev,Dmytro Moiseiev,Released,Ukrainian,,
454992,https://www.themoviedb.org/movie/454992-the-spy-who-dumped-me,The Spy Who Dumped Me,117.0,2018-08-22,KR,"Comedy, Action, Adventure",6.4,A couple of thirtysomething best friends unwittingly become entangled in an international conspiracy when one’s ex-boyfriend shows up at their apartment with a team of deadly assassins on his trail.,Susanna Fogel,"Susanna Fogel, David Iserson",Released,English,40000000.0,33562069.0
1437698,https://www.themoviedb.org/movie/1437698-horst-schlaemmer-sucht-das-glueck,Horst Schlämmer sucht das Glück,93.0,2026-03-26,DE,Comedy,5.7,Horst Schlämmer is back—and he's fed up. People all over Germany are in a bad mood. So he leaves Grevenbroich and sets off in search of happiness. It must be somewhere!,Sven Unterwaldt,Claudius Pläging,Released,German,,7376329.0
15196,https://www.themoviedb.org/movie/15196-clue,Clue,94.0,1985-12-13,US,"Comedy, Thriller, Crime, Mystery",7.2,"Clue finds six colorful dinner guests gathered at the mansion of their host, Mr. Boddy -- who turns up dead after his secret is exposed: He was blackmailing all of them. With the killer among them, the guests and Boddy's chatty butler must suss out the culprit before the body count rises.",Jonathan Lynn,Jonathan Lynn,Released,English,15000000.0,14647963.0
1022453,https://www.themoviedb.org/movie/1022453,The Rajasaab,186.0,2026-01-08,IN,"Comedy, Horror, Fantasy, Action",5.1,"Seeking his lost grandfather, a young man enters a haunted mansion and awakens a family curse powerful enough to upend both his life and reality.",Maruthi Dasari,Maruthi Dasari,Released,Telugu,50000000.0,21000000.0
961484,https://www.themoviedb.org/movie/961484-last-seen-alive,Last Seen Alive,95.0,2022-06-03,US,"Action, Thriller",6.4,"After Will Spann's wife suddenly vanishes at a gas station, his desperate search to find her leads him down a dark path that forces him to run from authorities and take the law into his own hands.",Brian Goodman,Marc Frydman,Released,English,,5950199.0
1239203,https://www.themoviedb.org/movie/1239203-delfina,Delfina,2.0,2022-01-01,AR,Drama,0.0,We don't have an overview translated in English. Help us expand our database by adding one.,Leandro Olivo,Romina Russo,Released,Spanish; Castilian,,
9398,https://www.themoviedb.org/movie/9398-zoolander,Zoolander,89.0,2002-04-12,KR,Comedy,6.2,"Clear the runway for Derek Zoolander, VH1's three-time male model of the year. His face falls when hippie-chic Hansel scooters in to steal this year's award. The evil fashion guru Mugatu seizes the opportunity to turn Derek into a killing machine. It's a well-designed conspiracy and only with the help of Hansel and a few well-chosen accessories like Matilda can Derek make the world safe for male models everywhere.",Ben Stiller,"Ben Stiller, Drake Sather, John Hamburg",Released,English,28000000.0,60780981.0
1474359,https://www.themoviedb.org/movie/1474359-ag-qan,White Blood,13.0,2012-09-08,AZ,Drama,0.0,White Blood centers on a nomadic family whose way of life has been destroyed and a wife's resourcefulness in seeking to realize her husbands dying wish. The message is that there is always hope.,"Khayyam Abdullazadeh, Elmaddin Aliyev","Khayyam Abdullazadeh, Elmaddin Aliyev",Released,Azerbaijani,,
16411,https://www.themoviedb.org/movie/16411-d,Initial D,109.0,2005-06-23,HK,"Action, Crime, Drama",6.7,"After winning his first competition, Takumi focuses his attention on drift racing, a sport he has unknowingly perfected while delivering tofu in his father's Toyota AE86.","Andrew Lau Wai-Keung, Alan Mak Siu-Fai",Felix Chong Man-Keung,Released,Cantonese,1549000.0,7096000.0
394291,https://www.themoviedb.org/movie/394291-capitulo-66,Chapter 66,26.0,1994-03-01,CO,,6.0,A wild short made as part of a filmmaking workshop that Raúl Ruiz ran in Bogotá in October 1993.,"Raúl Ruiz, Luis Ospina","Raúl Ruiz, Walter Rojas",Released,Spanish; Castilian,,
8967,https://www.themoviedb.org/movie/8967-the-tree-of-life,The Tree of Life,139.0,2011-10-27,KR,"Drama, Fantasy",6.7,"The impressionistic story of a Texas family in the 1950s. The film follows the life journey of the eldest son, Jack, through the innocence of childhood to his disillusioned adult years as he tries to reconcile a complicated relationship with his father. Jack finds himself a lost soul in the modern world, seeking answers to the origins and meaning of life while questioning the existence of faith.",Terrence Malick,Terrence Malick,Released,English,32000000.0,54700000.0
1266,https://www.themoviedb.org/movie/1266-street-kings,Street Kings,109.0,2008-04-17,KR,"Action, Crime, Drama, Thriller",6.7,"Tom Ludlow is a disillusioned L.A. Police Officer, rarely playing by the rules and haunted by the death of his wife. When evidence implicates him in the execution of a fellow officer, he is forced to go up against the cop culture he's been a part of his entire career, ultimately leading him to question the loyalties of everyone around him.",David Ayer,"James Ellroy, Kurt Wimmer, Jamie Moss",Released,English,20000000.0,66476363.0
451228,https://www.themoviedb.org/movie/451228-com-o-terceiro-olho-na-terra-da-profanacao,Com o Terceiro Olho na Terra da Profanação,66.0,2017-03-29,BR,,0.0,Three girls. Friday 13th. The most watched city in Brazil,Catu Rizo,,Released,Portuguese,,
1684623,https://www.themoviedb.org/movie/1684623-wafa,Wafa,,1981-11-13,PK,Drama,0.0,"A Pakistani Urdu-language film directed by Luqman, starring Babra Sharif, Asif Raza Mir, Aslam Parvez and Talish.",Luqman,"Naseer Anwar, Dilip Kumar",Released,Urdu,,
845222,https://www.themoviedb.org/movie/845222,Kingdom: Ashin of the North,92.0,2021-07-23,KR,"Drama, Fantasy, Thriller",7.1,"Tragedy, betrayal and a mysterious discovery fuel a woman's vengeance for the loss of her tribe and family.",Kim Seong-hun,Kim Eun-hee,Released,Korean,,
782206,https://www.themoviedb.org/movie/782206,Zangezur,89.0,1938-05-23,SU,"War, Drama",7.0,The film is about the civil war in the Zangezur (Syunik) province of Armenia in the early 1920s. The last Dashnak battalions headed by Sparapet Nzhdeh still opposed both the incursion of Red Army and the local Bolshevik partisans.,Hamo Bek-Nazaryan,"Hamo Bek-Nazaryan, Yakov Dukor, Vladimir Solovyov, Aksel Bakunts",Released,Armenian,,
535951,https://www.themoviedb.org/movie/535951-canavar-balas,The Wolf Cub,100.0,1997-01-01,AZ,"Drama, War, Thriller",0.0,Azerbaijanian family has found Armenian boy in the forest and raised him. But years after he betrays his country during the war.,Marahim Farzalibeyov,Agharahim Rahimov,Released,Azerbaijani,,
14175,https://www.themoviedb.org/movie/14175-valiant,Valiant,76.0,2005-08-05,KR,"Family, Animation, Adventure, Comedy, War",5.7,"Set in 1944, Valiant is a woodland pigeon who wants to become a great hero someday. When he hears they are hiring recruits for the Royal Homing Pigeon Service, he immediately sets out for London. On the way, he meets a smelly but friendly pigeon named Bugsy, who joins him, mainly to get away from clients he cheated in a game of find-the pebble, and helps him sign up for the war.",Gary Chapman,"George Melrod, Jordan Katz, George Webster, Kevin Bernhardt",Released,English,35000000.0,61746888.0
824977,https://www.themoviedb.org/movie/824977-v-live-the-hatters,"The Hatters Jubilee Concert: Live at the Litsedei Theater, St. Petersburg",57.0,2021-04-19,RU,Music,6.2,"A big concert dedicated to the 5th anniversary of The Hatters at the Litsedei theater on February 10th, 2021.",,,Released,Russian,,
12536,https://www.themoviedb.org/movie/12536-home-alone-4,Home Alone 4,84.0,2023-01-01,KR,"Comedy, Family, TV Movie",4.5,"Kevin McCallister's parents have split up. Now living with his mom, he decides to spend Christmas with his dad at the mansion of his father's rich girlfriend, Natalie. Meanwhile robber Marv Merchants, one of the villains from the first two movies, partners up with a new criminal named Vera to hit Natalie's mansion.",Rod Daniel,"Steve L. Hayes, Debra Frank",Released,English,,
463653,https://www.themoviedb.org/movie/463653-livsalas-zeni,Boys from Liv Island,70.0,1969-06-27,LV,"Adventure, Family, Drama",0.0,A group of young Latvian boys enroll to a pioneers movement during the first years after WWII.,"Ēriks Lācis, Janis Streics","Ēriks Lācis, Janis Streics, Laimonis Vāczemnieks",Released,Latvian,,
9036,https://www.themoviedb.org/movie/9036-eight-below,Eight Below,120.0,2006-04-06,KR,"Adventure, Drama, Family",7.0,"In the Antarctic, after an expedition with Dr. Davis McClaren, the sled dog trainer Jerry Shepherd has to leave the polar base with his colleagues due to the proximity of a heavy snow storm. He ties his dogs to be rescued after, but the mission is called-off and the dogs are left alone at their own fortune. For six months, Jerry tries to find a sponsor for a rescue mission.",Frank Marshall,David DiGilio,Released,English,40000000.0,120453565.0
59,https://www.themoviedb.org/movie/59-a-history-of-violence,A History of Violence,96.0,2007-07-26,KR,"Drama, Thriller, Crime",7.2,An average family is thrust into the spotlight after the father commits a seemingly self-defense murder at his diner.,David Cronenberg,Josh Olson,Released,English,32000000.0,61477797.0
647496,https://www.themoviedb.org/movie/647496,In Paradox,95.0,2019-11-07,KW,"Mystery, Thriller",4.3,"While being relentlessly attacked, a Man seeks to uncover a mystery and stop the unknown memories that are controlling him, only to learn the difference between reality and illusions.",Hamad AlSarraf,,Released,Arabic,,
923,https://www.themoviedb.org/movie/923-dawn-of-the-dead,Dawn of the Dead,127.0,2020-04-15,KR,"Horror, Science Fiction",7.5,"During an ever-growing epidemic of zombies that have risen from the dead, two Philadelphia SWAT team members, a traffic reporter, and his television-executive girlfriend seek refuge in a secluded shopping mall.",George A. Romero,George A. Romero,Released,English,640000.0,55000000.0
1549839,https://www.themoviedb.org/movie/1549839-sevgi-sharbati,Love Potion,,2025-10-02,UZ,Comedy,0.0,"A young chemistry student dreams of creating a “Love Potion” that would capture the hearts of girls all over the world. But after an unsuccessful experiment, an unexpected event occurs, turning his fate in a direction he never could have imagined.",Sarvar Karimov,Sarvar Karimov,Released,Uzbek,,
945043,https://www.themoviedb.org/movie/945043-kinbaku,Kinbaku: Moon,69.0,2017-01-06,JP,"Horror, Drama",4.0,A woman hires a specialist to use rope torture on a woman she blames for her husbands death.,Naoyuki Tomomatsu,Naoyuki Tomomatsu,Released,Japanese,,
64530,https://www.themoviedb.org/movie/64530,Chinese Erotic Ghost Story,84.0,1998-06-12,HK,Fantasy,5.9,Chu is a lowly debt collector for the local strongman Wang. Problem is that Chu is too nice/honest/dopey to be very good at the grubby collections job. Chu is treated badly by his boss Wang. Eventually Wang catches one of his twin daughters in the act of seducing the hapless bumpkin Chu. Wang naturally blames Chu rather than the daughter. For punishment Wang sends Chu on an impossible quest to Satan's Temple to steal a statue of Judge Lu.,Dick Cho,"Lee Siu-Kay, King Pou",Released,Cantonese,,
51482,https://www.themoviedb.org/movie/51482-death-note,Death Note Relight 1: Visions of a God,131.0,2007-08-31,JP,"TV Movie, Crime, Drama, Fantasy, Thriller, Animation",7.9,"When rogue shinigami Ryuk leaves his Death Note in the human world, he has no idea how far the one who finds it will take his new-found power. With the Death Note in hand, brilliant high school student Light Yagami vows to rid the world of evil. A recap of Death Note episodes 1–26, with alternate footage.",Tetsuro Araki,,Released,Japanese,,
262951,https://www.themoviedb.org/movie/262951-mulheres-a-vista,Mulheres à Vista,100.0,1959-01-01,BR,"Music, Comedy",5.7,We don't have an overview translated in English. Help us expand our database by adding one.,J.B. Tanko,"J.B. Tanko, Victor Lima",Released,Portuguese,,
945077,https://www.themoviedb.org/movie/945077-elparvar,Born Out of The Ashes,104.0,2019-01-01,UZ,"Drama, History, Action, Adventure",0.0,Uzbek historical epic about Mongol tyranny in Uzbekistan.,Abduvahid Ganiev,"Yalkin Tuychiev, Abdulla Azamov",Released,Uzbek,,
5236,https://www.themoviedb.org/movie/5236-kiss-kiss-bang-bang,Kiss Kiss Bang Bang,103.0,2005-10-21,US,"Comedy, Crime, Mystery",7.2,A petty thief posing as an actor is brought to Los Angeles for an unlikely audition and finds himself in the middle of a murder investigation along with his high school dream girl and a detective who's been training him for his upcoming role...,Shane Black,"Shane Black, Brett Halliday",Released,English,15000000.0,15785148.0
77016,https://www.themoviedb.org/movie/77016-end-of-watch,End of Watch,109.0,2012-12-06,KR,"Crime, Drama, Thriller",7.4,Two young officers are marked for death after confiscating a small cache of money and firearms from the members of a notorious cartel during a routine traffic stop.,David Ayer,David Ayer,Released,English,7000000.0,55078146.0
535,https://www.themoviedb.org/movie/535-flashdance,Flashdance,95.0,1983-09-21,KR,"Drama, Romance",6.5,"Alex Owens, a young woman juggling between two odd jobs, aspires to become a successful ballet dancer. Nick, who is her boss and lover, supports and encourages her to fulfil her dream.",Adrian Lyne,"Thomas Hedley Jr., Joe Eszterhas",Released,English,7000000.0,201521203.0
1414484,https://www.themoviedb.org/movie/1414484-pervye-passazhiry,First Passengers,128.0,1975-06-24,SU,"Drama, TV Movie",0.0,"The hero of the film is one of the leaders of the construction of the first Tashkent metro in Central Asia, who proved himself not only a good specialist, but also a skilled organizer...",Edward Khachaturoff,Ivan Mendzheritskiy,Released,Russian,,
41233,https://www.themoviedb.org/movie/41233-step-up-3d,Step Up 3D,107.0,2010-08-06,US,"Drama, Romance",6.8,"A tight-knit group of New York City street dancers, including Luke and Natalie, team up with NYU freshman Moose, and find themselves pitted against the world's best hip-hop dancers in a high-stakes showdown that will change their lives forever.",Jon M. Chu,"Amy Andelson, Emily Meyer",Released,English,30000000.0,159291809.0
990412,https://www.themoviedb.org/movie/990412-sob-influencia,Under the Influence,20.0,2022-09-17,PT,,0.0,"Laura is on a vacation with her friends for the weekend in a luxurious and isolated house. The group decide to do a hallucinogenic drug and seem to become absorbed by their nature surroundings. However, after a strange encounter at night, Laura is having trouble facing reality.",Ricardo Branco,Ricardo Branco,Released,Portuguese,,
356609,https://www.themoviedb.org/movie/356609,COLD MOON,70.0,2008-10-07,JP,"Crime, Thriller",0.0,"Yoko is an undercover agent who's mission is to infiltrate the underground crime world led by Misaki. In her lonely mission, Yoko eventually comes face to face with the feared criminal monster Shinjo.",Tomonori Fujimoto,Tomonori Fujimoto,Released,Japanese,,
106162,https://www.themoviedb.org/movie/106162-su-alteza-la-nina,Su alteza la niña,,1962-01-01,ES,,8.0,We don't have an overview translated in English. Help us expand our database by adding one.,Mariano Ozores Puchol,,Released,Spanish; Castilian,,
462252,https://www.themoviedb.org/movie/462252-lo-to,Lô Tô,90.0,2017-03-31,VN,"Family, Comedy",5.0,"""Lotto"" is a story revolving around the life of Le Lieu - the ""main peach"" of Phu Hoa bingo. Le Lieu is actually a man named Nam. Males grow up and have to get married just like other men. Until one day Nam decided to leave his family to follow the urge in his mind, he came to the bingo group to live with his true self and with his desire even though life was messy, lonely, staggered like a locomotive singing here and there...",Huỳnh Tuấn Anh,,Released,Vietnamese,,
14069,https://www.themoviedb.org/movie/14069,The Girl Who Leapt Through Time,98.0,2007-06-14,KR,"Fantasy, Animation, Drama, Science Fiction",7.8,"When 17-year-old Makoto Konno gains the ability to 'leap' backwards through time, she immediately sets about improving her grades and preventing personal mishaps. However, she soon realises that changing the past isn't as simple as it seems, and eventually, will have to rely on her new powers to shape the future of herself and her friends.",Mamoru Hosoda,"Yasutaka Tsutsui, Satoko Okudera",Released,Japanese,,3478290.0
514207,https://www.themoviedb.org/movie/514207,Invasion,129.0,2019-12-26,RU,"Science Fiction, Drama, Action",6.9,"Two years after the fall of the alien ship, the life of a young woman from Moscow has been changed forever. Her growing powers are now at the focus of both human and celestial investigation: an alien force takes an interest in her, and will stop short of nothing, including an invasion. Can love and compassion save humanity, when faced with a much greater and more demanding test this time?",Fyodor Bondarchuk,"Oleg Malovichko, Andrey Zolotarev",Released,Russian,8819200.0,32104054.0
532153,https://www.themoviedb.org/movie/532153-amazon-hot-box,Amazon Hot Box,85.0,2018-06-15,US,"Horror, Action, Drama",3.8,An innocent college student must fight for her life inside a jungle prison with an evil wardress who uses voodoo experiments and a torture machine.,James Bickert,James Bickert,Released,English,,
230289,https://www.themoviedb.org/movie/230289-agir-abi,Ağır Abi,,2011-07-14,TR,,2.0,We don't have an overview translated in English. Help us expand our database by adding one.,,,Released,Turkish,,
639721,https://www.themoviedb.org/movie/639721-the-addams-family-2,The Addams Family 2,93.0,2021-11-10,KR,"Animation, Family, Comedy, Fantasy, Adventure",6.9,The Addams get tangled up in more wacky adventures and find themselves involved in hilarious run-ins with all sorts of unsuspecting characters.,"Greg Tiernan, Conrad Vernon","Dan Hernandez, Benji Samit, Ben Queen, Susanna Fogel",Released,English,,119815153.0
610209,https://www.themoviedb.org/movie/610209,There Is a Japanese Woman in My Room,102.0,2019-02-12,KR,"Drama, Romance",4.9,"A determined Japanese woman gets a job in Korea. She thinks she will be cleaning, but she is taught to massage. When her director touches her inappropriately she runs into the street where she encounters men who take advantage of her and she becomes homeless. She is found by a webtoon designer who uses her as inspiration for his webtoons. Will she become more than his inspiration?",EROPING,EROPING,Released,Korean,,
318622,https://www.themoviedb.org/movie/318622,The Birth of New China,163.0,1989-09-21,CN,"History, Drama",6.1,"In the spring and summer of 1949, the People's Liberation Army launched an offensive under the orders of Mao Zedong and Zhu De, they crossed the Yangtze River and Nanjing was liberated on April 23 which signaled the fall of the KMT regime, Chiang Kai-Shek fled to Taiwan; on October 1, 1949, Mao Zedong standing on the rostrum of Tiananmen, solemnly declared the foundation of the People's Republic of China.","Li Qiankuan, Xiao Guiyun","Zhang Tianmin, Zhang Xiaotian",Released,Chinese,,
13151,https://www.themoviedb.org/movie/13151-scooby-doo-on-zombie-island,Scooby-Doo on Zombie Island,77.0,1998-09-22,US,"Animation, Mystery, Family, Horror",7.7,"After going their separate ways, Scooby-Doo, Shaggy, Velma, Daphne, and Fred reunite to investigate the ghost of Moonscar the pirate on a haunted bayou island, but it turns out the swashbuckler's spirit isn't the only creepy character on the island. The sleuths also meet up with cat creatures and zombies... and it looks like for the first time in their lives, these ghouls might actually be real.",Jim Stenstrum,Glenn Leopold,Released,English,,
1380427,https://www.themoviedb.org/movie/1380427-conditional,Conditional,12.0,2024-10-31,US,"Horror, Thriller",10.0,"Stuck with a sensation of ennui and numbness, a loner college student attempts to rekindle life by kidnapping his first crush.",J. Wyatt Turner,Deven Kapoor,Released,English,40.0,100.0
758866,https://www.themoviedb.org/movie/758866,Drive My Car,179.0,2021-12-23,KR,Drama,7.4,"Yusuke Kafuku, a stage actor and director, still unable, after two years, to cope with the loss of his beloved wife, accepts to direct Uncle Vanya at a theater festival in Hiroshima. There he meets Misaki, an introverted young woman, appointed to drive his car. In between rides, secrets from the past and heartfelt confessions will be unveiled.",Ryusuke Hamaguchi,"Ryusuke Hamaguchi, Takamasa Oe",Released,Japanese,1300000.0,15356046.0
249070,https://www.themoviedb.org/movie/249070-hitman-agent-47,Hitman: Agent 47,96.0,2015-09-03,KR,"Action, Crime, Thriller",5.9,An assassin teams up with a woman to help her find her father and uncover the mysteries of her ancestry.,Aleksander Bach,"Skip Woods, Michael Finch",Released,English,35000000.0,81967450.0
616747,https://www.themoviedb.org/movie/616747-haunted-mansion,Haunted Mansion,123.0,2023-07-26,KR,"Comedy, Drama, Fantasy",6.4,A woman and her son enlist a motley crew of so-called spiritual experts to help rid their home of supernatural squatters.,Justin Simien,Katie Dippold,Released,English,157800000.0,117449790.0
1143128,https://www.themoviedb.org/movie/1143128-omni-loop,Omni Loop,111.0,2024-09-20,US,"Science Fiction, Drama",6.0,"Diagnosed with a black hole growing inside her chest and stuck in a loop reliving the last five days of her life, a 55-year-old wife and mother from Miami, Florida decides to solve time travel in order to go back and be the person she always intended to be.",Bernardo Britto,Bernardo Britto,Released,English,,
1234124,https://www.themoviedb.org/movie/1234124-olumd-n-sonraki-h-yat,Ölümdən sonrakı həyat,,2023-10-19,AZ,Drama,0.0,We don't have an overview translated in English. Help us expand our database by adding one.,Elvin İsmanlı,Elşən Məmmədli,Released,Azerbaijani,,
719410,https://www.themoviedb.org/movie/719410,Your Name Engraved Herein,115.0,2020-12-23,KR,"Romance, Drama",7.9,"In 1987, as martial law ends in Taiwan, Jia-han and Birdy fall in love amid family pressure, homophobia and social stigma.",Liu Kuang-Hui,Qu You-ning,Released,Chinese,,
1195732,https://www.themoviedb.org/movie/1195732-little-sons,Little Sons,22.0,2019-08-09,MM,Documentary,0.0,"Kan Gyi, Par Gyi, and their friend, spend their days doing odd-jobs and begging on the buses.Neglected by their parents, society, they spend their nights sniffing glues and looking for a place to sleep in a wholesale market compound. But deep down inside, they are still the children who simply want to fit in, make friend, play mischief, and take care of each other, just like any other children.","Yu Par Mo Mo, Sai Whira Linn Khant, Nay Chi Myat Noe Wint",,Released,Burmese,,
1558796,https://www.themoviedb.org/movie/1558796-never-change,Never Change!,103.0,2026-06-17,KR,Comedy,6.0,"In 2008, the graduating class of North Meadows High School had their senior year cut short due to a disastrous tornado. Now in their mid-30s, they're being forced to return home and finish high school once and for all.",Marty Schousboe,John Reynolds,Released,English,,
499726,https://www.themoviedb.org/movie/499726-milf,MILF,96.0,2020-07-16,KR,"Comedy, Romance",5.7,"Three childhood friends - Elise, Sonia and Cecile - leave for a summer in the South of France to help clear Cecile’s holiday house before it is put up for sale. There, they soon become the prime targets of three horny young men, for whom these single forty-year-old women are much more attractive than girls their age.",Axelle Laffont,"Jérôme L'hotsky, Stéphane Kramer",Released,French,,1100000.0
336026,https://www.themoviedb.org/movie/336026,Little Forest: Winter/Spring,120.0,2015-05-14,KR,Drama,7.8,"Ichiko bakes a cake for an end-of-year party with her friends. In the depths of winter, making mochi and curry keeps the people of Komori warm. Later, spring brings thoughts of her absent mother as well as rice planting and sakura, and she begins to think of leaving Komori behind again.",Junichi Mori,Junichi Mori,Released,Japanese,,
10975,https://www.themoviedb.org/movie/10975,Operation Condor,107.0,1991-02-09,KR,"Action, Adventure, Crime, Thriller",7.3,"Hired by a Spanish baron, Hong Kong treasure hunter Jackie, a.k.a. ""Asian Hawk"" and his entourage seek WWII Nazi gold buried in the Sahara Desert.",Jackie Chan,"Jackie Chan, Fibe Ma Mei-Ping, Edward Tang",Released,Cantonese,15000000.0,24119223.0
342281,https://www.themoviedb.org/movie/342281-une-famille-louer,Family for Rent,97.0,2015-08-19,FR,"Comedy, Romance",5.2,"Forty-year-old Paul-André is a timid, rather introverted man. Rich but alone, he is deeply bored and ends up concluding that what he needs is a family. Violette, a forty-year-old full of energy, is threatened with eviction and is afraid she'll lose custody of her two children. Paul-André then proposes a totally above the board contract to rent the family in exchange for him paying off Violette's debts. For better and for worse..",Jean-Pierre Améris,"Jean-Pierre Améris, Murielle Magellan",Released,French,,
666154,https://www.themoviedb.org/movie/666154-kayara,Kayara,81.0,2025-04-30,ES,"Animation, Adventure, Family",7.6,"A courageous and athletic teenager, Kayara dreams that she is destined to be the first female to break into the league of Chasquis - the official messengers of the Incan empire. As she learns what it takes to be a Chasqui along with its challenges, she tackles every mission she gets and discovers the ancient stories of her land and her people.",Cesar Zelada,"Cesar Zelada, Jason Cleveland, Brian Cleveland",Released,Spanish; Castilian,8000000.0,
734640,https://www.themoviedb.org/movie/734640-o-salario-do-pecado,The Wages of Sin,16.0,2017-02-01,BR,Drama,0.0,A man enters a church and tells God of a robbery gone wrong.,Pedro Monte Kling,,Released,Portuguese,,
11452,https://www.themoviedb.org/movie/11452-national-lampoon-s-van-wilder,National Lampoon's Van Wilder,92.0,2002-03-29,US,"Comedy, Romance",6.0,"Van Wilder has been attending college for far too many years and is scared to graduate, but Van’s father eventually realizes what is going on. When he stops paying his son's tuition fees, Van must come up with the money if he wants to stay in college, so he and his friends come up with a great fund-raising idea – throwing parties. However, when the college magazine finds out and reporter Gwen is sent to do a story on Van Wilder, things get a little complicated.",Walt Becker,"Brent Goldberg, David Wagner",Released,English,6000000.0,39241323.0
1731494,https://www.themoviedb.org/movie/1731494-the-odyssey-the-making-of-an-epic,The Odyssey: The Making of an Epic,23.0,2026-07-14,US,Documentary,6.1,"Go behind the scenes of Christopher Nolan's mythic action epic, The Odyssey. This special documentary explores the monumental undertaking of adapting Homer’s foundational saga for the big screen, charting a grueling 91-day principal photography schedule across six countries. From the revolutionary use of brand-new IMAX film technology to the massive coordination of over 5,300 custom-designed costumes, discover how a star-studded cast led by Matt Damon, Tom Holland, and Anne Hathaway brought the dangerous, timeless world of ancient Greek gods and monsters to life.",,,Released,English,,
1056054,https://www.themoviedb.org/movie/1056054,Lu-lu's Deeply Love,,1994-02-02,TW,,0.0,"Lulu, whose real name was Ya-wen in her youth, went dancing with her classmates in high school. On her way home, she took a taxi and was violently raped by the driver. Knowing their daughter was no longer a virgin, Ya-wen's parents had no choice but to marry her off to a taxi driver named Lao Liu. Ya-wen, who had always been a good student, had to give up her plans to go to university and instead took a job at a trading company. After the rape, Ya-wen developed a fear of red, inexplicably trampling on a colleague's new red clothes and tearing up a pair of sexy red lingerie her husband had bought her. One day, her husband, Lao Liu, went out for a night of revelry with his colleagues and had sex with a woman at a club. Back home, he played mahjong with friends, and during the game, he inadvertently blurted out. He boasted that five or six years ago, while drunk driving, his lust was aroused.",Ng Yi,,Released,Chinese,,
46705,https://www.themoviedb.org/movie/46705-blue-valentine,Blue Valentine,112.0,2012-05-31,KR,"Drama, Romance",7.0,"Dean and Cindy live a quiet life in a modest neighborhood. They appear to have the world at their feet at the outset of the relationship. However, his lack of ambition and her retreat into self-absorption cause potentially irreversible cracks in their marriage.",Derek Cianfrance,"Derek Cianfrance, Joey Curtis, Cami Delavigne",Released,English,1000000.0,15440333.0
519001,https://www.themoviedb.org/movie/519001-casa-propia,Casa Propia,83.0,2018-04-13,AR,,7.3,"Alejandro is a 40 year-old high-school teacher who lives with his mother. He is going through a personal financial crisis and being under the same roof with her makes him very unhappy. He's looking to move out on his own, but his mother's diagnosis of terminal cancer will force him to rethink his plans amidst a state of constant emotional distress.",Rosendo Ruíz,"Rosendo Ruíz, Gustavo Almada",Released,Spanish; Castilian,,
126963,https://www.themoviedb.org/movie/126963-z,Dragon Ball Z: Battle of Gods,85.0,2013-08-29,KR,"Animation, Action, Science Fiction",6.8,"After the defeat of Majin Buu, a powerful God of Destruction known as Beerus searches for the Saiyan warrior who defeated Frieza. Realizing the threat Beerus poses to Earth, the Z-fighters must stop him. Only Goku, humanity’s last hope, can ascend to the level of a legendary Super Saiyan God and save the planet, and possibly the entire universe!",Masahiro Hosoda,Yusuke Watanabe,Released,Japanese,,50461371.0
48601,https://www.themoviedb.org/movie/48601-clement,Clement,139.0,2001-06-06,FR,"Drama, Romance",4.7,"Benoit turns 13 and develops an intense crush on his godmother, Marion. As they lie on beaches in the summer, she humors him by talking about the mysteries of women.",Emmanuelle Bercot,"Emmanuelle Bercot, Guillaume Schiffman",Released,French,,
1251,https://www.themoviedb.org/movie/1251-letters-from-iwo-jima,Letters from Iwo Jima,141.0,2007-03-01,KR,"Action, Drama, War",7.5,"The story of the battle of Iwo Jima between the United States and Imperial Japan during World War II, as told from the perspective of the Japanese who fought it.",Clint Eastwood,Iris Yamashita,Released,English,19000000.0,68673228.0
131186,https://www.themoviedb.org/movie/131186-europa-kemping,Europa Camping,72.0,1992-03-13,HU,Comedy,9.0,"A pretty mixed society get together in a camping area. They enjoy their vacation and do not know that two of the vacationists are demolition experts, who are looking for a huge bomb which may explode in any minute. Written by Tamas Patrovics","Szőke András, Mária Dobos, György Pálos","Szőke András, Mária Dobos, Gábor Ferenczi",Released,Hungarian,,
408866,https://www.themoviedb.org/movie/408866-re-born,RE:BORN,101.0,2017-08-12,JP,"Action, Crime, Drama",7.2,A former special forces operative struggling to contain the destructive impulses of his past goes on a rampage against a squad of ruthless assassins.,Yuji Shimomura,"Benio Saeki, Sion Sono, Tak Sakaguchi",Released,Japanese,,
1577259,https://www.themoviedb.org/movie/1577259-hozu-xan,Hozu Khan,110.0,2025-11-01,AZ,Comedy,0.0,"In the 15th century, in Central Asia, the ruler of the Darebey Khanate, Adalet Khan, had two sons — the wise and brave Hozu, and the cunning Karabugday. Seeking to seize the throne, Karabugday kills their father during a hunt and blames Hozu, who is imprisoned. Under Karabugday’s incompetent rule, the khanate weakens, and famine and chaos spread.",İlham Yaşaroğlu,"Vuqar Huseynov, Talib Akhmadov",Released,Azerbaijani,,
534111,https://www.themoviedb.org/movie/534111-mezozoy-hvalati,Mesozoic Story,66.0,1976-05-30,SU,"Drama, History",3.7,After the novelette of the same name of Magsud Ibrahimbeyov.,Rashid Atamalibeyov,Magsud Ibrahimbeyov,Released,Azerbaijani,,
11676,https://www.themoviedb.org/movie/11676-nothing-to-lose,Nothing to Lose,97.0,1997-07-18,US,"Comedy, Crime, Action, Adventure",6.6,"Advertising executive Nick Beame learns that his wife is sleeping with his employer. In a state of despair, he encounters a bumbling thief whose attempted carjacking goes awry when Nick takes him on an involuntary joyride. Soon the betrayed businessman and the incompetent crook strike up a partnership and develop a robbery-revenge scheme. But it turns out that some other criminals in the area don't appreciate the competition.",Steve Oedekerk,Steve Oedekerk,Released,English,25000000.0,44480039.0
142409,https://www.themoviedb.org/movie/142409-babamin-sesi,Voice of My Father,88.0,2012-11-01,TR,"Drama, Family",4.5,"A haunting sociopolitical drama blending fiction and documentary to elucidate the turbulent history of a Kurdish family. Mehmet (co-director Zeynel Dogan) lives with his pregnant wife in Diyarbakir, eastern Turkey. His father was fatally injured while working in Saudi Arabia and all he has left is an audio tape letter. Now he is to become a father himself, he visits his mother to ask about more of these cassettes but she’s evasive, reluctant to upset Mehmet’s view of his father with the whole dark story.","Orhan Eskikoy, Zeynel Dogan",Orhan Eskikoy,Released,Kurdish,,
20116,https://www.themoviedb.org/movie/20116,Antarctica,112.0,2008-01-01,IL,"Drama, Romance",5.6,"Set in Tel Aviv, focuses on an interconnected group of friends and their various relationships. At the center is the adorably bookish Omer, about to turn 30, who still hasn't found himself, and his free-spirited best friend Miki, who both end up inadvertently dating the same handsome journalist, Ronen.",Yair Hochner,Yair Hochner,Released,Hebrew,,
659,https://www.themoviedb.org/movie/659-die-blechtrommel,The Tin Drum,162.0,1988-05-05,KR,"Drama, History, War",7.0,"In 1924, Oskar Matzerath is born in the Free City of Danzig. At age three, he falls down a flight of stairs and stops growing. In 1939, World War II breaks out.",Volker Schlöndorff,"Volker Schlöndorff, Jean-Claude Carrière, Franz Seitz Junior",Released,German,3000000.0,17000000.0
11008,https://www.themoviedb.org/movie/11008-major-payne,Major Payne,95.0,1995-03-24,US,"Adventure, Comedy, Family",6.5,"Major Benson Winifred Payne is being discharged from the Marines. Payne is a killin' machine, but the wars of the world are no longer fought on the battlefield. A career Marine, he has no idea what to do as a civilian, so his commander finds him a job - commanding officer of a local school's JROTC program, a bunch of ragtag losers with no hope.",Nick Castle,"Dean Lorey, Gary Rosen, Damon Wayans",Released,English,,30112050.0
51052,https://www.themoviedb.org/movie/51052-arthur-christmas,Arthur Christmas,97.0,2011-11-25,KR,"Drama, Animation, Family, Comedy",6.8,"For hundreds of years, the Claus family has delegated the title ""Santa"" to a chosen few of its members, which can be passed down upon retirement. Each Christmas, Santa and his vast army of highly trained elves produce gifts and distribute them around the world in a one-night high-tech operation. However, when one of 600 million children to receive a gift from Santa on Christmas Eve is missed, it is deemed ‘acceptable’ to all but one—Arthur Claus, the current Santa’s misfit son deemed ineligible for the title, who executes an unauthorised rookie mission to get the last present halfway around the globe before dawn on Christmas morning.",Sarah Smith,"Sarah Smith, Peter Baynham",Released,English,10000000.0,151300000.0
1013446,https://www.themoviedb.org/movie/1013446-reflet-dans-un-diamant-mort,Reflection in a Dead Diamond,87.0,2025-07-07,KR,"Action, Thriller, Mystery",6.1,"When the mysterious woman in the room next door disappears, a debonair 70-year-old ex-spy living in a luxury hotel on the Côte d'Azur is confronted by the demons and darlings of a lurid past in which moviemaking, memories and madness collide.","Bruno Forzani, Hélène Cattet","Bruno Forzani, Hélène Cattet",Released,French,,
703206,https://www.themoviedb.org/movie/703206,FEAR,81.0,2021-07-13,RU,"Thriller, Mystery",0.0,We don't have an overview translated in English. Help us expand our database by adding one.,Vladimir Bukharov,"Vladimir Bukharov, Александр Корчик, Mikhail Salin",Released,Russian,,
15301,https://www.themoviedb.org/movie/15301-twilight-zone-the-movie,Twilight Zone: The Movie,101.0,1983-06-24,US,"Horror, Fantasy, Science Fiction",6.5,"An anthology film presenting remakes of three episodes from the ""Twilight Zone"" TV series—""Kick the Can"", ""It's a Good Life"" and ""Nightmare at 20,000 Feet""—and one original story, ""Time Out.""","John Landis, George Miller, Joe Dante, Steven Spielberg","John Landis, George Clayton Johnson, Richard Matheson, Melissa Mathison",Released,English,10000000.0,29450920.0
554,https://www.themoviedb.org/movie/554-kukushka,The Cuckoo,100.0,2002-09-12,RU,"Drama, Romance, Comedy",7.1,"September of 1944, a few days before Finland went out of the Second World War. A chained to a rock Finnish sniper-kamikadze Veikko managed to set himself free. Ivan, a captain of the Soviet Army, arrested by the Front Secret Police 'Smersh', has a narrow escape. They are soldiers of the two enemy armies. A Lapp woman Anni gives a shelter to both of them at her farm. For Anni they are not enemies, but just men.",Aleksandr Rogozhkin,Aleksandr Rogozhkin,Released,Russian,,
291008,https://www.themoviedb.org/movie/291008-huy-n-tho-i-b-t-t,Legend is Alive,90.0,2009-09-18,VN,"Drama, Action",7.0,An impoverished mentally disabled boy in Vietnam learns to deal with the loss of both of his parents.,Lưu Huỳnh,Lưu Huỳnh,Released,Vietnamese,,
646207,https://www.themoviedb.org/movie/646207-the-ice-road,The Ice Road,108.0,2021-07-21,KR,"Action, Thriller",6.8,"After a remote diamond mine collapses in far northern Canada, an ice road driver must lead an impossible rescue mission over a frozen ocean to save the trapped miners.",Jonathan Hensleigh,Jonathan Hensleigh,Released,English,40000000.0,7502846.0
1182634,https://www.themoviedb.org/movie/1182634-el-canibal,El caníbal,26.0,2020-08-07,AR,"Drama, Horror, Crime",0.0,"In 1936, in Cayastá, Aparicio Garay, a strange inhabitant of the islands, brutally murders an 11-year-old boy, and commits an act of cannibalism following the orders of his God, “El Hora”.","Baltasar Albrecht, Gastón del Porto","Baltasar Albrecht, Gastón del Porto",Released,Spanish; Castilian,,
2044,https://www.themoviedb.org/movie/2044-the-lake-house,The Lake House,99.0,2006-08-31,KR,"Romance, Drama, Fantasy",7.0,"When architect Alex Wyler moves into an unusual glass house on stilts over a lake, he discovers a note from the previous tenant in the mailbox--but no one's lived in the house for years. He replies and soon discovers that he's corresponding with a doctor named Kate Forster. Their correspondence, only through the 'magical' mailbox, turns romantic and their paths cross in unexpected ways, but when they try to truly connect, danger looms. They must try to unravel the mystery behind their extraordinary romance before it's too late.",Alejandro Agresti,David Auburn,Released,English,40000000.0,114830111.0
11282,https://www.themoviedb.org/movie/11282-harold-kumar-go-to-white-castle,Harold & Kumar Go to White Castle,88.0,2004-07-30,US,"Comedy, Adventure",6.6,"Nerdy accountant Harold and his irrepressible friend, Kumar, get stoned watching television and find themselves utterly bewitched by a commercial for White Castle. Convinced there must be one nearby, the two set out on a late-night odyssey that takes them deep into New Jersey. Somehow, the boys manage to run afoul of rednecks, cops and even a car-stealing Neil Patrick Harris before getting anywhere near their beloved sliders.",Danny Leiner,"Hayden Schlossberg, Jon Hurwitz",Released,English,9000000.0,23936908.0
1621434,https://www.themoviedb.org/movie/1621434-urticaria-incandescente,White-Hot Hives,19.0,2026-01-30,BR,"Horror, Comedy",0.0,"Home alone at night, Rita awaits the medicine which will finally get a pimple off her face...",Augusto A. Sauandaj,Augusto A. Sauandaj,Released,Portuguese,,
764491,https://www.themoviedb.org/movie/764491,Matir Pahar,,1959-08-28,BD,,0.0,Matir Pahar is a 1959 Bengali film. The film was directed by Mohiuddin Ahmad. This was the third film made in East Pakistan.,Mohiuddin Ahmad,,Released,Bengali,,
664799,https://www.themoviedb.org/movie/664799,Bosomy Younger Sister-in-law,70.0,2019-12-25,KR,Romance,6.0,"Min-soo and Yoo-ri talk about marriage while they are on a date. Yoo-ri goes back home and tells Jeong-hee about marrying Min-soo but Jeong-hee is shocked as she has a crush on him. She has a drink with Sung-hoon and gets drunk telling him about the soon-to-be married couple. Sung-hoon who has a crush on Jeong-hee, has drunk sex with her. Jeong-hee is confused the next morning and runs into Min-soo who happens to be home. Jeong-hee realizes the fun about sex and slowly starts to be obsessed with Min-soo. Min-soo can't turn her down and Sung-hoon finds out...",Lee Dong-Joon,,Released,Korean,,
53932,https://www.themoviedb.org/movie/53932-las-edades-de-lulu,The Ages of Lulu,95.0,2000-05-27,KR,Drama,6.4,"Fifteen-year-old Lulu has never known any affection from her family. But when she goes to a rock concert with Pablo, a friend of the family, he introduces Lulu to her first sexual experience. Years later, Pablo and Lulu have married; Pablo has created a sheltered, private world for Lulu, into which nothing intrudes. However, Lulu tires of her cloistered existence, and begins hanging out in shady bars, looking for vicarious thrills and danger.",Bigas Luna,"Bigas Luna, Almudena Grandes",Released,Spanish; Castilian,,
8982,https://www.themoviedb.org/movie/8982,The Protector,105.0,2005-08-18,KR,"Action, Crime, Drama, Thriller",7.1,"A young fighter named Kham must go to Australia to retrieve his stolen elephant. With the help of a Thai-born Australian detective, Kham must take on all comers, including a gang led by an evil woman and her two deadly bodyguards.",Prachya Pinkaew,"Prachya Pinkaew, Piyaros Thongdee, Joe Wannapin, Kongdej Jaturanrasmee, Napalee",Released,Thai,6000000.0,27165581.0
1239191,https://www.themoviedb.org/movie/1239191-recuerdos-veridicos,Recuerdos verídicos,4.0,2021-01-01,AR,Drama,5.0,We don't have an overview translated in English. Help us expand our database by adding one.,Macarena Pérez Monzón,"Nicolás Joel Nicolini, Andrés Jortack",Released,Spanish; Castilian,,
504056,https://www.themoviedb.org/movie/504056,Big Brother,111.0,2019-07-11,KR,"Action, Drama, Comedy",7.6,"A soldier-turned-high school teacher uses unusual methods to reach to a class of poor students, while dealing with a greedy entrepreneur and his gang of fighters as well as the government.",Kam Ka-wai,Chan Tai-Lee,Released,Chinese,,
82633,https://www.themoviedb.org/movie/82633-lawless,Lawless,115.0,2012-10-18,KR,"Crime, Drama, Western",7.1,"In 1931, the Bondurant brothers of Franklin County, Virginia, run a multipurpose backwoods establishment that hides their true business — bootlegging. Middle brother Forrest is the brain of the operation; older Howard is the brawn, and younger Jack, the lookout. Though the local police have taken bribes and left the brothers alone, a violent war erupts when a sadistic lawman from Chicago arrives and tries to shut down the Bondurants operation.",John Hillcoat,"Matt Bondurant, Nick Cave",Released,English,26000000.0,55404207.0
1561900,https://www.themoviedb.org/movie/1561900-pura-sangre,Pura Sangre,4.0,2025-10-19,ES,,0.0,A young man sneaks into the estate of a family that hates him.,"Paula W.N., Rafa F. Velázquez","Paula W.N., María Hernández, Silvia G. Vargas, Javier Durán, J. Benjamín Carmona",Released,English,20.0,
323373,https://www.themoviedb.org/movie/323373-deathgasm,Deathgasm,86.0,2015-10-02,US,"Horror, Comedy",6.3,Two teenage boys unwittingly summon an ancient evil entity known as The Blind One by delving into black magic while trying to escape their mundane lives.,Jason Lei Howden,Jason Lei Howden,Released,English,,14685.0
307905,https://www.themoviedb.org/movie/307905,The Vultures on the Road,88.0,1990-01-01,SU,"Crime, Action, Thriller",3.3,"The Vultures on the Road - an organized gang of robbers and murderers, which includes even the police. They kill the truck driver's friend, whose wife is expecting a baby. The police (which is cooperating with the bandits), of course, does nothing, so he begins to take revenge on the scum, crushing their cars by his truck.",Samvel Gasparov,"Samvel Gasparov, Ramil Yamaleyev",Released,Russian,,
304367,https://www.themoviedb.org/movie/304367-el-corazon-de-la-noche,The Heart of the Night,108.0,1984-03-15,MX,"Thriller, Mystery, Romance",5.1,"A young deaf-mute who lives and has intercourse with a blind man much older than she, inevitably attracts a shy driving instructor a strange, hallucinatory underworld, populated by those beings whose mutilation, impaired physical differences, have become rejected of society.",Jaime Humberto Hermosillo,"Jaime Humberto Hermosillo, José de la Colina",Released,Spanish; Castilian,,
481256,https://www.themoviedb.org/movie/481256-a-rossz-arnyek,Sinister Shadow,97.0,2018-01-24,HU,Drama,0.0,"The hidden messages in a famed, mysterious painting by Hans Holbein the Younger are slowly revealed to an art restorer hired to reproduce it.",András Jeles,András Jeles,Released,Hungarian,,
84308,https://www.themoviedb.org/movie/84308-madrid-1987,"Madrid, 1987",104.0,2018-03-22,KR,Drama,6.5,"In 1987 Madrid, the unexpected encounter between a seasoned journalist and a young student leads to a profound exploration of love, desire, politics, power, and discovery of each other.",David Trueba,David Trueba,Released,Spanish; Castilian,,
638507,https://www.themoviedb.org/movie/638507-how-to-train-your-dragon-homecoming,How to Train Your Dragon: Homecoming,22.0,2019-12-03,US,"Animation, Fantasy, Adventure, Family",8.0,"It's been ten years since the dragons moved to the Hidden World, and even though Toothless doesn't live in New Berk anymore, Hiccup continues the holiday traditions he once shared with his best friend. But the Vikings of New Berk were beginning to forget about their friendship with dragons. Hiccup, Astrid, and Gobber know just what to do to keep the dragons in the villagers' hearts. And across the sea, the dragons have a plan of their own...",Tim Johnson,"Jonathan Groff, Jon Pollack",Released,English,,
280002,https://www.themoviedb.org/movie/280002-the-remaining,The Remaining,88.0,2015-03-26,KR,"Thriller, Horror",6.1,"When a group of close-knit friends assemble for the marriage of Skylar and Dan, they have no idea they will witness The Rapture and face a series of catastrophic events turning the celebration into a life-or-death struggle.",Casey La Scala,"Casey La Scala, Chris Dowling",Released,English,,1169603.0
583,https://www.themoviedb.org/movie/583-life-of-brian,Life of Brian,94.0,2023-01-01,KR,Comedy,7.8,"Brian Cohen is an average young Jewish man, but through a series of ridiculous events, he gains a reputation as the Messiah. When he's not dodging his followers or being scolded by his shrill mother, the hapless Brian has to contend with the pompous Pontius Pilate and acronym-obsessed members of a separatist movement. Rife with Monty Python's signature absurdity, the tale finds Brian's life paralleling Biblical lore, albeit with many more laughs.",Terry Jones,"Terry Jones, Michael Palin, Eric Idle, Terry Gilliam, John Cleese, Graham Chapman",Released,English,4000000.0,20833252.0
3093,https://www.themoviedb.org/movie/3093-basic-instinct-2,Basic Instinct 2,116.0,2006-03-30,KR,"Crime, Mystery, Thriller",5.0,"Novelist Catherine Tramell is once again in trouble with the law, and Scotland Yard appoints psychiatrist Dr. Michael Glass to evaluate her. Though, like Detective Nick Curran before him, Glass is entranced by Tramell and lured into a seductive game.",Michael Caton-Jones,"Henry Bean, Leora Barish",Released,English,70000000.0,38629478.0
1734323,https://www.themoviedb.org/movie/1734323-imamku-okey,Imamku Okey,,2021-01-01,MY,,0.0,~will be updated,Harris Fadzillah,,Released,English,,
1129141,https://www.themoviedb.org/movie/1129141-habitacion-23,Habitación 23,17.0,2005-01-01,AR,"Drama, Crime",0.0,"Fede, a man who needs money, is contacted to murder a person in room 23 of the Galeon Hotel, without knowing the identity of the victim.",Vito Sáez,Vito Sáez,Released,Spanish; Castilian,,
15070,https://www.themoviedb.org/movie/15070-undisputed,Undisputed,96.0,2003-03-07,KR,"Action, Drama, Crime",6.5,"Monroe Hutchens is the heavyweight champion of Sweetwater, a maximum security prison. He was convicted to a life sentence due to a passionate crime. Iceman Chambers is the heavyweight champion, who lost his title due to a rape conviction to ten years in Sweetwater. When these two giants collide in the same prison, they fight against each other disputing who is the real champion.",Walter Hill,"Walter Hill, David Giler",Released,English,20000000.0,14946150.0
8879,https://www.themoviedb.org/movie/8879-pale-rider,Pale Rider,115.0,1985-06-28,US,"Western, Drama",7.2,A mysterious preacher protects a humble prospector village from a greedy mining company trying to encroach on their land.,Clint Eastwood,"Michael Butler, Dennis Shryack",Released,English,6900000.0,41400000.0
710356,https://www.themoviedb.org/movie/710356-2-hearts,2 Hearts,102.0,2021-01-01,KR,"Romance, Drama",7.2,"When illness strikes two people who are polar opposites, life and death bring them together in surprising ways.",Lance Hool,"Robin U. Russin, Veronica Hool",Released,English,,
19901,https://www.themoviedb.org/movie/19901-daybreakers,Daybreakers,98.0,2010-03-18,KR,"Action, Fantasy, Science Fiction",6.3,"In the year 2019, a plague has transformed almost every human into a vampire. Faced with a dwindling blood supply, the fractured dominant race plots their survival; meanwhile, a researcher works with a covert band of vampires on a way to save humankind.","Michael Spierig, Peter Spierig","Michael Spierig, Peter Spierig",Released,English,20000000.0,51417188.0
1323625,https://www.themoviedb.org/movie/1323625-night-patrol,Night Patrol,104.0,2026-01-16,US,"Horror, Mystery, Action",5.1,An L.A. cop discovers a local task force is hiding a secret that puts the residents of his childhood neighborhood in danger.,Ryan Prows,"Ryan Prows, Jake Gibson, Shaye Ogbonna, Tim Cairo",Released,English,,
810456,https://www.themoviedb.org/movie/810456,Touch,13.0,2019-08-29,CA,Drama,1.0,"After recently going blind, a young gay man struggles to navigate his new life in the shadows.",Song Huang,Song Huang,Released,Chinese,,
8487,https://www.themoviedb.org/movie/8487-wild-wild-west,Wild Wild West,106.0,1999-07-17,KR,"Action, Adventure, Comedy, Science Fiction, Western",5.3,Legless Southern inventor Dr. Arliss Loveless plans to rekindle the Civil War by assassinating President Ulysses S. Grant. Only two men can stop him: gunfighter James West and master-of-disguise and inventor Artemus Gordon. The two must team up to thwart Loveless' plans.,Barry Sonnenfeld,"S.S. Wilson, Brent Maddock, Jeffrey Price, Peter S. Seaman",Released,English,170000000.0,222104681.0
10935,https://www.themoviedb.org/movie/10935-heaven-s-gate,Heaven's Gate,217.0,1980-11-19,US,"Drama, Western, History",6.7,"Harvard graduate James Averill serves as the sheriff of prosperous Jackson County, Wyoming, standing at the center of a conflict between impoverished immigrants and affluent cattle farmers. Politically connected ranchers enlist mercenary Nathan Champion—who is also vying for the affections of local madam Ella Watson—to combat the immigrant uprising. As tensions escalate, both Averill and Champion start to question their decisions.",Michael Cimino,Michael Cimino,Released,English,44000000.0,3484331.0
1542,https://www.themoviedb.org/movie/1542-office-space,Office Space,90.0,1999-02-19,US,Comedy,7.4,"A depressed white-collar worker tries hypnotherapy, only to find himself in a perpetual state of devil-may-care bliss that prompts him to start living by his own rules, and hatch a hapless attempt to embezzle money from his soul-killing employers.",Mike Judge,Mike Judge,Released,English,10000000.0,12800000.0
1058442,https://www.themoviedb.org/movie/1058442-az-utca-masik-vege,The Other End of the Street,22.0,2022-08-15,BA,,7.0,"When 9-year-old Ábel is attacked by his classmate Bence at school, his father decides to visit Bence's parents to put an end to the constant harassment. However, the conversation does not go as hoped and confronts father and son with a moral dilemma",Kálmán Nagy,Kálmán Nagy,Released,Hungarian,,
1077208,https://www.themoviedb.org/movie/1077208,Unish20,112.0,2023-02-13,BD,"Romance, Drama",7.0,"Two people from two poles. One is the complete opposite of the other. Not nineteen-twenty; This is like a difference of nineteen-forty-nine. But what happens when two people with different tastes and preferences come under the same roof? Love are like a jigsaw puzzle. Torn pieces, one does not match the size of the other. But the whole picture is made by combining those pieces sitting side by side. The difference is their match! Separation is the birth of their love!",Mizanur Rahman Aryan,Rajib Hasan,Released,Bengali,,
787752,https://www.themoviedb.org/movie/787752-fresh,Fresh,114.0,2022-03-04,KR,"Horror, Thriller, Comedy",6.9,"Frustrated by scrolling dating apps only to end up on lame, tedious dates, Noa takes a chance by giving her number to the awkwardly charming Steve after a produce-section meet-cute at the grocery store.",Mimi Cave,Lauryn Kahn,Released,English,1500000.0,
1102400,https://www.themoviedb.org/movie/1102400,Lymerivna,87.0,1955-08-21,SU,Drama,7.0,"The main character repeats the destiny of many peasant women of her time. Her personal feelings were completely uninteresting to her parents, indeed they were always chasing after the profit. That’s why they married the daughter with a rich man whom was completely unpleasant to her. It is a screen adaption of Panas Myrny’s production.",Vasyl Lapoknysh,Vasyl Lapoknysh,Released,Ukrainian,,
1560230,https://www.themoviedb.org/movie/1560230-ella-solo-come-carne,She Only Eats Meat,72.0,2026-04-17,ES,"Comedy, Horror",2.7,Sofía and Minerva tackle their many problems in different ways - all at once. Too many issues and a talent for chaos turn their inner journey into a hilarious spectacle.,Norberto Ramos del Val,"Norberto Ramos del Val, César del Álamo",Released,Spanish; Castilian,,
337869,https://www.themoviedb.org/movie/337869-az-ozvegy-es-a-szazados,The Widow and the Police Officer,73.0,1967-04-28,HU,,7.0,"Mrs. Holló reports the case of three missing persons to the police. During the investigations, the captain realises that there is nothing to deter Mrs. Holló from her trying to overcome loneliness.",György Palásthy,György Kopányi,Released,English,,
2291,https://www.themoviedb.org/movie/2291-jacob-s-ladder,Jacob's Ladder,113.0,1993-03-13,KR,"Drama, Mystery, Horror",7.4,"After returning home from the Vietnam War, veteran Jacob Singer struggles to maintain his sanity. Plagued by hallucinations and flashbacks, Singer rapidly falls apart as the world and people around him morph and twist into disturbing images. His girlfriend, Jezzie, and ex-wife, Sarah, try to help, but to little avail. Even Singer's chiropractor friend, Louis, fails to reach him as he descends into madness.",Adrian Lyne,Bruce Joel Rubin,Released,English,25000000.0,26118851.0
11171,https://www.themoviedb.org/movie/11171-mysterious-skin,Mysterious Skin,105.0,2017-11-23,KR,Drama,7.7,"A teenage hustler and a young man obsessed with alien abductions cross paths, together discovering a horrible, liberating truth.",Gregg Araki,"Gregg Araki, Scott Heim",Released,English,3000000.0,2148548.0
8005,https://www.themoviedb.org/movie/8005-robin-hood-men-in-tights,Robin Hood: Men in Tights,104.0,1994-01-22,KR,Comedy,6.6,"Robin Hood comes home after fighting in the Crusades to learn that the noble King Richard is in exile and that the despotic King John now rules England, with the help of the Sheriff of Rottingham. Robin Hood assembles a band of fellow patriots to do battle with King John and the Sheriff.",Mel Brooks,"Mel Brooks, Evan Chandler, J.D. Shapiro",Released,English,20000000.0,35739755.0
375834,https://www.themoviedb.org/movie/375834-it-s-called-murder-baby,"It's Called 'Murder', Baby",94.0,1983-06-15,US,Mystery,7.0,"In 1940s Los Angeles, private investigator Nick Popodopolis, is hired by actress Dixie Ray, to find her blackmailer.  Edited R version of adult film, Dixie Ray Hollywood Star.",Anthony Spinelli,Dean Rogers,Released,English,,
261539,https://www.themoviedb.org/movie/261539-alianca,Aliança,80.0,2014-01-25,BR,Comedy,0.0,"Pilo, Panda and Isaac are childhood friends. One of them decides to ask his girlfriend to marry him at sameday the other two learn she is cheating on him with her gym instructor","Leonardo Amaral, Gabriel Martins, João Toledo",,Released,Portuguese,,
15472,https://www.themoviedb.org/movie/15472-man-som-hatar-kvinnor,The Girl with the Dragon Tattoo,152.0,2012-01-05,KR,"Drama, Thriller, Crime, Mystery",7.5,"Swedish thriller based on Stieg Larsson's novel about a male journalist and a young female hacker. In the opening of the movie, Mikael Blomkvist, a middle-aged publisher for the magazine Millennium, loses a libel case brought by corrupt Swedish industrialist Hans-Erik Wennerström. Nevertheless, he is hired by Henrik Vanger in order to solve a cold case, the disappearance of Vanger's niece",Niels Arden Oplev,"Stieg Larsson, Nikolaj Arcel, Rasmus Heisterberg",Released,Swedish,13000000.0,109421911.0
1722713,https://www.themoviedb.org/movie/1722713-miguel-angel-blanco-las-48-horas-que-lo-cambiaron-todo,Miguel Ángel Blanco: The 48 Hours That Changed Spain,93.0,2026-07-10,KR,Documentary,7.6,This documentary explores how Miguel Ángel Blanco's 1997 abduction turned fear into collective resistance and shaped Spain's fright Against ETA terrorism.,"Jon Sistiaga, Juanjo López",,Released,Spanish; Castilian,,
3034,https://www.themoviedb.org/movie/3034-young-frankenstein,Young Frankenstein,106.0,1995-09-29,KR,Comedy,7.9,"A young neurosurgeon inherits the castle of his grandfather, the famous Dr. Victor von Frankenstein. In the castle he finds a funny hunchback, a pretty lab assistant and the elderly housekeeper. Young Frankenstein believes that the work of his grandfather was delusional, but when he discovers the book where the mad doctor described his reanimation experiment, he suddenly changes his mind.",Mel Brooks,"Mel Brooks, Gene Wilder",Released,English,2800000.0,86273333.0
11185,https://www.themoviedb.org/movie/11185-see-no-evil-hear-no-evil,"See No Evil, Hear No Evil",102.0,1989-05-12,US,"Comedy, Crime",6.8,"A murder takes place in the shop of David Lyons, a deaf man who fails to hear the gunshot being fired. Outside, blind man Wally Karue hears the shot, but cannot see the perpetrator. Both are arrested, but escape to form an unlikely partnership. Being chased by both the law AND the original killers, can the pair work together to outwit them all?",Arthur Hiller,"Arne Sultan, Earl Barret, Eliot Wald, Andrew Kurtzman, Gene Wilder",Released,English,18000000.0,46900000.0
842124,https://www.themoviedb.org/movie/842124-shira-a-musica-da-alma,Shirá: A Música da Alma,27.0,2021-06-17,BR,"Documentary, Music",5.0,We don't have an overview translated in English. Help us expand our database by adding one.,Ary Diesendruck,Ary Diesendruck,Released,Portuguese,,
811158,https://www.themoviedb.org/movie/811158-jane-rambo,Jane Rambo,155.0,2017-01-01,SL,"Action, War",0.0,"Jane Rambo is sent on a rescue mission. However, she soon learns that her commander cannot be trusted.",Augustus Omojowo Thomas,,Released,English,,
674646,https://www.themoviedb.org/movie/674646,Becoming,70.0,2021-12-01,US,Drama,5.0,"Five shorts come together under an ‘Untitled Omnibus feature’, led by five Saudi women directors. The tone of the Omnibus feature will be brought together under a unified vision to realise nuanced reflections on women-centered narratives.","Jowaher Alamri, Noor Alameer, Sara Mesfer, Hind Alfahhad, Fatima Al-Banawi",,Released,Arabic,,
11497,https://www.themoviedb.org/movie/11497-all-dogs-go-to-heaven,All Dogs Go to Heaven,84.0,1997-12-02,KR,"Drama, Animation, Family, Comedy, Fantasy",6.8,"When a casino-owning dog named Charlie is murdered by his rival Carface, he finds himself in Heaven. Wanting to get back at his killer, he cons his way back to the living with the warning that doing so damns him to Hell. Once back, he teams with his old partner, Itchy, to prep his retaliation. He stumbles upon an orphan girl who can talk to the animals, thus allowing him to get the inside info on the races to ensure his wins to finance his plans. However, all the while, he is still haunted by nightmares of what's waiting for him on the other side unless he can prove that he is worthy of Heaven again.",Don Bluth,David N. Weiss,Released,English,13800000.0,27100027.0
9705,https://www.themoviedb.org/movie/9705-swordfish,Swordfish,99.0,2001-07-07,KR,"Action, Crime, Thriller",6.3,"Rogue agent Gabriel Shear is determined to get his mitts on $9 billion stashed in a secret Drug Enforcement Administration account. He wants the cash to fight terrorism, but lacks the computer skills necessary to hack into the government mainframe. Enter Stanley Jobson, a n'er-do-well encryption expert who can log into anything.",Dominic Sena,Skip Woods,Released,English,102000000.0,147080413.0
1187861,https://www.themoviedb.org/movie/1187861-fantasma-memoria,Ghost Memory,10.0,2023-10-29,FR,Drama,0.0,"""Happiness can be found even in the darkest hours, if we remember to turn on the light.""",Nicolas Thomé Zetune,Nicolas Thomé Zetune,Released,Portuguese,,
280048,https://www.themoviedb.org/movie/280048,Reed,20.0,2012-10-21,UA,Drama,0.0,"A tale of changeless and sad pictures of village’s last days of life, told through prism of a real story.",Ruslan Batytskyi,Ruslan Batytskyi,Released,Ukrainian,,
1281331,https://www.themoviedb.org/movie/1281331-the-social-reckoning,The Social Reckoning,,2026-10-09,US,Drama,0.0,"Frances Haugen, a young Facebook engineer, enlists the help of Jeff Horwitz, a Wall Street Journal reporter, to go on a dangerous journey that ends up blowing the whistle on the social network's most guarded secrets.",Aaron Sorkin,Aaron Sorkin,Post Production,English,,
1550797,https://www.themoviedb.org/movie/1550797-prep-landing-the-snowball-protocol,Prep & Landing: The Snowball Protocol,22.0,2025-11-28,KR,"Animation, Comedy, Fantasy, Family",7.0,"Christmas elves Lanny and Wayne panic when their holiday missions go awry, leaving Wayne thinking he's in BIG trouble with Santa and accidentally revealing other merry mishaps.",Shane Zalvin,"Hilary Helding, Colleen Evanson",Released,English,,
16577,https://www.themoviedb.org/movie/16577-astro-boy,Astro Boy,94.0,2010-01-13,KR,"Animation, Action, Family, Science Fiction",6.3,"Set in the futuristic Metro City, Astro Boy (Atom) is a young robot with incredible powers created by a brilliant scientist in the image of the son he had lost. Unable to fulfill his creator's expectations, Astro embarks on a journey in search of acceptance, experiencing betrayal and a netherworld of robot gladiators, before returning to save Metro City and reconcile with the father who rejected him.",David Bowers,"David Bowers, Timothy Harris",Released,English,10000000.0,19551067.0
52324,https://www.themoviedb.org/movie/52324,Sixty Million Dollar Man,92.0,1996-11-09,KR,"Comedy, Fantasy, Science Fiction",6.5,"A rich playboy gets blown up by a gangster when he flirts with the gangster's wife. Through a series of circumstances, his professor makes him a synthetic body that allows him to change into anything he wants.",Raymond Yip Wai-Man,Raymond Yip Wai-Man,Released,Cantonese,,
1639249,https://www.themoviedb.org/movie/1639249-berlinskaya-fuga,The Berlin Fugue,14.0,2009-08-07,IT,Documentary,0.0,"Alesia is a five year old girl growing up in an industrial city of Donetsk, Ukraine. She has to face the reality of her surroundings after growing up in love and hope in the warm family nest.",Dénes Nagy,Dénes Nagy,Released,Hungarian,,
2082,https://www.themoviedb.org/movie/2082-halloween,Halloween,110.0,2009-05-14,KR,Horror,6.2,"The early years of young Michael Myers and the events leading up to his fateful Halloween night murder rampage in the quiet town of Haddonfield, Illinois.",Rob Zombie,Rob Zombie,Released,English,15000000.0,80460948.0
28529,https://www.themoviedb.org/movie/28529-sorceress,Sorceress,93.0,1995-01-04,US,"Fantasy, Horror, Thriller",5.1,"Two friends, who both work for the same high-priced, high-powered law firm, are both married to modern day witches. Erica, the wife of Larry, believes that he is being led astray by Carol, an old flame, who also works for the same law firm. Erica decides to act and one night after a torrid sex session Larry drifts off to sleep and begins to dream. Soon the dream turns into a nightmare of sex, violence, murder and death involving himself, his friends and colleagues from the law firm which appears to be frighteningly realistic...",Jim Wynorski,Mark Thomas McGee,Released,English,,
102362,https://www.themoviedb.org/movie/102362-dead-man-down,Dead Man Down,118.0,2013-09-26,KR,"Thriller, Action, Crime, Drama",6.2,"In New York City, a crime lord's right-hand man is seduced by a woman seeking retribution.",Niels Arden Oplev,J. H. Wyman,Released,English,30000000.0,19600000.0
792293,https://www.themoviedb.org/movie/792293-dumb-money,Dumb Money,105.0,2024-01-17,KR,"History, Comedy, Drama",6.7,"Vlogger Keith Gill sinks his life savings into GameStop stock and posts about it. When social media starts blowing up, so do his life and the lives of everyone following him. As a stock tip becomes a movement, everyone gets rich—until the billionaires fight back, and both sides find their worlds turned upside down.",Craig Gillespie,"Lauren Schuker Blum, Rebecca Angelo",Released,English,30000000.0,20703794.0
679057,https://www.themoviedb.org/movie/679057,Bosomy Tae-hee,79.0,2020-02-27,KR,Romance,4.7,"Cha-wook and Min-joo are about to get married. Cha-wook proposes a couple trip to Yong-woo’s wife who is his junior at work. Ji-yeon doesn’t like uncomfortable trips but Yong-woo’s boss forced her. The trip has been decided and Cha-wook plans to stay with Ji-yeon, who he’s been eyeing. Min-joo is forced to join. On the day of the trip, Min-joo finally tells everything to Ji-yeon and Ji-yeon decides to use Cha-wook.",Lee Dong-Joon,,Released,Korean,,
644479,https://www.themoviedb.org/movie/644479-dedicada-a-mi-ex,Dedicated to my ex,94.0,2019-11-08,EC,"Drama, Comedy",8.3,"The film tells the story of Ariel, a 21-year-old who decides to form a rock band to compete for a prize of ten thousand dollars in a musical band contest, this as a last option when trying to get money to save their relationship and reunite with his ex-girlfriend, which breaks due to the trip she must make to Finland for an internship. Ariel with her friend Ortega, decides to make a casting to find the other members of the band, although they do not know nothing about music, thus forming a band with members that have diverse and opposite personalities.",Jorge Ulloa,"Jorge Ulloa, Nataly Valencia, Julio Pañi, Diego Ulloa",Released,Spanish; Castilian,,1315376.0
1565790,https://www.themoviedb.org/movie/1565790-double-occupancy,Double Occupancy,132.0,2026-06-12,IN,"Romance, Drama, Fantasy",6.0,"Rajini transforms between woman by day and man by night, hiding this gender swap from partners creating tangled complications.",Aswin Kandasamy,Aswin Kandasamy,Released,Tamil,,
11806,https://www.themoviedb.org/movie/11806-beethoven,Beethoven,87.0,1992-05-16,KR,"Family, Comedy",5.8,"The Newton family live in their comfortable home, but there seems to something missing. This ""hole"" is filled by a small puppy, who walks into their home and their lives. Beethoven, as he is named, grows into a giant of a dog... a St Bernard. Doctor Varnick, the local vet has a secret and horrible sideline, which requires lots of dogs for experiments. Beethoven is on the bad doctor's list.",Brian Levant,"Amy Holden Jones, John Hughes",Released,English,,147214049.0
115311,https://www.themoviedb.org/movie/115311-mi-campeon,Mi campeón,114.0,1952-06-20,MX,"Comedy, Drama",5.5,"Catita is a simple and poor woman who dreams of that her son stands out on something important to help her out of his humble. But she opposes to him being boxer, therefore constantly fighting with her husband.",Chano Urueta,,Released,Spanish; Castilian,,
1712439,https://www.themoviedb.org/movie/1712439,Behind the Screens,96.0,2026-07-23,TH,"Drama, Thriller",3.0,"Seven close friends reunite for a dinner gathering and decide to play a seemingly harmless game. Throughout the evening, every message, email, and phone call they receive must be shared openly with the group.",Micky Wee,,Released,Thai,,
10539,https://www.themoviedb.org/movie/10539-james-and-the-giant-peach,James and the Giant Peach,79.0,1996-04-12,US,"Family, Animation, Adventure, Fantasy",6.6,"When the young orphan boy James spills a magic bag of crocodile tongues, he finds himself in possession of a giant peach that flies him away to strange lands.",Henry Selick,"Roald Dahl, Steve Bloom, Karey Kirkpatrick, Jonathan Roberts",Released,English,38000000.0,28946127.0
826443,https://www.themoviedb.org/movie/826443-ceviz-oynamaya-mi-geldin,Ceviz Oynamaya Mı Geldin,85.0,2007-03-22,TR,"Drama, Romance",4.0,"Although Cemil is young, he was registered late on the birth certificate. When he reaches the age of puberty, he is married to Gülsüm, who is older than him. But Cemil, who does not know what marriage is, continues to play with his friends on the street.",Murat Düzgünoğlu,Hayriye Ersöz,Released,Turkish,,
4909,https://www.themoviedb.org/movie/4909-the-day-of-the-jackal,The Day of the Jackal,143.0,1973-05-16,US,"Action, Thriller",7.5,"An international assassin known as ‘The Jackal’ is employed by disgruntled French generals to kill President Charles de Gaulle, with a dedicated gendarme on the assassin’s trail.",Fred Zinnemann,"Frederick Forsyth, Kenneth Ross",Released,English,,16056255.0
1051,https://www.themoviedb.org/movie/1051-the-french-connection,The French Connection,104.0,1972-05-27,KR,"Action, Crime, Thriller",7.5,Tough narcotics detective 'Popeye' Doyle is in hot pursuit of a suave French drug dealer who may be the key to a huge heroin-smuggling operation.,William Friedkin,Ernest Tidyman,Released,English,1800000.0,41200000.0
1268609,https://www.themoviedb.org/movie/1268609,Pavane,113.0,2026-02-20,KR,"Romance, Drama",7.3,Three lonely strangers meet at their department store jobs and find solace in each other's company while they explore connection and the nature of love.,Lee Jong-pil,"Lee Jong-pil, Park Min-gyu, Son Mi",Released,Korean,,
10780,https://www.themoviedb.org/movie/10780-overboard,Overboard,112.0,1987-12-16,US,"Comedy, Romance",6.8,"Heiress Joanna Stayton hires carpenter Dean Proffitt to build a closet on her yacht—and refuses to pay him for the project when it's done. But after Joanna accidentally falls overboard and loses her memory, Dean sees an opportunity to get even.",Garry Marshall,Leslie Dixon,Released,English,22000000.0,26700000.0
173,https://www.themoviedb.org/movie/173-20-000-leagues-under-the-sea,"20,000 Leagues Under the Sea",127.0,1958-04-12,KR,"Adventure, Science Fiction, Fantasy",7.1,"A ship sent to investigate a wave of mysterious sinkings encounters the advanced submarine, the Nautilus, commanded by Captain Nemo.",Richard Fleischer,"Jules Verne, Earl Felton",Released,English,5000000.0,28200000.0
1652997,https://www.themoviedb.org/movie/1652997-haci-qara,Haji Kara,79.0,2002-04-07,AZ,,0.0,"The film is based on the play of the same name by Mirza Fatali Akhundov, the founder of Azerbaijani dramaturgy.","Dzhakhangir Mekhdiev, Elnur Mehdiyev","Dzhakhangir Mekhdiev, Isi Melikzadeh",Released,Azerbaijani,,
1151334,https://www.themoviedb.org/movie/1151334-eenie-meanie,Eenie Meanie,106.0,2025-08-22,KR,"Action, Comedy, Crime, Drama, Thriller",6.3,A former teenage getaway driver gets dragged back into her unsavory past when a former employer offers her a chance to save the life of her chronically unreliable ex-boyfriend.,Shawn Simmons,Shawn Simmons,Released,English,50000000.0,
11412,https://www.themoviedb.org/movie/11412-the-long-kiss-goodnight,The Long Kiss Goodnight,121.0,1996-12-14,KR,"Crime, Action, Mystery, Thriller",6.6,"Samantha Caine is a small-town schoolteacher and mom with no memory of her life before washing up on a beach eight years ago. After a car accident and a violent home invasion trigger flashes of her past, she discovers she used to be a deadly CIA assassin. Teaming up with a wisecracking private investigator, Samantha must return to her old ways to take down the people who tried to erase her.",Renny Harlin,Shane Black,Released,English,65000000.0,89456761.0
258509,https://www.themoviedb.org/movie/258509-alvin-and-the-chipmunks-the-road-chip,Alvin and the Chipmunks: The Road Chip,92.0,2016-01-14,KR,"Family, Comedy, Music, Adventure, Animation",6.0,"Through a series of misunderstandings, Alvin, Simon and Theodore come to believe that Dave is going to propose to his new girlfriend in New York City - and dump them. They have three days to get to him and stop the proposal.",Walt Becker,"Adam Sztykiel, Randi Mayem Singer",Released,English,90000000.0,233755553.0
18860,https://www.themoviedb.org/movie/18860,Swordsman,120.0,1990-04-05,HK,"Action, Adventure",7.0,"A kung-fu manual known as the Sacred Scroll is stolen from the Emperor's library. An army detachment is sent to recover it. Meanwhile, a young swordsman and his fellow disciple are accidentally drawn into the chaos.","Tony Ching Siu-Tung, Raymond Lee Wai-Man, King Hu, Tsui Hark","Louis Cha, Lau Tai-Muk, Kwan Man-Leung, Wong Ying, Jason Lam Kee-To, Tai Foo-Ho, Edward Leung Yiu-Ming",Released,Cantonese,2100000.0,
441282,https://www.themoviedb.org/movie/441282-night-hunter,Night Hunter,95.0,2020-01-29,KR,"Drama, Thriller",6.6,A Minnesota police officer crosses paths with a committed and tireless vigilante as he follows the trail of a ruthless predator responsible for several abductions and murders.,David Raymond,David Raymond,Released,English,,1012932.0
950071,https://www.themoviedb.org/movie/950071,Jaane Jaan,139.0,2023-09-21,KR,"Crime, Thriller, Drama",7.0,"When a single mother her teenage daughter becomes ensnared in a deadly crime,  find an unexpected ally in their neighbor, a simple, doting but genius teacher math teacher comes to aid, while a tenacious cop digs into the case.",Sujoy Ghosh,"Sujoy Ghosh, Keigo Higashino",Released,Hindi,,
1128650,https://www.themoviedb.org/movie/1128650,The Prosecutor,117.0,2025-04-16,KR,"Action, Drama, Crime, Thriller",7.1,"A poor young man is wrongly charged with drug trafficking after being deceived. An ex-prosecutor investigates the case, uncovers a corrupt lawyer team's scheme, and restores justice despite obstruction from evil forces.",Donnie Yen,"Cheung Chun-Ho, Edmond Wong Chi-Mun",Released,Cantonese,38500000.0,128093757.0
860340,https://www.themoviedb.org/movie/860340-3,My Girlfriend's Mother 3,70.0,2019-03-22,CN,"Romance, Drama",5.0,"The man was originally very loving with his girlfriend, and often did some exciting love, including in public places. However, when the man went to his girlfriend's house to see the future mother-in-law, things began to reverse, and the first rushed into it. The mother-in-law’s bathroom made the man’s heart yy, and all this has just begun, because the mother-in-law also discovered his huge genitals...",,,Released,Korean,,
1025822,https://www.themoviedb.org/movie/1025822,Dokh,,2022-07-08,NP,Drama,0.0,"After a few no-gooders from Salley village beat up a boy from a neighbouring village, a long-running feud over a contested forest flares up. With the insurgency at its peak, the rebel commander suggests this dispute be settled through a game of football. In the midst of all this tension a new teacher is appointed to the village school. Will this versatile stranger provide a solution or cause even more trouble?",Anup Baral,Rajan Kathet,Released,Nepali,,
522924,https://www.themoviedb.org/movie/522924-the-art-of-racing-in-the-rain,The Art of Racing in the Rain,109.0,2025-08-23,KR,"Drama, Romance",8.2,"A family dog – with a near-human soul and a philosopher's mind – evaluates his life through the lessons learned by his human owner, a race-car driver.",Simon Curtis,"Garth Stein, Mark Bomback",Released,English,18000000.0,33800000.0
83024,https://www.themoviedb.org/movie/83024-prison-heat,Prison Heat,91.0,1993-02-23,US,"Drama, Action, Thriller, Crime",4.8,Four American babes on vacation in the Middle East run into trouble when they are imprisoned by corrupt army officials and that's where the fun begins.,Joel Silberg,David Alexander,Released,English,,
286457,https://www.themoviedb.org/movie/286457-oktoberi-vasarnap,A Sunday in October,104.0,1979-08-11,HU,Drama,6.0,"The film is a true account of the drama of ""non-action"" on 14th and 15th of October, 1944. The Nazis, having a straightforward program, occupy Hungary with little or no difficulty, as the Hungarian political leadership had no unambiguous program for responding to possible steps of the Nazis. In spite of the secretly signed cease-fire agreement and proclamation, Horty gives up all plans of resistance at the news of the kidnapping of his son. The Nazis take over power and roll up the so-called conspiracy aimed at Hungary's breaking away from the German alliance.",András Kovács,András Kovács,Released,English,,
1212855,https://www.themoviedb.org/movie/1212855-fight-or-flight,Fight or Flight,102.0,2025-09-03,KR,"Action, Comedy, Thriller",6.3,A mercenary takes on the job of tracking down a target on a plane but must protect that target when they're surrounded by people trying to kill both of them.,James Madigan,"Brooks McLaren, D.J. Cotrona",Released,English,40000000.0,2482071.0
286619,https://www.themoviedb.org/movie/286619-fugefalevel,Fig-Leaf,81.0,1966-08-12,HU,Comedy,7.5,"On the main square of Halmaz a naked sculpture of a boy is unveiled. The editor-in-chief of the local paper launches an attack against the scandalous implementation of ""bourgeois pornography"". The youth of the town, among them Ancsa, daughter of the editor decide to co-operate against the general sole-licking and prudery.",Félix Máriássy,Félix Máriássy,Released,Hungarian,,
113076,https://www.themoviedb.org/movie/113076-gypsy-eyes,Gypsy Eyes,88.0,1993-01-01,US,"Action, Drama, Romance, Crime",4.4,A security officer tracks down the Gypsy girl who can identify an American diplomat's killer.,Vinči Vogue Anžlovar,Frank Encarnacao,Released,English,,
724109,https://www.themoviedb.org/movie/724109,Hole-in-law,95.0,2020-07-06,KR,Romance,5.8,"An omnibus movie about the jealousy of a man who can't stand the fact that his favorite woman slept with another man in two episodes.  Episode 1  At a drinking party led by Jae-hoon, movie director Sang-min meets Hye-jin. Sang-min compliments and sleeps with her favorite Hye-jin while watching her movie. The next morning, Hye-jin's friend Mina left early because of her job, Jae-hoon and Sang-min, who were watching a movie together in Hye-jin's bed are attracted by the atmosphere and curiosity and enjoy 2 to 1.  Episode 2  Sang-min meets his school friend Ji-eun at the club.  When his foreign friend James showed interest in Ji-eun, Sang-min suddenly became interested in Ji-eun.  That night, Sang-min finds out that Ji-eun slept with James, and visits Ji-eun's house with complex emotions mixed with like, anger and jealousy and confesses that he likes her.",Lee Sang-soo,,Released,Korean,,
430384,https://www.themoviedb.org/movie/430384,My Wife's Sister,97.0,2016-12-20,KR,"Romance, Family, Drama",5.3,"Ji-seon is living with her sister and her husband after a divorce. Her sister Ji-yeong leaves for a work trip and Ji-seon is at home all alone with her brother-in-law. The two can't hide their sexual passion and they cross the line. Every time Ji-yeong leaves, the two enjoy risky sex...",Lee Sang-woo,Lee Sang-woo,Released,Korean,,
86837,https://www.themoviedb.org/movie/86837-amour,Amour,127.0,2012-12-19,KR,"Drama, Romance",7.8,"Georges and Anne are in their eighties. They are cultivated, retired music teachers. Their daughter, who is also a musician, lives abroad with her family. One day, Anne has a stroke, and the couple's bond of love is severely tested.",Michael Haneke,Michael Haneke,Released,French,8900000.0,29800000.0
399170,https://www.themoviedb.org/movie/399170-logan-lucky,Logan Lucky,119.0,2018-03-14,KR,"Comedy, Crime, Action, Drama",6.7,"Trying to reverse a family curse, brothers Jimmy and Clyde Logan set out to execute an elaborate robbery during the legendary Coca-Cola 600 race at the Charlotte Motor Speedway.",Steven Soderbergh,Jules Asner,Released,English,29000000.0,48453605.0
218836,https://www.themoviedb.org/movie/218836-planes-fire-rescue,Planes: Fire & Rescue,83.0,2014-08-13,KR,"Animation, Comedy, Adventure, Family",6.2,"When world-famous air racer Dusty learns that his engine is damaged and he may never race again, he must shift gears and is launched into the world of aerial firefighting. Dusty joins forces with veteran fire and rescue helicopter Blade Ranger and his team, a bunch of all-terrain vehicles known as The Smokejumpers. Together, the fearless team battles a massive wildfire, and Dusty learns what it takes to become a true hero.",Bobs Gannaway,Jeffrey M. Howard,Released,English,50000000.0,151165787.0
895197,https://www.themoviedb.org/movie/895197-ils-voulaient-passer-la-riviere,They Were to Cross the River,27.0,2021-11-20,EE,Drama,0.0,"Once upon a time, a girl and her brother fled their past to live their love freely. To do so, they had to cross the river.",Faeze Karimpour,"Faeze Karimpour, Elliot Godard",Released,French,,
10925,https://www.themoviedb.org/movie/10925-the-return-of-the-living-dead,The Return of the Living Dead,91.0,1985-08-16,US,"Comedy, Horror, Science Fiction",7.2,"Two employees at a medical supply warehouse accidentally release a toxic gas from a misplaced top-secret U.S. Army shipment, causing the dead to rise from a nearby cemetery with an insatiable hunger for human brains.",Dan O'Bannon,Dan O'Bannon,Released,English,4000000.0,14241310.0
392144,https://www.themoviedb.org/movie/392144,Calendar Girl,92.0,2016-04-07,KR,"Romance, Drama",5.7,"In my imagination, she came to me.  Jong-moo is happy the calendar model Na-yeong is there smiling for him although they can't be together. One day, the girl of his dreams moves right next door to him and Jong-moo's boring life turns into excitement. Jong-moo learns about how she suffers behind the fanciness and he puts everything he has on the line to comfort her. Na-yeong is caught between his innocence and her work. Meanwhile, Jong-moo's friend Yong-jin dreams of a hot night with his cute girlfriend Ji-hee but every time he tries he stands on the verge of death and in the end Ji-hee confesses something to him...  The two couple put their lives on the line for love.",,,Released,Korean,,
273186,https://www.themoviedb.org/movie/273186-revolucao-industrial,Industrial Revolution,73.0,2014-03-25,PT,"History, Documentary, Mystery",5.0,"The Ave Valley is, for more than a century, a territory seized by an imposing industry. Amongst ruins and operating factories, we descend the river on a journey alongside the banks of the present, unveiling the marks of the past.","Tiago Hespanha, Frederico Lobo","Tiago Hespanha, Frederico Lobo",Released,Portuguese,,
14442,https://www.themoviedb.org/movie/14442-ella-enchanted,Ella Enchanted,96.0,2004-12-17,IE,"Family, Fantasy, Comedy",6.5,"Ella lives in a magical world in which each child, at the moment of their birth, is given a virtuous ""gift"" from a fairy godmother. Ella's so-called gift, however, is obedience. This birthright proves itself to be quite the curse once Ella finds herself in the hands of several unscrupulous characters whom she quite literally cannot disobey. Determined to gain control of her life and decisions, Ella sets off on a journey to find her fairy godmother who she hopes will lift the curse. The path, however, isn't easy -- Ella must outwit a slew of unpleasant obstacles including ogres, giants, wicked stepsisters, elves and Prince Charmont's evil uncle, who wants to take over the crown and rule the kingdom.",Tommy O'Haver,"Kirsten Smith, Karen McCullah, Jennifer Heath, Laurie Craig, Michele J. Wolff",Released,English,31000000.0,27400000.0
347375,https://www.themoviedb.org/movie/347375-mile-22,Mile 22,94.0,2018-08-23,KR,"Action, Thriller",6.3,"An elite group of American operatives, aided by a top-secret tactical command team, must transport an asset who holds life-threatening information to an extraction point 22 miles away through the hostile streets of an Asian city.",Peter Berg,Lea Carpenter,Released,English,35000000.0,66308758.0
1443762,https://www.themoviedb.org/movie/1443762-il-falsario,The Big Fake,110.0,2026-01-23,KR,"Thriller, Crime, Drama",6.6,"Toni Chichiarelli arrives in Rome with the dream of becoming a painter, but his talent leads him elsewhere — from art galleries to state secrets. Between art, crime, and power, his signature ends up everywhere — even in the history of Italy.",Stefano Lodovichi,"Massimo Veneziano, Nicola Biondo, Sandro Petraglia",Released,Italian,,
38199,https://www.themoviedb.org/movie/38199-unthinkable,Unthinkable,97.0,2014-04-23,KR,"Drama, Thriller",6.8,The government gets wind of a plot to destroy America involving a trio of nuclear weapons for which the whereabouts are unknown. It's up to a seasoned interrogator and an FBI agent to find out exactly where the nukes are.,Gregor Jordan,Peter Woodward,Released,English,15000000.0,
